UREBLOCK SA DE CV,20.564370967741933,Unnamed: 2,Unnamed: 3,18,Unnamed: 5,Unnamed: 6,Unnamed: 7,Unnamed: 8,Unnamed: 9,20.459935714285706,Unnamed: 11,Unnamed: 12,18.1,Unnamed: 14,Unnamed: 15,Unnamed: 16,Unnamed: 17,Unnamed: 18,20.374246666666668,Unnamed: 20,Unnamed: 21,18.2,Unnamed: 23,Unnamed: 24,Unnamed: 25,Unnamed: 26,Unnamed: 27,Unnamed: 28,Unnamed: 29,Unnamed: 30,20.098163333333336,Unnamed: 32,Unnamed: 33,18.3,Unnamed: 35,Unnamed: 36,Unnamed: 37,Unnamed: 38,Unnamed: 39,19.46746774193548,Unnamed: 41,Unnamed: 42,18.4,Unnamed: 44,Unnamed: 45,Unnamed: 46,Unnamed: 47,Unnamed: 48,19.07029,Unnamed: 50,Unnamed: 51,19,Unnamed: 53,Unnamed: 54,Unnamed: 55,Unnamed: 56,Unnamed: 57,Unnamed: 58,Unnamed: 59,Unnamed: 60,18.68416129032258,Unnamed: 62,Unnamed: 63,19.1,Unnamed: 65,Unnamed: 66,Unnamed: 67,Unnamed: 68,Unnamed: 69,18.72754193548387,Unnamed: 71,Unnamed: 72,19.2,Unnamed: 74,Unnamed: 75,Unnamed: 76,Unnamed: 77,Unnamed: 78,18.525080000000003,Unnamed: 80,Unnamed: 81,19.3,Unnamed: 83,Unnamed: 84,Unnamed: 85,Unnamed: 86,Unnamed: 87,Unnamed: 88,Unnamed: 89,Unnamed: 90,18.4134709677419,Unnamed: 92,Unnamed: 93,19.4,Unnamed: 95,Unnamed: 96,Unnamed: 97,Unnamed: 98,Unnamed: 99,20.29187,Unnamed: 101,Unnamed: 102,19.5,Unnamed: 104,Unnamed: 105,Unnamed: 106,Unnamed: 107,Unnamed: 108,20.26635333333333,Unnamed: 110,Unnamed: 111,19.6,Unnamed: 113,Unnamed: 114,Unnamed: 115,Unnamed: 116,Unnamed: 117,Unnamed: 118,Unnamed: 119,Unnamed: 120,19.42021260175438,Unnamed: 122,Unnamed: 123,19.875594331086276,Unnamed: 125,Unnamed: 126,Unnamed: 127,Unnamed: 128,Unnamed: 129,Unnamed: 130,Unnamed: 131,Unnamed: 132,Unnamed: 133,Unnamed: 134,Unnamed: 135,Unnamed: 136,19.42021260175438.1,Unnamed: 138,Unnamed: 139,,Unnamed: 141,Unnamed: 142,0,Unnamed: 144,Unnamed: 145,nan.1,Unnamed: 147,Unnamed: 148,nan.2,Unnamed: 150,Unnamed: 151,nan.3,Unnamed: 153,Unnamed: 154,nan.4,Unnamed: 156,Unnamed: 157,nan.5,Unnamed: 159,Unnamed: 160,nan.6,Unnamed: 162,Unnamed: 163,nan.7,Unnamed: 165,Unnamed: 166,nan.8,Unnamed: 168,Unnamed: 169,nan.9,Unnamed: 171,Unnamed: 172,nan.10,Unnamed: 174,Unnamed: 175,Unnamed: 176,Unnamed: 177,Unnamed: 178,Unnamed: 179,Unnamed: 180,Unnamed: 181,Unnamed: 182,Unnamed: 183,Unnamed: 184,Unnamed: 185,Unnamed: 186,Unnamed: 187,Unnamed: 188,Unnamed: 189,Unnamed: 190,Unnamed: 191,Unnamed: 192,Unnamed: 193,Unnamed: 194,Unnamed: 195,Unnamed: 196,Unnamed: 197,Unnamed: 198,Unnamed: 199,Unnamed: 200,Unnamed: 201,Unnamed: 202,Unnamed: 203,Unnamed: 204,Unnamed: 205,Unnamed: 206,Unnamed: 207,Unnamed: 208,Unnamed: 209,Unnamed: 210,Unnamed: 211,Unnamed: 212,Unnamed: 213,Unnamed: 214,Unnamed: 215,Unnamed: 216,Unnamed: 217
GENERAO,ENE 25,,,ENE 25 PPTO,,,ENE 25 DELTA,,,FEB 25,,,FEB 25 PPTO,,,FEB 25 DELTA,,,MZO 25,,,MZO 25 PPTO,,,MZO 25 DELTA,,,T1,,,ABR 25,,,ABR 25 PPTO,,,ABR 25 DELTA,,,MAY 25,,,MAY 25 PPTO,,,MAY 25 DELTA,,,JUN 25,,,JUN 24 PPTO,,,JUN 24 DELTA,,,T2,,,JUL 25,,,JUL 25 PPTO,,,JUL 25 DELTA,,,AGO 25,,,AGO 25 PPTO,,,AGO 25 DELTA,,,SEP 25,,,SEP 25 PPTO,,,SEP 25 DELTA,,,T3,,,OCT 25,,,OCT 25 PPTO,,,OCT 25 DELTA,,,NOV 25,,,NOV 25 PPTO,,,NOV 25 DELTA,,,DIC 25,,,DIC 25 PPTO,,,DIC 25 DELTA,,,T3,,,2025,,,2025 PPTO,,,2025 DELTA,,,2024,,,2024 Ene - Oct,,,,OCT 25,,,,,,,,,,,,,,,,,,,,,,,,,,,,,,,,,,,,,,,,POR,,,,,,,,,,,,,,,,,,,,,,,,,,,,,,,,,,,,,,,,
,RESULTADO,,,PRESUPUESTO,,,DELTA,,,RESULTADO,,,PRESUPUESTO,,,DELTA,,,RESULTADO,,,PRESUPUESTO,,,DELTA,,,RESULTADO,,,RESULTADO,,,PRESUPUESTO,,,DELTA,,,RESULTADO,,,PRESUPUESTO,,,DELTA,,,RESULTADO,,,PRESUPUESTO,,,DELTA,,,RESULTADO,,,RESULTADO,,,PRESUPUESTO,,,DELTA,,,RESULTADO,,,PRESUPUESTO,,,DELTA,,,RESULTADO,,,PRESUPUESTO,,,DELTA,,,RESULTADO,,,RESULTADO,,,GENERAO,,,GENERAO,,,RESULTADO,,,GENERAO,,,GENERAO,,,RESULTADO,,,GENERAO,,,GENERAO,,,RESULTADO,,,RESULTADO,,,PRESUPUESTO,,,DELTA,,,GENERADO,,,GENERADO,,,,GENERAL,,,GUADALAJARA,,,OCOTLAN,,,PUEBLA,,,LEON,,,CD JUAREZ,,,CD JUAREZ 2,,,MONTERREY II,,,MONTERREY RESORTES,,,MONTERREY TELAS,,,YUCATAN,,,HDA SAN JOSE,,,TECATE,,,,PLANTA,,,,,,,,,,,,,,,,,,,,,,,,,,,,,,,,,,,,,,,,
,,,,,,,,,,,,,,,,,,,,,,,,,,,,,,,,,,,,,,,,,,,,,,,,,,,,,,,,,,,,,,,,,,,,,,,,,,,,,,,,,,,,,,,,,,,,,,,,,,,,,,,,,,,,,,,,,,,,,,,,,,,,,,,,,,,,,,,,,,,,,,,,,,,,,,,,,,,,,,,,,,,,,,,,,,,,,,,,,,,,,,,,,,,,,,,,,,,,,,,,,,,,,,,,,,,,,,,,,
TRADICIONAO USD,10942192.313029561,,,13000000,,,-2057807.6869704388,-0.15829289899772606,,10016274.946890986,,,12000000,0.5591824661362484,,-1983725.0531090144,-0.16531042109241786,,11076604.301392939,,,12000000,0.5207639931507523,,-923395.6986070611,-0.07694964155058842,,32035071.561313484,0.578238790827944,,10351435.383399043,,,13588207.91481171,0.539192538961137,,-3236772.5314126667,-0.2382045190730744,,10727674.782739194,,,13696068.077108013,0.5316216882924748,,-2968393.2943688184,-0.21673324618839135,,10280727.247642014,,,13024187.819456067,0.5166348868671146,,-2743460.5718140528,-0.21064350498046094,,31359837.413780253,0.5737213270281752,,11634486.453646267,,,15000000,0.5426369234536934,,-3365513.546353733,-0.22436756975691555,,10271981.0994261,,,14043372.144715425,0.5322220269945226,,-3771391.0452893246,-0.2685530944010847,,11436799.020571029,,,13500000,0.520342229211371,,-2063200.9794289712,-0.15282970217992378,,33343266.573643394,0.6009668579401252,,12468649.079373186,,,13500000,0.520342229211371,,-1031350.9206268135,-0.07639636449087507,,0,,,0,,,0,,,0,,,0,,,0,,,12468649.079373186,0.5886820272992889,,109206824.62811032,0.5848543139285075,,133351835.95609121,0.5351523984835733,,-24145011.32798089,-0.1810624589820505,,137148645.8485887,0.46815767376330847,,116723657.81985623,0.45655292951878673,,,12468649.079373186,0.5886820272992889,,2069647.605101879,0.5112728427450183,,534745.1524620138,0.9829480449978495,,1147856.2682194822,1,,1882968.9280603842,0.3845073504730543,,910544.6251482102,0.9438271744694713,,23303.242541925873,0.0845677117596789,,2295148.2620542925,0.48737070969322943,,20299.654565661644,0.028130843906148714,,848.8893825278003,0.03031764771828232,,248719.84907262895,1,,0,,,3334566.6027641813,0.9273656168736615,,0,,,,,,,,,,,,,,,,,,,,,,,,,,,,,,,,,,,,,,,,,ok
AUTOMOTRIZ USD,2694047.514358925,,,2700000,,,-5952.4856410748325,-0.0022046243115091974,,2396863.8208261384,,,2700000,0.12581605488065592,,-303136.17917386163,-0.11227265895328209,,2785029.0692138476,,,3005721.119328263,0.1304392776999113,,-220692.0501144156,-0.07342399422729451,,7875940.404398912,0.14216213774819011,,2872911.5438243193,,,2738483.674062105,0.10866554106164703,,134427.86976221437,0.04908843205291489,,2827429.7643463085,,,3189341.8419613433,0.12379635418133363,,-361912.07761503477,-0.11347547410987792,,2441749.7814663546,,,3278271.8419613433,0.13004032387042763,,-836522.0604949887,-0.25517165775810385,,8142091.089636982,0.14895776540850736,,2633554.8818820147,,,3955893.1342220386,0.1431075786577224,,-1322338.2523400239,-0.334270468759787,,2544164.2071415256,,,3622534.1370433103,0.1372884262701502,,-1078369.9299017848,-0.29768385586062235,,2674452.665251647,,,3622534.1370433103,0.13962648061210414,,-948081.4717916632,-0.2617177467278421,,7852171.754275187,0.14152467565679572,,3106631.184322283,,,3622534.1370433103,0.13962648061210414,,-515902.9527210272,-0.14241493197966215,,0,,,0,,,0,,,0,,,0,,,0,,,3106631.184322283,0.14667330293892344,,26976834.432633366,0.1444737363968691,,32435314.02266503,0.13016570765859187,,-5458479.590031665,-0.1682881684517501,,33271446.84721397,0.11357227089159436,,29210358.053247552,0.11425339807363553,,,3106631.184322283,0.14667330293892344,,0,0,,0,0,,0,0,,2960907.1671230933,0.6046252558187023,,25671.20999772962,0.026609553148947293,,65467.179007795254,0.23758107971840126,,54585.62819366477,0.011591162449778088,,0,0,,0,0,,0,0,,0,,,0,0,,2.255546860396862e-10,,,,,,,,,,,,,,,,,,,,,,,,,,,,,,,,,,,,,,,,,ok
EMPAQUE USD,2267078.7741638967,,,2735298,,,-468219.2258361033,-0.17117667831296748,,1799915.1744297484,,,2604900.3486567144,0.12138455008341958,,-804985.174226966,-0.30902724345753874,,2168461.6246956536,,,2882346.6768859117,0.12508519709165905,,-713885.0521902582,-0.24767494414014757,,6235455.573289299,0.1125510921384792,,2174806.127135332,,,2919339.458388317,0.11584206427559944,,-744533.3312529847,-0.25503486040777873,,1915346.8537887444,,,3022399.196372602,0.11731636805712338,,-1107052.3425838577,-0.3662826353026134,,2126730.847420254,,,3038410.8294234304,0.12052567552581159,,-911679.9820031766,-0.30005158393151765,,6216883.82834433,0.11373652206533422,,2514593.9590199734,,,2931899.5908477344,0.10606379825685047,,-417305.63182776095,-0.1423328524382039,,2280654.1385484,,,3065397.6147914804,0.11617381603765488,,-784743.4762430806,-0.2560005502896112,,2253205.6590308924,,,3166929.414301653,0.12206571194020617,,-913723.7552707605,-0.2885204043842726,,7048453.756599266,0.12703875602842235,,2188536.1684713336,,,3166929.414301653,0.12206571194020617,,-978393.2458303194,-0.3089406544433726,,0,,,0,,,0,,,0,,,0,,,0,,,2188536.1684713336,0.10332730516931747,,21689329.32670423,0.11615664008303982,,29533850.543969493,0.11852188492001574,,-7844521.217265263,-0.26561119098190306,,26615268.015515294,0.09085136702324097,,22683953.336439837,0.08872601786351234,,,2188536.1684713336,0.10332730516931747,,1810741.4559922502,0.44731428161937703,,0,0,,0,0,,0,0,,28520.77106592374,0.02956327238158138,,186786.78647960434,0.6778512085219198,,35405.451864133196,0.007518285632052072,,0,0,,0,0,,0,0,,0,,,127081.70306942206,0.03534228462032745,,0,,,,,,,,,,,,,,,,,,,,,,,,,,,,,,,,,,,,,,,,,ok
PROD HOGAR USD,3712352.7429919117,,,4000000,,,-287647.2570080883,-0.07191181425202207,,2993632.736452531,,,4000000,0.18639415537874948,,-1006367.2635474689,-0.25159181588686724,,2548658.1997142145,,,5000000,0.2169849971461468,,-2451341.8002857855,-0.49026836005715707,,9254643.679158658,0.16704797928538676,,2100455.394846195,,,5800000,0.2301493136976282,,-3699544.605153805,-0.6378525181299664,,3226151.0173051325,,,5700000,0.2212491648119024,,-2473848.9826948675,-0.4340085934552399,,3614981.5870655347,,,5713785.594204115,0.22665067603177996,,-2098804.00713858,-0.36732284971762696,,8941587.999216862,0.16358438549798315,,2981521.221873279,,,5600000,0.20258445142271223,,-2618478.778126721,-0.4675854960940573,,2185197.2944970815,,,5500000,0.2084414710587442,,-3314802.7055029185,-0.6026914010005306,,2072093.8662613055,,,5500000,0.21199127856759556,,-3427906.1337386947,-0.6232556606797627,,7238812.382631666,0.13046971037465666,,3416801.4585745144,,,5500000,0.21199127856759556,,-2083198.5414254856,-0.37876337116827014,,0,,,0,,,0,,,0,,,0,,,0,,,3416801.4585745144,0.1613173645924702,,28851845.5195817,0.15451530959158355,,52313785.59420411,0.20993972549213297,,-23461940.07462241,-0.44848484597569976,,95918602.30200565,0.32741868828883497,,87044956.74839097,0.34046765450622796,,,3416801.4585745144,0.1613173645924702,,167640.5467175507,0.04141287563560468,,9276.63504068552,,,0,,,53218.65669523864,,,0,,,0,,,2324106.036008705,,,701315.9014192988,,,27150.953824829554,,,0,,,0,,,134092.72886820615,,,0,,,,,,,,,,,,,,,,,,,,,,,,,,,,,,,,,,,,,,,,,ok
OTROS INGRESOS USD,0,,,155000,,,-155000,,,0,,,155000,0.007222773520926543,,-155000,,,0,,,155000,0.006726534911530551,,-155000,,,0,0,,0,,,155000,0.006150542003988339,,-155000,,,0,,,155000,0.006016424657165767,,-155000,,,0,,,155000,0.006148437704866198,,-155000,,,0,0,,0,,,155000,0.0056072482090214985,,-155000,,,0,,,155000,0.005874259638928245,,-155000,,,0,,,155000,0.005974299668723148,,-155000,,,0,0,,0,,,155000,0.005974299668723148,,-155000,,,0,,,0,,,0,,,0,,,0,,,0,,,0,0,,0,0,,1550000,0.00622028344568622,,-1550000,,,0.009673625454196462,3.3020974880742844e-11,,0.009673625454196462,3.7837419788515145e-11,,,0,0,,0,0,,0,0,,0,0,,0,0,,0,0,,0,0,,0,0,,0,0,,0,0,,0,0,,0,,,0,0,,0,,,,,,,,,,,,,,,,,,,,,,,,,,,,,,,,,,,,,,,,,ok
TOTAL VENTAS USD,19615671.344544295,,,22590298,,,-2974626.6554557052,-0.13167717643457846,,17206686.678599402,,,21459900.348656714,1,,-4253213.670057311,-0.19819354241892098,,18578753.195016656,,,23043067.796214174,1,,-4464314.60119752,-0.193737858200069,,55401111.218160346,,,17499608.44920489,,,25201031.047262132,1,,-7701422.598057242,-0.3055995043859102,,18696602.41817938,,,25762809.11544196,1,,-7066206.697262578,-0.2742793561680029,,18464189.463594154,,,25209656.085044958,1,,-6745466.621450799,-0.2675747181435131,,54660400.33097843,,,19764156.516421534,,,27642792.725069772,1,,-7878636.208648238,-0.2850159275514501,,17281996.73961311,,,26386303.896550212,1,,-9104307.156937107,-0.34503912304774964,,18436551.211114876,,,25944463.551344965,1,,-7507912.34023009,-0.28938398843251,,55482704.46714952,,,21180617.89074132,,,25944463.551344965,1,,-4763845.660603646,-0.1836170422709198,,0,1,,0,1,,0,,,0,1,,0,1,,0,,,21180617.89074132,,,186724833.90702963,1,,249184786.11692983,1,,-62459952.20990023,-0.25065716564489976,,292953963.0229973,1,,255662925.9676082,1,,226944168,21180617.89074132,1,,4048029.60781168,1,,544021.7875026993,1,,1147856.2682194822,1,,4897094.751878716,1,,964736.6062118636,1,,275557.20802932547,1,,4709245.378120795,1,,721615.5559849605,1,,27999.843207357353,1,,248719.84907262895,1,,0,1,,3595741.0347018093,1,,0,,,,,,,,,,,,,,,,,,,,,,,,,,,,,,,,,,,,,,,,,ok
,,,,,,,,,,,,,,,,,,,,,,,,,,,,,,,,,,,,,,,,,,,,,,,,,,,,,,,,,,,,,,,,,,,,,,,,,,,,,,,,,,,,,,,,,,,,,,,,,,,,,,,,,,,,,,,,,,,,,,,,,,,,,,,,,,,,,,,,,,,,,,,,,,,,,,,,,,,,,,,,,,,,,,,,,,,,,,,,,,,,,,,,,,,,,,,,,,,,,,,,,,,,,,,,,,,,,,,,,
TRADICIONAL,225019301.92551407,0.5578291010709104,,260000000,0.57944405284922,,-34980698.07448593,-0.1345411464403305,,204932341.51000002,0.5821152633265879,,240000000,0.5632506983660501,,-35067658.48999998,-0.14611524370833326,,225677468.26564077,0.5961973973777744,,240000000,0.5242906525287763,,-14322531.734359235,-0.059677215559830146,,655629111.7011548,0.578176706919406,,208044839.06999996,0.5915238282871049,,271764158.2962342,0.5425293887550732,,-63719319.22623423,-0.23446549988677143,,208840662.77894998,0.5737766971130696,,273921361.5421603,0.5348395099075088,,-65080698.7632103,-0.2375889868420995,,196056450.02343503,0.5567927727297494,,260483756.38912135,0.5198310356065978,,-64427306.36568633,-0.24733713632969176,,612941951.8723849,0.5740215992315312,,217380621.43000004,0.5886659743854725,,300000000,0.5456967807502239,,-82619378.56999996,-0.27539792856666656,,192368956.8,0.5943746694432058,,280867442.8943085,0.5353669112331974,,-88498486.0943085,-0.31508987009082007,,211867616.79999998,0.620332885994215,,270000000,0.5234695934299864,,-58132383.20000002,-0.21530512296296303,,621617195.03,0.6009071739104856,,229591107.82999995,0.588682027299289,,270000000,0.5234695934299864,,-40408892.17000005,-0.14966256359259275,,0,,,0,,,0,,,0,,,0,,,0,,,229591107.82999995,0.588682027299289,,2119779366.4335396,0.5845674088801989,,2667036719.1218243,0.5385020337696993,,-547257352.6882846,-0.20519303268853387,,2502423786.2,0.47070060337518926,,2088203991.87,0.4579305595483087,,,229591107.82999995,0.588682027299289,,38109396.089999996,0.5112728427450182,,9846514.340000007,0.9829480449978494,,21136018.069999997,1,,34671993.689999975,0.3845073504730543,,16766287.020000001,0.9438271744694713,,429093.58,0.08456771175967889,,42261645.89,0.4873707096932294,,373787.1,0.028130843906148714,,15631,0.030317647718282315,,4579795.720000001,1,,0,,,61400945.33,0.9273656168736615,,0,,,,,,,,,,,,,,,,,,,,,,,,,,,,,,,,,,,,,,,,,ok
AUTOMOTRIZ,55401392.49,0.13734159117160272,,54000000,0.120346072514838,,1401392.490000002,0.025951712777777816,,49039679.690000005,0.13929839402534175,,54000000,0.12673140713236128,,-4960320.309999995,-0.09185778351851842,,56742869.23000001,0.14990398117570514,,60114422.38656527,0.1313226239143449,,-3371553.1565652564,-0.05608559514860699,,161183941.41000003,0.1421425601601457,,57740245.45,0.16417004712781746,,54769673.4812421,0.10933802920289272,,2970571.968757905,0.054237532925502784,,55042897.73,0.15122692888827205,,63786836.839226864,0.12454567384439437,,-8743939.109226868,-0.13708061948997013,,46564876.440000005,0.1322424570155518,,65565436.839226864,0.13084481506485868,,-19000560.39922686,-0.2897953756613896,,159348019.62,0.14922980027265909,,49205764.18,0.13324903998275167,,79117862.68444078,0.14391454322245867,,-29912098.504440777,-0.37807010312885075,,47645941.879999995,0.1472147139867174,,72450682.74086621,0.138099659526255,,-24804740.86086622,-0.34236724793312356,,49544449.57999999,0.1450625246895035,,72450682.74086621,0.14046566458550433,,-22906233.160866223,-0.31616310977765066,,146396155.64,0.14151876888274692,,57203863.12,0.14667330293892347,,72450682.74086621,0.14046566458550433,,-15246819.620866217,-0.2104441123819274,,0,,,0,,,0,,,0,,,0,,,0,,,57203863.12,0.14667330293892347,,524131979.79,0.1445388506883059,,648706280.4533005,0.130980443140769,,-124574300.66330045,-0.1920349847333849,,601650203.52,0.11316912642031432,,519284231.28,0.11387590461491064,,,57203863.12,0.14667330293892347,,0,0,,0,0,,0,0,,54520578.16,0.6046252558187024,,472696.08,0.026609553148947293,,1205478,0.23758107971840126,,1005110.8800000001,0.011591162449778085,,0,0,,0,0,,0,0,,0,,,0,0,,6.984919309616089e-10,,,,,,,,,,,,,,,,,,,,,,,,,,,,,,,,,,,,,,,,,ok
EMPAQUE,46621048.925000004,0.11557487553411924,,54705960,0.12191939683618198,,-8084911.0749999955,-0.14778848730558783,,36826148.76,0.10460556457207826,,52098006.97313429,0.12226766171290517,,-15271858.213134289,-0.29313709104092267,,44180772.02875,0.11671728462797472,,57646933.53771824,0.12593228500322204,,-13466161.508968234,-0.23359718691987943,,127627969.71375,0.11255070576173698,,43709608.76150001,0.12427741646037493,,58386789.16776634,0.11655896508630416,,-14677180.406266332,-0.2513784473418035,,37286953.090749994,0.10244357830096358,,60447983.92745204,0.11802646539371626,,-23161030.83670205,-0.38315638226246324,,40557374.01224999,0.11518138132266945,,60768216.58846861,0.12127130458745543,,-20210842.57621862,-0.3325890360266691,,121553935.8645,0.11383555073148983,,46983079.11,0.12723001646595247,,58637991.81695469,0.10666187788056715,,-11654912.706954688,-0.1987604340772251,,42711046.019999996,0.1319670506198381,,61307952.29582961,0.1168602836855023,,-18596906.275829613,-0.3033359552785886,,41740815.09000001,0.122214053660562,,63338588.28603306,0.12279935206858898,,-21597773.196033046,-0.3409891786425499,,131434940.22,0.1270560066744649,,40298547.199999996,0.10332730516931748,,63338588.28603306,0.12279935206858898,,-23040041.08603306,-0.3637599401803162,,0,,,0,,,0,,,0,,,0,,,0,,,40298547.199999996,0.10332730516931748,,420915392.99825,0.1160750144750935,,590677010.8793899,0.11926373918252343,,-169761617.88113987,-0.28740176907918197,,484942256.2,0.09121660921473605,,405219403.86,0.088862174898569,,,40298547.199999996,0.10332730516931748,,33342035.229999997,0.44731428161937703,,0,0,,0,0,,0,0,,525166.39,0.02956327238158138,,3439393.07,0.6778512085219197,,651937.26,0.00751828563205207,,0,0,,0,0,,0,0,,0,,,2340015.25,0.035342284620327444,,0,,,,,,,,,,,,,,,,,,,,,,,,,,,,,,,,,,,,,,,,,ok
PROD HOGAR,76342198.97,0.18925443222336755,,80000000,0.17829047779976,,-3657801.030000001,-0.04572251287500002,,61249533.33999999,0.17398077807599202,,80000000,0.18775023278868339,,-18750466.66000001,-0.23438083325000014,,51926990.830000006,0.13718133681854586,,100000000,0.2184544385536568,,-48073009.169999994,-0.4807300916999999,,189518723.14000002,0.1671300271587114,,42215295.59999999,0.12002870812470269,,116000000,0.23157361695572992,,-73784704.4,-0.6360750379310345,,62804990.86,0.17255279569769477,,114000000,0.22258835085438058,,-51195009.14,-0.44907902754385964,,68938747.21,0.19578338893202946,,114275711.88408229,0.22805284474108806,,-45336964.674082294,-0.3967331633870782,,173959033.66999996,0.1629130497643198,,55707223.400000006,0.15085496916582344,,112000000,0.20372679814675027,,-56292776.599999994,-0.5026140767857142,,40923373.96999999,0.12644356595023878,,110000000,0.20967314555504526,,-69076626.03,-0.6279693275454545,,38385704.63999999,0.11239053565571955,,110000000,0.2132653899159204,,-71614295.36000001,-0.6510390487272728,,135016302.01,0.13051805053230256,,62915174.46,0.16131736459247023,,110000000,0.2132653899159204,,-47084825.54,-0.42804386854545456,,0,,,0,,,0,,,0,,,0,,,0,,,62915174.46,0.16131736459247023,,561409233.28,0.15481872595640156,,1046275711.8840823,0.21125378390700833,,-484866478.60408235,-0.463421326803963,,1727364842.54,0.32491366095402197,,1547381120.6000001,0.33933136089654603,,,62915174.46,,,3086844.34,,,170815.05000000002,,,0,,,979940.19,,,0,,,0,,,42794859.02,,,12913659.99,,,499943.29999999993,,,0,,,0,,,2469112.5700000003,,,6.51925802230835e-09,,,,,,,,,,,,,,,,,,,,,,,,,,,,,,,,,,,,,,,,,ok
OTROS INGRESOS,,0,,,0,,0,,,,0,,,0,,0,,,,0,,,0,,0,,,0,0,,,0,,,0,,0,,,,0,,,0,,0,,,,0,,,0,,0,,,0,0,,,0,,,0,,0,,,,0,,,0,,0,,,,0,,,0,,0,,,0,0,,,0,,,0,,0,,,0,,,0,,,0,,,0,,,0,,,0,,,0,0,,0,0,,0,0,,0,,,0.19000000000005457,3.5738596769461786e-11,,0.19000000000005457,4.166585575592569e-11,,,0,0,,0,0,,0,0,,0,0,,0,0,,0,0,,0,0,,0,0,,0,0,,0,0,,0,0,,0,,,0,0,,0,,,,,,,,,,,,,,,,,,,,,,,,,,,,,,,,,,,,,,,,,ok
TOTAL VENTAS,403383942.3105141,,,448705960,,,-45322017.68948592,-0.10100605235884522,,352047703.3,,,426098006.9731343,1,,-74050303.67313427,-0.1737870219087957,,378528100.35439074,,,457761355.9242835,1,,-79233255.56989272,-0.1730885636029932,,1133959745.9649048,,,351709988.88149995,,,500920620.94524264,1,,-149210632.06374267,-0.29787280823492673,,363975504.4597,,,512156182.30883914,1,,-148180677.8491392,-0.28932712904319413,,352117447.685685,,,501093121.7008991,1,,-148975674.0152141,-0.29730137486129227,,1067802941.0268849,,,369276688.12,,,549755854.5013955,1,,-180479166.38139543,-0.32828966695603845,,323649318.66999996,,,524626077.93100435,1,,-200976759.26100433,-0.3830857208883079,,341538586.10999995,,,515789271.0268992,1,,-174250684.91689932,-0.3378330932901701,,1034464592.9,,,390008692.6099999,,,515789271.0268992,1,,-125780578.41689932,-0.24386040090845487,,0,1,,0,1,,0,,,0,1,,0,1,,0,,,390008692.6099999,,,3626235972.50179,1,,4952695722.338596,1,,-1326459749.8368073,-0.26782581127565613,,5316381088.649999,1,,4560088747.799999,1,,,390008692.6099999,1,,74538275.66,1,,10017329.390000008,1,,21136018.069999997,1,,90172512.03999996,1,,17764149.490000002,1,,5073964.65,1,,86713553.05000001,1,,13287447.09,1,,515574.29999999993,1,,4579795.720000001,1,,0,1,,66210073.15,1,,0,,,,,,,,,,,,,,,,,,,,,,,,,,,,,,,,,,,,,,,,,ok
,,,,,,,,,,,,,,,,,,,,,,,,,,,,,,,,,,,,,,,,,,,,,,,,,,,,,,,,,,,,,,,,,,,,,,,,,,,,,,,,,,,,,,,,,,,,,,,,,,,,,,,,,,,,,,,,,,,,,,,,,,,,,,,,,,,,,,,,,,,,,,,,,,,,,,,,,,,,,,,,,,,,,,,,,,,,,,,,,,,,,,,,,,,,,,,,,,,,,,,,,,,,,,,,,,,,,,,,,
(+)TRANSFERENCIAS ENVIADAS,53157691.89999998,0.11643558421988005,,0,0,,53157691.89999998,,,37591816.860000014,0.09647844973364986,,0,0,,37591816.860000014,,,43547102.67999998,0.10317380023022049,,0,0,,43547102.67999998,,,134296611.43999997,0.10589074571232313,,48007329.300000004,0.12010320072797366,,,0,,48007329.300000004,,,42791652.85999998,0.10519938025962047,,0,0,,42791652.85999998,,,39134096.800000004,0.10002285576007952,,0,0,,39134096.800000004,,,129933078.95999998,0.10848223380759871,,47442848.91999997,0.11384839131131508,,0,0,,47442848.91999997,,,35245532.470000006,0.09820573451540325,,0,0,,35245532.470000006,,,35588189.85,0.09436664834897501,,0,0,,35588189.85,,,118276571.23999998,0.10260462185215705,,49560871.250000015,0.1127486416820816,,0,0,,49560871.250000015,,,0,,,0,,,0,,,0,,,0,,,0,,,49560871.250000015,0.1127486416820816,,432067132.89,0.10646497357872635,,0,0,,432067132.89,,,890520861.29,0.14102864687780314,,801325739.38,0.1466506929303621,,,49560871.250000015,,,16336762.750000011,,,616638.8200000001,,,0,,,2371829.6400000006,,,455514.79999999993,,,9317700.790000007,,,3403017.2799999993,,,999024.1199999999,,,5282591.959999998,,,9615728.489999998,,,0,,,1162062.5999999996,,,-1.862645149230957e-09,,,,,,,,,,,,,,,,,,,,,,,,,,,,,,,,,,,,,,,,,ok
(+)P.T. PENDIENTE TRANSFERIR,0,,,0,,,0,,,0,,,0,,,0,,,0,,,0,,,0,,,0,,,0,,,,,,0,,,0,,,,,,0,,,0,,,,,,0,,,0,,,0,,,,,,0,,,0,,,0,,,0,,,0,,,0,,,0,,,0,,,0,,,0,,,0,,,0,,,0,,,0,,,0,,,0,,,0,,,0,,,0,,,0,,,0,,,-17660516.77,,,-17660516.77,,,,0,,,0,,,0,,,0,,,0,,,0,,,0,,,0,,,0,,,0,,,0,,,0,,,0,,,0,,,,,,,,,,,,,,,,,,,,,,,,,,,,,,,,,,,,,,,,,ok
,,,,,,,,,,,,,,,,,,,,,,,,,,,,,,,,,,,,,,,,,,,,,,,,,,,,,,,,,,,,,,,,,,,,,,,,,,,,,,,,,,,,,,,,,,,,,,,,,,,,,,,,,,,,,,,,,,,,,,,,,,,,,,,,,,,,,,,,,,,,,,,,,,,,,,,,,,,,,,,,,,,,,,,,,,,,,,,,,,,,,,,,,,,,,,,,,,,,,,,,,,,,,,,,,,,,,,,,,
TOTAL VENTAS C/TRANSFERENC,456541634.21051407,,,448705960,,,7835674.210514061,0.01746282623594763,,389639520.16,,,426098006.9731343,,,-36458486.81313425,,,422075203.0343907,,,457761355.9242835,,,-35686152.88989274,,,1268256357.4049048,,,399717318.18149996,,,500920620.94524264,,,-101203302.76374266,,,406767157.31969994,,,512156182.30883914,,,-105389024.98913923,,,391251544.485685,,,501093121.7008991,,,-109841577.21521407,,,1197736019.986885,,,416719537.03999996,,,549755854.5013955,,,-133036317.46139546,,,358894851.14,,,524626077.93100435,,,-165731226.79100433,,,377126775.96,,,515789271.0268992,,,-138662495.06689933,,,1152741164.1399999,,,439569563.8599999,,,515789271.0268992,,,-76219707.16689931,,,0,,,0,,,0,,,0,,,0,,,0,,,439569563.8599999,,,4058303105.39179,,,4952695722.338596,,,-894392616.9468073,,,6189241433.169998,,,5343753970.409999,,,3396491102.353794,439569563.8599999,1,,90875038.41000001,1,,10633968.210000008,1,,21136018.069999997,1,,92544341.67999996,1,,18219664.290000003,1,,14391665.440000007,1,,90116570.33000001,1,,14286471.209999999,1,,5798166.259999998,1,,14195524.209999999,1,,0,1,,67372135.75,1,,-4.470348358154297e-08,,,,,,,,,,,,,,,,,,,,,,,,,,,,,,,,,,,,,,,,,ok
,,,,,,,,,,,,,,,,,,,,,,,,,,,,,,,,,,,,,,,,,,,,,,,,,,,,,,,,,,,,,,,,,,,,,,,,,,,,,,,,,,,,,,,,,,,,,,,,,,,,,,,,,,,,,,,,,,,,,,,,,,,,,,,,,,,,,,,,,,,,,,,,,,,,,,,,,,,,,,,,,,,,,,,,,,,,,,,,,,,,,,,,,,,,,,,,,,,,,,,,,,,,,,,,,,,,,,,,,
INVENTARIO INICIAL,931582773.7600001,,,,,,,,,872143648.9400002,,,,,,,,,845350374.09,,,,,,,,,2649076796.7900004,,,852014508.01,,,,,,,,,840312080.7800001,,,,,,,,,834512738.45,,,,,,,,,2526839327.24,,,819516304.74,,,,,,,,,810020260.2,,,,,,,,,806194946.4300001,,,,,,,,,2435731511.37,,,809863734.32,,,,,,,,,0,,,,,,,,,0,,,,,,,,,809863734.32,,,,,,,,,,,,,,,0,,,,,,,,,,,,,,,,,,,,,,,,,,,,,,,,,,,,,,,,,,,,,,,,,,,,,,,,,,,,,,,,,,,,,,,,,,,,,,,,,,,,ok
(+) COMPRAS,176736999.68,,,,,,,,,182586289.36,,,,,,,,,231755422.14,,,,,,,,,591078711.1800001,,,207849758.29,,,,,,,,,205966824.68,,,,,,,,,207902026.14000002,,,,,,,,,621718609.11,,,226075836.33999994,,,,,,,,,200038914.02,,,,,,,,,222843149.33999997,,,,,,,,,648957899.6999999,,,304855484.57,,,,,,,,,0,,,,,,,,,0,,,,,,,,,304855484.57,,,,,,,,,,,,,,,0,,,,,,,,,,,,,,,,,,,,,,,,,,,,,,,,,,,,,,,,,,,,,,,,,,,,,,,,,,,,,,,,,,,,,,,,,,,,,,,,,,,,ok
(+)TRANSFERENCIAS RECIBIDAS,53157691.9,,,,,,,,,37591816.86,,,,,,,,,43547102.67999998,,,,,,,,,134296611.43999997,,,48007329.29999999,,,,,,,,,42791652.85999998,,,,,,,,,39134096.8,,,,,,,,,129933078.95999996,,,47442848.919999965,,,,,,,,,35245532.470000006,,,,,,,,,35588189.85,,,,,,,,,118276571.23999998,,,49560871.250000015,,,,,,,,,,,,,,,,,,,,,,,,,,,49560871.250000015,,,,,,,,,,,,,,,,,,,809863734.32,,,106033218.42,,,3311264.1799999997,,,10946594.44,,,122591304.22,,,3952957.3200000003,,,31519764.409999996,,,179727879.32,,,18695504.78,,,31162571.049999997,,,165222226.66,,,4373386.18,,,132327063.34,,,7.450580596923828e-09,,,,,,,,,,,,,,,,,,,,,,,,,,,,,,,,,,,,,,,,,ok
(--) INVENTARIO FINAL,872152753.98,,,,,,,,,845349684.32,,,,,,,,,852020989.73,,,,,,,,,2569523428.03,,,840312140.97,,,,,,,,,834344746.16,,,,,,,,,819478803.8699999,,,,,,,,,2494135691,,,809677446.77,,,,,,,,,806106445.07,,,,,,,,,809888488.8299999,,,,,,,,,2425672380.67,,,873499614.8499999,,,,,,,,,0,,,,,,,,,0,,,,,,,,,873499614.8499999,,,,,,,,,,,,,,,0,,,,,,,,,,,,,,,,,,,,,,,,,,,,,,,,,,,,,,,,,,,,,,,,,,,,,,,,,,,,,,,,,,,,,,,,,,,,,,,,,,,,ok
 COSTO MATERIALES,236167019.46000004,0.5854646025503044,,272890799.84,0.6081728886329033,,-36723780.379999936,-0.022708286082598894,,209380253.98000014,0.5947496660745866,,259235596.2117731,0.6083942941984192,,-49855342.23177296,-0.1923167302651039,,225084806.5,0.5946316965352586,,278360258.97826725,0.6080903409074787,,-53275452.47826725,-0.19139029642312083,,670632079.9400002,0.591407307293213,,219552125.32999992,0.6242419387297318,,304428455.05092657,0.607737917589551,,-84876329.72092664,-0.278805506885774,,211934159.30000007,0.5822758858857926,,311214734.11453885,0.6076559160363135,,-99280574.81453878,-0.3190098794551281,,222935960.72000015,0.6331295486357219,,304532645.50734305,0.6077366308155345,,-81596684.7873429,-0.2679406821932179,,654422245.3500001,0.6128679929656826,,235914694.30999994,0.6388561799312314,,333924936.11884284,0.6074058755075891,,-98010241.8088429,-0.29350980177761077,,203952729.14999998,0.6301657917530014,,318746551.0703266,0.6075690181612479,,-114793821.92032665,-0.3601413773258338,,219149606.94000006,0.6416540205194213,,313409119.7002471,0.6076301646916233,,-94259512.76024705,-0.3007554880674799,,659017030.4,0.6370609829694829,,241219604.0400002,0.6184980196869984,,313409119.7002471,0.6076301646916233,,-72189515.66024691,-0.2303363594821073,,0,,,0,,,0,,,0,,,0,,,0,,,241219604.0400002,0.6184980196869984,,2225290959.7300005,0.6136641345474111,,3010152216.292513,0.6077805674020207,,-784861256.5625124,-0.26073806245226877,,3187468829.62,0.5995561221946566,,2772700388.89,0.6080364971466138,,,241219604.0400002,0.6184980196869984,,59737933.35000004,0.6573635004200052,,7554641.96000001,0.7104254790695866,,13018411.68,0.6159349238292926,,59330559.39999997,0.6411041271994058,,11914404.740000006,0.6539310796488887,,11958150.59999999,0.8309080453443326,,53835627.269999996,0.5973998685575587,,11773053.310000002,0.8240700685946367,,3969102.7599999965,0.6845444890709288,,9047064.779999983,0.637318118455027,,0,,,48641525.44,0.7219828330883811,,-49560871.24999979,,,,,,,,,,,,,,,,,,,,,,,,,,,,,,,,,,,,,,,,,ok
(+) VARIACION EN COMPRAS,7432531.18,0.018425451289478045,,0,0,,7432531.18,,,4883745.58,0.013872397218391397,,0,0,,4883745.58,,,9863462.81,0.026057412384352694,,0,0,,9863462.81,,,22179739.57,0.01955954754913006,,4134848.09,0.011756413581398553,,0,0,,4134848.09,,,-5801534.920000001,-0.015939355393193383,,0,0,,-5801534.920000001,,,-4842591.699999999,-0.01375277405828155,,0,0,,-4842591.699999999,,,-6509278.53,-0.006095954861989944,,-15815520.860000003,-0.04282837603564241,,0,0,,-15815520.860000003,,,-12966131.03,-0.040062284336895376,,0,0,,-12966131.03,,,-18799153.540000003,-0.05504254659514613,,0,0,,-18799153.540000003,,,-47580805.43000001,-0.04599558627387411,,-35011078.97,-0.08976999649854037,,0,0,,-35011078.97,,,0,,,0,,,0,,,0,,,0,,,0,,,-35011078.97,-0.08976999649854037,,-66921423.36000001,-0.01845478999918199,,0,0,,-66921423.36000001,,,-25851154.699999996,-0.004862547336042165,,-59474171.44999999,-0.013042327625464114,,,-35011078.97,,,-5188788.39,,,-485.88,,,-1865687.42,,,-6701261.01,,,2108.11,,,-2222375.1,,,-14921631.58,,,-41795.42,,,-55358.91,,,-576976.72,,,0,,,-3438826.65,,,,,,,,,,,,,,,,,,,,,,,,,,,,,,,,,,,,,,,,,,,,ok
(+) VARIACION STD,9105.130000000001,0,,0,0,,9105.130000000001,,,-689.77,0,,0,0,,-689.77,,,6481.7300000000005,0,,0,0,,6481.7300000000005,,,14897.09,0,,60.19,0,,0,0,,60.19,,,-167992.28999999998,0,,0,0,,-167992.28999999998,,,-37500.87,0,,0,0,,-37500.87,,,-205432.96999999997,0,,-342813.43000000005,0,,0,0,,-342813.43000000005,,,-88501.36,0,,0,0,,-88501.36,,,24754.51,0,,0,0,,24754.51,,,-406560.28,0,,-123810.86000000002,0,,0,0,,-123810.86000000002,,,0,,,0,,,0,,,0,,,0,,,0,,,-123810.86000000002,0,,-720907.02,0,,0,0,,-720907.02,,,-67754453.96999998,-0.012744468998779963,,10910467.520000003,0.002392599820620536,,,-123810.86000000002,-0.0003174566678794725,,-137375.5,-0.001511696747573347,,0,0,,0,0,,0,0,,0,0,,0,0,,-342.7,-3.8028522251241774e-06,,0,0,,-2.22,-3.828796727191471e-07,,11069.11,0.0007797605665173249,,0,,,2840.45,4.216060495009615e-05,,-1.546140993013978e-11,,,,,,,,,,,,,,,,,,,,,,,,,,,,,,,,,,,,,,,,,ok
FLETES MERCANCIAS,879842.4500000001,0.002181153877768196,,2259029.8000000003,0.005034543780073704,,-1379187.35,-0.6105219816046694,,1278607.83,0.0036319164079602734,,2145990.0348656713,0.005036376607602807,,-867382.2048656712,-0.40418743366623566,,877922.36,0.0023193056451504116,,2304306.7796214176,0.005033860437975817,,-1426384.4196214178,-0.6190080384417231,,3036372.64,0.0026776723343175652,,0,0,,2520103.1047262135,0.005030943026403568,,-2520103.1047262135,,,730821.5,0.0020078864952323126,,2576280.911544196,0.005030264205598622,,-1845459.4115441958,-0.7163269359621373,,1063870.94,0.0030213525259607595,,2520965.6085044956,0.005030932374300783,,-1457094.6685044956,-0.5779906967350036,,1794692.44,0.0016807337487515063,,620852.52,0.0016812664865490995,,2764279.2725069774,0.005028194333672095,,-2143426.7525069774,-0.7754016657524849,,358327.97000000003,0.0011071488470067172,,2638630.389655022,0.005029544852328211,,-2280302.4196550217,-0.8641992560212844,,399368.77,0.0011693225487306275,,2594446.355134496,0.0050300510322154246,,-2195077.585134496,-0.8460678251413308,,1378549.26,0.0013326210190871773,,967776.68,0.0024814233588576844,,2594446.355134496,0.0050300510322154246,,-1626669.6751344958,-0.6269814258889039,,0,,,0,,,0,,,0,,,0,,,0,,,967776.68,0.0024814233588576844,,7177391.02,0.0019792950801952964,,24918478.611692987,0.005031296087765072,,-17741087.591692988,-0.7119651190650134,,28976091.64,0.005450341342508607,,25614758.47,0.005617162271755733,,,967776.68,0.0024814233588576844,,6652.940000000002,7.32097627291666e-05,,0,0,,0,0,,8945.97,9.666685004830868e-05,,0,0,,50000,0.003474233069720385,,497445.04000000004,0.005520017441613615,,-5911.600000000002,-0.0004137900754569891,,156768.06,0.02703752410162865,,186834.49,0.013161506911339346,,0,,,67041.78,0.0009950965522122401,,0,,,,,,,,,,,,,,,,,,,,,,,,,,,,,,,,,,,,,,,,,ok
FLETES INTERPLANTAS,2077199.0300000003,0.005149434105141023,,4066253.6399999997,0.009062178804132666,,-1989054.6099999994,-0.4891614705077767,,1984508.7700000003,0.005637045069170318,,3862782.0627582083,0.009065477893685052,,-1878273.292758208,-0.4862488388529568,,2691725.76,0.007111032859858794,,4147752.203318551,0.00906094878835647,,-1456026.4433185514,-0.3510398818313224,,6753433.5600000005,0.005955620192014306,,0,0,,4536185.588507184,0.009055697447526422,,-4536185.588507184,,,1654510,0.0045456630452536135,,4637305.640779552,0.00905447557007752,,-2982795.640779552,-0.6432173921316368,,2087649.17,0.005928843298510798,,4537738.0953080915,0.009055678273741407,,-2450088.9253080916,-0.5399361694852822,,3742159.17,0.0035045409843142404,,2205464.61,0.005972390570409668,,4975702.690512558,0.00905074980060977,,-2770238.0805125586,-0.5567531367568889,,1509839.72,0.0046650483498760775,,4749534.701379038,0.009053180734190779,,-3239694.9813790387,-0.6821078663639168,,1683132.48,0.004928088797140802,,4670003.439242093,0.009054091857987764,,-2986870.959242093,-0.6395864581476283,,5398436.8100000005,0.005218580555634212,,2113421.82,0.005418909527007325,,4670003.439242093,0.009054091857987764,,-2556581.619242093,-0.5474474810359042,,0,,,0,,,0,,,0,,,0,,,0,,,2113421.82,0.005418909527007325,,18007451.36,0.004965879632917659,,44853261.50104737,0.009056332957977128,,-26845810.141047373,-0.5985252631053484,,60598703.32,0.011398487487921596,,55832925.489999995,0.012243824315247464,,,2113421.82,0.005418909527007325,,260376.75,0.0028652174959779473,,-2500,-0.00023509568118221767,,158576.25,0.007502654921793413,,24579.16,0.00026559333130262976,,56903.9,0.003123213418988852,,270750,0.018812972072535884,,455518.17,0.005054765936297033,,26000,0.0018199035729551582,,3641.3999999999996,0.0006280261442520279,,707133.48,0.04981383353929696,,0,,,152442.71,0.002262696711377448,,0,,,,,,,,,,,,,,,,,,,,,,,,,,,,,,,,,,,,,,,,,ok
GASTOS DE IMPORTACION MERCANCIAS,1404366.44,0.003481463421563163,,1807223.84,0.004027635024058963,,-402857.40000000014,-0.2229150540643599,,1083570.93,0.0030779093851284896,,1716792.0278925372,0.004029101286082246,,-633221.0978925372,-0.3688397240927623,,865427.25,0.0022862959161810124,,1843445.423697134,0.004027088350380653,,-978018.173697134,-0.5305381765713808,,3353364.62,0.002957216631306932,,741663.46,0.0021087358432969766,,2016082.4837809706,0.004024754421122854,,-1274419.0237809706,-0.6321264303586028,,2954483.8499999996,0.008117260128221417,,2061024.7292353567,0.004024211364478897,,893459.120764643,0.4335023777691972,,3618941.9,0.010277655719095242,,2016772.4868035966,0.004024745899440627,,1602169.4131964033,0.7944224862645256,,7315089.209999999,0.006850598484927587,,1752525.6400000001,0.004745833399129977,,2211423.418005582,0.004022555466937676,,-458897.7780055818,-0.2075123986972374,,575354.0199999999,0.0017777081143391612,,2110904.3117240174,0.0040236358818625684,,-1535550.2917240174,-0.7274371856628133,,603045.7999999999,0.0017656739956339103,,2075557.084107597,0.00402404082577234,,-1472511.284107597,-0.7094535223254125,,2930925.46,0.0028332776975802474,,10012371.52,0.02567217528664714,,2075557.084107597,0.00402404082577234,,7936814.435892403,3.8239441818604103,,0,,,0,,,0,,,0,,,0,,,0,,,10012371.52,0.02567217528664714,,23611750.810000002,0.006511366328350091,,19934782.88935439,0.004025036870212058,,3676967.920645613,0.18444986037992891,,32489878.079999994,0.006111277114682956,,25636114.619999997,0.005621845546836794,,,10012371.52,0.02567217528664714,,146637.46000000002,0.001613616484412554,,0,0,,13787.18,0.0006523073529904492,,62300.35,0.0006731945883349875,,0,0,,0,0,,9430456,0.1046473025489806,,17806.070000000003,0.0012463588620496022,,142734.37,0.024617157149267405,,42580,0.0029995369927941534,,0,,,156070.09,0.0023165376644601918,,-6.693881005048752e-10,,,,,,,,,,,,,,,,,,,,,,,,,,,,,,,,,,,,,,,,,ok
(+) GTOS S/COMPRA,4361407.92,0.01081205140447238,,8132507.279999999,0.01812435760826533,,-3771099.3599999994,-0.4637068532694876,,4346687.53,0.012346870862259081,,7725564.1255164165,0.018130955787370104,,-3378876.5955164167,-0.4373630896877132,,4435075.369999999,0.011716634421190216,,8295504.406637102,0.01812189757671294,,-3860429.036637103,-0.4653639908320023,,13143170.819999998,0.011590509157638802,,741663.46,0.0021087358432969766,,9072371.177014368,0.018111394895052844,,-8330707.717014368,-0.9182503178574672,,5339815.35,0.014670809668707345,,9274611.281559104,0.01810895114015504,,-3934795.9315591045,-0.4242545387732571,,6770462.01,0.0192278515435668,,9075476.190616183,0.018111356547482815,,-2305014.180616184,-0.2539827257769141,,12851940.819999998,0.012035873217993332,,4578842.77,0.012399490456088744,,9951405.381025117,0.01810149960121954,,-5372562.611025117,-0.5398797863535209,,2443521.71,0.007549905311221956,,9499069.402758077,0.018106361468381557,,-7055547.692758078,-0.7427619900018293,,2685547.05,0.00786308534150534,,9340006.878484186,0.01810818371597553,,-6654459.828484187,-0.7124684076853866,,9707911.530000001,0.009384479272301637,,13093570.02,0.033572508172512144,,9340006.878484186,0.01810818371597553,,3753563.1415158142,0.4018801260374435,,0,,,0,,,0,,,0,,,0,,,0,,,13093570.02,0.033572508172512144,,48796593.19,0.013456541041463045,,89706523.00209476,0.01811266591595426,,-40909929.81209475,-0.4560418623196383,,122064673.04,0.02296010594511316,,107083798.57999998,0.02348283213383999,,,13093570.02,0.033572508172512144,,413667.15,0.004552043743119668,,-2500,-0.00023509568118221767,,172363.43,0.008154962274783862,,95825.48,0.001035454769685926,,56903.9,0.003123213418988852,,320750,0.02228720514225627,,10383419.21,0.11522208592689126,,37894.47,0.0026524723595477712,,303143.82999999996,0.05228270739514808,,936547.97,0.06597487744343046,,0,,,375554.57999999996,0.00557433092804988,,-1.979060471057892e-09,,,,,,,,,,,,,,,,,,,,,,,,,,,,,,,,,,,,,,,,,ok
TOTAL COSTO MATERIALES,247970063.69000003,0.614724677114488,,281023307.11999995,0.6262972462411686,,-33053243.429999936,-0.11761744521740267,,218609997.32000014,0.6209669748469003,,266961160.3372895,0.6265252499857892,,-48351163.01728938,-0.18111684469830952,,239389826.41,0.6324228668515631,,286655763.3849044,0.6262122384841917,,-47265936.97490436,-0.1648874469390608,,705969887.4200002,0.6225705012299876,,224428697.06999993,0.6381072592897431,,313500826.2279409,0.6258493124846037,,-89072129.15794101,-0.28412087530888425,,211304447.4400001,0.580545791820988,,320489345.39609796,0.6257648671764686,,-109184897.95609789,-0.3406818339659763,,224826330.16000015,0.638498125093448,,313608121.69795924,0.6258479873630174,,-88781791.5379591,-0.28309787086275207,,660559474.6700002,0.6186155228555124,,224335202.78999993,0.607498956763553,,343876341.499868,0.6255073751088086,,-119541138.70986801,-0.34762827296717047,,193341618.46999997,0.5973799644149271,,328245620.4730847,0.6256753796296294,,-134904002.00308472,-0.4109849258876753,,203060754.96000007,0.5945470386605158,,322749126.5787313,0.6257383484075989,,-119688371.61873125,-0.3708402649682601,,620737576.22,0.6000568607958201,,219178284.2300002,0.5619830746930906,,322749126.5787313,0.6257383484075989,,-103570842.34873109,-0.32090200660377644,,0,,,0,,,0,,,0,,,0,,,0,,,219178284.2300002,0.5619830746930906,,2206445222.5400004,0.6084670824711232,,3099858739.2946076,0.625893233317975,,-893413516.7546072,-0.2882110418224764,,3215927893.9900002,0.6049092118049476,,2831220483.54,0.6208696014756102,,2126114865.6640596,219178284.2300002,0.5619830746930906,,54825436.61000004,0.6033057874775761,,7551656.08000001,0.7101446920725752,,11325087.69,0.5358193606994773,,52725123.86999997,0.5697282287912644,,11973416.750000006,0.6571699982733328,,10056525.49999999,0.6987742691717259,,49297072.199999996,0.5470367105569806,,11769152.360000003,0.8237970165622168,,4216885.459999996,0.7272791553238416,,9417705.139999982,0.6634277819318363,,0,,,45581093.82,0.6765570560081287,,-49560871.24999979,,,,,,,,,,,,,,,,,,,,,,,,,,,,,,,,,,,,,,,,,ok
,,,,,,,,,,,,,,,,,,,,,,,,,,,,,,,,,,,,,,,,,,,,,,,,,,,,,,,,,,,,,,,,,,,,,,,,,,,,,,,,,,,,,,,,,,,,,,,,,,,,,,,,,,,,,,,,,,,,,,,,,,,,,,,,,,,,,,,,,,,,,,,,,,,,,,,,,,,,,,,,,,,,,,,,,,,,,,,,,,,,,,,,,,,,,,,,,,,,,,,,,,,,,,,,,,,,,,,,,
MANO DE OBRA,22296660.31,0.05527404036533668,,17466370.94676404,0.03892609526908009,,4830289.363235958,0.2765479662580312,,19988551.979999997,0.05677796444241139,,16593052.399425838,0.03894186813333778,,3395499.5805741586,0.20463381292592384,,19440844.16,0.05135905139353942,,20741315.499282297,0.04531032432259973,,-1300471.3392822966,-0.06269955921201316,,61726056.44999999,0.05443408081252151,,19489042.689999998,0.05541225244121899,,17754566.067385647,0.03544387139399969,,1734476.6226143502,0.09769186225286051,,24354559.259999998,0.06691263275025305,,17754566.067385647,0.03466631211468874,,6599993.1926143505,0.3717349760937411,,19326868.83,0.054887563672368724,,22637071.7359167,0.04517537909735807,,-3310202.905916702,-0.14622928904115404,,63170470.779999994,0.05915929648896659,,19650505,0.053213499882815186,,18652947.11039536,0.03392951063215647,,997557.8896046393,0.05347990768969137,,23127019.919999998,0.07145703261492363,,18652947.11039536,0.035554746313713526,,4474072.809604637,0.2398587624317671,,17646439.209999997,0.0516674833464251,,23316183.8879942,0.04520486407476713,,-5669744.677994203,-0.24316778016636018,,60423964.129999995,0.058410857698481984,,23113034.529999997,0.05926287020764566,,23316183.8879942,0.04520486407476713,,-203149.35799420252,-0.008712804761280285,,0,,,0,,,0,,,0,,,0,,,0,,,23113034.529999997,0.05926287020764566,,208433525.88999996,0.057479305668626635,,196885204.7129393,0.039753139653807106,,11548321.177060664,0.058655099015176064,,312171932.06000006,0.058718877908594515,,258647277.92000002,0.05671979038670763,,,23113034.529999997,0.05926287020764566,,8379614.010000001,0.0922102940104826,,384386.97,0.03614708661988747,,518171.07,0.02451602133778835,,2711296.72,0.029297271673022734,,1524237.07,0.0836588998424405,,766038,0.05322789104524929,,4304703.4,0.04776816721094139,,277634.26,0.019433368528798515,,253620.94,0.04374157770356866,,2601746.62,0.18327936196728872,,21267.13,,,1391585.47,0.020655207891342526,,-21267.130000006175,,,,,,,,,,,,,,,,,,,,,,,,,,,,,,,,,,,,,,,,,ok
,,,,,,,,,,,,,,,,,,,,,,,,,,,,,,,,,,,,,,,,,,,,,,,,,,,,,,,,,,,,,,,,,,,,,,,,,,,,,,,,,,,,,,,,,,,,,,,,,,,,,,,,,,,,,,,,,,,,,,,,,,,,,,,,,,,,,,,,,,,,,,,,,,,,,,,,,,,,,,,,,,,,,,,,,,,,,,,,,,,,,,,,,,,,,,,,,,,,,,,,,,,,,,,,,,,,,,,,,
GASTOS DE FABRICACION:,,,,,,,,,,,,,,,,,,,,,,,,,,,,,,,,,,,,,,,,,,,,,,,,,,,,,,,,,,,,,,,,,,,,,,,,,,,,,,,,,,,,,,,,,,,,,,,,,,,,,,,,,,,,,,,,,,,,,,,,,,,,,,,,,,,,,,,,,,,,,,,,,,,,,,,,,,,,,,,,,,,,,,,,,,,,,,,,,,,,,,,,,,,,,,,,,,,,,,,,,,,,,,,,,,,,,,,,,ok
MANO DE OBRA INDIRECTA,16162308.730000002,0.040066812370926484,,16610929.92,0.037019632901689116,,-448621.1899999976,-0.027007590313161564,,14623246.480000002,0.04153768464593191,,16610929.92,0.03898382449145633,,-1987683.4399999976,-0.11966117788545806,,14418126.239999998,0.038089975952911456,,17994994.1282592,0.03931086339065214,,-3576867.8882592022,-0.19877016145518583,,45203681.45,0.03986356800658339,,14008837.649999999,0.03983065051564382,,17441476.416,0.03481884291983777,,-3432638.7660000026,-0.1968089560841913,,17083799.48,0.04693667367907048,,17441476.416,0.03405499536757029,,-357676.9360000007,-0.02050726254297397,,13960797.440000001,0.03964812744088161,,18894743.83467216,0.03770705087816067,,-4933946.394672159,-0.2611279855309966,,45053434.57,0.04219264888582626,,13289379.49,0.03598759390325091,,18139135.47264,0.032994892776706135,,-4849755.98264,-0.2673642296764962,,15102305.01,0.046662557709255204,,18139135.47264,0.03457535992906847,,-3036830.4626400005,-0.16741869904552928,,12487542.079999998,0.03656260987148935,,19650533.588059045,0.038097988251939115,,-7162991.508059047,-0.3645189315577543,,40879226.58,0.03951727962520195,,15118322.819999997,0.03876406630535793,,19650533.588059045,0.038097988251939115,,-4532210.768059049,-0.23064059547029897,,0,,,0,,,0,,,0,,,0,,,0,,,15118322.819999997,0.03876406630535793,,146254665.42,0.04033236295957234,,180573888.75632945,0.036459717874827345,,-34319223.33632946,-0.19005640058314638,,232979970.54,0.043823038013093445,,193718581.22,0.042481318222909355,,40879226.58,15118322.819999997,0.03876406630535793,,4295805.539999999,0.047271567805216824,,187366.36,0.017619608813933048,,492928.26,0.023321718327808,,2762827.04,0.029854089292172068,,747702.27,0.041038202356471626,,413516.79,0.028733074134052395,,3031833.48,0.033643462782678664,,724039.31,0.050680066431884135,,236613.29,0.04080829686315344,,1252085.19,0.08820281459686934,,0,,,973605.29,0.014451156686093331,,-2.3283064365386963e-09,,,,,,,,,,,,,,,,,,,,,,,,,,,,,,,,,,,,,,,,,ok
MANTENIMIENTO INSTALACIONES,82188.84999999999,0,,247639.59046661097,0,,-165450.740466611,-0.6681110243917907,,281687.33,0,,235247.93403768426,0,,46439.39596231576,0.19740617979189842,,135119.34,0,,252602.94805092126,0,,-117483.60805092126,-0.46509199103740545,,498995.52,0,,149257.16,0,,276258.99436476413,0,,-127001.83436476413,-0.4597201790906207,,200938.51,0,,282417.32351726916,0,,-81478.81351726915,-0.2885050127326446,,187283.6,0,,276353.5438401317,0,,-89069.94384013172,-0.32230433017952526,,537479.27,0,,293357.41,0,,303026.0986282559,0,,-9668.688628255913,-0.031907115169367624,,260744.90000000002,0,,289252.2042369356,0,,-28507.304236935568,-0.09855518408974452,,113077.26000000001,0,,284408.65758968657,0,,-171331.39758968656,-0.602412736101953,,667179.5700000001,0,,142906.51,0,,284408.65758968657,0,,-141502.14758968656,-0.497531083578441,,0,,,0,,,0,,,0,,,0,,,0,,,142906.51,0,,1846560.87,0,,2731615.9523219457,0,,-885055.0823219456,-0.3240042150030737,,2966885.4699999997,0,,2715964.6599999997,0,,,142906.51,0.00036641878170367697,,96646.43999999999,0.0010635092066092033,,0,0,,1535,7.26248432848733e-05,,6151.37,6.646943387711614e-05,,700,3.842002733190864e-05,,14655,0.0010182977127350449,,10893.050000000001,0.00012087732544758952,,7139.19,0.0004997168226540667,,5186.46,0.0008945000483652916,,0,0,,0,,,0,0,,1.8189894035458565e-11,,,,,,,,,,,,,,,,,,,,,,,,,,,,,,,,,,,,,,,,,ok
MANTENIMIENTO ACTIVO FIJO,2532305.52,0.006277655737844665,,3218362.5713290665,0.007172542507189043,,-686057.0513290665,-0.2131695966889616,,4571974.499999999,0.012986803939192177,,3057318.68019485,0.007175153673947167,,1514655.819805149,0.495419672674952,,2221688.43,0.005869282697691349,,3282867.137207923,0.007171568973050073,,-1061178.7072079228,-0.32324753419977115,,9325968.45,0.008224250008155607,,3140368.5099999993,0.00892885789222799,,3590304.788427767,0.007167412636462885,,-449936.27842776757,-0.1253198001122349,,2524799.39,0.006936728870663741,,3670339.3903627875,0.007166445543655487,,-1145540.0003627874,-0.31210737714627496,,2693117.4699999997,0.007648349968741086,,3591533.568091343,0.007167397460776,,-898416.0980913434,-0.25014832273133697,,8358285.369999999,0.007827554175831359,,3548664.6600000006,0.009609771681137988,,3938174.231848202,0.007163496667843499,,-389509.57184820157,-0.09890612982488665,,2970482.6199999996,0.009178090138446327,,3759166.561519973,0.007165420705629422,,-788683.9415199733,-0.2098028721560767,,4320135.22,0.012649039949496675,,3696219.07718348,0.007166141842819984,,623916.1428165198,0.16879847481658045,,10839282.5,0.010478157081832395,,4838507.620000001,0.012406153277302469,,3696219.07718348,0.007166141842819984,,1142288.5428165211,0.30904243470518133,,0,,,0,,,0,,,0,,,0,,,0,,,4838507.620000001,0.012406153277302469,,33362043.94,0.009200185589958469,,35500505.08334887,0.0071679156309214995,,-2138461.143348869,-0.060237485025301546,,45042795.93,0.008472454321636642,,40360436.67,0.008850800697567952,,,4838507.620000001,0.012406153277302469,,703947.4500000002,0.0077463235484315,,35433.87,0.0033321399218288594,,114123.31,0.005399470686580465,,2151127.8800000004,0.02324429393466513,,5945.32,0.000326313366995633,,70156.94,0.0048748312203677775,,1023695.99,0.011359686528807113,,149274.65,0.010448671880255027,,92479.82999999999,0.015949841010595652,,100723.54000000002,0.007095443501061101,,5341.09,,,391598.84,0.005812474781163517,,0,,,,,,,,,,,,,,,,,,,,,,,,,,,,,,,,,,,,,,,,,ok
DEPRECIACIONES Y AMORT.,12959190.75,0.032126193907898205,,12565692.35273333,0.0280042911681702,,393498.3972666692,0.03131529773455532,,12930421.02,0.03672917306033736,,12691349.276260665,0.029785047262755354,,239071.74373933487,0.01883737800727947,,12824655.839999998,0.03388032705628228,,12818262.769023271,0.028002063964402205,,6393.070976726711,,,38714267.61,0.03414077770199629,,12785535.53,0.03635249476610052,,12946445.396713505,0.02584530333824833,,-160909.86671350524,-0.012428883896915266,,12577687.15,0.03455641106582386,,13075909.85068064,0.025531098329680296,,-498222.7006806396,-0.03810233523862247,,12466839.36,0.03540534398945329,,13206668.949187446,0.02635571788405123,,-739829.589187447,-0.05601939384063729,,37830062.04,0.035427943290378634,,12238216.639999999,0.033141048524631136,,13206668.949187446,0.02402278910001844,,-968452.3091874477,-0.0733305508689254,,12221024.02,0.037760079552216906,,13206668.949187446,0.025173489280729783,,-985644.9291874468,-0.07463236437437085,,12192674.76,0.035699259925123315,,13206668.949187446,0.025604776390353995,,-1013994.1891874466,-0.07677895108060792,,36651915.419999994,0.03543080707794034,,12624206.54,0.03236903889376622,,13206668.949187446,0.025604776390353995,,-582462.4091874473,-0.0441036578889398,,0,,,0,,,0,,,0,,,0,,,0,,,12624206.54,0.03236903889376622,,125820451.61000001,0.0346972597933815,,130131004.39134863,0.02627478280250629,,-4310552.781348616,-0.033124717675929886,,148769855.35999998,0.027983294064003503,,122309149.01999998,0.026821659793136186,,,12624206.54,0.03236903889376622,,1646497.6,0.018118260292463516,,88572.5,0.00832920488860479,,623733.9,0.029510473445578396,,2050836.7199999997,0.022160584675088916,,399130.67,0.02190658750057573,,2011984.74,0.13980207838961542,,2371402.9299999997,0.026314837785283027,,1568601.96,0.10979631967494093,,406439.02,0.07009785538643733,,309037.74,0.02177008298026072,,379235.46,,,1147968.76,0.017039221737897778,,0,,,,,,,,,,,,,,,,,,,,,,,,,,,,,,,,,,,,,,,,,ok
FLETES REFACCIONES,0,0,,268666.5068096107,0,,-268666.5068096107,,,0,0,,255222.68290378223,0,,-255222.68290378223,,,0,0,,274051.299853853,0,,-274051.299853853,,,0,0,,3930522.1999999997,0.011175463661125339,,299715.96565341734,0,,3630806.2343465826,12.114156903290027,,1291984.48,0.003549646787131662,,306397.19452344486,0,,985587.2854765551,3.2166981391898486,,360428.07,0.0010236018475339326,,299818.54326315987,0,,60609.52673684014,0.20215402982477076,,5582934.75,0.005228431703541669,,618235.1900000001,0.001674178765920633,,328755.8473069552,0,,289479.34269304486,0.8805298675730067,,29431.659999999985,0,,313812.42051357473,0,,-284380.76051357476,-0.9062125713449036,,840703.8699999999,0.0024615194422841374,,308557.6114750287,0,,532146.2585249712,1.724625284662723,,1488370.72,0.001438783627990135,,526659.78,0.0013503795940431724,,308557.6114750287,0,,218102.16852497135,0.7068442339903911,,0,,,0,,,0,,,0,,,0,,,0,,,526659.78,0.0013503795940431724,,7597965.250000001,0.0020952760128177925,,2963555.683777855,0,,4634409.566222146,1.563800400846302,,2627714.5600000005,0,,2535659.5700000003,0,,,526659.78,0.0013503795940431724,,261053.5,0.0028726645354713084,,0,0,,-8201.06,-0.00038801348356341564,,29821.940000000002,0.0003222448769814407,,4610.27,0.00025303814201068357,,38634.119999999995,0.0026844787464709143,,198286.61,0.002200334625184797,,-4445.92,-0.00031119791127203064,,0,0,,0,0,,0,,,6900.32,0.00010242097750329964,,5.275069270282984e-11,,,,,,,,,,,,,,,,,,,,,,,,,,,,,,,,,,,,,,,,,ok
GASTOS DE IMPORTACION REFACCIONES,0,0,,424832.99656359124,0,,-424832.99656359124,,,0,0,,403574.7457194185,0,,-403574.7457194185,,,0,0,,433347.78239240835,0,,-433347.78239240835,,,0,0,,679201.5900000003,0.0019311410294600437,,473930.42518963094,0,,205271.16481036937,0.4331251042349422,,186429.37,0,,484495.21986868035,0,,-298065.84986868035,-0.6152090622265982,,421717.01999999996,0.0011976601067960782,,474092.62759381137,0,,-52375.60759381141,-0.11047547366352486,,1287347.9800000002,0.0012056044524114,,952688.4299999998,0.0025798769883096833,,519850.1793459136,0,,432838.25065408624,0.8326211432661087,,-386291.2199999999,-0.0011935486890175444,,496220.6586477519,0,,-882511.8786477519,-1.7784666221931993,,784784.07,0.0022977903578579643,,487911.4120031862,0,,296872.65799681377,0.6084560653704798,,1351181.2799999998,0.0013061648405114782,,231094.2,0,,487911.4120031862,0,,-256817.21200318617,-0.5263603303492911,,0,,,0,,,0,,,0,,,0,,,0,,,231094.2,0,,2869623.4600000004,0,,4686167.4593275795,0,,-1816543.999327579,-0.38763958289878014,,4408169.989999999,0,,4193046.6199999996,0,,,231094.2,0.0005925360238857269,,115455.79999999999,0.0012704896968417135,,0,0,,-5038.889999999999,-0.00023840299451447243,,30614.39,0.0003308077992046073,,346.8199999999997,1.9035476970360777e-05,,15994.89,0.0011113995156907977,,50780.03,0.0005634927052155603,,-2111.74,-0.00014781396812124328,,0,0,,15417.900000000001,0.001086109943663715,,0,,,9635,0.0001430116455822762,,1.4551915228366852e-11,,,,,,,,,,,,,,,,,,,,,,,,,,,,,,,,,,,,,,,,,ok
HONORARIOS,0,0,,0,0,,0,,,0,0,,0,0,,0,,,0,0,,0,0,,0,,,0,0,,824400.2100000001,0.002343977242789546,,0,0,,824400.2100000001,,,269245.06,0,,0,0,,269245.06,,,203849.16999999998,0,,0,0,,203849.16999999998,,,1297494.44,0.0012151066363913787,,149090.93999999997,0,,0,0,,149090.93999999997,,,90556.70999999999,0,,0,0,,90556.70999999999,,,114350,0,,0,0,,114350,,,353997.64999999997,0,,179707.6,0,,0,0,,179707.6,,,0,,,0,,,0,,,0,,,0,,,0,,,179707.6,0,,1831199.69,0,,0,0,,1831199.69,,,0,0,,0,0,,,179707.6,0.0004607784477760439,,11550,0.00012709760790295327,,0,0,,0,0,,11350,0.00012264391095077488,,1850,0.00010153864366290141,,3650,0.0002536190140895881,,83867.94,0.0009306605843174235,,1400,9.799480777450852e-05,,36339.66,0.00626744014753382,,12800,0.0009016926610560161,,0,,,16900,0.00025084554336694007,,0,,,,,,,,,,,,,,,,,,,,,,,,,,,,,,,,,,,,,,,,,ok
MATERIALES INDIRECTOS,341272.69999999995,0,,544362.495352084,0.0012131831174074087,,-203089.7953520841,-0.3730782283609182,,352613.39,0.001001606846727581,,517123.09876575455,0.0012136247771709467,,-164509.70876575453,-0.3181248510430083,,788761.8399999999,0.002083760331826183,,555272.9709946454,0.001213018451226562,,233488.86900535447,0.42049384933524175,,1482647.9299999997,0.001307496086413888,,417036.25999999995,0.0011857390269928048,,607273.8016263866,0.0012123154372851617,,-190237.54162638664,-0.31326485864678644,,607577,0.0016692799173447454,,620811.0693077799,0.00121215186060845,,-13234.069307779893,-0.021317386177627625,,878624.0599999998,0.002495258516085511,,607481.640721292,0.001212312870428694,,271142.4192787078,0.4463384588162491,,1903237.3199999998,0.0017823862876512535,,574835.9000000001,0.0015566536380254843,,666113.3742600216,0.0012116530798278761,,-91277.47426002147,-0.13702993782615558,,271221.19,0,,635835.5357793197,0.00121197851675025,,-364614.3457793197,-0.5734412835741016,,1045696.23,0.0030617220792241925,,625188.4290938232,0.0012121004918328722,,420507.8009061768,0.6726096986722548,,1891753.32,0.0018287269888055731,,637632.63,0.0016349190212476075,,625188.4290938232,0.0012121004918328722,,12444.200906176819,0.019904720444385085,,0,,,0,,,0,,,0,,,0,,,0,,,637632.63,0.0016349190212476075,,5915271.2,0.0016312427665646297,,6004650.84499493,0.001212400515119797,,-89379.64499492943,-0.014885069474011175,,12908443.7,0.0024280508648182463,,10758480.79,0.0023592700460468878,,,637632.63,0.0016349190212476075,,171581,0.001888098239099275,,12954.6,0.001218228204577263,,19365.25,0.0009162203559755001,,89854.79,0.0009709376972035751,,61560.64,0.0033788021019568407,,5302.93,0.00036847229544824644,,85993.34,0.00095424559196049,,57639.48,0.004034549830587592,,14435.25,0.00248962333135994,,74392.24,0.005240541941212329,,0,,,44553.11,0.0006612987625229025,,0,,,,,,,,,,,,,,,,,,,,,,,,,,,,,,,,,,,,,,,,,ok
COMBUSTIBLE,180673.38999999998,0,,178361.00820317914,0,,2312.381796820846,0.01296461496891017,,271717.25,0,,169435.98805673866,0,,102281.26194326134,0.6036572461159234,,163063.18,0,,181935.83830664694,0,,-18872.658306646947,-0.10373249428096566,,615453.8200000001,0,,213424.03999999998,0,,198973.97127515954,0,,14450.068724840443,0.07262290958075897,,193641.1,0,,203409.47286203492,0,,-9768.372862034914,-0.04802319540280426,,196347.89,0,,199042.06999766134,0,,-2694.1799976613256,-0.013535731404385923,,603413.03,0,,187976.41,0,,218252.82605811357,0,,-30276.416058113566,-0.13872175955262064,,165503.68,0,,208332.25687169647,0,,-42828.57687169648,-0.2055782312101236,,203588.87,0,,204843.71991500605,0,,-1254.8499150060525,-0.006125889119406326,,557068.96,0,,237604.53999999998,0,,204843.71991500605,0,,32760.82008499393,0.1599308004101228,,0,,,0,,,0,,,0,,,0,,,0,,,237604.53999999998,0,,2013540.35,0,,1967430.8714612427,0,,46109.47853875742,0.023436390679643634,,2492532.14,0,,2116577.3600000003,0,,,237604.53999999998,0.0006092288313112018,,71390.92,0.0007855943859732559,,0,0,,0,0,,6851.53,7.403510442260464e-05,,0,0,,0,0,,0,0,,5908.47,0.00041357098706532166,,153453.62,0.026465888199625386,,0,0,,0,,,0,0,,0,,,,,,,,,,,,,,,,,,,,,,,,,,,,,,,,,,,,,,,,,ok
HERRAMIENTAS Y EQ MENORES,492697.70000000007,0.0012214112866712346,,387358.86820459133,0,,105338.83179540874,0.27194119056484833,,265515.55,0,,408861.9868208211,0,,-143346.43682082114,-0.35059859180217945,,330938.43000000005,0,,439025.0806638412,0,,-108086.65066384117,-0.24619698378144014,,1089151.6800000002,0,,307914.23000000004,0,,480139.3975047866,0,,-172225.16750478657,-0.3586982622126309,,502138.08999999997,0.0013795930875771273,,490842.60177771526,0,,11295.488222284708,0.023012444684660894,,363218.98,0.0010315279245242761,,480303.7249260232,0,,-117084.74492602324,-0.2437723025030812,,1173271.3,0.0010987713696233954,,641876.14,0.001738198377124245,,526660.7473112346,0,,115215.39268876542,0.21876586261075182,,535379.23,0.0016541954489509819,,502721.65577305655,0,,32657.574226943427,0.0649615425393292,,574707.61,0.001682701847968952,,494303.54951612203,0,,80404.06048387795,0.16266130510813887,,1751962.98,0.001693593953842903,,1005362.2200000002,0.0025777943903556536,,494303.54951612203,0,,511058.6704838782,1.0338964204974006,,0,,,0,,,0,,,0,,,0,,,0,,,1005362.2200000002,0.0025777943903556536,,5019748.18,0.00138428613528336,,4704521.162014314,0,,315227.0179856857,0.06700512275955336,,4849798.9399999995,0,,4033567.3799999994,0,,,1005362.2200000002,0.0025777943903556536,,520246.95,0.005724860854009294,,485.44,4.56499389892383e-05,,2344.75,0.00011093622234019978,,2819.3500000000004,3.0464855536481694e-05,,8181.24,0.00044903352058414897,,368963.33,0.02563729205200311,,89664.51999999999,0.0009949837157767472,,1935.31,0.00013546452245291718,,4712.15,0.0008126965990105984,,0,0,,0,,,6009.18,8.919384747276622e-05,,2.1827872842550278e-10,,,,,,,,,,,,,,,,,,,,,,,,,,,,,,,,,,,,,,,,,ok
EQ PROTECCION Y SEGURIDAD,0,0,,456.42082763438407,0,,-456.42082763438407,,,0,0,,433.5819508926046,0,,-433.5819508926046,,,0,0,,465.5687178090035,0,,-465.5687178090035,,,0,0,,0,0,,509.1688231749395,0,,-509.1688231749395,,,0,0,,520.5191475852453,0,,-520.5191475852453,,,0,0,,509.34308589972585,0,,-509.34308589972585,,,0,0,,0,0,,558.502872945814,0,,-558.502872945814,,,0,0,,533.1164140763359,0,,-533.1164140763359,,,0,0,,524.1893456489586,0,,-524.1893456489586,,,0,0,,0,0,,524.1893456489586,0,,-524.1893456489586,,,0,,,0,,,0,,,0,,,0,,,0,,,0,0,,0,0,,5034.60053131597,0,,-5034.60053131597,,,0,0,,0,0,,,0,0,,0,0,,0,0,,0,0,,0,0,,0,0,,0,0,,0,0,,0,0,,0,0,,0,0,,0,,,0,0,,0,,,,,,,,,,,,,,,,,,,,,,,,,,,,,,,,,,,,,,,,,ok
MAQUILA,20383.57,0,,128512.03878664995,0,,-108128.46878664996,-0.8413878560137086,,94919.45999999999,0,,122081.41503773941,0,,-27161.95503773942,-0.2224904997156427,,113994.87,0,,131087.76264883627,0,,-17092.892648836278,-0.13039274073679538,,229297.9,0,,129327.25,0,,143364.01757114142,0,,-14036.76757114142,-0.09790997635913742,,36020.64,0,,146559.86938714734,0,,-110539.22938714734,-0.7542257635011317,,90231.8,0,,143413.08382029328,0,,-53181.283820293276,-0.37082588564187896,,255579.69,0,,227543.33000000002,0,,157254.74939974197,0,,70288.58060025805,0.4469727042811553,,348854.07,0.001077876732240859,,150106.8162000251,0,,198747.25379997492,1.3240388333540691,,53766.89,0,,147593.26796880987,0,,-93826.37796880987,-0.6357090622089736,,630164.29,0,,200556.71,0,,147593.26796880987,0,,52963.44203119012,0.3588472750829165,,0,,,0,,,0,,,0,,,0,,,0,,,200556.71,0,,1315598.5899999999,0,,1417566.2887891945,0,,-101967.69878919469,-0.07193152066016593,,930485.8,0,,614450.63,0,,,200556.71,0.000514236512673199,,200556.71,0.0022069504839728406,,0,0,,0,0,,0,0,,0,0,,0,0,,0,0,,0,0,,0,0,,0,0,,0,,,0,0,,0,,,,,,,,,,,,,,,,,,,,,,,,,,,,,,,,,,,,,,,,,ok
DIVERSOS,0,0,,407.2230276784733,0,,-407.2230276784733,,,0,0,,386.8459634157243,0,,-386.8459634157243,,,7656.67,0,,415.38486278377826,0,,7241.285137216222,17.43271309572384,,7656.67,0,,0,0,,454.2852937878593,0,,-454.2852937878593,,,0,0,,464.4121617825866,0,,-464.4121617825866,,,0,0,,454.44077265758307,0,,-454.44077265758307,,,0,0,,0,0,,498.3016048301526,0,,-498.3016048301526,,,0,0,,475.6515634276925,0,,-475.6515634276925,,,0,0,,467.6867475972424,0,,-467.6867475972424,,,0,0,,456.56,0,,467.6867475972424,0,,-11.1267475972424,-0.023791026054098108,,0,,,0,,,0,,,0,,,0,,,0,,,456.56,0,,8113.2300000000005,0,,4491.918745558334,0,,3621.3112544416663,0.8061836065094597,,15106.61,0,,15106.61,0,,,456.56,1.170640574559065e-06,,456.56,5.0240418930019345e-06,,0,0,,0,0,,0,0,,0,0,,0,0,,0,0,,0,0,,0,0,,0,0,,0,,,0,0,,0,,,,,,,,,,,,,,,,,,,,,,,,,,,,,,,,,,,,,,,,,ok
RECOLECCION DE BASURA ,146089.89,0,,166319.58333333334,0,,-20229.69333333333,-0.12163145751026509,,116269.56,0,,166319.58333333334,0,,-50050.023333333345,-0.30092682010286426,,215623.38,0,,166319.58333333334,0,,49303.79666666666,0.29644011654270014,,477982.83,0,,206012.66,0,,166319.58333333334,0,,39693.07666666666,0.23865545999544047,,201228.35,0,,166319.58333333334,0,,34908.76666666666,0.20988969529044232,,163760.76,0,,166319.58333333334,0,,-2558.8233333333337,-0.015384979219224035,,571001.77,0,,218152.26,0,,166319.58333333334,0,,51832.676666666666,0.31164506083919763,,170568.75,0,,166319.58333333334,0,,4249.166666666657,0.02554820413511131,,249326.07,0,,166319.58333333334,0,,83006.48666666666,0.4990782504565758,,638047.0800000001,0,,188070.86000000002,0,,166319.58333333334,0,,21751.276666666672,0.13078000936951203,,0,,,0,,,0,,,0,,,0,,,0,,,188070.86000000002,0,,1875102.5400000003,0,,1663195.8333333333,0,,211906.706666667,0.12740935397966285,,2201941.04,0,,1784707.0199999998,0,,,188070.86000000002,0.0004822222262314208,,34614.6,0.0003809032777937287,,11345,0.001066864201204904,,8650,0.0004092540028756704,,29192,0.00031543797783920886,,0,0,,0,0,,43050,0.0004777145850352957,,10527.5,0.0007368859563186703,,4480,0.0007726580782800805,,0,0,,0,,,46211.76,0.0006859179909551851,,0,,,,,,,,,,,,,,,,,,,,,,,,,,,,,,,,,,,,,,,,,ok
ARRENDAMIENTO DE EQUIPOS,134432.47999999998,0,,202207.77,0,,-67775.29000000001,-0.3351764870360818,,116932.48,0,,202207.77,0,,-85275.29,-0.42172113366365693,,214482.02000000002,0,,202207.77,0,,12274.25000000003,0.06070117879248671,,465846.98,0,,146777.4,0,,202207.77,0,,-55430.369999999995,-0.27412581623347115,,150573.56,0,,202207.77,0,,-51634.20999999999,-0.2553522547625148,,275553.83,0,,202207.77,0,,73346.06000000003,0.362726219669996,,572904.79,0,,176700.65000000002,0,,202207.77,0,,-25507.119999999966,-0.12614312496498017,,140229.08000000002,0,,202207.77,0,,-61978.68999999997,-0.3065099328280015,,119075.27,0,,202207.77,0,,-83132.49999999999,-0.4111241620438225,,436005.00000000006,0,,107582.02,0,,202207.77,0,,-94625.74999999999,-0.46796297689252986,,0,,,0,,,0,,,0,,,0,,,0,,,107582.02,0,,1582338.79,0,,2022077.7,0,,-439738.9099999999,-0.21746884899625762,,1913033.7100000002,0,,1534117.9100000001,0,,,107582.02,0.00027584518509073244,,8143,8.960656460205614e-05,,0,0,,0,0,,4500,4.862533914347903e-05,,0,0,,0,0,,86796.02,0.000963152721881887,,0,0,,0,0,,0,0,,0,,,8143,0.00012086599169449664,,0,,,,,,,,,,,,,,,,,,,,,,,,,,,,,,,,,,,,,,,,,ok
GASTOS DE FABRICACION,33051543.580000002,0.08193569478915404,,34944109.345637366,0.07787752439400931,,-1892565.7656373587,-0.054159794056208896,,33625297.02,0.09551346793291238,,34840493.50904511,0.0817663845849479,,-1215196.4890450942,-0.03487885407620942,,31434110.239999995,0.08304300317617193,,36732856.02431548,0.08024455439264147,,-5298745.784315478,-0.14425085217462955,,98110950.84,0.08652066459071331,,36938614.68999999,0.105025776513972,,36827373.981776856,0.0735193809994949,,111240.70822314237,0.0030205984352340487,,35826062.18000001,0.09842987162881103,,37092170.692930214,0.07242355354516249,,-1266108.5129302007,-0.034134117504520375,,32261769.450000003,0.09162218362663536,,38542942.72330522,0.07691772457876876,,-6281173.273305213,-0.1629655866807302,,105026446.32,0.09835751737019767,,33116717.450000003,0.08967995683290576,,38373476.633797,0.0698009422175232,,-5256759.183796995,-0.1369893907180452,,31920009.700000003,0.09862529552409272,,38070788.65268063,0.07256747282335338,,-6150778.9526806185,-0.16156163742217455,,33099428.200000003,0.09691270487762578,,39475747.49141821,0.0765346425543611,,-6376319.291418216,-0.16152497917371628,,98136155.35,0.09486661604810157,,36038670.61,0.09240478813131962,,39475747.49141821,0.0765346425543611,,-3437076.8814182165,-0.08706806330052175,,0,,,0,,,0,,,0,,,0,,,0,,,36038670.61,0.09240478813131962,,337312223.12000006,0.09301993187367885,,374375706.54632425,0.07559029012376901,,-37063483.4263242,-0.09900077055811327,,462106733.78999996,0.08692129591246887,,386689845.46000004,0.08479875433269964,,257353422.91080725,36038670.61,0.09240478813131962,,8137946.069999998,0.08955095054028046,,336157.76999999996,0.0316116959691381,,1249440.5200000003,0.059114281406365224,,7175947.010000001,0.0775406348970854,,1230027.23,0.06751097113655982,,2942858.74,0.2044835430804733,,7076263.909999999,0.0785234489515886,,2519908.21,0.17638422903453987,,954139.28,0.16455879966436154,,1764456.6099999999,0.12429668562412322,,384576.55000000005,,,2651525.26,0.039356407964252486,,0,,,,,,,,,,,,,,,,,,,,,,,,,,,,,,,,,,,,,,,,,ok
,,,,,,,,,,,,,,,,,,,,,,,,,,,,,,,,,,,,,,,,,,,,,,,,,,,,,,,,,,,,,,,,,,,,,,,,,,,,,,,,,,,,,,,,,,,,,,,,,,,,,,,,,,,,,,,,,,,,,,,,,,,,,,,,,,,,,,,,,,,,,,,,,,,,,,,,,,,,,,,,,,,,,,,,,,,,,,,,,,,,,,,,,,,,,,,,,,,,,,,,,,,,,,,,,,,,,,,,,
TOTAL CTO VTA DIRECTO,303318267.58,0.7519344122689786,,333433787.4124014,0.7431008659042581,,-30115519.832401335,-0.0903193406586405,,272223846.3200001,0.773258407222224,,318394706.2457605,0.747233502704075,,-46170859.92576031,-0.14501139315464096,,290264780.81,0.7668249214212746,,344129934.90850216,0.7517671171994329,,-53865154.09850213,-0.1565256277772636,,865806894.71,0.7635252466332223,,280856354.4499999,0.7985452882449341,,368082766.2771034,0.7348125648780983,,-87226411.82710351,-0.23697499535046668,,271485068.8800001,0.7458882962000521,,375336082.15641385,0.7328547328363199,,-103851013.27641374,-0.27668806228210135,,276414968.4400001,0.7850078723924521,,374788136.15718114,0.7479410910391442,,-98373167.71718101,-0.2624767387938999,,828756391.7700002,0.7761323367146766,,277102425.23999995,0.750392413479274,,400902765.24406034,0.7292378279584882,,-123800340.00406037,-0.308803906425274,,248388648.08999997,0.7674622925539434,,384969356.2361607,0.7337975987666964,,-136580708.1461607,-0.354783324785921,,253806622.37000006,0.7431272268845667,,385541057.9581437,0.747477855036727,,-131734435.58814366,-0.34168717668053245,,779297695.7,0.7533343345424037,,278329989.3700002,0.7136507330320558,,385541057.9581437,0.747477855036727,,-107211068.5881435,-0.2780795102756161,,0,,,0,,,0,,,0,,,0,,,0,,,278329989.3700002,0.7136507330320558,,2752190971.55,0.7589663200134287,,3671119650.553871,0.741236663095551,,-918928679.0038708,-0.25031291989222687,,3990206559.84,0.750549385626011,,3476557606.92,0.7623881461950175,,,278329989.3700002,0.7136507330320558,,71342996.69000003,0.7850670320283392,,8272200.82000001,0.7779034746616008,,13092699.28,0.619449663443631,,62612367.599999964,0.6765661353613726,,14727681.050000006,0.8083398692523331,,13765422.23999999,0.9564857032974485,,60678039.50999999,0.6733283267195105,,14566694.830000002,1.019614614125555,,5424645.679999997,0.9355795326917719,,13783908.369999982,0.9710038295232483,,405843.68000000005,,,49624204.55,0.7365686718637237,,,,,,,,,,,,,,,,,,,,,,,,,,,,,,,,,,,,,,,,,,,ok
,,,,,,,,,,,,,,,,,,,,,,,,,,,,,,,,,,,,,,,,,,,,,,,,,,,,,,,,,,,,,,,,,,,,,,,,,,,,,,,,,,,,,,,,,,,,,,,,,,,,,,,,,,,,,,,,,,,,,,,,,,,,,,,,,,,,,,,,,,,,,,,,,,,,,,,,,,,,,,,,,,,,,,,,,,,,,,,,,,,,,,,,,,,,,,,,,,,,,,,,,,,,,,,,,,,,,,,,,
MARGEN DE BRUTO,100065674.73051411,0.24806558773102141,,115272172.58759862,0.25689913409574194,,-15206497.857084587,-0.13191820294294063,,79823856.9799999,0.22674159277777597,,107703300.72737378,0.252766497295925,,-27879443.74737396,-0.2588541257240045,,88263319.54439074,0.23317507857872546,,113631421.01578134,0.24823288280056707,,-25368101.47139059,-0.22324900317727644,,268152851.25490475,0.2364747533667777,,70853634.43150002,0.20145471175506593,,132837854.66813922,0.2651874351219016,,-61984220.23663916,-0.46661563747390106,,92490435.57969987,0.25411170379994785,,136820100.1524253,0.2671452671636801,,-44329664.572725475,-0.32399965007582715,,75702479.24568486,0.2149921276075479,,126304985.54371798,0.2520589089608558,,-50602506.29803307,-0.4006374418254302,,239046549.2568847,0.22386766328532337,,92174262.88000005,0.249607586520726,,148853089.25733513,0.2707621720415117,,-56678826.37733506,-0.38077023903312823,,75260670.57999998,0.23253770744605656,,139656721.69484365,0.26620240123330363,,-64396051.11484364,-0.461102411207618,,87731963.73999989,0.2568727731154333,,130248213.06875551,0.2525221449632729,,-42516249.32875566,-0.32642481863695216,,255166897.19999993,0.24666566545759627,,111678703.23999971,0.2863492669679441,,130248213.06875551,0.2525221449632729,,-18569509.828755826,-0.14257016961110486,,0,,,0,,,0,,,0,,,0,,,0,,,111678703.23999971,0.2863492669679441,,874045000.9517899,0.24103367998657135,,1281576071.7847252,0.2587633369044489,,-407531070.83293533,-0.31799210347724954,,1326174528.8099985,0.24945061437398897,,1083531140.8799992,0.2376118538049825,,881422923.9523714,111678703.23999971,0.2863492669679441,,19532041.719999984,0.2620404288542135,,2361767.3899999987,0.23576816714819007,,8043318.789999997,0.3805503365563691,,29931974.08,0.3319412246907612,,3491983.2399999965,0.19657474972082079,,626243.200000016,0.12342285435512759,,29438530.820000023,0.33949169172004096,,-280223.6200000029,-0.021089349827845893,,373520.580000001,0.7244747847206524,,411615.8400000166,0.0898764628742036,,-405843.68000000005,,,17747931.200000003,0.26805484959655274,,,,,,,,,,,,,,,,,,,,,,,,,,,,,,,,,,,,,,,,,,,ok
,,,,,,,,,,,,,,,,,,,,,,,,,,,,,,,,,,,,,,,,,,,,,,,,,,,,,,,,,,,,,,,,,,,,,,,,,,,,,,,,,,,,,,,,,,,,,,,,,,,,,,,,,,,,,,,,,,,,,,,,,,,,,,,,,,,,,,,,,,,,,,,,,,,,,,,,,,,,,,,,,,,,,,,,,,,,,,,,,,,,,,,,,,,,,,,,,,,,,,,,,,,,,,,,,,,,,,,,,
GASTOS DE ADMINISTRACION:,,,,,,,,,,,,,,,,,,,,,,,,,,,,,,,,,,,,,,,,,,,,,,,,,,,,,,,,,,,,,,,,,,,,,,,,,,,,,,,,,,,,,,,,,,,,,,,,,,,,,,,,,,,,,,,,,,,,,,,,,,,,,,,,,,,,,,,,,,,,,,,,,,,,,,,,,,,,,,,,,,,,,,,,,,,,,,,,,,,,,,,,,,,,,,,,,,,,,,,,,,,,,,,,,,,,,,,,,ok
LABOR INDIRECTA,13398136.059999999,0.033214351526383946,,13000000,0.028972202642461,,398136.05999999866,0.030625850769230665,,12950573.309999999,0.036786416126578375,,13000000,0.03050941282816105,,-49426.69000000134,-0.00380205307692318,,12349087.49,0.03262396498024418,,13325000,0.029109053937274764,,-975912.5099999998,-0.07323921275797372,,38697796.86,0.034126252715497775,,12836406.32,0.036497133222806795,,13650000,0.02724982647798029,,-813593.6799999997,-0.05960393260073258,,13716241.719999999,0.037684518743537274,,13650000,0.026652026220721887,,66241.71999999881,0.004852873260073173,,13664714.559999999,0.038807263456588796,,13991250,0.02792145689908578,,-326535.44000000134,-0.02333854659161986,,40217362.599999994,0.03766365595633568,,12206635.240000002,0.0330555262021667,,13650000,0.024829203524135188,,-1443364.759999998,-0.10574100805860791,,13086574.09,0.04043442496272752,,13650000,0.026018531243876073,,-563425.9100000001,-0.041276623443223456,,12482486.779999996,0.03654780832283395,,13991250,0.0271259035151011,,-1508763.2200000044,-0.10783619905297985,,37775696.11,0.036517147487958264,,12465784.430000002,0.031962837409025426,,13991250,0.0271259035151011,,-1525465.5699999984,-0.10902997015992127,,0,,,0,,,0,,,0,,,0,,,0,,,12465784.430000002,0.031962837409025426,,129156640,0.03561727393898557,,135898750,0.02743934972363504,,-6742110,-0.04961127309853843,,166911047.76999998,0.03139561385588784,,139716269.45,0.030638936471884603,,,12465784.430000002,0.031962837409025426,,2796908.22,0.03077751898581013,,227213.40000000002,0.021366755618691082,,186792.94,0.008837659931088431,,1801327.36,0.01946447861965061,,711706.49,0.03906254685442395,,134011.69,0.009311756902542333,,2747575.4400000004,0.030489125695070157,,429850.19,0.03008791910063283,,374401.75,0.06457244121868284,,1145179.6300000001,0.08067188030951906,,178028.56,,,1910817.3199999998,0.028362130704755042,,0,,,,,,,,,,,,,,,,,,,,,,,,,,,,,,,,,,,,,,,,,ok
MANTENIMIENTO INSTALACIONES,577867.4900000001,0.0014325495623104731,,765643.1269806564,0.0017063359866685444,,-187775.6369806563,-0.2452521682277184,,378449.63,0.0010749953101597183,,727331.0519249814,0.0017069571789169154,,-348881.4219249814,-0.4796734870615229,,490059.4900000001,0.0012946449406033263,,780988.65640111,0.0017061043845087924,,-290929.1664011099,-0.37251394628668055,,1446376.6100000003,0.0012755096599740892,,436012.94000000006,0.001239694503379328,,854127.5645926576,0.0017051155989164703,,-418114.62459265755,-0.4895224576812022,,428373.69,0.0011769299987258628,,873167.6638773308,0.001704885529138835,,-444793.97387733083,-0.5094027095577589,,417378.26,0.0011853381953755657,,854419.8892400955,0.0017051119886456873,,-437041.6292400955,-0.5115068536487275,,1281764.8900000001,0.0012003758753158632,,363960.7100000001,0,,936885.1292046064,0.0017041839964657044,,-572924.4192046063,-0.6115204536238138,,727683.24,0.0022483694481123316,,894299.500821839,0.0017046417218692887,,-166616.26082183898,-0.18630924054941636,,361114.4,0.001057316551295013,,879324.3985222073,0.0017048132792129155,,-518209.99852220726,-0.5893274420601897,,1452758.35,0.0014043577324646392,,455636.06000000006,0.0011682715504385593,,879324.3985222073,0.0017048132792129155,,-423688.3385222072,-0.48183393891294035,,0,,,0,,,0,,,0,,,0,,,0,,,455636.06000000006,0.0011682715504385593,,4636535.91,0.0012786084372775086,,8445511.380087692,0.0017052352604653522,,-3808975.470087692,-0.4510059010835342,,7961793.23,0.0014975964095195738,,6219223.91,0.0013638383491988934,,,455636.06000000006,0.0011682715504385593,,196545.87000000002,0.002162814711706046,,4700,0.00044197988062256923,,8285.19,0.0003919938927266446,,77433.65,0.0008367194427483232,,24965.95,0.0013702749733815209,,13242.81,0.0009201721687604762,,93981.38,0.0010428867815968513,,3200,0.00022398813205601946,,746,0.00012866136749931697,,19393.26,0.001366153141871187,,0,,,13141.949999999999,0.0001950650644172283,,2.3646862246096134e-11,,,,,,,,,,,,,,,,,,,,,,,,,,,,,,,,,,,,,,,,,ok
MANTENIMIENTO ACTIVO FIJO,290953.53,0,,230110.16399853333,0,,60843.3660014667,0.26440972855877193,,194920.92999999996,0,,218595.6638828571,0,,-23674.733882857137,-0.10830376715772438,,227763.50000000003,0,,234722.18514408998,0,,-6958.685144089948,-0.029646473936062706,,713637.96,0,,214014.5,0,,256703.71356843627,0,,-42689.21356843627,-0.16629760814525765,,120931.73999999999,0,,262426.1189744933,0,,-141494.3789744933,-0.5391779580760632,,129064.56999999999,0,,256791.57026066314,0,,-127727.00026066315,-0.49739561205615296,,464010.81,0,,112796.46999999997,0,,281576.08046353655,0,,-168779.61046353658,-0.5994103269911563,,187351.90999999997,0,,268777.18554001854,0,,-81425.27554001857,-0.30294712468404456,,155360.41,0,,264276.4943894923,0,,-108916.08438949232,-0.412129291487313,,455508.7899999999,0,,142385.45,0,,264276.4943894923,0,,-121891.04438949231,-0.46122544750366085,,0,,,0,,,0,,,0,,,0,,,0,,,142385.45,0,,1775543.0099999998,0,,2538255.6706116125,0,,-762712.6606116127,-0.3004869325980196,,3100057.5900000003,0,,2712285.24,0,,,142385.45,0.0003650827601998664,,18674.47,0.0002054961442299103,,0,0,,13270,0.000627838221752618,,20335.35,0.0002197362867447436,,1200.93,6.591394774815578e-05,,0,0,,55025.78,0.0006106066819731353,,2915.5299999999997,0.00020407628707915198,,647.58,0.00011168703534210147,,21995.21,0.001549446830889523,,0,,,8320.6,0.00012350209633958355,,0,,,,,,,,,,,,,,,,,,,,,,,,,,,,,,,,,,,,,,,,,ok
ARRENDAMIENTO,31453271.750000004,0.0779735345186054,,35378983.795086004,0.07884669906119812,,-3925712.045086,-0.11096169601206199,,31435602.450000003,0.08929358764545589,,35378983.795086004,0.08303015554193069,,-3943381.345086001,-0.11146112528064529,,31435602.450000003,0.08304694531414955,,35378983.795086004,0.07728696041554434,,-3943381.345086001,-0.11146112528064529,,94324476.65,0.08318150356363645,,31435602.450000003,0.08937932797976761,,35378983.795086004,0.0706279244969502,,-3943381.345086001,-0.11146112528064529,,31435602.450000003,0.08636735732165352,,35378983.795086004,0.06907850577063201,,-3943381.345086001,-0.11146112528064529,,31435602.450000003,0.089275901142112,,35378983.795086004,0.07060361091167323,,-3943381.345086001,-0.11146112528064529,,94306807.35000001,0.08831854991830891,,31435602.450000003,0.08512750320102715,,35378983.795086004,0.06435399187730924,,-3943381.345086001,-0.11146112528064529,,31435602.450000003,0.09712859146183601,,35378983.795086004,0.06743657108051505,,-3943381.345086001,-0.11146112528064529,,31392436.990000002,0.09191475946407233,,35378983.795086004,0.06859193430807314,,-3986546.8050860018,-0.11268121289678526,,94263641.89000002,0.0911231206335859,,31415510.12,0.08055079467527361,,35378983.795086004,0.06859193430807314,,-3963473.675086003,-0.1120290423840979,,0,,,0,,,0,,,0,,,0,,,0,,,31415510.12,0.08055079467527361,,314310436.01,0.08667677404158365,,353789837.9508601,0.07143379238000215,,-39479401.94086009,-0.11158998282574643,,330890565.91999996,-0.005109615700423391,,275738701.4,0.06046783662555455,,,31415510.12,0.08055079467527361,,5573896.82,0.061335840045011095,,690027.34,0.06488897901266148,,717436.47,0.03394378579843824,,4184232.12,0.045213267975564055,,1693663.64,0.0929580047712284,,2965323.44,0.20604449515330023,,6386806.46,0.0708727200404099,,1121265.67,0.07848443842557536,,746834.93,0.1288053664746068,,0,0,,1496956.65,,,7336023.2299999995,0.10888809072673639,,0,,,,,,,,,,,,,,,,,,,,,,,,,,,,,,,,,,,,,,,,,ok
ENERGIA ELECTRICA,2442065.47,0.006053948146800955,,2790975.5388000007,0.006220054529251185,,-348910.0688000005,-0.12501366061775546,,2737770.85,0.007776704191894667,,3004386.04881194,0.00705092725064393,,-266615.1988119399,-0.08874199070301592,,2591445.0100000002,0.00684610999176495,,3226029.4914699844,0.007047404613166143,,-634584.4814699842,-0.19670758842964794,,7771281.33,0.006853225044057706,,2789607.33,0.007931555594629101,,3528144.3466166984,0.007043320236964994,,-738537.0166166984,-0.20932732452540265,,2660784.67,0.007310339947051592,,3606793.276161874,0.007042369887838071,,-946008.6061618743,-0.26228523059923137,,3195551.35,0.009075242851505856,,3529351.851906294,0.007043305324021096,,-333800.5019062939,-0.09457841436976584,,8645943.35,0.008096946559901182,,2903585.4000000004,0.007862899266082165,,3869990.9815097684,0.007039472067140933,,-966405.581509768,-0.24971778645663717,,3225976.4600000004,0.009967505796881587,,3694082.5455170306,0.007041362793259496,,-468106.0855170302,-0.12671781958015593,,3204704.5900000003,0.00938314064744607,,3632224.8971882947,0.007042071445101596,,-427520.30718829436,-0.11770204744734772,,9334266.450000001,0.00902328268561854,,2998373.14,0.007687964901331846,,3632224.8971882947,0.007042071445101596,,-633851.7571882945,-0.17450784990735546,,0,,,0,,,0,,,0,,,0,,,0,,,2998373.14,0.007687964901331846,,28749864.27,0.007928293825336765,,34514203.87517018,0.006968771313670172,,-5764339.605170179,-0.16701354682896496,,40521985.20999999,0.007622099419567726,,34001215.82,0.007456261862535851,,,2998373.14,0.007687964901331846,,904639.62,0.00995476465075642,,42912.15,0.0040353844540974015,,90362.47,0.004275283532628056,,209982.69,0.0022689954478911163,,136552.56,0.007494790124917278,,187300.57,0.013014516685429557,,539260.54,0.005984033103182567,,539080.28,0.03773362029544874,,551.77,9.51628455028125e-05,,111919.1,0.007884111804843311,,37010.34,,,235811.39,0.0035001323228794927,,0,,,,,,,,,,,,,,,,,,,,,,,,,,,,,,,,,,,,,,,,,ok
TRANSPORTE DE PERSONAL,2685004.52,0.006656200801203821,,2769815.3726112326,0.006172896327499712,,-84810.85261123255,-0.03061967719937862,,2160133.75,0.006135912064619341,,2631216.3690985623,0.006175143572695617,,-471082.6190985623,-0.17903606280009277,,2460537.4699999997,0.006500276908626762,,2825329.8568295497,0.0061720584760258275,,-364792.3868295499,-0.12911497252179344,,7305675.739999999,0.006442623528742178,,2510874.6799999997,0.007139048532528251,,3089919.5398112764,0.006168481413243808,,-579044.8598112767,-0.1873980381530074,,2334485.1399999997,0.006413852337303314,,3158799.619624315,0.006167649105365096,,-824314.4796243152,-0.26095814198000733,,2186183.3,0.006208676435572372,,3090977.062923199,0.0061684683526113,,-904793.7629231992,-0.29272095667624193,,7031543.119999999,0.006585056895645842,,2503712.34,0.006780044396375204,,3389305.9857733706,0.0061651112180466415,,-885593.6457733708,-0.2612905560874865,,1882412.1099999999,0.005816209092407666,,3235246.837339483,0.006166767100290739,,-1352834.7273394833,-0.41815502660439713,,1983530.16,0.0058076312330963414,,3181072.422270263,0.006167387731693173,,-1197542.2622702632,-0.3764586602576005,,6369654.609999999,0.0061574409155401065,,1847141.41,0.004736154462708606,,3181072.422270263,0.006167387731693173,,-1333931.0122702632,-0.41933374510168026,,0,,,0,,,0,,,0,,,0,,,0,,,1847141.41,0.004736154462708606,,22554014.88,0.006219676560221114,,30552755.488551516,0.006168914304738453,,-7998740.608551517,-0.2618009564325136,,32723483.53,0.006155217804055042,,27920479.220000003,0.0061227929464026665,,,1847141.41,0.004736154462708606,,6900,7.592844108488118e-05,,0,0,,0,0,,451348.35,0.0048771036867999275,,213640,0.011725792341698517,,0,0,,773537.59,0.0085837442233694,,83776.14,0.005864019096707367,,65589.33,0.011312081623544204,,0,0,,0,,,252350,0.0037456137792099015,,0,,,,,,,,,,,,,,,,,,,,,,,,,,,,,,,,,,,,,,,,,ok
DEPRECIACIONES Y AMORT.,969293.78,0.002402906210019297,,957123.6615333335,0.0021330754366029226,,12170.11846666655,0.01271530415115822,,925551.4999999999,0.0026290513794696864,,966694.8981486668,0.00226871490203806,,-41143.39814866695,-0.04256089302577405,,960596.57,0.002537715348214986,,976361.8471301536,0.0021329057914002895,,-15765.277130153612,-0.016146961473856143,,2855441.8499999996,0.002518115709275251,,936618.9999999999,0.0026630435006370283,,986125.4656014551,0.0019686262141507082,,-49506.46560145519,-0.05020300897640883,,871205.9199999998,0.0023935839344278215,,995986.7202574697,0.001944693346798013,,-124780.80025746988,-0.12528359838493947,,870798.8299999998,0.0024730351640436517,,1005946.5874600444,0.0020075042819296383,,-135147.75746004458,-0.13434884033086156,,2678623.7499999995,0.002508537527930032,,869343.36,0.002354178825708864,,1005946.5874600444,0.0018298060479453994,,-136603.22746004444,-0.13579570641514824,,864661.98,0.002671601422036759,,1005946.5874600444,0.001917454411391918,,-141284.60746004444,-0.14044941274345363,,849054.34,0.0024859690076908135,,1005946.5874600444,0.0019503053746295989,,-156892.24746004445,-0.155964789200377,,2583059.6799999997,0.0024970015385047594,,862728.38,0.0022120747469152164,,1005946.5874600444,0.0019503053746295989,,-143218.20746004442,-0.14237158239351644,,0,,,0,,,0,,,0,,,0,,,0,,,862728.38,0.0022120747469152164,,8979853.66,0.0024763566762051274,,9912025.529971302,0.002001339489778099,,-932171.8699713014,-0.0940445388435153,,11290238.91,0.0021236699780803254,,9390138.3,0.0020592007786099,,,862728.38,0.0022120747469152164,,106102.36,0.001167563302931428,,2167.11,0.0002037912806587183,,83998.77,0.003974200330535581,,144088.31,0.0015569650978579425,,25225.28,0.0013845084957929263,,26238.769999999997,0.0018231920488557428,,223710.27,0.0024824543275536346,,1867.88,0.00013074467253274927,,3798,0.0006550346833276218,,65684.43,0.004627122537238094,,0,,,179847.19999999998,0.00266945968088892,,0,,,,,,,,,,,,,,,,,,,,,,,,,,,,,,,,,,,,,,,,,ok
COMBUSTIBLE,251865.07999999996,0,,116206.84660304578,0,,135658.2333969542,1.1673858930218883,,228361.27000000002,0,,110391.96330800945,0,,117969.30669199057,1.068640353490582,,117174.36,0,,118535.94160901484,0,,-1361.5816090148437,-0.011486656203448872,,597400.71,0,,107732.37999999999,0,,129636.72941135104,0,,-21904.349411351053,-0.1689671554567397,,83587.32,0,,132526.57432592136,0,,-48939.254325921356,-0.3692787999300843,,164184.69999999998,0,,129681.0975043516,0,,34503.60249564839,0.26606500993323706,,355504.4,0,,9766.810000000001,0,,142197.40588999636,0,,-132430.59588999636,-0.9313151323762152,,77307.26,0,,135733.89644208146,0,,-58426.636442081464,-0.4304498579469609,,91196.48,0,,133461.0236708456,0,,-42264.54367084561,-0.3166807994451061,,178270.55,0,,151245.87,0,,133461.0236708456,0,,17784.84632915439,0.13325872857844312,,0,,,0,,,0,,,0,,,0,,,0,,,151245.87,0,,1282421.5299999998,0,,1281832.5024354632,0,,589.0275645365473,,,1553389.1600000001,0,,1364295.6800000002,0,,,151245.87,0.00038780127947364123,,519.36,5.715100748093317e-06,,0,0,,0,0,,22146.47,0.00023930658101797424,,1214.31,6.664831912772855e-05,,251.70999999999998,1.748998411958636e-05,,76813.08,0.0008523746489543084,,259.6,1.8171037213044582e-05,,415.19,7.160712221453273e-05,,6138.18,0.00043240248892506387,,0,,,43487.97,0.0006454889624008988,,0,,,,,,,,,,,,,,,,,,,,,,,,,,,,,,,,,,,,,,,,,ok
DIVERSOS,666183.4100000001,0.0016514871816270518,,708621.4069977944,0.001579255615409687,,-42437.99699779425,-0.05988811032055985,,550329.3799999999,0.0015632238893802204,,673162.64615445,0.0015798305440018012,,-122833.26615445013,-0.1824718986654339,,546333.74,0.001443310917970169,,722824.0691335215,0.0015790412619563303,,-176490.32913352153,-0.24416775349648723,,1762846.53,0.0015545935702505605,,537799.54,0.0015290994199803588,,790515.9143321612,0.001578126116749694,,-252716.37433216115,-0.31968537223650895,,691275.87,0.0018992373429804238,,808137.9910791828,0.0015779131815533986,,-116862.12107918283,-0.14460664189679517,,603401.6799999999,0.0017136375489652587,,790786.4679303949,0.0015781227753559404,,-187384.787930395,-0.2369600334978021,,1832477.09,0.001716119163558159,,619214.5199999999,0.0016768307881887747,,867110.0608848691,0.001577263895936679,,-247895.54088486917,-0.2858870540977192,,573531.19,0.0017720759999027994,,827696.022099611,0.0015776875319729428,,-254164.83209961106,-0.3070750919581235,,516233.35,0.0015114934914959674,,813836.1993080861,0.001577846312482997,,-297602.8493080861,-0.36567905133871476,,1708979.06,0.0016520421015175377,,642003.0699999998,0.0016461250278900547,,813836.1993080861,0.001577846312482997,,-171833.12930808624,-0.2111396979566364,,0,,,0,,,0,,,0,,,0,,,0,,,642003.0699999998,0.0016461250278900547,,5946305.75,0.001639801103704115,,7816526.977228157,0.0015782368664346894,,-1870221.2272281572,-0.23926498720936573,,7466360.35,0.0014044065362319523,,7366026.6,0.001615325272683282,,,642003.0699999998,0.0016461250278900547,,215766.69,0.002374322957934032,,6966.59,0.0006551260886268903,,14729.53,0.000696892383003153,,142667.85,0.001541616131360221,,22225.85,0.001219882520678431,,50241.51,0.0034910143102937488,,61852.719999999994,0.0006863634487364538,,8502.73,0.000595159565648962,,4566.86,0.0007876386766460197,,51945.78,0.0036593069217836236,,0,,,62536.96,0.0009282318172613371,,-2.4010660126805305e-10,,,,,,,,,,,,,,,,,,,,,,,,,,,,,,,,,,,,,,,,,ok
SEGUROS,2214748.26,0.0054904224677717745,,2134897.8705,0.00475789951731419,,79850.38949999958,0.03740243999648487,,1930934.4799999997,0.005484866005089486,,2134897.8705,0.005010344652080494,,-203963.39050000045,-0.09553777411011775,,1931494.1099999996,0.005102643920468969,,2134897.8705,0.00466377915669475,,-203403.76050000056,-0.09527563979084523,,6077176.849999999,0.005359252717413553,,1931494.1099999996,0.0054917237811257305,,2134897.8705,0.004261948462954918,,-203403.76050000056,-0.09527563979084523,,1931494.1099999996,0.005306659613995695,,2134897.8705,0.004168450844185299,,-203403.76050000056,-0.09527563979084523,,1990620.5999999999,0.005653285893906946,,2134897.8705,0.004260481291887127,,-144277.27050000033,-0.06758040864325286,,5853608.819999999,0.005481918615405479,,1965552.3399999996,0.00532270896927367,,2134897.8705,0.0038833563172078617,,-169345.53050000058,-0.07932254410855695,,2071698.9499999997,0.0064010607484465305,,2134897.8705,0.004069370472240934,,-63198.92050000047,-0.029602783989474437,,2132396.3,0.00624350040294778,,2134897.8705,0.004139089334389551,,-2501.57050000038,-0.0011717518362667643,,6169647.589999999,0.005964097401056634,,2098053.71,0.0053795049950284245,,2134897.8705,0.004139089334389551,,-36844.16050000023,-0.017258043585649932,,0,,,0,,,0,,,0,,,0,,,0,,,2098053.71,0.0053795049950284245,,20198486.97,0.00557009723668501,,21348978.705,0.004310577491911677,,-1150491.7349999994,-0.05388977856493672,,18641593.090000004,0.003506444097808968,,15453325.290000003,0.0033888211709597565,,,2098053.71,0.0053795049950284245,,410932.07,0.004521946589403372,,25634.89,0.002410660770632488,,63717.21,0.003014626964690138,,369630.66000000003,0.003994092488961776,,89983.4,0.004938806696311525,,129133.53,0.008972799606714588,,409184.64,0.004540614878058464,,98852.22,0.0069192887835595905,,36501.38,0.006295331724413162,,122660.59,0.00864079326592195,,40541.92,,,341823.12,0.005073657175845134,,0,,,,,,,,,,,,,,,,,,,,,,,,,,,,,,,,,,,,,,,,,ok
TELEFONO,183733.63999999998,0,,268954.40346666664,0,,-85220.76346666666,-0.31685952104974047,,231364.42,0,,268954.40346666664,0,,-37589.98346666663,-0.13976340592365655,,216615.48999999996,0,,268954.40346666664,0,,-52338.91346666668,-0.19460143724009857,,631713.5499999999,0,,221734.28,0,,268954.40346666664,0,,-47220.12346666664,-0.17556925210380114,,227033.62000000002,0,,268954.40346666664,0,,-41920.78346666662,-0.1558657635879241,,225143.16999999998,0,,268954.40346666664,0,,-43811.23346666666,-0.16289465017848828,,673911.0700000001,0,,212253.18000000002,0,,268954.40346666664,0,,-56701.22346666662,-0.21082095230946457,,182945.18,0,,268954.40346666664,0,,-86009.22346666665,-0.31979109602987543,,173893.19,0,,268954.40346666664,0,,-95061.21346666664,-0.35344732133544793,,569091.55,0,,174667.09,0,,268954.40346666664,0,,-94287.31346666664,-0.35056988192555216,,0,,,0,,,0,,,0,,,0,,,0,,,174667.09,0,,2049383.2599999998,0,,2689544.0346666663,0,,-640160.7746666665,-0.23801832816840496,,2934884.24,0,,2452285.29,0,,,174667.09,0.0004478543512225335,,18221.07,0.00020050687536210085,,13478.91,0.0012675334112175222,,9486.65,0.000448838090911038,,45821.5,0.0004951302172362055,,12116.3,0.0006650122530880067,,7980,0.0005544875979273734,,15609.51,0.00017321464790370032,,3395,0.00023763740885318315,,5406.85,0.0009325103416403244,,10303.32,0.0007258146897274743,,1162.93,,,32847.98,0.0004875603190299634,,0,,,,,,,,,,,,,,,,,,,,,,,,,,,,,,,,,,,,,,,,,ok
DERECHOS Y CONTRIB,326126.5,0,,831473.76,0.0018530481743545373,,-505347.26,-0.6077729500447495,,353295.05,0.001003543118413521,,831473.76,0.0019513673999710234,,-478178.71,-0.575097775785492,,411729.70000000007,0.0010877123775342567,,831473.76,0.0018163913341289796,,-419744.05999999994,-0.5048193703671418,,1091151.25,0,,863579.94,0.0024553750740669523,,831473.76,0.0016598912586808664,,32106.179999999935,0.038613581744299345,,924406.5499999999,0.0025397493476167483,,831473.76,0.0016234769562902724,,92932.78999999992,0.1117687586436882,,1095851.1099999999,0.0031121749779868995,,831473.76,0.0016593198429418953,,264377.34999999986,0.3179623491666169,,2883837.5999999996,0.0027007207877013995,,954288.8200000001,0.0025842108389195007,,831473.76,0.001512441847034281,,122815.06000000006,0.14770767991523875,,1060287.1400000001,0.0032760369907686797,,831473.76,0.0015848883518698254,,228813.38000000012,0.27519013949399934,,1018435.54,0.002981904772750891,,831473.76,0.0016120415966477855,,186961.78000000003,0.22485589924088528,,3033011.5,0.002931962602506586,,1293086.6099999999,0.003315532793247401,,831473.76,0.0016120415966477855,,461612.84999999986,0.5551742847543377,,0,,,0,,,0,,,0,,,0,,,0,,,1293086.6099999999,0.003315532793247401,,8301086.960000001,0.002289174511242016,,8314737.599999999,0.0016788306946653876,,-13650.639999997802,-0.0016417403238314825,,9858482.71,0.0018543596754278932,,7994947.47,0.0017532438319006703,,,1293086.6099999999,0.003315532793247401,,207404.69,0.0022823064906366732,,6852.11,0.0006443605871941942,,29064.37,0.0013751109553248031,,291700.19,0.0031520045926593933,,36407.34,0.001998244282688701,,168407.88,0.011701764517950046,,168143.08,0.0018658397604821493,,58856.92,0.004119766115428304,,68278.84,0.011775936897677029,,33520.56,0.0023613471051943634,,54592.81,,,224450.62999999998,0.00333150533972793,,0,,,,,,,,,,,,,,,,,,,,,,,,,,,,,,,,,,,,,,,,,ok
GASTOS DE VIAJE,50202.46000000001,0,,244099.05390040585,0,,-193896.59390040586,-0.7943357043059948,,133865.94999999998,0,,231884.56265181158,0,,-98018.61265181159,-0.4227043470720056,,122312.74000000002,0,,248991.44969308464,0,,-126678.70969308462,-0.5087673084727733,,306381.15,0,,171417.3,0,,272309.2823278135,0,,-100891.98232781352,-0.3705051163344367,,56505.740000000005,0,,278379.56501928985,0,,-221873.82501928986,-0.7970190807788476,,171199.15999999997,0,,272402.48001660197,0,,-101203.320016602,-0.3715212872160122,,399122.19999999995,0,,227007.05999999997,0,,298693.69369782344,0,,-71686.63369782348,-0.2400004928471841,,144250.03,0,,285116.72652908345,0,,-140866.69652908345,-0.49406675730304545,,150998.22,0,,280342.42872036784,0,,-129344.20872036784,-0.4613793542089355,,522255.30999999994,0,,213875.99,0,,280342.42872036784,0,,-66466.43872036785,-0.23709018653992575,,0,,,0,,,0,,,0,,,0,,,0,,,213875.99,0,,1441634.65,0,,2692561.6712766504,0,,-1250927.0212766505,-0.46458620971290004,,5256336.57,0,,4451227.37,0,,,213875.99,0.0005483877514849939,,9607.31,0.00010572001033611446,,0,0,,17492.59,0.0008276199396720143,,23461.02,0.00025351112314487656,,4955.78,0.0002720017186441803,,107795.15,0.007490109497709387,,25243.32,0.0002801185165787034,,0,0,,5113.66,0.0008819443545932403,,10959.08,0.0007720095318692004,,0,,,9248.08,0.00013726861850301369,,1.4551915228366852e-11,,,,,,,,,,,,,,,,,,,,,,,,,,,,,,,,,,,,,,,,,ok
ARRENDAM MAQ Y EQUIPO,79684.81999999999,0,,94234.92790534325,0,,-14550.107905343262,-0.15440249415756438,,59771.32000000001,0,,89519.49913239374,0,,-29748.179132393736,-0.33230949034241175,,68903.04,0,,96123.64708487598,0,,-27220.607084875985,-0.2831832531368741,,208359.18,0,,83698.96,0,,105125.54300430496,0,,-21426.58300430495,-0.2038189995691867,,63091.9,0,,107468.9877766461,0,,-44377.0877766461,-0.4129292430749925,,70563.31,0,,105161.52215843764,0,,-34598.212158437644,-0.3290006786542282,,217354.17,0,,43998.3,0,,115311.29777700573,0,,-71312.99777700573,-0.6184389487569039,,76170.37999999999,0,,110069.88245041689,0,,-33899.5024504169,-0.30798163580930127,,53130.02,0,,108226.75523376443,0,,-55096.73523376443,-0.5090860861046625,,173298.69999999998,0,,80525.19,0,,108226.75523376443,0,,-27701.565233764428,-0.25595856749036244,,0,,,0,,,0,,,0,,,0,,,0,,,80525.19,0,,679537.24,0,,1039468.8177569532,0,,-359931.5777569532,-0.3462649110856847,,1096418.84,0,,936232.15,0,,,80525.19,0.00020647024419151452,,22414.24,0.000246649029174259,,1660.31,0.00015613268416945914,,1660.31,7.855358537739934e-05,,14942.82,0.00016146659783554697,,3320.62,0.00018225473022697496,,1660.31,0.00011536607815974905,,19923.76,0.00022108875123676708,,0,0,,0,0,,4980.94,0.00035088101899690257,,0,,,9961.88,0.00014786350305066585,,0,,,,,,,,,,,,,,,,,,,,,,,,,,,,,,,,,,,,,,,,,ok
PAPELERIA,106566.94,0,,123816.28261379745,0,,-17249.342613797446,-0.13931400821974982,,100073.61000000002,0,,117620.6301675706,0,,-17547.02016757059,-0.1491831844683358,,85801.25,0,,126297.89100369322,0,,-40496.64100369322,-0.32064384196652196,,292441.80000000005,0,,110106.23999999999,0,,138125.57861374348,0,,-28019.338613743486,-0.2028540904222903,,120192.15,0,,141204.6558377795,0,,-21012.505837779492,-0.14880887399293224,,123455.82,0,,138172.8520102995,0,,-14717.032010299503,-0.10651174811968478,,353754.20999999996,0,,163498.21,0,,151508.75107012148,0,,11989.458929878514,0.07913377178014976,,105072.46,0,,144621.99924891678,0,,-39549.53924891677,-0.27346834820645727,,109769.01,0,,142200.29462810516,0,,-32431.28462810516,-0.22806763314325287,,378339.68,0,,131371.04,0,,142200.29462810516,0,,-10829.254628105147,-0.07615493805007069,,0,,,0,,,0,,,0,,,0,,,0,,,131371.04,0,,1155906.73,0,,1365769.2298221323,0,,-209862.4998221323,-0.1536588284753371,,1532576.56,0,,1288713.0499999998,0,,,131371.04,0.00033684131274317044,,66905.51000000001,0.0007362363875781057,,0,0,,4785.860000000001,0.00022643148695983308,,21731.14,0.00023481867832764953,,6224.02,0.0003416100264490658,,1956.31,0.00013593353793249372,,10899.52,0.00012094912134457391,,1326.2,9.282908147896657e-05,,2771.04,0.0004779166163475969,,5118.5,0.00036057139731368896,,0,,,9652.939999999999,0.0001432779277744657,,0,,,,,,,,,,,,,,,,,,,,,,,,,,,,,,,,,,,,,,,,,ok
MENSAJERIA Y PAQUETERIA,27086.61,0,,132418.0218642664,0,,-105331.4118642664,-0.7954461966833727,,5750.76,0,,125791.94632905697,0,,-120041.18632905697,-0.9542835597363548,,1253.47,0,,135072.03204043,0,,-133818.56204043,-0.9907199885789472,,34090.840000000004,0,,0,0,,147721.41032484005,0,,-147721.41032484005,,,37.91,0,,151014.39656677016,0,,-150976.48656677015,-0.9997489643314686,,109.29,0,,147771.96788905218,0,,-147662.67788905217,-0.9992604145321928,,147.2,0,,0,0,,162034.3357780262,0,,-162034.3357780262,,,37.91,0,,154669.14895458947,0,,-154631.23895458947,-0.999754896175118,,-18303.95,0,,152079.20416980155,0,,-170383.15416980156,-1.1203580075258879,,-18266.04,0,,0,0,,152079.20416980155,0,,-152079.20416980155,,,0,,,0,,,0,,,0,,,0,,,0,,,0,0,,15972.000000000011,0,,1460651.6680866345,0,,-1444679.6680866345,-0.9890651547189739,,2047640.35,0,,2007782.1400000001,0,,,0,0,,0,0,,0,0,,0,0,,0,0,,0,0,,0,0,,0,0,,0,0,,0,0,,0,0,,0,,,0,0,,0,,,,,,,,,,,,,,,,,,,,,,,,,,,,,,,,,,,,,,,,,ok
EQUIPOS MENORES,35722.36,0,,40981.265915319425,0,,-5258.905915319425,-0.12832463316740944,,14474.79,0,,38930.60121227957,0,,-24455.811212279572,-0.6281899187461217,,24216.69,0,,41802.63973770451,0,,-17585.949737704508,-0.42068993365130963,,74413.84,0,,25078,0,,45717.42057975818,0,,-20639.42057975818,-0.4514563664796189,,25641.64,0,,46736.54730387098,0,,-21094.907303870983,-0.45135784564307735,,46261.36,0,,45733.06733957108,0,,528.2926604289241,0.011551655971516537,,96981,0,,573154.78,0.0015521011708536227,,50147.04273968151,0,,523007.73726031854,10.429483149690519,,102365.22000000002,0,,47867.63488055596,0,,54497.585119444055,1.1385059081241804,,27866.22,0,,47066.088275063055,0,,-19199.868275063054,-0.4079342256542634,,703386.22,0,,58860.2,0,,47066.088275063055,0,,11794.111724936942,0.2505861897001072,,0,,,0,,,0,,,0,,,0,,,0,,,58860.2,0,,933641.2599999999,0,,452048.39625886735,0,,481592.86374113255,1.0653568682618364,,893499.9500000001,0,,834246.9700000001,0,,,58860.2,0.0001509202259213717,,26742.94,0.00029428257162703074,,0,0,,3321.98,0.00015717151589282307,,4095.03,4.424938278949354e-05,,9000,0.0004939717799816826,,4500,0.00031268097627483465,,3400.25,3.773168450095852e-05,,0,0,,4250,0.0007329903644398085,,3550,0.0002500788239647545,,0,,,0,0,,0,,,,,,,,,,,,,,,,,,,,,,,,,,,,,,,,,,,,,,,,,ok
HONORARIOS,2663853.9099999997,0.006603767851397111,,2482519.3310666666,0.005532619471037707,,181334.57893333305,0.07304457881317639,,2544763.63,0.007228462524101346,,2482519.3310666666,0.005826169778877166,,62244.29893333325,0.025073036956609993,,2585331.3899999997,0.006829958958342922,,2482519.3310666666,0.005423173666667683,,102812.05893333303,0.04141440416867073,,7793948.929999999,0.006873214818898179,,2596889.76,0.007383611049144692,,2482519.3310666666,0.004955913626358855,,114370.42893333314,0.046070307490492526,,2552081.8200000003,0.007011685645682157,,2482519.3310666666,0.00484719196373903,,69562.48893333366,0.028020925381251584,,2508898.45,0.0071251750417081,,2482519.3310666666,0.00495420755854732,,26379.11893333355,0.010625947038244897,,7657870.03,0.007171613540074706,,2686856.51,0.007275998178165203,,2482519.3310666666,0.004515676023710931,,204337.17893333314,0.08231040796992924,,2598689.02,0.008029335673187933,,2482519.3310666666,0.004731978518599589,,116169.68893333338,0.04679507928883624,,5888565.43,0.017241288889400797,,2482519.3310666666,0.004813049573761295,,3406046.098933333,1.3720119139897509,,11174110.959999999,0.010801830276930689,,4852622.82,0.01244234529114077,,2482519.3310666666,0.004813049573761295,,2370103.4889333337,0.9547170325215429,,0,,,0,,,0,,,0,,,0,,,0,,,4852622.82,0.01244234529114077,,31478552.74,0.008680778906476545,,24825193.31066667,0.005012460829906293,,6653359.429333329,0.26800836336185035,,29057716.150000002,0.005465694739610681,,24139849.380000003,0.0052937235907187545,,,4852622.82,0.01244234529114077,,1490510.4300000002,0.016401758459515352,,91132.86,0.00856997671991347,,169536.13999999998,0.008021195829721394,,636447.53,0.006877217109617677,,450745.31,0.024739495899899478,,144804.08,0.010061662467328723,,977223.74,0.010843996131027637,,87610.77,0.006132428975090485,,112499.22,0.01940255159223393,,428077.55,0.030155811343581234,,0,,,264035.19,0.00391905625464753,,0,,,,,,,,,,,,,,,,,,,,,,,,,,,,,,,,,,,,,,,,,ok
NO DEDUCIBLES,7163.18,0,,,0,,7163.18,,,29698.02,0,,,0,,29698.02,,,18941.6,0,,,0,,18941.6,,,55802.799999999996,0,,87107.53,0,,,0,,87107.53,,,-4463.579999999999,0,,,0,,-4463.579999999999,,,21220.030000000002,0,,,0,,21220.030000000002,,,103863.98,0,,57094.41,0,,,0,,57094.41,,,13082.199999999999,0,,,0,,13082.199999999999,,,45940.9,0,,,0,,45940.9,,,116117.51000000001,0,,75572.84999999999,0,,,0,,75572.84999999999,,,0,,,0,,,0,,,0,,,0,,,0,,,75572.84999999999,0,,351357.14,0,,0,0,,351357.14,,,529850.56,0,,272652.01,0,,,75572.84999999999,0.00019377221952222273,,2063.02,2.2701723554627764e-05,,0,0,,3294.8900000000003,0.00015588981751849917,,190,2.0530698749468923e-06,,1874.12,0.00010286248803325233,,4691.12,0.00032596088476053386,,4487.900000000001,4.9801051943784065e-05,,368.8,2.5814632219456244e-05,,0,0,,223,1.570917682933528e-05,,0,,,58380,0.0008665303444829564,,0,,,,,,,,,,,,,,,,,,,,,,,,,,,,,,,,,,,,,,,,,ok
COMEDOR,1627336.04,0.004034211254614891,,1527034.0432389798,0.0034031953648197134,,100301.99676102027,0.06568419165578686,,1159123.02,0.0032925169206749374,,1370032.521501911,0.0032152990605006336,,-210909.5015019111,-0.15394488684888993,,1386282.95,0.003662298647582875,,1712540.6518773888,0.0037411210660618834,,-326257.70187738887,-0.19051092394199565,,4172742.01,0.003679797298668081,,1231545.4700000002,0.003501593667886809,,1370032.521501911,0.0027350291926825547,,-138487.0515019109,-0.10108303951069217,,1629653.47,0.004477371279199472,,1370032.521501911,0.002675028768227887,,259620.94849808887,0.18949984356099586,,1405018.1700000002,0.00399019752992808,,1746791.4649149366,0.0034859617689136646,,-341773.2949149364,-0.19565775410494105,,4266217.11,0.003995322494520631,,1748567.79,0.004735115554956954,,1439356.167089908,0.0026181734224464803,,309211.6229100921,0.2148263438751623,,1249005.77,0.0038591330120287203,,1439356.167089908,0.00274358486479813,,-190350.3970899079,-0.13224690416601928,,1290837.3699999999,0.003779477407522726,,1799195.2088623848,0.0034882369795717484,,-508357.8388623849,-0.28254735025879435,,4288410.93,0.004145536695439661,,1759743.21,0.004512061508741049,,1799195.2088623848,0.0034882369795717484,,-39451.99886238482,-0.02192758110295879,,0,,,0,,,0,,,0,,,0,,,0,,,1759743.21,0.004512061508741049,,14487113.259999998,0.003995082882045632,,15573566.476441622,0.003144462601689569,,-1086453.2164416239,-0.06976264673124931,,20885305.979999997,0.003928481730662286,,18325837.98,0.004018745904636449,,,1759743.21,0.004512061508741049,,631531,0.006949444105329869,,0,0,,0,0,,225314.81,0.00243466867784412,,172070.4,0.00944421353001779,,101745,0.007069716873574012,,379140,0.004207217369809106,,44640,0.0031246344421814714,,24490,0.004223749182383743,,0,0,,0,,,180812,0.002683780141258176,,0,,,,,,,,,,,,,,,,,,,,,,,,,,,,,,,,,,,,,,,,,ok
CAPACITACION Y ADIESTRAMIENTO,194987.92,0,,127519.8343541797,0,,67468.08564582032,0.5290791506082986,,54584.93000000001,0,,121138.85959883784,0,,-66553.92959883783,-0.5494019823138266,,54584.93000000001,0,,130075.67179438555,0,,-75490.74179438554,-0.5803601915177189,,304157.78,0,,54584.93000000001,0,,142257.1452887167,0,,-87672.2152887167,-0.6162939310414415,,54584.93000000001,0,,145428.32285344394,0,,-90843.39285344393,-0.6246609399806651,,54584.93000000001,0,,142305.83271149284,0,,-87720.90271149283,-0.6164252092838381,,163754.79000000004,0,,54584.93000000001,0,,156040.6307782138,0,,-101455.70077821378,-0.6501877124709682,,54584.93000000001,0,,148947.8847117081,0,,-94362.95471170808,-0.6335300087970344,,54584.93000000001,0,,146453.74286233683,0,,-91868.81286233682,-0.6272889382464701,,163754.79000000004,0,,54584.93000000001,0,,146453.74286233683,0,,-91868.81286233682,-0.6272889382464701,,0,,,0,,,0,,,0,,,0,,,0,,,54584.93000000001,0,,686252.2900000002,0,,1406621.667815652,0,,-720369.3778156518,-0.5121273148979115,,689819.32,0,,1276914.99,0,,,54584.93000000001,0.00013995823948104597,,8166.67,8.986703216734298e-05,,2658.33,0.0002499847608628499,,1458.33,6.899738612874872e-05,,11383.67,0.0001230077365438773,,14015.8,0.0007692677415408073,,0,0,,7935,8.805261863542559e-05,,2612.97,0.00018289820919325535,,437.5,7.545489045703912e-05,,4433.33,0.0003123047753937084,,0,,,1483.33,2.2016965671152855e-05,,9.094947017729282e-12,,,,,,,,,,,,,,,,,,,,,,,,,,,,,,,,,,,,,,,,,ok
EQUIPO DE TRABAJO,218576.21000000002,0,,172330.38142908548,0,,46245.82857091454,0.26835563286874553,,79774.95999999999,0,,163707.1282775542,0,,-83932.16827755421,-0.5126970899840902,,79774.95999999999,0,,175784.34169473397,0,,-96009.38169473398,-0.5461770984213332,,378126.13,0,,79774.95999999999,0,,192246.39235750271,0,,-112471.43235750272,-0.5850379347995778,,79774.95999999999,0,,196531.9236403536,0,,-116756.96364035361,-0.5940865050199919,,79774.95999999999,0,,192312.18857014916,0,,-112537.22857014916,-0.585179906728061,,239324.87999999998,0,,79774.95999999999,0,,210873.4030014311,0,,-131098.44300143112,-0.6216926418195158,,79774.95999999999,0,,201288.26166862712,0,,-121513.30166862713,-0.6036780319990525,,79774.95999999999,0,,197917.67686182287,0,,-118142.71686182288,-0.5969285752293099,,239324.87999999998,0,,79774.95999999999,0,,197917.67686182287,0,,-118142.71686182288,-0.5969285752293099,,0,,,0,,,0,,,0,,,0,,,0,,,79774.95999999999,0,,936550.8499999997,0,,1900909.3743630832,0,,-964358.5243630834,-0.5073143082826873,,2133511.5300000003,0,,1649492.9000000001,0,,,79774.95999999999,0.00020454662040000527,,23340.98,0.00025684698910049126,,1676.35,0.00015764105805992422,,2725.24,0.00012893819408056555,,5344.62,5.775199113178242e-05,,11265.96,0.0006183407016002707,,0,0,,9743.8,0.00010812439892373784,,12797.76,0.0008957957365316386,,4408.33,0.0007602972737108096,,4032.56,0.00028407263728656625,,0,,,4439.36,6.589311665097392e-05,,0,,,,,,,,,,,,,,,,,,,,,,,,,,,,,,,,,,,,,,,,,ok
DONATIVOS,442,0,,,0,,442,,,0,0,,,0,,0,,,0,0,,,0,,0,,,442,0,,0,0,,,0,,0,,,0,0,,,0,,0,,,0,0,,,0,,0,,,0,0,,0,0,,,0,,0,,,0,0,,,0,,0,,,0,0,,,0,,0,,,0,0,,0,0,,,0,,0,,,0,,,0,,,0,,,0,,,0,,,0,,,0,0,,442,0,,0,0,,442,,,246136.83000000002,0,,246136.83000000002,0,,,0,0,,0,0,,0,0,,0,0,,0,0,,0,0,,0,0,,0,0,,0,0,,0,0,,0,0,,0,,,0,0,,0,,,,,,,,,,,,,,,,,,,,,,,,,,,,,,,,,,,,,,,,,ok
RECLUTAMIENTO,0,0,,50000,0,,-50000,,,0,0,,50000,0,,-50000,,,0,0,,50000,0,,-50000,,,0,0,,0,0,,50000,0,,-50000,,,0,0,,50000,0,,-50000,,,42000,0,,50000,0,,-8000,-0.16,,42000,0,,427204,0.0011568669611258426,,50000,0,,377204,7.54408,,170834.4,0,,50000,0,,120834.4,2.4166879999999997,,78900,0,,50000,0,,28900,0.578,,676938.4,0,,0,0,,50000,0,,-50000,,,0,,,0,,,0,,,0,,,0,,,0,,,0,0,,718938.4,0,,500000,0,,218938.40000000002,0.43787680000000007,,1099806.4,0,,1099806.4,0,,,0,0,,0,,,0,,,0,,,0,,,0,,,0,,,0,,,0,,,0,,,0,,,0,,,0,,,,,,,,,,,,,,,,,,,,,,,,,,,,,,,,,,,,,,,,,,,,ok
ARTICULOS DE LIMPIEZA,148119.75,0,,219664.56011057788,0,,-71544.81011057788,-0.3257002862663082,,133298.38999999998,0,,208672.74836766272,0,,-75374.35836766273,-0.36120844220089465,,148929.56,0,,224067.22350690592,0,,-75137.66350690593,-0.33533536199947656,,430347.7,0,,167524.66,0,,245050.92404402333,0,,-77526.26404402332,-0.31636797268348904,,170072.75,0,,250513.56699926418,0,,-80440.81699926418,-0.32110363507578193,,153191.32,0,,245134.7925760144,0,,-91943.4725760144,-0.37507312450354613,,490788.73000000004,0,,166443.29,0,,268794.2365426226,0,,-102350.94654262261,-0.38077805483895805,,200635.37999999998,0,,256576.33371546186,0,,-55940.95371546189,-0.2180285021045601,,138670.21000000002,0,,252279.94660854462,0,,-113609.7366085446,-0.4503320146362227,,505748.88,0,,179456.44,0,,252279.94660854462,0,,-72823.50660854462,-0.28866149524576645,,0,,,0,,,0,,,0,,,0,,,0,,,179456.44,0,,1606341.7499999998,0,,2423034.2790796226,0,,-816692.5290796228,-0.3370536422579376,,2743663.45,0,,2325732.3200000003,0,,,179456.44,0.00046013446212967487,,44807,,,2589,,,7382.89,,,38693.240000000005,,,7044,,,0,,,25764.3,,,7098.05,,,3491.96,,,7365.29,,,0,,,35220.71,,,,,,,,,,,,,,,,,,,,,,,,,,,,,,,,,,,,,,,,,,,,ok
,,0,,0,0,,,,,,0,,0,0,,,,,,0,,0,0,,,,,0,0,,,0,,0,0,,,,,,0,,0,0,,,,,,0,,0,0,,,,,0,0,,,0,,0,0,,,,,,0,,,0,,,,,,0,,0,0,,,,,0,0,,,0,,0,0,,,,,,,,,,,,,,,,,,,,,,,0,0,,,0,,,0,,,,,,0,,0,0,,,,,,,,,,,,,,,,,,,,,,,,-120407.48693999999,,,64834.80065999999,,,55572.686279999994,,,,,,0,,,,,,,,,,,,,,,,,,,,,,,,,,,,,,,,,,,,,,,,,,,,,,,
GASTOS DE ADMON PLANTA,60618991.69,0.15027616454632478,,65167423.64897588,0.1452341387419411,,-4548431.958975888,-0.06979609909816284,,58392466.40000001,0.165865210460528,,64945906.298687875,0.15242011282813334,,-6553439.898687883,-0.10090612745549235,,58314771.960000016,0.1540566523473522,,66247376.75626996,0.14472033494943526,,-7932604.796269963,-0.11974217221392343,,177326230.05,0.15637788791092425,,59429205.279999994,0.16897218492143312,,67090588.65209598,0.13393457136081824,,-7661383.372095984,-0.114194606516642,,60172596.489999995,0.1653204563293968,,67321977.61191925,0.13144814011309333,,-7149381.121919252,-0.10619683757854244,,60654771.38000001,0.17225721638804745,,67831819.85553092,0.13536769298545573,,-7177048.4755309345,-0.10580651515493286,,180256573.14999995,0.16881071050118177,,60384895.879999995,0.163522090136319,,68142600.94978034,0.12395065990080761,,-7757705.069780359,-0.11384515650492434,,60170534.62000001,0.1859127492288999,,67647125.7745887,0.12894350589923448,,-7476591.154588709,-0.11052341202938788,,62261575.84999999,0.18229734027752661,,68173982.52915075,0.13217409969273164,,-5912406.679150762,-0.0867252646803003,,182817006.35000002,0.17672620948532808,,62033002.970000006,0.159055436828511,,68173982.52915075,0.13217409969273164,,-6140979.55915076,-0.09007805223238799,,0,,,0,,,0,,,0,,,0,,,0,,,62033002.970000006,0.159055436828511,,602432812.5199999,0.1661317181475019,,670742784.6061509,0.13542983906336872,,-68309972.08615057,-0.10184227643426906,,702066164.2,0.06470772660267576,,589183818.1600002,0.12920446305880562,,466747693.7732602,62033002.970000006,0.159055436828511,,12782600.339999998,0.14066129229380753,,1119669.3500000003,0.10529177141484039,,1428801.8299999998,0.06760033158885353,,8742318.379999999,0.09446626580617114,,3649418.059999999,0.20030105944394427,,4049283.8799999994,0.2813631192916334,,12894854.593060004,0.14309082720125754,,2573111.51066,0.18010826276392997,,1520772.8762800002,0.2622851446622713,,2057480.3100000005,0.14493866373392636,,1808293.21,,,11214691.840000002,0.16645890344956152,,0,,,,,,,,,,,,,,,,,,,,,,,,,,,,,,,,,,,,,,,,,ok
,,,,,,,,,,,,,,,,,,,,,,,,,,,,,,,,,,,,,,,,,,,,,,,,,,,,,,,,,,,,,,,,,,,,,,,,,,,,,,,,,,,,,,,,,,,,,,,,,,,,,,,,,,,,,,,,,,,,,,,,,,,,,,,,,,,,,,,,,,,,,,,,,,,,,,,,,,,,,,,,,,,,,,,,,,,,,,,,,,,,,,,,,,,,,,,,,,,,,,,,,,,,,,,,,,,,,,,,,
GASTOS DE VENTA:,,,,,,,,,,,,,,,,,,,,,,,,,,,,,,,,,,,,,,,,,,,,,,,,,,,,,,,,,,,,,,,,,,,,,,,,,,,,,,,,,,,,,,,,,,,,,,,,,,,,,,,,,,,,,,,,,,,,,,,,,,,,,,,,,,,,,,,,,,,,,,,,,,,,,,,,,,,,,,,,,,,,,,,,,,,,,,,,,,,,,,,,,,,,,,,,,,,,,,,,,,,,,,,,,,,,,,,,,ok
LABOR INDIRECTA,4109211.3499999996,0.010186849100792513,,3723440,0.00829817370823423,,385771.3499999996,0.10360616795221612,,3862501.7,0.010971529323423938,,3723440,0.008738459084683691,,139061.7000000002,0.03734764089121892,,3726993.27,0.009846014778059181,,3835143.2,0.008378040545288746,,-108149.93000000017,-0.028199711030346967,,11698706.32,0.010316685721542417,,3740559.559999999,0.01063535207486043,,4228245.3780000005,0.008440948927239721,,-487685.81800000137,-0.11533999907798193,,4281746.640000001,0.01176383187202666,,4228245.3780000005,0.008255773383304186,,53501.262000000104,0.012653301125420185,,3894113.51,0.011059132501369405,,4228245.3780000005,0.00843804313986139,,-334131.8680000007,-0.07902376473667387,,11916419.709999999,0.011159755468120564,,3752582.0400000005,0.010161979244085299,,4228245.3780000005,0.007691132969988713,,-475663.338,-0.11249662578121074,,4220590.53,0.013040628502924204,,4228245.3780000005,0.008059540987125833,,-7654.848000000231,-0.0018104077024075282,,3805565.42,0.011142417210728672,,4228245.3780000005,0.008197621810903256,,-422679.95800000057,-0.09996580619451469,,11778737.99,0.011386313336234827,,4380284.48,0.011231248336252312,,4228245.3780000005,0.008197621810903256,,152039.10199999996,0.03595796563536146,,0,,,0,,,0,,,0,,,0,,,0,,,4380284.48,0.011231248336252312,,39774148.5,0.010968439120237193,,40879740.84599999,0.008254038434385614,,-1105592.3459999934,-0.027044994002406293,,45279003.02,0.008516884373971356,,37709597.03,0.008269487528766382,,,4380284.48,0.011231248336252312,,1584163.25,0.01743232550673317,,184023.47,0.01730524921326616,,140413.46000000002,0.006643326076603796,,914011.85,0.00987647470831304,,198748.97999999998,0.01090848749112709,,78697.57,0.0054682740040126986,,676258.16,0.007504259843928749,,0,0,,50675.18,0.008739863213235976,,97100.23999999999,0.006840201077717017,,0,,,456192.31999999995,0.006771231384036982,,0,,,,,,,,,,,,,,,,,,,,,,,,,,,,,,,,,,,,,,,,,ok
MANTENIMIENTO INSTALACIONES,0,0,,3.533288819770115,0,,-3.533288819770115,,,0,0,,3.3564863099765025,0,,-3.3564863099765025,,,0,0,,3.6041053472410294,0,,-3.6041053472410294,,,0,0,,0,0,,3.941626677344887,0,,-3.941626677344887,,,0,0,,4.029492900601076,0,,-4.029492900601076,,,0,0,,3.9429756967145364,0,,-3.9429756967145364,,,0,0,,0,0,,4.323536169496822,0,,-4.323536169496822,,,668.7,0,,4.1270120718521515,0,,664.5729879281479,161.03005669908202,,0,0,,4.057904990934622,0,,-4.057904990934622,,,668.7,0,,0,0,,4.057904990934622,0,,-4.057904990934622,,,0,,,0,,,0,,,0,,,0,,,0,,,0,0,,668.7,0,,38.97433397486637,0,,629.7256660251337,16.157445215901035,,0,0,,0,0,,,0,0,,0,0,,0,0,,0,0,,0,0,,0,0,,0,0,,0,0,,0,0,,0,0,,0,0,,0,,,0,0,,0,,,,,,,,,,,,,,,,,,,,,,,,,,,,,,,,,,,,,,,,,ok
MANTENIMIENTO ACTIVO FIJO,646673.8999999999,0.001603122564314193,,545109.4304495621,0.0012148477601000936,,101564.46955043776,0.1863194138224239,,510091.20000000007,0.0014489263677011468,,517832.6579206977,0.0012152900258774206,,-7741.457920697634,-0.014949729033666282,,506393.64999999997,0.0013377967171417319,,556034.8766627583,0.0012146828679761466,,-49641.22666275833,-0.08927718160540192,,1663158.75,0.0014666823543941511,,499268.38,0.001419545636414143,,608107.0590974406,0.0012139788894095355,,-108838.67909744056,-0.17897946992916045,,493541.8,0.0013559753168901668,,621662.9016447394,0.0012138150882846628,,-128121.10164473945,-0.20609417307316913,,758259.7300000001,0.002153428451170801,,608315.1833742164,0.001213976319031012,,149944.54662578367,0.24649154044465546,,1751069.9100000001,0.0016398811454068772,,514287.45000000007,0.0013926886438953262,,667027.3671643501,0.0012133156231129449,,-152739.91716435004,-0.22898598270963622,,538488.41,0.0016638020812552823,,636707.9836094925,0.0012136415065764773,,-98219.57360949251,-0.15426157066962867,,532021.31,0.0015577194836446707,,626046.267729318,0.0012137636490245427,,-94024.95772931795,-0.1501885125365387,,1584797.1700000002,0.001531997499844057,,580581.3300000001,0.0014886368970769804,,626046.267729318,0.0012137636490245427,,-45464.93772931793,-0.07262232852888037,,0,,,0,,,0,,,0,,,0,,,0,,,580581.3300000001,0.0014886368970769804,,5579607.16,0.0015386773509255527,,6012889.995381893,0.0012140640839818618,,-433282.8353818925,-0.07205899920249142,,7212707.1,0.0013566948982266318,,6456769.02,0.0014159305612451178,,,580581.3300000001,0.0014886368970769804,,120358.36000000002,0.0013244380646859305,,14051.65,0.0013213928913936436,,9657.24,0.00045690914759896406,,185003.77,0.001999082457571598,,16187.66,0.0008884719137709204,,0,0,,65629.3,0.0007282711687725188,,0,0,,0,0,,8484.48,0.0005976869803809802,,0,,,161208.87,0.0023928122243029827,,0,,,,,,,,,,,,,,,,,,,,,,,,,,,,,,,,,,,,,,,,,ok
FLETES,7173169.99,0.017782487693767165,,6994640.782692221,0.015588473089798542,,178529.20730777923,0.025523713490696768,,7371398.06,0.020938634142198646,,6644635.416992961,0.015594148079204485,,726762.6430070382,0.10937584944817567,,7602295.4,0.020083833651669387,,7134832.0312437415,0.01558635725559998,,467463.36875625886,0.06551848266493399,,22146863.450000003,0.01953055523250067,,7812484,0.022212857885683265,,7803002.843480531,0.015577324065350276,,9481.156519468874,0.001215065111425719,,7775053.6000000015,0.021361474892497522,,7976946.356156312,0.015575222230444684,,-201892.75615631044,-0.02530952912833582,,8318973.1899999995,0.02362556369949003,,7805673.416530431,0.015577291083212298,,513299.77346956823,0.06575983212191915,,23906510.79,0.022388504349884618,,7483077.9799999995,0.020264149405413594,,8559046.24818499,0.015568813279756104,,-1075968.2681849906,-0.12571123428771724,,6417875.97,0.019829721861839632,,8169999.233269115,0.015572994894744032,,-1752123.2632691152,-0.21445819188504706,,7161890.149999999,0.020969490538598635,,8033192.073929672,0.015574562181055388,,-871301.9239296727,-0.10846272763193744,,21062844.099999998,0.020361106841707156,,8477158.5,0.021735819382048934,,8033192.073929672,0.015574562181055388,,443966.42607032787,0.05526650203113451,,0,,,0,,,0,,,0,,,0,,,0,,,8477158.5,0.021735819382048934,,75593376.84,0.020846237645104793,,77155160.47640964,0.01557841725030869,,-1561783.6364096403,-0.020242115067431673,,84695161.31,0.015930980096746008,,70615541.63,0.01548556300884895,,,8477158.5,0.021735819382048934,,514563.4,0.005662318377005239,,7900,0.0007429023525358079,,1355425,0.0641286828725729,,2994891.86,0.03236169608678771,,104480.8,0.005734507416656686,,246900,0.01715576289827926,,1807357.25,0.020055770469089042,,208000,0.014559228583641266,,8686.09,0.001498075358742818,,120003.25,0.008453597642802372,,0,,,1108950.85,0.01646008157014675,,0,,,,,,,,,,,,,,,,,,,,,,,,,,,,,,,,,,,,,,,,,ok
HONORARIOS,304417.78,0,,398465.1432666666,0,,-94047.3632666666,-0.23602406598392686,,249372.85,0,,398465.1432666666,0,,-149092.29326666662,-0.3741664629542989,,224749.38,0,,398465.1432666666,0,,-173715.76326666662,-0.435962257181452,,778540.01,0,,215005.48,0,,398465.1432666666,0,,-183459.6632666666,-0.46041583904338923,,196371.22,0,,398465.1432666666,0,,-202093.92326666662,-0.5071809333430664,,206386.4,0,,398465.1432666666,0,,-192078.74326666663,-0.4820465391074895,,617763.1,0,,192201.88,0,,398465.1432666666,0,,-206263.26326666662,-0.5176444332763835,,180515.13,0,,398465.1432666666,0,,-217950.01326666662,-0.5469738494059616,,179500.41,0,,398465.1432666666,0,,-218964.73326666662,-0.5495204209622117,,552217.42,0,,192040.49,0,,398465.1432666666,0,,-206424.65326666663,-0.5180494624306953,,0,,,0,,,0,,,0,,,0,,,0,,,192040.49,0,,2140561.0199999996,0,,3984651.4326666663,0,,-1844090.4126666668,-0.4627984263688876,,4412783,0,,3665452.05,0,,,192040.49,0.0004924005378311818,,10237.64,0.0001126562384910468,,0,0,,0,0,,2178,2.353466414544385e-05,,14042.39,0.0007707271537218866,,400,2.779386455776308e-05,,43565.94,0.0004834398362084226,,900,6.299666214075548e-05,,0,0,,0,0,,0,,,120716.52,0.0017917870445423724,,0,,,,,,,,,,,,,,,,,,,,,,,,,,,,,,,,,,,,,,,,,ok
GASTOS DE VIAJE,314379.59,0,,649087.7654802526,0.0014465770980181599,,-334708.17548025254,-0.5156593503693693,,626637.29,0.0017799783498829035,,616608.0130832483,0.0014471037249468425,,10029.276916751754,0.01626523934809407,,492388.25,0.0013007970862374803,,662097.2147270755,0.001446380753111432,,-169708.96472707554,-0.2563203121116158,,1433405.1300000001,0.0012640705590305523,,551220.86,0.0015672596099786074,,724102.0428444921,0.0014455424922976893,,-172881.18284449214,-0.23875251361722788,,519059.74,0.0014260842656719807,,740243.6303069796,0.0014453474464955296,,-221183.89030697965,-0.29879877549943185,,580687.98,0.00164913151511409,,724349.8663349851,0.0014455394316255398,,-143661.88633498515,-0.19833217760068836,,1650968.58,0.0015461360112122339,,462838.54,0.0012533651727552218,,794261.2603671417,0.0014447527095232155,,-331422.7203671417,-0.4172716672772683,,588523.5,0.0018183986989945486,,758158.5260847227,0.0014451407544869151,,-169635.02608472272,-0.22374611673992614,,534429.2,0.0015647696094516106,,745463.1131083954,0.0014452861953181619,,-211033.9131083954,-0.28309102006192716,,1585791.24,0.0015329584510518823,,545335.97,0.001398266193377705,,745463.1131083954,0.0014452861953181619,,-200127.1431083954,-0.2684601552904678,,0,,,0,,,0,,,0,,,0,,,0,,,545335.97,0.001398266193377705,,5215500.92,0.0014382684854349823,,7159834.545445689,0.0014456439375332573,,-1944333.625445689,-0.27156125090662375,,8665147.85,0.0016298959208359463,,7237183.539999999,0.0015870707655616474,,,545335.97,0.001398266193377705,,35679.21,0.00039261837600581206,,0,0,,53604.28,0.0025361579377188716,,196803.35,0.002126584364071734,,1433.47,7.867708082781584e-05,,0,0,,80654.01,0.0008949964441018023,,0,0,,0,0,,2563.72,0.00018060058664082262,,0,,,174597.93,0.0025915451255380455,,0,,,,,,,,,,,,,,,,,,,,,,,,,,,,,,,,,,,,,,,,,ok
COMBUSTIBLE ,1767072.0999999999,0.004380620829571236,,1926454.2434060585,0.0042933555939530165,,-159382.14340605866,-0.08273341759950852,,1703694.3100000003,0.004839384816404227,,1830056.252013182,0.004294918591648255,,-126361.94201318175,-0.06904811908058854,,1655106.5599999998,0.004372480031074135,,1965065.5222481037,0.004292772853838578,,-309958.9622481039,-0.157734670289009,,5125872.97,0.004520330627467125,,1595725.5799999998,0.004537049360112545,,2149092.198748594,0.004290284945134089,,-553366.6187485943,-0.25748854286978334,,1585871.69,0.004357083569000425,,2196999.479267757,0.004289706060685464,,-611127.789267757,-0.2781647401534393,,1242499.6800000002,0.003528651272938648,,2149827.7242665067,0.004290275861239485,,-907328.0442665066,-0.4220468617205479,,4424096.949999999,0.004143177341078901,,1536837.61,0.00416175095650931,,2357320.622543571,0.004287940916393802,,-820483.012543571,-0.3480574533209921,,1421979.3699999999,0.004393580607070215,,2250169.834382485,0.004289092610982281,,-828190.4643824853,-0.3680568691872833,,1546757.4799999997,0.00452879277160746,,2212490.5966881146,0.0042895242707999826,,-665733.1166881148,-0.3008976027670595,,4505574.46,0.00435546512749088,,1597082.79,0.004094992804678453,,2212490.5966881146,0.0042895242707999826,,-615407.8066881145,-0.2781516032697815,,0,,,0,,,0,,,0,,,0,,,0,,,1597082.79,0.004094992804678453,,15652627.169999998,0.004316494372869241,,21249967.070252486,0.004290586028616056,,-5597339.9002524875,-0.2634046387812111,,23606251.470000003,0.004440285802761065,,19893384.23,0.004362499356969204,,,1597082.79,0.004094992804678453,,453533.81,0.0049907413293603905,,50146.56,0.00471569587285798,,34482.76,0.001631469082104168,,535585.23,0.005787336321997382,,20235.5,0.001110640661535482,,0,0,,183359,0.002034686843147196,,0,0,,0,0,,17397.93,0.0012255926405129918,,0,,,302342,0.004487641613766118,,0,,,,,,,,,,,,,,,,,,,,,,,,,,,,,,,,,,,,,,,,,ok
GASTOS EXPORTACION,1229104.17,0.0030469833850100773,,1453606.7424999997,0.0032395530081659706,,-224502.57249999978,-0.15444519204271634,,2911156.82,0.008269211225386795,,1453606.7424999997,0.003411437553594684,,1457550.0775000001,1.00271279355324,,767580.99,0.002027804512482336,,1453606.7424999997,0.0031754684481064737,,-686025.7524999997,-0.47194728288074095,,4907841.9799999995,0.00432805661529355,,2011907.86,0.00572036030707636,,1453606.7424999997,0.002901870439585873,,558301.1175000004,0.38407988981930613,,1915265.79,0.005262073316837896,,1453606.7424999997,0.0028382098912621335,,461659.04750000034,0.31759556006599937,,1340030.4300000002,0.003805634849415836,,1453606.7424999997,0.002900871473880763,,-113576.31249999953,-0.07813413984628621,,5267204.08,0.00493274917835929,,147903.62,0,,1453606.7424999997,0.0026440950661968986,,-1305703.1224999996,-0.8982505957934491,,264700.08,0,,1453606.7424999997,0.0027707481645454332,,-1188906.6624999996,-0.8179011748770832,,179620.77000000002,0,,1453606.7424999997,0.002818218261124303,,-1273985.9724999997,-0.8764309735581733,,592224.47,0,,191475.97,0,,1453606.7424999997,0.002818218261124303,,-1262130.7724999997,-0.8682752601500127,,0,,,0,,,0,,,0,,,0,,,0,,,191475.97,0,,10958746.499999998,0.0030220720833121647,,14536067.424999997,0.002934980915430892,,-3577320.924999999,-0.24609963757099176,,18116257.22,0.003407629535564446,,14426777.08,0.003163705330726327,,,191475.97,0.0004909530829136461,,17739,0.00019520211831952278,,0,0,,0,0,,4398,4.752316478956017e-05,,10654,0.0005847528159916496,,906,6.295310322333338e-05,,121357.32,0.001346670424269352,,310,2.1698850292926887e-05,,0,0,,0,0,,0,,,36111.65,0.0005360027494749563,,0,,,,,,,,,,,,,,,,,,,,,,,,,,,,,,,,,,,,,,,,,ok
TELEFONO,400,0,,1600.4337277253135,0,,-1200.4337277253135,-0.7500677515909906,,2432.75,0,,1520.3495018797194,0,,912.4004981202806,0.6001254954812779,,2432.75,0,,1632.5106862832079,0,,800.2393137167921,0.4901893264409337,,5265.5,0,,2832.75,0,,1785.3938917269304,0,,1047.3561082730696,0.586624673203071,,12240.85,0,,1825.1936574410154,0,,10415.656342558985,5.706603406217232,,2432.75,0,,1786.0049417170871,0,,646.7450582829129,0.36211829159953174,,17506.35,0,,2832.75,0,,1958.3830990508222,0,,874.3669009491778,0.44647388009678024,,2432.75,0,,1869.365809430616,0,,563.3841905693839,0.30137717707642425,,4278.4400000000005,0,,1838.0631594728206,0,,2440.37684052718,1.3276893277307784,,9543.94,0,,4837.92,0,,1838.0631594728206,0,,2999.8568405271794,1.632074950780024,,0,,,0,,,0,,,0,,,0,,,0,,,4837.92,0,,37153.71,0,,17653.761634200353,0,,19499.948365799646,1.104577526866722,,23242.940000000002,0,,15920.130000000001,0,,,4837.92,1.2404646592935849e-05,,0,0,,0,0,,0,0,,400,4.322252368309247e-06,,0,0,,0,0,,2432.75,2.6995590168283755e-05,,602.59,4.2179065154886495e-05,,843.1,0.00014540804147275354,,0,0,,0,,,559.48,8.304323349286134e-06,,0,,,,,,,,,,,,,,,,,,,,,,,,,,,,,,,,,,,,,,,,,ok
DEPRECIACIONES Y AMORT.,222868.91,0,,229299.45833333334,0,,-6430.5483333333395,-0.028044324134360716,,222868.91,0,,231592.4529166667,0,,-8723.542916666687,-0.037667647657782945,,222868.91,0,,233908.37744583335,0,,-11039.467445833347,-0.047195690750280114,,668606.73,0,,222868.91,0,,236247.46122029168,0,,-13378.551220291673,-0.05662939678245553,,222868.91,0,,238609.9358324946,0,,-15741.025832494604,-0.0659696997846095,,223166.08,0,,240996.03519081956,0,,-17829.95519081957,-0.07398443371361647,,668903.9,0,,223166.08,0,,240996.03519081956,0,,-17829.95519081957,-0.07398443371361647,,223166.08,0,,240996.03519081956,0,,-17829.95519081957,-0.07398443371361647,,223166.08,0,,240996.03519081956,0,,-17829.95519081957,-0.07398443371361647,,669498.24,0,,223166.08,0,,240996.03519081956,0,,-17829.95519081957,-0.07398443371361647,,0,,,0,,,0,,,0,,,0,,,0,,,223166.08,0,,2230174.95,0,,2374637.861702718,0,,-144462.91170271765,-0.06083576533186896,,2728541.0700000008,0,,2282803.2500000005,0,,,223166.08,0.000572207964152125,,188869.86000000002,0.0020783469619883705,,6376.21,0.0005996077733243473,,5000.22,0.00023657341621491153,,80.55,8.703935706682746e-07,,6212.28,0.0003409656677049563,,0,0,,16124.22,0.00017892625008868328,,0,0,,0,0,,0,0,,0,,,502.74,7.462135412561862e-06,,-2.5693225325085223e-11,,,,,,,,,,,,,,,,,,,,,,,,,,,,,,,,,,,,,,,,,ok
SERVICIOS CALIDAD,169154,0,,582639.0850000002,0.0012984875106183127,,-413485.0850000002,-0.7096761883044631,,246381.49,0,,582639.0850000002,0.001367382798006694,,-336257.5950000002,-0.5771284550881102,,75571.79,0,,582639.0850000002,0.0012728009419309134,,-507067.2950000002,-0.8702939916912715,,491107.27999999997,0,,76110.9,0,,582639.0850000002,0.001163136554251957,,-506528.1850000002,-0.8693687018954452,,76110.9,0,,582639.0850000002,0.0011376199392408362,,-506528.1850000002,-0.8693687018954452,,76110.9,0,,582639.0850000002,0.0011627361457732712,,-506528.1850000002,-0.8693687018954452,,228332.69999999998,0,,77221.04,0,,582639.0850000002,0.0010598142434125207,,-505418.0450000002,-0.8674633371017326,,76110.9,0,,582639.0850000002,0.0011105797243205766,,-506528.1850000002,-0.8693687018954452,,76110.9,0,,582639.0850000002,0.001129606833116183,,-506528.1850000002,-0.8693687018954452,,229442.84,0,,76110.9,0,,582639.0850000002,0.001129606833116183,,-506528.1850000002,-0.8693687018954452,,0,,,0,,,0,,,0,,,0,,,0,,,76110.9,0,,1024993.7200000001,0,,5826390.850000001,0.0011764079960981041,,-4801397.130000001,-0.8240774183558249,,4402804.850000001,0,,5942901.110000001,0.001303242423267998,,,76110.9,0.00019515180415762993,,12898.82,0.00014194018759920103,,41.67,3.918574813945204e-06,,1907.08,9.022891604672063e-05,,7911,8.548334621423613e-05,,162,8.891492039670286e-06,,13710.47,0.000952667365508185,,19906.97,0.00022090243700023418,,785.42,5.497648708732463e-05,,13396.36,0.0023104477173098528,,5391.11,0.0003797753376520077,,1282.97,,,0,0,,-6.366462912410498e-12,,,,,,,,,,,,,,,,,,,,,,,,,,,,,,,,,,,,,,,,,ok
DIVERSOS,0,0,,10506.68966039226,0,,-10506.68966039226,,,0,0,,9980.944611986959,0,,-9980.944611986959,,,400,0,,10717.27173135128,0,,-10317.27173135128,-0.9626770683783376,,400,0,,0,0,,11720.93490468755,0,,-11720.93490468755,,,-284.48,0,,11982.216443354288,0,,-12266.696443354287,-1.0237418512129932,,1000,0,,11724.946387638918,0,,-10724.946387638918,-0.9147117635391275,,715.52,0,,0,0,,12856.591998425916,0,,-12856.591998425916,,,0,0,,12272.20226691353,0,,-12272.20226691353,,,0,0,,12066.703455586994,0,,-12066.703455586994,,,0,0,,2000,0,,12066.703455586994,0,,-10066.703455586994,-0.8342546489717553,,0,,,0,,,0,,,0,,,0,,,0,,,2000,0,,3115.52,0,,115895.20491592468,0,,-112779.68491592468,-0.9731177834125222,,467947.4,0,,467947.4,0,,,2000,5.128090829503526e-06,,2000,2.2008243792719184e-05,,0,0,,0,0,,0,0,,0,0,,0,0,,0,0,,0,0,,0,0,,0,0,,0,,,0,0,,0,,,,,,,,,,,,,,,,,,,,,,,,,,,,,,,,,,,,,,,,,ok
EQUIPOS MENORES,0,0,,282.16935384589465,0,,-282.16935384589465,,,0,0,,268.04985994331525,0,,-268.04985994331525,,,0,0,,287.82477994247347,0,,-287.82477994247347,,,0,0,,0,0,,314.77932016905163,0,,-314.77932016905163,,,2533.62,0,,321.79633935592096,0,,2211.8236606440787,6.873364889952039,,0,0,,314.88705320285555,0,,-314.88705320285555,,,2533.62,0,,0,0,,345.2787104326351,0,,-345.2787104326351,,,0,0,,329.5842454522286,0,,-329.5842454522286,,,0,0,,324.06533619704237,0,,-324.06533619704237,,,0,0,,0,0,,324.06533619704237,0,,-324.06533619704237,,,0,,,0,,,0,,,0,,,0,,,0,,,0,0,,2533.62,0,,3112.50033473846,0,,-578.8803347384601,-0.18598562971306565,,1534.61,0,,1534.61,0,,,0,0,,0,0,,0,0,,0,0,,0,0,,0,0,,0,0,,0,0,,0,0,,0,0,,0,0,,0,,,0,0,,0,,,,,,,,,,,,,,,,,,,,,,,,,,,,,,,,,,,,,,,,,ok
ARRENDAM MAQ Y EQUIPO,38303.94,0,,16644.911401201054,0,,21659.02859879895,1.301240245546521,,231290.21,0,,15812.015405108628,0,,215478.19459489136,13.627497132672508,,155437.21,0,,16978.519799953687,0,,138458.69020004632,8.154932928866037,,425031.36,0,,48095.05,0,,18568.543407466128,0,,29526.506592533875,1.5901358520486706,,26257.76,0,,18982.47093387552,0,,7275.289066124478,0.383263543058624,,21573.78,0,,18574.898480326483,0,,2998.881519673516,0.16144807051568907,,95926.59,0,,19849.17,0,,20367.674467621076,0,,-518.5044676210782,-0.025457224802240223,,0,0,,19441.87237207958,0,,-19441.87237207958,,,20775.49,0,,19116.316976598846,0,,1659.1730234011557,0.08679355052713475,,40624.66,0,,6957.48,0,,19116.316976598846,0,,-12158.836976598846,-0.636044955285217,,0,,,0,,,0,,,0,,,0,,,0,,,6957.48,0,,568540.09,0,,183603.54022082986,0,,384936.5497791701,2.0965638751637696,,102091.61,0,,102091.61,0,,,6957.48,1.7839294692227096e-05,,0,0,,0,0,,0,0,,0,0,,0,0,,0,0,,6957.48,7.720533498470079e-05,,0,0,,0,0,,0,0,,0,,,0,0,,0,,,,,,,,,,,,,,,,,,,,,,,,,,,,,,,,,,,,,,,,,ok
GASTOS DE VENTA,15974755.729999999,0.039601863273236254,,16531780.388560079,0.03684323780446348,,-557024.6585600788,-0.03369417240417367,,17937825.59,0.05095282662507288,,16026460.47955865,0.03761214607269714,,1911365.1104413487,0.11926308450198644,,15432218.160000002,0.040769015947698044,,16851411.92419706,0.03681265730736866,,-1419193.7641970566,-0.08421809226319053,,49344799.480000004,0.04351547720771315,,16776079.33,0.04769861493940193,,18215901.547308743,0.03636484661568761,,-1439822.2173087443,-0.07904205090093196,,17106638.040000007,0.04699942119839574,,18470534.358841877,0.036064261248542,,-1363896.3188418748,-0.0738417358341867,,16665234.43,0.04732862441078494,,18224523.25430221,0.03636953385518704,,-1559288.8243022084,-0.08555992398506855,,50547951.8,0.04733827737109343,,14412798.159999996,0.03902980779365206,,19317140.134029236,0.035137670614802344,,-4904341.97402924,-0.25388550996685627,,13935051.42,0.04305601963651432,,18752905.113009248,0.03574527821218128,,-4817853.693009251,-0.25691239111891045,,14264115.649999999,0.0417642873458694,,18554493.642245833,0.03597301201187294,,-4290377.992245834,-0.2312312087287189,,42611965.23,0.04119228973370887,,16277031.910000004,0.04173504903460364,,18554493.642245833,0.03597301201187294,,-2277461.7322458327,-0.12274448315099185,,0,,,0,,,0,,,0,,,0,,,0,,,16277031.910000004,0.04173504903460364,,158781748.42000002,0.043786932131295996,,179499644.48429868,0.0362428169521267,,-20717896.064298756,-0.11542026238448015,,199713473.45000002,0.037565680510821646,,168817902.69000003,0.03702074938156537,,123637752.08679786,16277031.910000004,0.04173504903460364,,2940043.35,0.03235259540398141,,262539.56,0.024688766678191882,,1600490.04,0.07572334744886033,,4841263.6099999985,0.05231290775982967,,372157.08,0.02042612169337616,,340614.04,0.023667451235581238,,3023602.4,0.03355212464175898,,210598.01,0.01474107964831716,,73600.73000000001,0.0126937943307614,,250940.72999999995,0.01767745426570619,,1282.97,,,2361182.3600000003,0.03504686817057006,,5.587935447692871e-09,,,,,,,,,,,,,,,,,,,,,,,,,,,,,,,,,,,,,,,,,ok
,,,,,,,,,,,,,,,,,,,,,,,,,,,,,,,,,,,,,,,,,,,,,,,,,,,,,,,,,,,,,,,,,,,,,,,,,,,,,,,,,,,,,,,,,,,,,,,,,,,,,,,,,,,,,,,,,,,,,,,,,,,,,,,,,,,,,,,,,,,,,,,,,,,,,,,,,,,,,,,,,,,,,,,,,,,,,,,,,,,,,,,,,,,,,,,,,,,,,,,,,,,,,,,,,,,,,,,,,
GASTOS CORPORATIVOS:,,,,,,,,,,,,,,,,,,,,,,,,,,,,,,,,,,,,,,,,,,,,,,,,,0.3300000000745058,,,,,,,,,,,,,,,,,,,,,,,,,,,,,,,,,,,,,,,,,,,,,,,,,,,,,,,,,,,,,,,,,,,,,,,,,,,,,,,,,,,,,,,,,,,,,,,,,,,,,,,,,,,,,,,,,,,,,,,,,,,,,,,,,,,,,,,,,,,,,,,,,,,,,,,,,,,,,,,,,,,,,,,,ok
LABOR INDIRECTA,7926378.0200000005,0.019649711326135258,,8158915.800000001,0.01818321245387514,,-232537.78000000026,-0.028501063830074117,,7823926.350000001,0.02222405167441977,,8158915.800000001,0.01914797925941584,,-334989.4500000002,-0.04105808396748011,,7674617.46,0.020274894922767333,,8158915.800000001,0.017823513702955596,,-484298.3400000008,-0.05935817354555868,,23424921.830000002,0.02065763084920387,,7924182.069999999,0.02253044360554075,,8991941.10318,0.01795083038548525,,-1067759.0331800012,-0.1187462218588585,,8515723.529999997,0.023396419334979927,,8991941.10318,0.017557029308215403,,-476217.5731800031,-0.052960486252694505,,8672112.09,0.024628464584751552,,8991941.10318,0.017944650831881227,,-319829.0131800007,-0.03556840614390737,,25112017.689999998,0.02351746443576028,,6959893.32,0.01884736714747159,,8991941.10318,0.01635624437566981,,-2032047.7831800003,-0.2259854418376213,,6855539.58,0.021181999109938066,,8991941.10318,0.01713971432499504,,-2136401.5231800005,-0.2375906935627572,,6206846.6,0.01817319287607799,,8991941.10318,0.017433362049733402,,-2785094.503180001,-0.30973228930459207,,20022279.5,0.019355210064628592,,5967312.72,0.01530046081810587,,8991941.10318,0.017433362049733402,,-3024628.383180001,-0.3363710180564173,,,,,,,,0,,,,,,,,,0,,,5967312.72,0.01530046081810587,,74526531.74,0.020552035858985514,,87420335.12226002,0.017651061164117167,,-12893803.382260025,-0.1474920379134631,,94674421.11000001,0.017808057686481787,,76742609.54,0.01682919210224236,,,,,,,,,,,,,,,,,,,,,,,,,,,,,,,,,,,,,,,,,,,,,,,,,,,,,,,,,,,,,,,,,,,,,,,,,,,,,,,,,,,ok
MANTENIMIENTO INSTALACIONES,42105.85,0,,69278.680409362,0,,-27172.830409362003,-0.3922249997950306,,2642.5,0,,65812.03921574407,0,,-63169.539215744066,-0.9598477720567601,,133773,0,,70667.20985731058,0,,63105.790142689424,0.8929996000989854,,178521.35,0,,84968.6,0,,77285.13257813963,0,,7683.467421860376,0.09941714745836733,,15566.849999999999,0,,79007.96258447328,0,,-63441.11258447328,-0.8029711247982592,,12638.95,0,,77311.58336847782,0,,-64672.63336847782,-0.8365193228579864,,113174.40000000001,0,,88155.05,0,,84773.39266716826,0,,3381.6573328317463,0.03989055087259027,,8020.43,0,,80920.0620033169,0,,-72899.63200331689,-0.9008845297267413,,14865,0,,79565.05039313641,0,,-64700.05039313641,-0.8131717390166787,,111040.48000000001,0,,79142.83,0,,79565.05039313641,0,,-422.2203931364056,-0.005306606242944427,,,,,,,,0,,,,,,,,,0,,,79142.83,0,,481879.06,0,,764186.1634702655,0,,-282307.10347026546,-0.3694218987010618,,532200.9800000001,0,,515539.36000000004,0,,,,,,,,,,,,,,,,,,,,,,,,,,,,,,,,,,,,,,,,,,,,,,,,,,,,,,,,,,,,,,,,,,,,,,,,,,,,,,,,,,,ok
MANTENIMIENTO ACTIVO FIJO,16674.08,0,,60019.29790762445,0,,-43345.21790762445,-0.7221880198321707,,98201.20000000001,0,,57015.98766399457,0,,41185.21233600544,0.7223449776704259,,87007.58,0,,61222.244645314815,0,,25785.335354685187,0.42117592231500245,,201882.86000000002,0,,41005.369999999995,0,,66955.65459140552,0,,-25950.28459140552,-0.38757420489376443,,16637.410000000003,0,,68448.22123360098,0,,-51810.81123360098,-0.7569343702414175,,25422.16,0,,66978.57012408915,0,,-41556.41012408915,-0.6204433753527263,,83064.94,0,,93632.95000000001,0,,73443.07771259488,0,,20189.87228740513,0.274905040968112,,16614.06,0,,70104.76064760896,0,,-53490.70064760896,-0.7630109589345464,,11663.28,0,,68930.85194988032,0,,-57267.57194988032,-0.8307973908623619,,121910.29000000001,0,,70939.5,0,,68930.85194988032,0,,2008.6480501196784,0.02914004387440573,,,,,,,,0,,,,,,,,,0,,,70939.5,0,,477797.59,0,,662049.518425994,0,,-184251.92842599394,-0.27830535828203345,,623741.07,0,,508679.06999999995,0,,,,,,,,,,,,,,,,,,,,,,,,,,,,,,,,,,,,,,,,,,,,,,,,,,,,,,,,,,,,,,,,,,,,,,,,,,,,,,,,,,,ok
DERECHOS Y CONTRIB,2192581.88,0.00543547139591444,,275630.4166666667,0,,1916951.4633333331,6.954789266424091,,887336.62,0.002520501090285056,,275630.4166666667,0,,611706.2033333334,2.2192986199817692,,887326.6200000001,0.0023441499301353193,,275630.4166666667,0,,611696.2033333334,2.2192623395156255,,3967245.12,0.0034985766770973046,,887536.6200000001,0.002523489943582563,,275630.4166666667,0,,611906.2033333334,2.2200242293046393,,887326.6200000001,0.0024378745523470973,,275630.4166666667,0,,611696.2033333334,2.2192623395156255,,887466.62,0.0025203710461748846,,275630.4166666667,0,,611836.2033333334,2.219770266041635,,2662329.8600000003,0.002493278261099085,,887536.62,0.0024034461111490106,,275630.4166666667,0,,611906.2033333334,2.2200242293046393,,887466.62,0.002742062376793942,,275630.4166666667,0,,611836.2033333334,2.219770266041635,,887466.62,0.0025984373540568913,,275630.4166666667,0,,611836.2033333334,2.219770266041635,,2662469.86,0.002573766060504863,,888718.34,0.0022787141846827984,,275630.4166666667,0,,613087.9233333333,2.2243115645497515,,,,,,,,0,,,,,,,,,0,,,888718.34,0.0022787141846827984,,10180763.18,0.002807529145152722,,2756304.1666666665,0,,7424459.013333334,2.693628338672105,,6735447.48,0.001266923376576518,,3914269.7900000005,0,,,,,,,,,,,,,,,,,,,,,,,,,,,,,,,,,,,,,,,,,,,,,,,,,,,,,,,,,,,,,,,,,,,,,,,,,,,,,,,,,,,ok
HONORARIOS,1991059.51,0.004935891841890265,,2564755.1933333334,0.005715892860735198,,-573695.6833333333,-0.2236843831429068,,2245055.89,0.006377135453392972,,2564755.1933333334,0.006019167307428975,,-319699.3033333332,-0.12465100145399448,,2001913.91,0.0052886797786630396,,2564755.1933333334,0.005602821557872088,,-562841.2833333334,-0.21945224432973112,,6238029.3100000005,0.0055011029555480035,,1912324.69,0.005437220296419591,,2564755.1933333334,0.005120083075225796,,-652430.5033333334,-0.25438314932716427,,1475919.31,0.004054996261880081,,2564755.1933333334,0.005007759902011182,,-1088835.8833333333,-0.42453793881130886,,885948.93,0.002516060864983992,,2564755.1933333334,0.005118320492262169,,-1678806.2633333332,-0.6545678385590635,,4274192.93,0.004002791868965629,,1539764.17,0.004169676070913089,,2564755.1933333334,0.004665262174714727,,-1024991.0233333334,-0.3996447793526774,,1306004.38,0.004035245262887857,,2564755.1933333334,0.004888729899680348,,-1258750.8133333335,-0.4907878992136375,,2144639.07,0.006279346338071658,,2564755.1933333334,0.00497248651222832,,-420116.1233333335,-0.16380359592422603,,4990407.619999999,0.004824145412275521,,1940153.11,0.004974640685611873,,2564755.1933333334,0.00497248651222832,,-624602.0833333333,-0.2435328272097413,,,,,,,,0,,,,,,,,,0,,,1940153.11,0.004974640685611873,,17442782.97,0.0048101621356885895,,25647551.933333337,0.005178503459772996,,-8204768.9633333385,-0.3199045657324453,,32157181.040000003,0.006048697507530588,,26272188.810000002,0.005761332786050477,,,,,,,,,,,,,,,,,,,,,,,,,,,,,,,,,,,,,,,,,,,,,,,,,,,,,,,,,,,,,,,,,,,,,,,,,,,,,,,,,,,ok
GASTOS DE VIAJE,140057.52,0,,542167.152,0.0012082905072176887,,-402109.632,-0.741670959807613,,400428.17,0.0011374258836131994,,515037.6083677611,0.0012087303858246737,,-114609.43836776109,-0.22252634857282996,,209234.81,0,,553033.6271091402,0.001208126505114196,,-343798.81710914016,-0.6216598779106286,,749720.5,0,,335991.91,0,,604824.7451342911,0.0012074263263368561,,-268832.83513429115,-0.4444805496087984,,711798.89,0.0019556230605590427,,618307.4187706069,0.001207263409343669,,93491.47122939315,0.1512054819191465,,379211.8,0.0010769469178320882,,605031.7460410789,0.0012074237698321878,,-225819.94604107895,-0.37323652439511296,,1427002.6,0.0013363913369892763,,260058.71,0,,663427.0254016744,0.0012067666400813026,,-403368.3154016745,-0.608007060245177,,178946.73,0,,633271.2935172052,0.0012070907645587705,,-454324.5635172052,-0.7174248511943038,,104850.23,0,,622667.125232279,0.0012072122477317017,,-517816.89523227897,-0.8316111036681328,,543855.67,0,,115695.55,0,,622667.125232279,0.0012072122477317017,,-506971.57523227896,-0.8141935790221122,,,,,,,,0,,,,,,,,,0,,,115695.55,0,,2836274.3199999994,0,,5980434.866806316,0.0012075110610636171,,-3144160.546806317,-0.525741123652663,,5115032.29,0,,4345138.08,0,,,,,,,,,,,,,,,,,,,,,,,,,,,,,,,,,,,,,,,,,,,,,,,,,,,,,,,,,,,,,,,,,,,,,,,,,,,,,,,,,,,ok
DEPRECIACIONES Y AMORT.,501328.01999999996,0.0012428060897230538,,509669.029,0.0011358641837518717,,-8341.00900000002,-0.01636554023375829,,450741.95,0.0012803433903271256,,514765.71929,0.0012080922953541444,,-64023.76928999997,-0.12437457835829845,,480238.39,0.001268699442790072,,519913.3764829,0.001135773847561079,,-39674.986482899985,-0.07631076305690107,,1432308.3599999999,0.001263103355385182,,445137.05000000005,0.0012656366440305397,,525112.510247729,0.0010482948560928396,,-79975.46024772897,-0.15230157097190364,,439416.29000000004,0.0012072688535792744,,530363.6353502063,0.0010355505872433025,,-90947.34535020625,-0.17148111086114057,,439903.15,0.001249308016093188,,535667.2717037083,0.0010689974547753748,,-95764.12170370831,-0.17877538308272448,,1324456.4900000002,0.0012403566604960805,,439903.15,0.0011912562156023488,,535667.2717037083,0,,-95764.12170370831,-0.17877538308272448,,463150.44,0.0014310255368473013,,535667.2717037083,0.0010210458348091421,,-72516.83170370833,-0.13537663309738157,,417883.01,0.001223530889319228,,535667.2717037083,0.0010385389960462603,,-117784.26170370833,-0.21988325202152337,,1320936.6,0.0012769278031033518,,417275.51,0.0010699133581037034,,535667.2717037083,0.0010385389960462603,,-118391.76170370833,-0.22101735154951546,,,,,,,,0,,,,,,,,,0,,,417275.51,0.0010699133581037034,,4494976.96,0.0012395710025729114,,5278160.628889376,0.0010657146985797665,,-783183.6688893763,-0.14838193150142398,,5748254.66,0.0010812345022203193,,4755517.38,0.0010428563221043198,,,,,,,,,,,,,,,,,,,,,,,,,,,,,,,,,,,,,,,,,,,,,,,,,,,,,,,,,,,,,,,,,,,,,,,,,,,,,,,,,,,ok
TELEFONO,100667.11,0,,98506.96620966402,0,,2160.1437903359765,0.021928842938257656,,138753,0,,93577.768584898,0,,45175.231415102,0.48275602312655036,,156672.49,0,,100481.30842579709,0,,56191.1815742029,0.5592202416004433,,396092.6,0,,120478.87999999999,0,,109891.29553852476,0,,10587.584461475228,0.09634597908406241,,159979.80000000002,0,,112340.97783928593,0,,47638.82216071409,0.42405561244860973,,115308.2,0,,109928.90576860805,0,,5379.294231391948,0.04893430161776514,,395766.88,0,,144738.81,0,,120538.81046231417,0,,24199.999537685828,0.20076520951940066,,101498.56,0,,115059.78125367795,0,,-13561.221253677955,-0.11786239384358696,,92957.25,0,,113133.09786263989,0,,-20175.847862639886,-0.17833727038162,,339194.62,0,,93904.17,0,,113133.09786263989,0,,-19228.92786263989,-0.16996730599551527,,,,,,,,0,,,,,,,,,0,,,93904.17,0,,1224958.27,0,,1086592.0098080498,0,,138366.26019195025,0.12733966285689247,,1344569.78,0,,1061128.89,0,,,,,,,,,,,,,,,,,,,,,,,,,,,,,,,,,,,,,,,,,,,,,,,,,,,,,,,,,,,,,,,,,,,,,,,,,,,,,,,,,,,ok
EQUIPOS MENORES,15122.04,0,,11441.926666666666,0,,3680.1133333333346,0.32163406046417603,,1668,0,,11441.926666666666,0,,-9773.926666666666,-0.8542203556627118,,704707.5,0.0018617045850499055,,11441.926666666666,0,,693265.5733333334,60.58993328046734,,721497.54,0,,16721.54,0,,11441.926666666666,0,,5279.613333333335,0.46142695082238494,,0,0,,11441.926666666666,0,,-11441.926666666666,,,722.49,0,,11441.926666666666,0,,-10719.436666666666,-0.9368559141263505,,17444.030000000002,0,,36066.18,0,,11441.926666666666,0,,24624.253333333334,2.152107250002768,,10177.37,0,,11441.926666666666,0,,-1264.5566666666655,-0.11051955702099112,,13245.96,0,,11441.926666666666,0,,1804.0333333333328,0.1576686676894159,,59489.51,0,,1731.88,0,,11441.926666666666,0,,-9710.046666666665,-0.8486373798352141,,,,,,,,0,,,,,,,,,0,,,1731.88,0,,800162.9600000001,0,,114419.26666666666,0,,685743.6933333334,5.993253700280081,,169131.41999999995,0,,150938.32999999996,0,,,,,,,,,,,,,,,,,,,,,,,,,,,,,,,,,,,,,,,,,,,,,,,,,,,,,,,,,,,,,,,,,,,,,,,,,,,,,,,,,,,ok
PAPELERIA,5040,0,,6746.5047536357815,0,,-1706.5047536357815,-0.2529464983651161,,2558.03,0,,6408.915885694057,0,,-3850.8858856940565,-0.6008638519176045,,0,0,,6881.722694650178,0,,-6881.722694650178,,,7598.030000000001,0,,1501.31,0,,7526.1900377266775,0,,-6024.880037726678,-0.800521911820675,,5520.39,0,,7693.962875759337,0,,-2173.572875759337,-0.282503686443226,,2711.46,0,,7528.765871759593,0,,-4817.305871759593,-0.6398533244112838,,9733.16,0,,1776.37,0,,8255.412678639823,0,,-6479.042678639823,-0.7848235976626334,,0,0,,7880.167170391218,0,,-7880.167170391218,,,0,0,,7748.213267469028,0,,-7748.213267469028,,,1776.37,0,,1661.03,0,,7748.213267469028,0,,-6087.183267469029,-0.7856241248580682,,,,,,,,0,,,,,,,,,0,,,1661.03,0,,20768.589999999997,0,,74418.0685031947,0,,-53649.47850319471,-0.7209200612468406,,81053.23000000001,0,,74196.77,0,,,,,,,,,,,,,,,,,,,,,,,,,,,,,,,,,,,,,,,,,,,,,,,,,,,,,,,,,,,,,,,,,,,,,,,,,,,,,,,,,,,ok
SEGUROS,489996.52999999997,0.001214715011195993,,481532.47650000005,0.001073158191391084,,8464.053499999922,0.01757732637582529,,564210.5,0.0016026535458440526,,481532.47650000005,0.0011300979319773278,,82678.02349999995,0.17169770998820666,,564912.6699999999,0.0014923929543701239,,481532.47650000005,0.0010519290679915944,,83380.19349999988,0.17315590862333013,,1619119.7,0.001427845834705768,,481095.22000000003,0.0013678747695792435,,481532.47650000005,0,,-437.2565000000177,-0.0009080519411238873,,974663.34,0.0026778267439915493,,481532.47650000005,0,,493130.8634999999,1.0240864065582913,,481879.9,0.0013685203705956273,,481532.47650000005,0,,347.4234999999753,,,1937638.46,0.0018146030372763456,,236423.06,0,,481532.47650000005,0,,-245109.41650000005,-0.5090194918556029,,419609.77,0.0012964951439550024,,481532.47650000005,0,,-61922.70650000003,-0.12859507825948271,,500281.58,0.001464787875648327,,481532.47650000005,0,,18749.10349999997,0.03893632187859289,,1156314.4100000001,0.0011177902249495156,,497597.25,0.0012758619472555866,,481532.47650000005,0,,16064.773499999952,0.03336176537201837,,,,,,,,0,,,,,,,,,0,,,497597.25,0.0012758619472555866,,5210669.82,0.0014369362224392385,,4815324.765,0,,395345.05500000063,0.08210143122091178,,4886596.2,0,,3941005.7800000003,0,,,,,,,,,,,,,,,,,,,,,,,,,,,,,,,,,,,,,,,,,,,,,,,,,,,,,,,,,,,,,,,,,,,,,,,,,,,,,,,,,,,ok
COMBUSTIBLE ,13745.11,0,,12761.386666666667,0,,983.7233333333334,0.07708592796603086,,13243.52,0,,12761.386666666667,0,,482.1333333333332,0.03778063825874721,,11515.2,0,,12761.386666666667,0,,-1246.1866666666665,-0.09765291964091675,,38503.83,0,,9831.68,0,,12761.386666666667,0,,-2929.706666666667,-0.22957588725990072,,11883.05,0,,12761.386666666667,0,,-878.336666666668,-0.0688276822581455,,12551.29,0,,12761.386666666667,0,,-210.09666666666635,-0.01646346687507311,,34266.020000000004,0,,17244.01,0,,12761.386666666667,0,,4482.623333333331,0.3512645961149466,,11483.02,0,,12761.386666666667,0,,-1278.3666666666668,-0.10017458917735168,,9449.93,0,,12761.386666666667,0,,-3311.456666666667,-0.2594903479663652,,38176.96,0,,9204.5,0,,12761.386666666667,0,,-3556.886666666667,-0.2787225839616176,,,,,,,,0,,,,,,,,,0,,,9204.5,0,,120151.31,0,,127613.8666666667,0,,-7462.5566666667,-0.058477631479964806,,170491.17,0,,148271.29,0,,,,,,,,,,,,,,,,,,,,,,,,,,,,,,,,,,,,,,,,,,,,,,,,,,,,,,,,,,,,,,,,,,,,,,,,,,,,,,,,,,,ok
MENSAJERIA Y PAQUETERIA,9209.09,0,,23093.035613102118,0,,-13883.945613102118,-0.6012178669669954,,10536.74,0,,21937.481435842594,0,,-11400.741435842594,-0.5196923570823163,,4389.91,0,,23555.881611349283,0,,-19165.971611349283,-0.8136384758410006,,24135.74,0,,6662.43,0,,25761.869430023304,0,,-19099.439430023303,-0.7413840630588906,,7040.8,0,,26336.149633637106,0,,-19295.349633637106,-0.7326564399904785,,10060.97,0,,25770.686414406737,0,,-15709.716414406737,-0.6095963515207125,,23764.199999999997,0,,1331.86,0,,28257.97149048837,0,,-26926.11149048837,-0.9528678128772158,,1623.13,0,,26973.52002975655,0,,-25350.39002975655,-0.9398250581233223,,5807.01,0,,26521.84671286935,0,,-20714.83671286935,-0.7810480520882345,,8762,0,,4204.22,0,,26521.84671286935,0,,-22317.626712869347,-0.8414808725231051,,,,,,,,0,,,,,,,,,0,,,4204.22,0,,60866.16,0,,254730.28908434478,0,,-193864.12908434478,-0.7610564482975702,,334524.71,0,,281297.26,0,,,,,,,,,,,,,,,,,,,,,,,,,,,,,,,,,,,,,,,,,,,,,,,,,,,,,,,,,,,,,,,,,,,,,,,,,,,,,,,,,,,ok
DIVERSOS,289372.87,0,,227694.12163591408,0,,61678.74836408591,0.27088423680393053,,161031.49000000002,0,,216300.5180490154,0,,-55269.02804901538,-0.255519628651518,,1350582.2100000002,0.003567984011584714,,232257.71885150895,0,,1118324.4911484912,4.815015391860788,,1800986.5700000003,0.00158822795642319,,360056.99000000005,0.001023732624555376,,254008.45215170473,0,,106048.53784829532,0.4175000357269946,,529030.1830000001,0.0014534774360305206,,259670.77514489967,0,,269359.4078551004,1.0373112172703853,,-183179.7,0,,254095.38639232592,0,,-437275.08639232593,-1.72090919320026,,705907.4730000002,0,,369496.59,0.0010005954935339123,,278619.67155539064,0,,90876.91844460939,0.32616834962617747,,463823.44,0.001433104947991331,,265955.1586678183,0,,197868.2813321817,0.743991138669064,,224970.17,0,,261501.72253763446,0,,-36531.552537634445,-0.13969908948640652,,1058290.2,0.001023031824640037,,276098.11,0,,261501.72253763446,0,,14596.387462365528,0.055817557608114285,,,,,,,,0,,,,,,,,,0,,,276098.11,0,,3841282.353,0.0010593029196469656,,2511605.2475238466,0,,1329677.1054761535,0.52941325345098,,9252195.73,0.001740318381192164,,2634223.02,0,,,,,,,,,,,,,,,,,,,,,,,,,,,,,,,,,,,,,,,,,,,,,,,,,,,,,,,,,,,,,,,,,,,,,,,,,,,,,,,,,,,ok
ENERGIA ELECTRICA,385.34000000000015,0,,18136.036533333332,0,,-17750.696533333332,-0.9787527997480728,,379.31000000000495,0,,18136.036533333332,0,,-17756.726533333327,-0.9790852869477381,,380.16999999999825,0,,18136.036533333332,0,,-17755.866533333334,-0.9790378675461278,,1144.8200000000033,0,,380.17000000000553,0,,18136.036533333332,0,,-17755.866533333327,-0.9790378675461274,,379.31000000000495,0,,18136.036533333332,0,,-17756.726533333327,-0.9790852869477381,,380.17,0,,18136.036533333332,0,,-17755.866533333334,-0.9790378675461278,,1139.6500000000106,0,,14881.9,0,,18136.036533333332,0,,-3254.1365333333324,-0.17942931066290893,,14212.93,0,,18136.036533333332,0,,-3923.1065333333318,-0.2163155398437147,,14181.03,0,,18136.036533333332,0,,-3955.0065333333314,-0.2180744688104362,,43275.86,0,,9477.59,0,,18136.036533333332,0,,-8658.446533333332,-0.4774166901031238,,,,,,,,0,,,,,,,,,0,,,9477.59,0,,55037.92000000001,0,,181360.36533333332,0,,-126322.44533333331,-0.6965272985702116,,79889.61,0,,76593.92,0,,,,,,,,,,,,,,,,,,,,,,,,,,,,,,,,,,,,,,,,,,,,,,,,,,,,,,,,,,,,,,,,,,,,,,,,,,,,,,,,,,,ok
ARRENDAM MAQ Y EQUIPO,243982.99,0,,196262.14062405349,0,,47720.849375946505,0.24314852178932128,,124988.31,0,,186441.3643417293,0,,-61453.054341729294,-0.32961062347243764,,124062.52,0,,200195.7571445133,0,,-76133.2371445133,-0.38029395942470334,,493033.82,0,,117229.84,0,,218943.91562558842,0,,-101714.07562558842,-0.4645668062296265,,127074.84,0,,223824.58458429883,0,,-96749.74458429884,-0.4322570050291329,,117090.26,0,,219018.84904958398,0,,-101928.58904958398,-0.4653872919700543,,361394.94,0,,113678.18,0,,240157.6850845087,0,,-126479.50508450871,-0.5266519163856949,,114757.22,0,,229241.44187446087,0,,-114484.22187446087,-0.49940456201263855,,114732.63,0,,225402.77927850687,0,,-110670.14927850687,-0.4909883970053591,,343168.03,0,,112417.31,0,,225402.77927850687,0,,-112985.46927850688,-0.5012603200375911,,,,,,,,0,,,,,,,,,0,,,112417.31,0,,1310014.1,0,,2164891.2968857507,0,,-854877.1968857506,-0.3948822733573332,,1542056.2,0,,1429284.45,0,,,,,,,,,,,,,,,,,,,,,,,,,,,,,,,,,,,,,,,,,,,,,,,,,,,,,,,,,,,,,,,,,,,,,,,,,,,,,,,,,,,ok
RECLUTAMIENTO,180000,0,,0,0,,180000,,,322500,0,,0,0,,322500,,,25970.66,0,,0,0,,25970.66,,,528470.66,0,,0,0,,0,0,,0,,,0,0,,0,0,,0,,,0,0,,0,0,,0,,,0,0,,0,0,,0,0,,0,,,639141.33,0.001974795845782956,,0,0,,639141.33,,,0,0,,0,0,,0,,,639141.33,0,,0,0,,0,0,,0,,,,,,,,,0,,,,,,,,,0,,,0,0,,1167611.99,0,,0,0,,1167611.99,,,963832,0,,963832,0,,,,,,,,,,,,,,,,,,,,,,,,,,,,,,,,,,,,,,,,,,,,,,,,,,,,,,,,,,,,,,,,,,,,,,,,,,,,,,,,,,,ok
COMEDOR,169995,0,,134941.0513311453,0,,35053.94866885469,0.25977231037597526,,103885,0,,128188.72573125635,0,,-24303.725731256345,-0.18959331713935862,,0,0,,137645.62974406086,0,,-137645.62974406086,,,273880,0,,127200,0,,150536.02321431908,0,,-23336.02321431908,-0.15501952765880786,,110485,0,,153891.7524364376,0,,-43406.752436437586,-0.282060290751228,,113941,0,,150587.54407810693,0,,-36646.544078106934,-0.24335707380352162,,351626,0,,152927,0,,165121.66028309366,0,,-12194.66028309366,-0.07385257792458279,,122729,0,,157616.14072304766,0,,-34887.14072304766,-0.22134243715780966,,112665,0,,154976.84837274253,0,,-42311.848372742534,-0.27302044671199016,,388321,0,,148737,0,,154976.84837274253,0,,-6239.848372742534,-0.040263100187292254,,,,,,,,0,,,,,,,,,0,,,148737,0,,1162564,0,,1488482.2242869525,0,,-325918.2242869525,-0.21896010511182387,,1520375,0,,1340015,0,,,,,,,,,,,,,,,,,,,,,,,,,,,,,,,,,,,,,,,,,,,,,,,,,,,,,,,,,,,,,,,,,,,,,,,,,,,,,,,,,,,ok
CUENTAS INCOBRABLES,0,,,0,,,0,,,0,0,,0,,,0,,,0,0,,,,,0,,,0,0,,0,0,,,,,,,,0,0,,,,,,,,0,0,,,,,,,,,,,0,0,,,,,,,,0,0,,,,,,,,0,0,,,,,,,,,,,0,0,,,,,,,,,,,,,,,,,,,,,,,,,,,,,0,,,0,0,,0,,,0,,,0,,,,,,,,,,,,,,,,,,,,,,,,,,,,,,,,,,,,,,,,,,,,,,,,,,,,,,,,,,,,,,,,,,,,,,,,,,,,,,,,,,,,ok
CAPACITACION Y ADIESTRAMIENTO,92492.2,0,,59046.84092758329,0,,33445.35907241671,0.566420803331969,,28664.71,0,,56092.19153323795,0,,-27427.48153323795,-0.48897147327512674,,0,0,,60230.29703488531,0,,-60230.29703488531,,,121156.91,0,,15042.2,0,,65870.81195027949,0,,-50828.61195027949,-0.7716408898776878,,7800,0,,67339.19542306144,0,,-59539.195423061436,-0.8841685002175009,,14487.94,0,,65893.35619621891,0,,-51405.41619621891,-0.7801304890760542,,37330.14,0,,28845.66,0,,72253.12321383947,0,,-43407.463213839466,-0.6007693686177588,,15042.2,0,,68968.89491437748,0,,-53926.694914377484,-0.7818987817816369,,8320,0,,67814.00636094967,0,,-59494.00636094967,-0.8773114811162223,,52207.86,0,,27445.4,0,,67814.00636094967,0,,-40368.60636094967,-0.5952841975753804,,,,,,,,0,,,,,,,,,0,,,27445.4,0,,238140.31000000003,0,,651322.7239153828,0,,-413182.4139153827,-0.6343743258818983,,972247.9299999999,0,,702992.77,0,,,,,,,,,,,,,,,,,,,,,,,,,,,,,,,,,,,,,,,,,,,,,,,,,,,,,,,,,,,,,,,,,,,,,,,,,,,,,,,,,,,ok
ARRENDAMIENTO,766508.2999999998,0.00938798971101556,,683191.7923740001,0.0015225823886404362,,83316.50762599974,0.12195185679336988,,766508.2999999998,0.010756963515177121,,683191.7923740001,0.0016033677257192046,,83316.50762599974,0.12195185679336988,,766508.2999999998,0.010004446952431053,,683191.7923740001,0.0014924627942752863,,83316.50762599974,0.12195185679336988,,2299524.8999999994,0.0020278717195937996,,766508.2999999998,0.010767292427614062,,683191.7923740001,0.0013638723658147866,,83316.50762599974,0.12195185679336988,,766508.2999999998,0.010404448248849943,,683191.7923740001,0.0013339520559805006,,83316.50762599974,0.12195185679336988,,766508.2999999998,0.01075483286866377,,683191.7923740001,0.0013634028542538947,,83316.50762599974,0.12195185679336988,,2299524.8999999994,0.002153510551102802,,766507.9699999997,0.002075700943653707,,683191.7923740001,0.0012427185391115573,,83316.17762599967,0.12195137376648964,,766507.9699999997,0.0023683286995624677,,683191.7923740001,0.0013022452011313271,,83316.17762599967,0.12195137376648964,,766507.9699999997,0.0022442792737718048,,683191.7923740001,0.001324556036254524,,83316.17762599967,0.12195137376648964,,2299523.909999999,0.0022229121477744867,,766507.9699999997,0.0019653612458491814,,683191.7923740001,0.001324556036254524,,83316.17762599967,0.12195137376648964,,,,,,,,0,,,,,,,,,0,,,766507.9699999997,0.0019653612458491814,,7665081.679999998,0.0021137845794165877,,6831917.92374,0.0013794342125492136,,833163.7562599974,0.12195166358261782,,6858207.7200000025,0.0012900143171906294,,5715173.1000000015,0.001253303042129886,,,,,,,,,,,,,,,,,,,,,,,,,,,,,,,,,,,,,,,,,,,,,,,,,,,,,,,,,,,,,,,,,,,,,,,,,,,,,,,,,,,ok
NO DEDUCIBLES,669.95,0,,,0,,669.95,,,7229.85,0,,,0,,7229.85,,,42709.8,0,,,0,,42709.8,,,50609.600000000006,0,,11087.039999999999,0,,,0,,11087.039999999999,,,48135.68,0,,,0,,48135.68,,,73345.5,0,,,0,,73345.5,,,132568.22,0,,14765.12,0,,,0,,14765.12,,,9384.74,0,,,0,,9384.74,,,134714.25,0,,,0,,134714.25,,,158864.11,0,,5349.75,0,,,0,,5349.75,,,,,,,,,0,,,,,,,,,0,,,5349.75,0,,347391.68,0,,0,0,,347391.68,,,4162014.4699999997,0,,715994.39,0,,,,,,,,,,,,,,,,,,,,,,,,,,,,,,,,,,,,,,,,,,,,,,,,,,,,,,,,,,,,,,,,,,,,,,,,,,,,,,,,,,,ok
GASTOS DE ADMON CORPORATIVO,15187371.409999993,0.037046676894945965,,14133789.849152755,0.031499001816585534,,1053581.5608472477,0.07454345735233882,,14154489.44,0.04164609174386046,,14067943.348839838,0.03301574548253362,,86546.09116015967,0.0061520073698120735,,15226523.200000003,0.04055937239948413,,14172449.802342096,0.030960345645005265,,1054073.3976579015,0.0743748196224843,,44568384.05,0.039303321135157256,,13664941.91,0.04197396986365902,,15146106.9324204,0.030236541078783166,,-1481165.0224203994,-0.09779179752454747,,14810889.593000002,0.04087811009577641,,15186614.967796933,0.02965231211177519,,-375725.3747969374,-0.024740561052851648,,12828511.48,0.038367509247515426,,15157202.99692903,0.030248275900255354,,-2328691.5169290313,-0.15363596551427341,,41304342.982999995,0.038681615676464075,,12167626.679999998,0.03294989115599415,,15309905.434174089,0.027848553696730532,,-3142278.7541740886,-0.2052448179830057,,12405732.92,0.03833078645423988,,15231048.824426038,0.02903219924654438,,-2825315.904426036,-0.18549713397905193,,11786046.59,0.03450868238414516,,15203319.145592485,0.02947583441455417,,-3417272.5555924824,-0.22477148067914948,,36359406.19,0.03514804319021753,,11433573.740000002,0.02931620232227317,,15203319.145592485,0.02947583441455417,,-3769745.4055924844,-0.24795542141107718,,0,,,0,,,0,,,0,,,0,,,0,,,11433573.740000002,0.02931620232227317,,133665706.96299997,0.036860730514121,,148811700.44726616,0.030046606694626353,,-15145993.48426617,-0.1017795874836698,,177923463.79999995,0.03346702593985423,,136288889,0.02988733258004072,,,11433573.740000002,0.02931620232227317,,2659217.8021513857,0.02926235684384329,,203479.53118558732,0.019134863596285582,,617423.522517761,0.02921191307051911,,2980741.4089238173,0.03220879153509603,,368659.9494991592,0.020234179051339653,,293574.87419089925,0.020398950727060473,,2284386.3046880956,0.0253492370639811,,202524.3312192592,0.014175952076780143,,32941.69972754308,0.0056813996443667155,,257145.03102135172,0.01811451463273238,,0,,,1385367.8538282816,0.02056292024003828,,148111.4310468596,,148111.4310468596,,,,,,,,,,,,,,,,,,,,,,,,,,,,,,,,,,,,,,,ok
,,,,,,,,,,,,,,,,,,,,,,,,,,,,,,,,,,,,,,,,,,,,,,,,,,,,,,,,,,,,,,,,,,,,,,,,,,,,,,,,,,,,,,,,,,,,,,,,,,,,,,,,,,,,,,,,,,,,,,,,,,,,,,,,,,,,,,,,,,,,,,,,,,,,,,,,,,,,,,,,,,,,,,,,,,,,,,,,,,,,,,,,,,,,,,,,,,,,,,,,,,,,,,,,,,,,,,,,,
GASTOS MONTERREY IV,3020456.33,0.007487795157881952,,,,,,,,3020456.33,0.008579679122139014,,,,,,,,3020456.33,0.007979477156840265,,,,,,,,9061368.99,0.00799090886801236,,3020456.33,0.008587917390704728,,,,,,,,3020456.33,0.00829851540279802,,,,,,,,3020456.33,0.008577979733330875,,,,,,,,9061368.99,0.008485993662169409,,3020456.33,0.0081793853421326,,,,,3020456.33,,,3020456.33,0.009332497106473827,,,,,3020456.33,,,3020456.33,0.008843675218082669,,,,,3020456.33,,,9061368.99,0.008759477175141894,,3020456.33,0.007744587203394438,,,,,3020456.33,,,,,,,,,,,,,,,,,,,,,3020456.33,0.007744587203394438,,30204563.299999997,0.008329453330959444,,0,0,,30204563.299999997,,,30321373.859999996,0.005703386073043829,,26278523.999999996,0.005762722055064825,,0,3020456.33,0.007744587203394438,,702496.9992765218,0.0077303626118656816,,53754.062550432245,0.005054939180642162,,163107.42636445956,0.007717036663399276,,787435.2727686227,0.008508734931536043,,97390.48379830674,0.005345350070569644,,74363.21986295881,0.005167103152375586,,603476.1511198741,0.006696616936374636,,53501.72326874134,0.0037449222052323267,,8702.350439646243,0.0015008797694680536,,67931.10836021844,0.004785389208266402,,0,,,365978.5819052362,0.005432195043708944,,42318.950284982275,,,,,,,,,,,,,,,,,,,,,,,,,,,,,,,,,,,,,,,,,ok
,,,,,,,,,,,,,,,,,,,,,,,,,,,,,,,,,,,,,,,,,,,,,,,,,,,,,,,,,,,,,,,,,,,,,,,,,,,,,,,,,,,,,,,,,,,,,,,,,,,,,,,,,,,,,,,,,,,,,,,,,,,,,,,,,,,,,,,,,,,,,,,,,,,,,,,,,,,,,,,,,,,,,,,,,,,,,,,,,,,,,,,,,,,,,,,,,,,,,,,,,,,,,,,,,,,,,,,,,
GASTOS HACIENDA SAN JOSE,2198266.93,0.005449564792809312,,,,,,,,2224990.4199999995,0.006320139001457873,,,,,,,,2146938.48,0.0056718073981560785,,,,,,,,6570195.83,0.005794029156131387,,2239300.8000000003,0.006366895654915499,,,,,,,,2328919.39,0.006398560786273633,,,,,,,,2305328.87,0.006547045262855903,,,,,,,,6873549.0600000005,0.006437095081785264,,2222538.9499999997,0.006018627824342284,,,,,2222538.9499999997,,,2215593.61,0.006845661282726408,,,,,2215593.61,,,2280582.95,0.006677380075777115,,,,,2280582.95,,,6718715.51,0.006494872377569608,,2215419.8600000003,0.005680437133782993,,,,,2215419.8600000003,,,,,,,,,,,,,,,,,,,,,2215419.8600000003,0.005680437133782993,,22377880.259999998,0.006171104260642253,,0,0,,22377880.259999998,,,0,0,,0,0,,0,2215419.8600000003,0.005680437133782993,,515261.812703517,0.005670003795528705,,39427.09468999668,0.003707655873272227,,119634.71482513087,0.005660229586713771,,577561.6500160173,0.006240918024065818,,71433.18373412041,0.003920664102100226,,56884.367168958284,0.003952590991370229,,442632.8025167411,0.0049117803850707315,,39242.01091620937,0.0027467952260136447,,6382.929559743716,0.0011008531445153348,,49825.55949519058,0.003509948541392441,,0,,,268435.0078610463,0.003984362450036272,,28698.726513328787,,,,,,,,,,,,,,,,,,,,,,,,,,,,,,,,,,,,,,,,,ok
,,,,,,,,,,,,,,,,,,,,,,,,,,,,,,,,,,,,,,,,,,,,,,,,,,,,,,,,,,,,,,,,,,,,,,,,,,,,,,,,,,,,,,,,,,,,,,,,,,,,,,,,,,,,,,,,,,,,,,,,,,,,,,,,,,,,,,,,,,,,,,,,,,,,,,,,,,,,,,,,,,,,,,,,,,,,,,,,,,,,,,,,,,,,,,,,,,,,,,,,,,,,,,,,,,,,,,,,,
TOTAL DE GASTOS,96999842.09,0.24046530343870787,,95832993.88668872,0.21357637836299015,,-4051875.0566887185,0.012175850466395119,,95730228.18,0.2719240241667556,,95040310.12708636,0.22304800438336408,,-4555528.697086375,0.007259215084537326,,94140908.13000003,0.24870256142638325,,97271238.48280913,0.21249333790180921,,-8297725.162809119,-0.032181458791257486,,286870978.40000004,0.2529816242779384,,95129983.64999999,0.27047848129798696,,100452597.13182512,0.200535959055289,,-10582370.611825127,-0.05298632025252867,,97439499.843,0.26770894922624844,,100979126.93855807,0.19716471347341052,,-8889002.815558065,-0.03505305703139823,,95474302.49000001,0.27114334469226425,,101213546.10676216,0.20198550274089813,,-11065028.816762175,-0.05670430330252704,,288043785.983,0.26975369229269397,,92208315.99999999,0.24969980225244007,,102769646.51798368,0.1869368842123405,,-10561330.51798369,-0.10276702193517384,,91747368.9,0.28347771370885433,,101631079.71202399,0.19372098335796012,,-9883710.812023997,-0.097250868927398,,93612777.36999999,0.274091365301401,,101931795.31698906,0.19762294611915873,,-8319017.946989079,-0.0816135723021307,,277568462.27,0.26832089196196596,,94979484.81,0.24353171252256522,,101931795.31698906,0.19762294611915873,,-6952310.506989076,-0.06820551414177156,,0,,,0,,,0,,,0,,,0,,,0,,,94979484.81,0.24353171252256522,,947462711.4629997,0.27550720281682456,,999054129.5377157,0.20171926271012178,,-89027868.15044934,,,1110024475.31,0.1022734071134974,,920569133.8500003,0,,,94979484.81,0.24353171252256522,,19599620.304131422,0.2156766109490266,,1678869.5984260167,0.15787799674323227,,3929457.533707352,0.18591285835834603,,17929320.321708456,0.1937376180566987,,4559058.757031586,0.25022737436132997,,4814720.381222815,0.3345492153980209,,19248952.251384713,0.21360058622844297,,3078977.5860642097,0.2155170119202732,,1642400.5860069334,0.28326207155138283,,2683322.7388767614,0.1890259703820238,,1809576.18,,,15595655.643594567,0.2314852493539151,,219129.10784517787,,,,,,,,,,,,,,,,,,,,,,,,,,,,,,,,,,,,,,,,,ok
,,,,,,,,,,,,,,,,,,,,,,,,,,,,,,,,,,,,,,,,,,,,,,,,,,,,,,,,,,,,,,,,,,,,,,,,,,,,,,,,,,,,,,,,,,,,,,,,,,,,,,,,,,,,,,,,,,,,,,,,,,,,,,,,,,,,,,,,,,,,,,,,,,,,,,,,,,,,,,,,,,,,,,,,,,,,,,,,,,,,,,,,,,,,,,,,,,,,,,,,,,,,,,,,,,,,,,,,,
MARGEN1,3065832.6405141056,0.0076002842923135255,,19439178.700909898,0.043322755732751794,,-11154622.800395869,-0.8422858965553621,,-15906371.200000107,-0.04518243138897963,,12662990.600287423,0.029718492912560915,,-23323915.050287586,-2.2561306963016357,,-5877588.585609287,-0.015527482847657785,,16360182.532972217,0.03573954489875788,,-17070376.30858147,-1.3592617975846926,,-18718127.14509529,-0.016506870911160723,,-24276349.218499973,-0.06902376954292104,,32385257.5363141,0.06465147606661265,,-51401849.62481403,-1.7496111213961636,,-4949064.263300121,-0.013597245426300631,,35840973.21386722,0.06998055369026959,,-35440661.757167414,-1.1380839809725167,,-19771823.244315147,-0.05615121708471634,,25091439.436955824,0.050073406219957706,,-39537477.481270894,-1.7879907923972786,,-48997236.72611524,-0.045886029007370564,,-34053.11999993026,0,,46083442.73935145,0.08382528782917123,,-46117495.85935137,-1.0007389447917885,,-16486698.320000023,-0.05094000626279775,,38025641.98281966,0.07248141787534353,,-54512340.30281964,-1.4335679152359575,,-5880813.6300001,-0.017218592185967694,,28316417.751766443,0.054899198844114185,,-34197231.38176658,-1.2076821186053184,,-22401565.070000052,-0.021655226504369664,,16699218.42999971,0.04281755444537889,,28316417.751766443,0.054899198844114185,,-11617199.321766749,-0.4102637354628668,,0,,,0,,,0,,,0,,,0,,,0,,,16699218.42999971,0.04281755444537889,,-73417710.51120985,-0.020246258397949198,,282521942.2470095,0.05704407419432714,,-318503202.682486,-1.2598655167357606,,216150053.49999857,0.14717720726049158,,162962007.0299989,0.035736586729505956,,,16699218.42999971,0.04281755444537889,,-67578.58413143829,-0.0007436429773657388,,682897.791573982,0.06421852859516697,,4113861.2562926454,0.19463747819802305,,12002653.758291543,0.12969624658192877,,-1067075.5170315895,-0.05856724361366317,,-4188477.1812227992,-0.29103491869546944,,10189578.56861531,0.11307108705204659,,-3359201.2060642126,-0.23513162604582835,,-1268880.0060069324,-0.21884160424315477,,-2271706.898876745,-0.16002979990527205,,-2215419.86,,,2152275.5564054362,0.03194607878236124,,-219129.10784549033,,,,,,,,,,,,,,,,,,,,,,,,,,,,,,,,,,,,,,,,,Validar
,,,,,,,,,,,,,,,,,,,,,,,,,,,,,,,,,,,,,,,,,,,,,,,,,,,,,,,,,,,,,,,,,,,,,,,,,,,,,,,,,,,,,,,,,,,,,,,,,,,,,,,,,,,,,,,,,,,,,,,,,,,,,,,,,,,,,,,,,,,,,,,,,,,,,,,,,,,,,,,,,,,,,,,,,,,,,,,,,,,,,,,,,,,,,,,,,,,,,,,,,,,,,,,,,,,,,,,,,
MANTENIMIENTO MAYORES FABRIC,0,0,,0,0,,0,,,0,0,,,0,,0,,,0,0,,,0,,0,,,0,0,,0,0,,,0,,0,,,0,0,,,0,,0,,,0,0,,,0,,0,,,0,0,,0,0,,,0,,0,,,0,0,,,0,,0,,,0,0,,,0,,0,,,0,0,,0,0,,,0,,0,,,,,,,,,0,,,,,,,,,0,,,0,0,,0,0,,0,0,,0,,,2647537.67,0,,2647537.67,0,,,0,0,,0,0,,0,0,,0,0,,0,0,,0,0,,0,0,,0,0,,0,0,,0,0,,0,0,,0,,,0,0,,,,,,,,,,,,,,,,,,,,,,,,,,,,,,,,,,,,,,,,,,,ok
FLETES ACTIVOS FIJOS FABRIC,0,0,,0,0,,0,,,0,0,,,0,,0,,,0,0,,,0,,0,,,0,0,,0,0,,,0,,0,,,0,0,,,0,,0,,,0,0,,,0,,0,,,0,0,,0,0,,,0,,0,,,0,0,,,0,,0,,,0,0,,,0,,0,,,0,0,,0,0,,,0,,0,,,,,,,,,0,,,,,,,,,0,,,0,0,,0,0,,0,0,,0,,,1905058.2499999998,0,,1905058.2499999998,0,,,0,0,,0,0,,0,0,,0,0,,0,0,,0,0,,0,0,,0,0,,0,0,,0,0,,0,0,,0,,,0,0,,,,,,,,,,,,,,,,,,,,,,,,,,,,,,,,,,,,,,,,,,,ok
GASTOS DE IMPORTACION ACTIVOS FIJOS,0,0,,0,0,,0,,,0,0,,,0,,0,,,0,0,,,0,,0,,,0,0,,0,0,,,0,,0,,,0,0,,,0,,0,,,0,0,,,0,,0,,,0,0,,0,0,,,0,,0,,,0,0,,,0,,0,,,0,0,,,0,,0,,,0,0,,0,0,,,0,,0,,,,,,,,,0,,,,,,,,,0,,,0,0,,0,0,,0,0,,0,,,2377928.1199999996,0,,2377928.1199999996,0,,,0,0,,0,0,,0,0,,0,0,,0,0,,0,0,,0,0,,0,0,,0,0,,0,0,,0,0,,0,,,0,0,,,,,,,,,,,,,,,,,,,,,,,,,,,,,,,,,,,,,,,,,,,ok
MANTENIMIENTO MAYORES ADMON,0,0,,0,0,,0,,,0,0,,,0,,0,,,0,0,,,0,,0,,,0,0,,3330445.1,0.009469293467016405,,,0,,3330445.1,,,0,0,,,0,,0,,,0,0,,,0,,0,,,3330445.1,0.0031189697761996957,,0,0,,,0,,0,,,0,0,,,0,,0,,,0,0,,,0,,0,,,0,0,,0,0,,,0,,0,,,,,,,,,0,,,,,,,,,0,,,0,0,,3330445.1,0,,0,0,,3330445.1,,,1983551.73,0,,1983551.73,0,,,0,0,,0,0,,0,0,,0,0,,0,0,,0,0,,0,0,,0,0,,0,0,,0,0,,0,0,,0,,,0,0,,,,,,,,,,,,,,,,,,,,,,,,,,,,,,,,,,,,,,,,,,,ok
MANTENIMIENTO MAYORES VENTA,0,0,,0,0,,0,,,0,0,,,0,,0,,,0,0,,,0,,0,,,0,0,,0,0,,,0,,0,,,0,0,,,0,,0,,,0,0,,,0,,0,,,0,0,,0,0,,,0,,0,,,0,0,,,0,,0,,,0,0,,,0,,0,,,0,0,,0,0,,,0,,0,,,,,,,,,0,,,,,,,,,0,,,0,0,,0,0,,0,0,,0,,,0,0,,0,0,,,0,0,,0,0,,0,0,,0,0,,0,0,,0,0,,0,0,,0,0,,0,0,,0,0,,0,0,,0,,,0,0,,,,,,,,,,,,,,,,,,,,,,,,,,,,,,,,,,,,,,,,,,,ok
MANTENIMIENTO MAYORES CORP,0,0,,0,0,,0,,,0,0,,,0,,0,,,0,0,,,0,,0,,,0,0,,0,0,,,0,,0,,,0,0,,,0,,0,,,0,0,,,0,,0,,,0,0,,0,0,,,0,,0,,,0,0,,,0,,0,,,0,0,,,0,,0,,,0,0,,0,0,,,0,,0,,,,,,,,,0,,,,,,,,,0,,,0,0,,0,0,,0,0,,0,,,15599.2,0,,15599.2,0,,,0,0,,0,0,,0,0,,0,0,,0,0,,0,0,,0,0,,0,0,,0,0,,0,0,,0,0,,0,,,0,0,,,,,,,,,,,,,,,,,,,,,,,,,,,,,,,,,,,,,,,,,,,ok
MTTO MAYORES,0,0,,0,0,,0,,,0,0,,0,0,,0,,,0,0,,0,0,,0,,,0,0,,3330445.1,0.009469293467016405,,0,0,,3330445.1,,,0,0,,0,0,,0,,,0,0,,0,0,,0,,,3330445.1,0.0031189697761996957,,0,0,,0,0,,0,,,0,0,,0,0,,0,,,0,0,,0,0,,0,,,0,0,,0,0,,0,0,,0,,,0,,,0,,,0,,,0,,,0,,,0,,,0,0,,3330445.1,0,,0,0,,3330445.1,,,8929674.969999999,0.0016796529107110214,,8929674.969999999,0.001958223943406385,,,0,0,,0,0,,0,0,,0,0,,0,0,,0,0,,0,0,,0,0,,0,0,,0,0,,0,0,,0,,,0,0,,,,,,,,,,,,,,,,,,,,,,,,,,,,,,,,,,,,,,,,,,,ok
,,,,,,,,,,,,,,,,,,,,,,,,,,,,,,,,,,,,,,,,,,,,,,,,,,,,,,,,,,,,,,,,,,,,,,,,,,,,,,,,,,,,,,,,,,,,,,,,,,,,,,,,,,,,,,,,,,,,,,,,,,,,,,,,,,,,,,,,,,,,,,,,,,,,,,,,,,,,,,,,,,,,,,,,,,,,,,,,,,,,,,,,,,,,,,,,,,,,,,,,,,,,,,,,,,,,,,,,,
MARGEN 2,3065832.6405141056,0.0076002842923135255,,19439178.700909898,0.043322755732751794,,-11154622.800395869,-0.8422858965553621,,-15906371.200000107,-0.04518243138897963,,12662990.600287423,0.029718492912560915,,-23323915.050287586,-2.2561306963016357,,-5877588.585609287,-0.015527482847657785,,16360182.532972217,0.03573954489875788,,-17070376.30858147,-1.3592617975846926,,-18718127.14509529,-0.016506870911160723,,-27606794.318499975,-0.07849306300993746,,32385257.5363141,0.06465147606661265,,-54732294.724814035,-1.8524494297303038,,-4949064.263300121,-0.013597245426300631,,35840973.21386722,0.06998055369026959,,-35440661.757167414,-1.1380839809725167,,-19771823.244315147,-0.05615121708471634,,25091439.436955824,0.050073406219957706,,-39537477.481270894,-1.7879907923972786,,-52327681.82611524,-0.04900499878357026,,-34053.11999993026,0,,46083442.73935145,0.08382528782917123,,-46117495.85935137,-1.0007389447917885,,-16486698.320000023,-0.05094000626279775,,38025641.98281966,0.07248141787534353,,-54512340.30281964,-1.4335679152359575,,-5880813.6300001,-0.017218592185967694,,28316417.751766443,0.054899198844114185,,-34197231.38176658,-1.2076821186053184,,-22401565.070000052,-0.021655226504369664,,16699218.42999971,0.04281755444537889,,28316417.751766443,0.054899198844114185,,-11617199.321766749,-0.4102637354628668,,0,,,0,,,0,,,0,,,0,,,0,,,16699218.42999971,0.04281755444537889,,-76748155.61120984,-0.02116468872770578,,282521942.2470095,0.05704407419432714,,-321833647.782486,-1.2716537873157787,,207220378.52999857,0.14549755434978054,,154032332.0599989,0.033778362786099574,,,16699218.42999971,0.04281755444537889,,-67578.58413143829,-0.0007436429773657388,,682897.791573982,0.06421852859516697,,4113861.2562926454,0.19463747819802305,,12002653.758291543,0.12969624658192877,,-1067075.5170315895,-0.05856724361366317,,-4188477.1812227992,-0.29103491869546944,,10189578.56861531,0.11307108705204659,,-3359201.2060642126,-0.23513162604582835,,-1268880.0060069324,-0.21884160424315477,,-2271706.898876745,-0.16002979990527205,,-2215419.86,,,2152275.5564054362,0.03194607878236124,,-219129.10784549033,,,,,,,,,,,,,,,,,,,,,,,,,,,,,,,,,,,,,,,,,Validar
,,,,,,,,,,,,,,,,,,,,,,,,,,,,,,,,,,,,,,,,,,,,,,,,,,,,,,,,,,,,,,,,,,,,,,,,,,,,,,,,,,,,,,,,,,,,,,,,,,,,,,,,,,,,,,,,,,,,,,,,,,,,,,,,,,,,,,,,,,,,,,,,,,,,,,,,,,,,,,,,,,,,,,,,,,,,,,,,,,,,,,,,,,,,,,,,,,,,,,,,,,,,,,,,,,,,,,,,,
OTROS INGRESOS 16%,3054895.86,0.007573171709568011,,10100000,0.0225091728222197,,-7045104.140000001,-0.6975350633663366,,1789391.6699999995,0.0050828102363024265,,10100000,0.023703466889571277,,-8310608.33,-0.8228325079207921,,2323290.07,0.006137695108566201,,10100000,0.022063898293919335,,-7776709.93,-0.7699712801980197,,7167577.6,0.00632083954082602,,1033014.97,0.0029371214996911817,,10100000,0.020162875269421312,,-9066985.03,-0.8977212900990098,,2783629.89,0.007647849528039348,,10100000,0.019720546873940738,,-7316370.109999999,-0.7243930801980197,,1568113.17,0.004453381053130217,,10100000,0.02015593422180051,,-8531886.83,-0.8447412702970297,,5384758.03,0.005042838732792387,,3640647.3,0.009858860353559434,,10100000,0.01837179161859087,,-6459352.7,-0.6395398712871287,,1973161.99,0.006096604800864357,,10100000,,,-8126838.01,-0.8046374267326732,,2089375.88,0.006117539759701034,,10100000,,,-8010624.12,-0.793131100990099,,7703185.17,0.007446543093761213,,3850734.7,0.009873458650960506,,10100000,,,-6249265.3,-0.6187391386138613,,,,,,,,,,,,,,,,,,,,3850734.7,0.009873458650960506,,24106255.499999996,,,101000000,0.0203929346082075,,-76893744.5,-0.761324202970297,,115862237.18949486,0.027608442444588994,,100767256.38949487,,,,3850734.7,0.009873458650960506,,2700694.17,0.02971876785146769,,0,0,,36000,0.001703253653586605,,698320.31,0.00754579153433987,,24.85,1.363910970282757e-06,,47271.71,0.0032846587628846363,,249898.55,0.0027730588179830915,,0,0,,37500,0.006467562039174781,,48020,0.0033827563737429604,,0,,,33005.11,0.0004898925888660135,,2.1827872842550278e-10,,,,,,,,,,,,,,,,,,,,,,,,,,,,,,,,,,,,,,,,,ok
OTROS INGRESOS 0%,447656.44,0.0011097527517726676,,,,,,,,1944852.72,0.0055244011018094315,,,,,,,,439383.8,0.0011607693050757239,,,,,,,,2831892.96,0.00249734875517146,,421319.44,0.0011979171855194403,,,,,,,,508284.61,0.0013964802679634122,,,,,,,,444987.56,0.0012637475448169636,,,,,,,,1374591.61,0.0012873083199022497,,559989.06,0.001516448446423529,,,,,,,,584024.9,0.0018044990868511137,,,,,584024.9,,,453258.13,0.0013271066533431697,,,,,453258.13,,,1597272.0899999999,0.0015440568009410889,,389519.28,0.0009987451238414082,,,,,389519.28,,,,,,,,,,,,,,,,,,,,,389519.28,0.0009987451238414082,,6193275.9399999995,,,0,0,,6193275.9399999995,,,9071303.1,0.0017062928613914502,,7627857.85,,,,389519.28,0.0009987451238414082,,0,0,,0,0,,0,0,,0,0,,0,0,,0,0,,0,0,,0,0,,0,0,,0,0,,0,,,0,0,,389519.28,,,,,,,,,,,,,,,,,,,,,,,,,,,,,,,,,,,,,,,,,ok
,,,,,,,,,,,,,,,,,,,,,,,,,,,,,,,,,,,,,,,,,,,,,,,,,,,,,,,,,,,0,,,,,,,,,,,,,,,,,,,,,,,,,,,,,,,,,,,,,,,,,,,,,,,,,,,,,,,,,,,,,,,,,,,,,,,,,,,,,,,,,,,,,,,,,,,,,,,,,,,,,,,,,,,,,,,,,,,,,,,,,,,,,,,,,,,,,,,,,,,,,,,,,,,,,,,,,,,,,,
MARGEN DE OPERACIÓN ,6568384.940514105,0.016283208753654202,,29539178.700909898,0.0658319285549715,,-18199726.94039587,-0.7776382002011525,,-12172126.810000107,-0.034575220050867765,,22762990.600287423,0.05342195980213219,,-31634523.380287588,-1.5347332002081666,,-3114914.7156092874,-0.00822901843401586,,26460182.532972217,0.05780344319267722,,-24847086.23858147,-1.1177208324896386,,-8718656.58509529,-0.007688682615163242,,-26152459.908499975,-0.07435802432472682,,42485257.5363141,0.08481435133603396,,-63799279.754814036,-1.6155655261391852,,-1657149.7633001208,-0.0045529156302978714,,45940973.21386722,0.08970110056421032,,-42757031.86716741,-1.036071281197846,,-17758722.514315147,-0.05043408848676916,,35191439.436955824,0.07022934044175821,,-48069364.31127089,-1.5046318877103406,,-45568332.18611524,-0.042674851730875624,,4166583.2400000696,0.011283093068268904,,56183442.73935145,0.1021970794477621,,-52576848.55935137,-0.9258396595714176,,-13929511.430000022,-0.043038902375082275,,48125641.98281966,0.09173322487630677,,-62055153.41281964,-1.289440532242099,,-3338179.6200000998,-0.009773945772923492,,38416417.75176644,0.0744808391909396,,-41754597.371766575,-1.0868946095278915,,-13101107.810000053,-0.01266462660966736,,20939472.40999971,0.0536897582201808,,38416417.75176644,0.0744808391909396,,-17476945.34176675,-0.454934279783625,,,,,,,,,,,,,,,,,,,,20939472.40999971,0.0536897582201808,,-46448624.17120984,-0.012809046218568147,,383521942.2470095,0.07743700880253464,,-429970566.4182193,-1.1211107346272624,,332153918.8194935,0.174812289655761,,262427446.29949376,0.05754875854688159,,,20939472.40999971,0.0536897582201808,,2633115.5858685616,0.028975124874101952,,682897.791573982,0.06421852859516697,,4149861.2562926454,0.19634073185160963,,12700974.068291543,0.13724203811626864,,-1067050.6670315894,-0.05856587970269288,,-4141205.4712227993,-0.2877502599325848,,10439477.11861531,0.11584414587002968,,-3359201.2060642126,-0.23513162604582835,,-1231380.0060069324,-0.21237404220397998,,-2223686.898876745,-0.15664704353152908,,-2215419.86,,,2185280.666405436,0.03243597137122725,,170390.1721545076,,,,,,,,,,,,,,,,,,,,,,,,,,,,,,,,,,,,,,,,,Validar
,,,,,,,,,,,,,,,,,,,,,,,,,,,,,,,,,,,,,,,,,,,,,,,,,,,,,,,,,,,,,,,,,,,,,,,,,,,,,,,,,,,,,,,,,,,,,,,,,,,,,,,,,,,,,,,,,,,,,,,,,,,,,,,,,,,,,,,,,,,,,,,,,,,,,,,,,,,,,,,,,,,,,,,,,,,,,,,,,,,,,,,,,,,,,,,,,,,,,,,,,,,,,,,,,,,,,,,,,
 VTA. ACTIVOS FIJO,11862.07,0,,,,,,,,17241.38,0,,,,,,,,121228.58,0,,,,,,,,150332.03,0,,0,0,,,,,,,,9000,0,,,,,,,,5191356.59,0.014743252923479173,,,,,,,,5200356.59,0.004870146344604483,,889765.85,0.0024094828583137154,,,,,,,,7668904.87,0.02369510586802559,,,,,7668904.87,,,8294.4,0,,,,,8294.4,,,8566965.120000001,0.008281545041559635,,-45977.46,0,,,,,-45977.46,,,,,,,,,,,,,,,,,,,,,-45977.46,0,,13871676.28,0.003825365030072695,,0,0,,13871676.28,,,33212019.84,0,,2040359.18,0,,,,,,,,,,,,,,,,,,,,,,,,,,,,,,,,,,,,,,,,,,,,,,,,,,,,,,,,,,,,,,,,,,,,,,,,,,,,,,,,,,,ok
 ACTUALIZACION DE IMPUESTOS,87661,0,,,,,,,,0,0,,,,,,,,122640,0,,,,,,,,210301,0,,2573,0,,,,,,,,535268,0.001470615449230776,,,,,,,,0,0,,,,,,,,537841,0,,0,0,,,,,,,,230203,0,,,,,230203,,,0,0,,,,,0,,,230203,0,,63777,0,,,,,63777,,,,,,,,,,,,,,,,,,,,,63777,0,,1042122,0,,0,0,,1042122,,,0,0,,0,0,,,,,,,,,,,,,,,,,,,,,,,,,,,,,,,,,,,,,,,,,,,,,,,,,,,,,,,,,,,,,,,,,,,,,,,,,,,,,,,,,,,ok
SUBARRENDAMIENTO,2214358.15,0.005489455374243546,,,,,,,,2842527.18,0.00807426707618007,,,,,,,,2840968.75,0.007505304751061254,,,,,,,,7897854.08,0.006964845187938826,,2830991.04,0.008049219895639169,,,,,,,,2721250.12,0.007476465000136573,,,,,,,,2690206.82,0.007640083834759,,,,,,,,8242447.98,0.007719072183930681,,2615616.85,0.0070830814241651515,,,,,,,,2625018.72,0.008110688231284453,,,,,2625018.72,,,2587265.73,0.0075753248248404785,,,,,2587265.73,,,7827901.300000001,0.007567104136503502,,2544274.15,0.006523634468178939,,,,,2544274.15,,,,,,,,,,,,,,,,,,,,,2544274.15,0.006523634468178939,,26512477.51,0.007311294055612348,,0,0,,26512477.51,,,23118792.4,0.004348595786211896,,18826362.51,0.004128507919737905,,,,,,,,,,,,,,,,,,,,,,,,,,,,,,,,,,,,,,,,,,,,,,,,,,,,,,,,,,,,,,,,,,,,,,,,,,,,,,,,,,,ok
OTROS INGRESOS,2313881.2199999997,0.005736175829772709,,,,,,,,2859768.56,0.00812324163229387,,,,,,,,3084837.33,0.008149559641970758,,,,,,,,8258487.11,0.0072828750221399785,,2833564.04,0.008056535582089196,,,,,,,,3265518.12,0.008971807388102855,,,,,,,,7881563.41,0.022383336758238174,,,,,,,,13980645.57,0.01309290790729148,,3505382.7,0.009492564282478867,,,,,3505382.7,,,10524126.59,0.03251706703183464,,,,,10524126.59,,,2595560.13,0.007599610221388113,,,,,2595560.13,,,16625069.420000002,0.01607118265246138,,2562073.69,0.006569273297100629,,,,,2562073.69,,,,,,,,,,,,,,,,,,,,,2562073.69,0.006569273297100629,,41426275.79,,,0,,,41426275.79,,,56330812.239999995,,,20866721.69,,,,,,,,,,,,,,,,,,,,,,,,,,,,,,,,,,,,,,,,,,,,,,,,,,,,,,,,,,,,,,,,,,,,,,,,,,,,,,,,,,,,
OTROS GASTOS,-2424732.27,-0.006010978662441418,,,,,,,,-2349417.11,-0.006673576018185033,,,,,,,,-2530915.17,-0.006686201546544291,,,,,,,,-7305064.55,-0.006442084541355568,,-2308944.22,-0.006564909422512712,,,,,,,,-2425147.81,-0.0066629423691574735,,,,,,,,-7430278.86,-0.021101706004164222,,,,,,,,-12164370.89,-0.011391962339326173,,-3006456.59,-0.00814147409441406,,,,,-3006456.59,,,-9149200.01,-0.02826886843945044,,,,,-9149200.01,,,-2366899.81,-0.006930109528642507,,,,,-2366899.81,,,-14522556.41,-0.014038717718977427,,-7442841.17,-0.019083782774664146,,,,,-7442841.17,,,,,,,,,,,,,,,,,,,,,-7442841.17,-0.019083782774664146,,-41434833.02,-0.0114264028414603,,0,0,,-41434833.02,,,-48647135.64,0.009150422971719864,,-44599582.3,-0.00978041980466212,,,,,,,,,,,,,,,,,,,,,,,,,,,,,,,,,,,,,,,,,,,,,,,,,,,,,,,,,,,,,,,,,,,,,,,,,,,,,,,,,,,ok
INTERESES A FAVOR,5344074.97,0.013248110322364481,,,,,,,,4509200.72,0.01280849350168165,,,,,,,,5450510.06,0.014399221761599862,,,,,,,,15303785.75,0.013495880964432085,,4926692.07,0.014007825270097541,,,,,,,,7742187.47,0.021271177249943832,,,,,,,,5966648.15,0.016945051116370933,,,,,,,,18635527.689999998,0.017452216110285836,,1259919.19,0.0034118568285864204,,,,,1259919.19,,,5981122.77,0.018480257565746602,,,,,5981122.77,,,6530142.95,0.019119780942984946,,,,,6530142.95,,,13771184.91,0.01331237918099652,,6503042.48,0.016674096252779935,,,,,6503042.48,,,,,,,,,,,,,,,,,,,,,6503042.48,0.016674096252779935,,54213540.83,0.01495036209477491,,0,0,,54213540.83,,,0,0,,0,0,,,,,,,,,,,,,,,,,,,,,,,,,,,,,,,,,,,,,,,,,,,,,,,,,,,,,,,,,,,,,,,,,,,,,,,,,,,,,,,,,,,ok
UTILIDAD CAMBIARIA,32920814.12,0.0816116128258235,,,,,,,,-4368004.96,-0.012407423536797718,,,,,,,,6363339.4,0.016810745078218572,,,,,,,,34916148.56,0.030791347474410816,,55205631.82,0.1569635027869515,,,,,,,,5069261.67,0.013927480305371148,,,,,,,,5609061.22,0.015929517997094217,,,,,,,,65883954.71,0.06170048065857611,,6304554.43,0.01707271168969993,,,,,6304554.43,,,1288093.74,0.003979905612943277,,,,,1288093.74,,,5839328.37,0.017097126378919063,,,,,5839328.37,,,13431976.54,0.012984471998548573,,4130313.45,0.010590311262960036,,,,,4130313.45,,,,,,,,,,,,,,,,,,,,,4130313.45,0.010590311262960036,,118362393.25999999,0.03264056563267176,,0,0,,118362393.25999999,,,360855425.23999995,0.06787613965642798,,327154144.79999995,0.07174293372203215,,,,,,,,,,,,,,,,,,,,,,,,,,,,,,,,,,,,,,,,,,,,,,,,,,,,,,,,,,,,,,,,,,,,,,,,,,,,,,,,,,,ok
PERDIDAS CAMBIARIA,-2042537.3,-0.005063506713481693,,,,,,,,-11375761.71,-0.032313125759284,,,,,,,,-14675672.14,-0.03877036374911174,,,,,,,,-28093971.150000002,-0.02477510445143217,,-101381966.13,-0.2882544406896506,,,,,,,,-25857066.74,-0.0710406783510975,,,,,,,,-45679269.77,-0.12972736815579575,,,,,,,,-172918302.64,-0.16193840267353815,,-17378292.16,-0.04706035533538136,,,,,-17378292.16,,,-12084372.33,-0.03733785808559509,,,,,-12084372.33,,,-31110622.779999997,-0.0910896280690819,,,,,-31110622.779999997,,,-60573287.269999996,-0.05855520593526541,,1079928.68,0.0027689861802129238,,,,,1079928.68,,,,,,,,,,,,,,,,,,,,,1079928.68,0.0027689861802129238,,-260505632.38000003,-0.07183912860482536,,0,0,,-260505632.38000003,,,-86055721.13,-0.0161868985114181,,-79455669.02,-0.017424149707247066,,,,,,,,,,,,,,,,,,,,,,,,,,,,,,,,,,,,,,,,,,,,,,,,,,,,,,,,,,,,,,,,,,,,,,,,,,,,,,,,,,,ok
,,,,,,,,,,,,,,,,,,,,,,,,,,,,,,,,,,,,,,,,,,,,,,,,,,,,,,,,,,,,,,,,,,,,,,,,,,,,,,,,,,,,,,,,,,,,,,,,,,,,,,,,,,,,,,,,,,,,,,,,,,,,,,,,,,,,,,,,,,,,,,,,,,,,,,,,,,,,,,,,,,,,,,,,,,,,,,,,,,,,,,,,,,,,,,,,,,,,,,,,,,,,,,,,,,,,,,,,,
UTILIDAD ANTES DE IMPTOS,42679885.68051411,0.10580462235569181,,29539178.700909898,0.0658319285549715,,-18199726.94039587,0.4448568835530773,,-22896341.310000107,-0.06503761023115899,,22762990.600287423,0.05342195980213219,,-31634523.380287588,-2.0058582245212984,,-5422815.235609287,-0.014326057247882695,,26460182.532972217,0.05780344319267722,,-24847086.23858147,-1.2049424726700912,,14360729.134904709,0.0126642318530319,,-66877482.32849997,-0.1901495107977519,,42485257.5363141,0.08481435133603396,,-63799279.754814036,-2.5741338574054002,,-13862397.05330012,-0.038086071407135005,,45940973.21386722,0.08970110056421032,,-42757031.86716741,-1.3017436524204014,,-51410998.36431515,-0.14600525677502582,,35191439.436955824,0.07022934044175821,,-48069364.31127089,-2.460895012732175,,-132150877.74611524,-0.12375961206758651,,-5148309.189999931,-0.013941603560761295,,56183442.73935145,0.1021970794477621,,-61891740.98935138,-1.0916339216499098,,-17369740.670000024,-0.05366839868960329,,48125641.98281966,0.09173322487630677,,-65495382.652819626,-1.360924861557189,,-21850670.760000095,-0.06397716582735577,,38416417.75176644,0.0744808391909396,,-60267088.51176657,-1.5687847029671413,,-44368720.62000005,-0.042890516431903725,,27771989.539999712,0.07120864243857018,,38416417.75176644,0.0744808391909396,,-10644428.21176675,-0.27708018692808195,,,,,,,,,,,,,,,,,,,,27771989.539999712,0.07120864243857018,,-134386879.69120988,-0.03705960690652311,,383521942.2470095,0.07743700880253464,,-517908821.9382193,-1.350402062796859,,614637299.5294935,0.18296140052979004,,486393061.46949375,0.10666306915718528,,,,,,,,,386237.1031479658,0.03855689357020988,,3249695.592585294,0.1537515525309775,,8355235.736583086,0.09265834507168609,,-1604534.2840631756,-0.09032429528733804,,-4566027.9324456155,-0.8998935245726664,,7108981.8602906,0.0819823615829867,,-3654469.2714684224,-0.2750317082518236,,-1279406.9857338655,-2.481518155062938,,-2598588.5977535057,-0.5674027307387206,,-2215419.86,,,165499.22281087202,0.0024996079136769844,,922819.8960464745,,2604939.1400000006,,,,,,,,,,,,,,,,,,,,,,,,,,,,,,,,,,,,,,,ok
,,,,,,,,,,,,,,,,,,,,,,,,,,,,,,,,,,,,,,,,,,,,,,,,,,,,,,,,,,,,,,,,,,,,,,,,,,,,,,,,,,,,,,,,,,,,,,,,,,,,,,,,,,,,,,,,,,,,,,,,,,,,,,,,,,,,,,,,,,,,,,,,,,,,,,,,,,,,,,,,,,,,,,,,,,,,,,,,,,,,,,,,,,,,,,,,,,,,,,,,,,,,,,,,,,,,,,,,,
ISR,-5919327.39,-0.014674177053491784,,-8861753.61027297,-0.01974957856649145,,2942426.2202729704,-0.33203656405679893,,-8305673.98,-0.02359246744729438,,-6828897.18008623,-0.016026587940639665,,-1476776.7999137705,0.21625406869797428,,-5495915.31,-0.014519173886574177,,-7938054.75989166,-0.017341032957803152,,2442139.4498916604,-0.30764960985542394,,-19720916.68,-0.01739119642489527,,0,0,,-12745577.2608942,-0.02544430540081013,,12745577.2608942,,,19720916.68,0.054181988728264914,,-13782291.9641602,-0.026910330169263166,,33503208.6441602,-2.4308880359872465,,0,0,,-10557431.8310867,-0.021068802132527372,,10557431.8310867,,,19720916.68,0.01846868548707572,,0,0,,-16855032.8218054,-0.03065912383432856,,16855032.8218054,,,0,0,,-14437692.5948459,-0.027519967462892033,,14437692.5948459,,,0,0,,-11524925.3255299,-0.022344251757281816,,11524925.3255299,,,0,0,,0,0,,-11524925.3255299,-0.022344251757281816,,11524925.3255299,,,,,,,,,,,,,,,,,,,,,0,0,,0,0,,-115056582.67410307,-0.023231102640760434,,115056582.67410307,,,82987137.79,0.08255369870812772,,87491524.55,0.019186364430343602,,,,,,,,,,,,,,,,,,,,,,,,,,,,,,,,,,,,,,,,,,,,,,,,,,,,,,,,,,,,,,,,,,,,,,,,,,,,,,,,,,,ok
,,,,,,,,,,,,,,,,,,,,,,,,,,,,,,,,,,,,,,,,,,,,,,,,,,,,,,,,,,,,,,,,,,,,,,,,,,,,,,,,,,,,,,,,,,,,,,,,,,,,,,,,,,,,,,,,,,,,,,,,,,,,,,,,,,,,,0,,,,,,,,,,,,,,,,,,,,,,,,,,,,,,,,,,,,,,,,,,,,,,,,,,,,,,,,,,,,,,,,,,,,,,,,,,,,,,,,,,,,
UTILIDAD DEL PERIODO,36760558.29051411,0.09113044530220002,,20677425.090636928,0.04608234998848004,,-15257300.7201229,0.7778112182430242,,-31202015.290000107,-0.08863007767845338,,15934093.420201194,0.03739537186149253,,-33111300.18020136,-2.9581920644724153,,-10918730.545609288,-0.028845231134456875,,18522127.773080558,0.04046241023487406,,-22404946.78868981,-1.58949655673352,,-5360187.545095291,-0.004726964571863369,,-66877482.32849997,-0.1901495107977519,,29739680.2754199,0.059370045935223825,,-51053702.493919834,-3.248762653436284,,5858519.62669988,0.016095917321129905,,32158681.249707017,0.06279077039494715,,-9253823.223007213,-0.8178246308917517,,-51410998.36431515,-0.14600525677502582,,24634007.60586912,0.04916053830923084,,-37511932.48018419,-3.0869928753316747,,-112429961.06611523,-0.10529092658051079,,-5148309.189999931,-0.013941603560761295,,39328409.91754605,0.07153795561343353,,-45036708.167545974,-1.130905602357014,,-17369740.670000024,-0.05366839868960329,,33687949.38797376,0.06421325741341474,,-51057690.05797373,-1.5156069450816985,,-21850670.760000095,-0.06397716582735577,,26891492.426236544,0.05213658743365779,,-48742163.186236665,-1.8125495756673438,,-44368720.62000005,-0.042890516431903725,,27771989.539999712,0.07120864243857018,,26891492.426236544,0.05213658743365779,,880497.1137631498,0.03274259010273881,,,,,,,,,,,,,,,,,,,,27771989.539999712,0.07120864243857018,,-134386879.69120988,-0.03705960690652311,,268465359.57290643,0.054205906161774196,,-402852239.2641162,-1.5005743754240843,,531650161.7394934,0.10000226712011283,,398901536.91949373,0.08747670472684167,,,,,,,,,,,,,,,,,,,,,,,,,,,,,,,,,,,,,,,,,,,,,,,,,,,,,,,,,,,,,,,,,,,,,,,,,,,,,,,,,,,ok
,,,,,,,,,,,,,,,,,,,,,,,,,,,,,,,,,,,,,,,,,,,,,,,,,,,,,,,,,,,,,,,,,,,,,,,,,,,,,,,,,,,,,,,,,,,,,,,,,,,,,,,,,,,,,,,,,,,,,,,,,,,,,,,,,,,,,,,,,,,,,,,,,,,,,,,,,,,,,,,,,,,,,,,,,,,,,,,,,,,,,,,,,,,,,,,,,,,,,,,,,,,,,,,,,,,,,,,,,
,,,,,,,,,,,,,,,,,,,,,,,,,,,,,,,,,,,,,,,,,,,,,,,,,,,,,,,,,,,,,,,,,,,,,,,,,,,,-59644419.37724568,,,,,,,,,,,,,,,,,,,,,,,,,,,,,,,,,,,,,,,,,,,,,,,,,,,,,,,,,,,,,,,,,,,,,,,,,,,,,,,,,,,,,,,,,,,,,,,,,,,,,,,,,,,,,,,,,,,,,,,,,,,,,,,,,,,,,,,,,,,,,
,,,,,,,,,,,,,,,,,,,,,,,,,,,,,,,,,,,,,,,,,,,,,,,,,,,,,,,,,,,,,,,,,,,,,,,,,,,,-2410734.0355739594,,,,,,,,,,,,,,,,,,,,,,,,,,,,,,,,,0,,,,,,,,,,,,0,,,,,,,,,,,,,,,,,,,,,,,,,,,,,,,,,,,,,,,,,,,,,,,,,,,,,,,,,,,,,,,,,,,,,,,,,,,,,,,,,,,,,,,,,,,,,,,,
INGRESOS + TRANSF + INV PEND,606430599.5605148,,,,,,,,,536353615.9800009,,,,,,,,,579254600.9843903,,,,,,,,,,,,559187913.2715,,,,,,,,,563327551.7196995,,,,,,,,,507727672.652038,,,,,,,,,,,,596668818.8700007,,,,,,,,,506028696.9699993,,,,,,,,,528542699.87999976,,,,,,,,,,,,631533198.3799977,,,,,,,,,0,,,,,,,,,0,,,,,,,,,,,,,,,268465359.57290643,,,-402852239.2641162,,,,,,,,,,,,,,,,,,,,,,,,,,,,,,,,,,,,,,,,,,,,,,,,,,,,,,,,,,,,,,,,,,,,,,,,,,,,,,,,,,,,,,,,,,ok
,,,,,,,,,,,,,,,,,,,,,,,,,,,,,,,,,,,,,,,,,,,,,,,,,,,,,,,,,,,,,,,,,,,,,,,,,,,,,,,,,,,,,,,,,,,,,,,,,,,,,,,,,,,,,,,,,,,,,,,,,,,,,,,,,,,,,,,,,,,,,,,,,,,,,,,,,,,,,,,,,,,,,,,,,,,,,,,,,,,,,,,,,,,,,,,,,,,,,,,,,,,,,,,,,,,,,,,,,
,,,,,,,,,,,,,,,,,,,,,,,,,,,,,,,,,,,,,,,,,,,,,,,,,,,,,,,,,,,,,,,,,,,,,,,,,,,,,,,,,,,,,,,,,,,,,,,,,,,,,,,,,,,,,,,,,,,,,,,,,,,,,,,,,,,,,,,,,,,,,,,,,,,,,,,,,,,,,,,,,,,,,,,,,,,,,,,,,,,,,,,,,,,,,,,,,,,,,,,,,,,,,,,,,,,,,,,,,
Mano de Obra Directa,22296660.31,0.05527404036533668,,,,,,,,19988551.979999997,0.05677796444241139,,,,,,,,19440844.16,0.05135905139353942,,,,,,,,61726056.44999999,0.05443408081252151,,19489042.689999998,0.05541225244121899,,,,,,,,24354559.259999998,0.06691263275025305,,,,,,,,19326868.83,0.054887563672368724,,,,,,,,63170470.779999994,0.05915929648896659,,19650505,0.053213499882815186,,,,,,,,23127019.919999998,0.07145703261492363,,,,,,,,17646439.209999997,0.0516674833464251,,,,,,,,60423964.129999995,0.058410857698481984,,23113034.529999997,0.05926287020764566,,,,,,,,0,,,,,,,,,0,,,,,,,,,23113034.529999997,0.05926287020764566,,208433525.88999996,0.057479305668626635,,,,,,,,312171932.06000006,0.058718877908594515,,258647277.92000002,0.05671979038670763,,,,,,,,,,,,,,,,,,,,,,,,,,,,,,,,,,,,,,,,,,,,,,,,,,,,,,,,,,,,,,,,,,,,,,,,,,,,,,,,,,,ok
Semanal,4459332.062,,,,,,,,,4997137.994999999,,,,,,,,,4860211.04,,,,,,,,,4748158.1884615375,,,4872260.672499999,,,,,,,,,4870911.852,,,,,,,,,4831717.2075,,,,,,,,,4859266.983076923,,,4912626.25,,,,,,,,,5781754.9799999995,,,,,,,,,4411609.802499999,,,,,,,,,4647997.240769231,,,4622606.9059999995,,,,,,,,,0,,,,,,,,,0,,,,,,,,,4622606.9059999995,,,4737125.5884090895,0.0013063478561051508,,,,,,,,6003306.385769232,,,5878347.225454546,,,,,,,,,,,,,,,,,,,,,,,,,,,,,,,,,,,,,,,,,,,,,,,,,,,,,,,,,,,,,,,,,,,,,,,,,,,,,,,,,,,,ok
Mano de obra directa total,26609000.869999997,0.0659644524211554,,,,,,,,23307808.749999996,0.06620639342770566,,,,,,,,23287664.58,0.06152162694974905,,,,,,,,73204474.19999999,0.06455650163993176,,23231462.839999996,0.06605289464163404,,,,,,,,28318697.869999997,0.07780385636675584,,,,,,,,22918070.3,0.06508643763786919,,,,,,,,74468231.00999999,0.06973967587913306,,23902785.13,0.06472865983414734,,,,,,,,26258437.799999997,0.08113237471936001,,,,,,,,20920806.74,0.06125459198704417,,,,,,,,71082029.66999999,0.06871383530946175,,26719919.15,0.06851108617909532,,,,,,,,0,,,,,,,,,0,,,,,,,,,26719919.15,0.06851108617909532,,245474654.02999994,0.06769406511089338,,,,,,,,365780721.57000005,0.06880257744331184,,304893595.12000006,0.06686132923774675,,,,,,,,,,,,,,,,,,,,,,,,,,,,,,,,,,,,,,,,,,,,,,,,,,,,,,,,,,,,,,,,,,,,,,,,,,,,,,,,,,,ok
Semanal,5321800.174,0.013192890484231078,,,,,,,,5826952.187499999,0.016551598356926416,,,,,,,,5821916.145,0.015380406737437263,,,,,,,,5631113.399999999,0.004965884741533214,,5807865.709999999,0.01651322366040851,,,,,,,,5663739.573999999,0.015560771273351167,,,,,,,,5729517.575,0.016271609409467296,,,,,,,,5728325.462307692,0.005364590452241005,,5975696.2825,0.016182164958536836,,,,,,,,6564609.449999999,0.020283093679840002,,,,,,,,5230201.685,0.015313647996761043,,,,,,,,5467848.436153845,0.005285679639189364,,5343983.83,0.013702217235819065,,,,,,,,0,,,,,,,,,0,,,,,,,,,5343983.83,0.013702217235819065,,5578969.409772726,0.0015385014797930313,,,,,,,,7034244.645576924,0.0013231264892944585,,6929399.889090911,0.0015195756644942444,,,,,,,,,,,,,,,,,,,,,,,,,,,,,,,,,,,,,,,,,,,,,,,,,,,,,,,,,,,,,,,,,,,,,,,,,,,,,,,,,,,ok
Mano de Obra Indirecta,41596034.160000004,0.10311772432423821,,,,,,,,39260247.839999996,0.11151968177035397,,,,,,,,38168824.45999999,0.10083485063398215,,,,,,,,119025106.46,0.10496413729282744,,38509985.599999994,0.1094935794188518,,,,,,,,43597511.370000005,0.11978144362961436,,,,,,,,40191737.599999994,0.11414298798359135,,,,,,,,122299234.56999998,0.11453352474604278,,36208490.09,0.09805246649697451,,,,,,,,39265009.21,0.12131961028484499,,,,,,,,34982440.879999995,0.10242602828112995,,,,,,,,110455940.17999999,0.10677595051402362,,37931704.45,0.09725861286874155,,,,,,,,0,,,,,,,,,0,,,,,,,,,37931704.45,0.09725861286874155,,389711985.65999997,0.10747011187778062,,,,,,,,539844442.4399999,0.10154359392943442,,447887057.23999995,0.09821893432580268,,,,,,,,,,,,,,,,,,,,,,,,,,,,,,,,,,,,,,,,,,,,,,,,,,,,,,,,,,,,,,,,,,,,,,,,,,,,,,,,,,,ok
Mantenimiento Instalaciones,702162.1900000001,0.001740679576827316,,,,,,,,662779.46,0.0018826410562752843,,,,,,,,758951.8300000001,0.002005007895819211,,,,,,,,2123893.4800000004,0.0018729884262273745,,670238.7000000001,0.001905657277836998,,,,,,,,644879.0499999999,0.0017717649734623887,,,,,,,,617300.8099999999,0.0017531105432498446,,,,,,,,1932418.56,0.0018097145884816831,,745473.1700000002,0.002018738777677056,,,,,,,,997117.27,0.003080857003183384,,,,,,,,489056.66000000003,0.0014319221308789064,,,,,,,,2231647.1,0.0021572967458884595,,677685.4,0.0017376161425142144,,,,,,,,0,,,,,,,,,0,,,,,,,,,677685.4,0.0017376161425142144,,6965644.54,0.0019209021676530075,,,,,,,,11460879.68,0.0021557671447722136,,9450727.93,0.002072487719577711,,,,,,,,,,,,,,,,,,,,,,,,,,,,,,,,,,,,,,,,,,,,,,,,,,,,,,,,,,,,,,,,,,,,,,,,,,,,,,,,,,,ok
Mantenimiento Equipo,3469932.9499999997,0.00860206018644376,,,,,,,,5276986.629999999,0.014989407914140478,,,,,,,,2955845.58,0.007808787715450023,,,,,,,,11702765.16,0.010320265072585912,,7184096.489999999,0.020426194072129422,,,,,,,,3139272.9299999997,0.008624956601571481,,,,,,,,3580441.7699999996,0.01016831683159323,,,,,,,,13903811.19,0.013020952327242123,,4175748.580000001,0.01130791277743222,,,,,,,,3696322.94,0.011420765398764373,,,,,,,,5007516.9399999995,0.014661643350561917,,,,,,,,12879588.459999999,0.01245048747767537,,5561474.400000001,0.014259872934579315,,,,,,,,0,,,,,,,,,0,,,,,,,,,5561474.400000001,0.014259872934579315,,44047639.21,0.012146931292949182,,,,,,,,60002249.220000006,0.01128629573754588,,54176179.53000001,0.011880509903702452,,,,,,,,,,,,,,,,,,,,,,,,,,,,,,,,,,,,,,,,,,,,,,,,,,,,,,,,,,,,,,,,,,,,,,,,,,,,,,,,,,,ok
Combustible,2213355.6799999997,0.0054869702232624275,,,,,,,,2217016.35,0.006297488463121015,,,,,,,,1946859.2999999998,0.005143235860633027,,,,,,,,6377231.33,0.005623860417173372,,1926713.6799999997,0.005478131815724911,,,,,,,,1874983.16,0.005151399303047333,,,,,,,,1615583.56,0.004588195133806998,,,,,,,,5417280.3999999985,0.005073296009833338,,1751824.84,0.004743935635142849,,,,,,,,1676273.3299999998,0.0051792889195270185,,,,,,,,1850992.7599999995,0.005419571419680958,,,,,,,,5279090.93,0.005103210845719416,,1995137.7,0.005115623671483378,,,,,,,,0,,,,,,,,,0,,,,,,,,,1995137.7,0.005115623671483378,,19068740.359999996,0.005258549224209535,,,,,,,,27822663.940000005,0.00523338404001905,,23522528.56,0.005158348852606952,,,,,,,,,,,,,,,,,,,,,,,,,,,,,,,,,,,,,,,,,,,,,,,,,,,,,,,,,,,,,,,,,,,,,,,,,,,,,,,,,,,ok
Fletes,10166507.17,0.025203053725361472,,,,,,,,10650802.16,0.03025386065627544,,,,,,,,11177586.9,0.02952908090452246,,,,,,,,31994896.23,0.028215195772028946,,11749668.629999999,0.0334072645117815,,,,,,,,11459448.290000003,0.03148411953439249,,,,,,,,11841091.63,0.03362824451848766,,,,,,,,35050208.55,0.032824603869598734,,10928962.159999998,0.029595591900587363,,,,,,,,8317136.359999999,0.02569798816255299,,,,,,,,10072598.33,0.029491831200460318,,,,,,,,29318696.849999998,0.028341904644419463,,12089221.000000002,0.030997311672970727,,,,,,,,0,,,,,,,,,0,,,,,,,,,12089221.000000002,0.030997311672970727,,108453022.63,0.029907877880097463,,,,,,,,181184894.14000002,0.03408049406518537,,158793022.81,0.03482235359708936,,,,,,,,,,,,,,,,,,,,,,,,,,,,,,,,,,,,,,,,,,,,,,,,,,,,,,,,,,,,,,,,,,,,,,,,,,,,,,,,,,,ok
Gastos de importación,1404366.44,0.003481463421563163,,,,,,,,1083570.93,0.0030779093851284896,,,,,,,,865427.25,0.0022862959161810124,,,,,,,,3353364.62,0.002957216631306932,,1420865.0500000003,0.00403987687275702,,,,,,,,3140913.2199999997,0.008629463196053533,,,,,,,,4040658.92,0.01147531582589132,,,,,,,,8602437.19,0.008056202937338988,,2705214.07,0.00732571038743966,,,,,,,,189062.8,0.0005841594253216168,,,,,,,,1387829.8699999999,0.004063464353491875,,,,,,,,4282106.74,0.004139442538091726,,10243465.719999999,0.026264711310532863,,,,,,,,0,,,,,,,,,0,,,,,,,,,10243465.719999999,0.026264711310532863,,26481374.270000003,0.007302716775965944,,,,,,,,39275976.18999999,0.00738772776726836,,32207089.36,0.0070628207346925456,,,,,,,,,,,,,,,,,,,,,,,,,,,,,,,,,,,,,,,,,,,,,,,,,,,,,,,,,,,,,,,,,,,,,,,,,,,,,,,,,,,ok
Depreciación y amortización,14652681.46,0.03632440442738487,,,,,,,,14529583.379999999,0.041271632349262934,,,,,,,,14488359.709999997,0.03827551956231389,,,,,,,,43670624.55,0.03851161798767376,,14390160.489999998,0.04091484730292494,,,,,,,,14111178.27,0.03876958228534419,,,,,,,,14000707.42,0.03976147024812479,,,,,,,,42502046.18,0.03980326757587559,,13770629.229999999,0.0372908165422159,,,,,,,,13772002.52,0.04255223702183115,,,,,,,,13682778.19,0.04006217378200764,,,,,,,,41225409.94,0.03985192941638476,,14127376.51,0.036223234962937265,,,,,,,,0,,,,,,,,,0,,,,,,,,,14127376.51,0.036223234962937265,,141525457.18,0.039028198455148974,,,,,,,,168536890,0.031701431328881084,,138737607.95,0.031701431328881084,,,,,,,,,,,,,,,,,,,,,,,,,,,,,,,,,,,,,,,,,,,,,,,,,,,,,,,,,,,,,,,,,,,,,,,,,,,,,,,,,,,ok
Gastos de viaje,504639.57,0.0012510155141761744,,,,,,,,1160931.41,0.003297653696126243,,,,,,,,823935.8,0.00217668331420733,,,,,,,,2489506.78,0.002195410188817274,,1058630.07,0.0030099516745789087,,,,,,,,1287364.3699999999,0.003536953323029295,,,,,,,,1131098.94,0.0032122774586554057,,,,,,,,3477093.38,0.0032563062400410214,,949904.3099999999,0.002572337600935479,,,,,,,,911720.26,0.0028170003995269034,,,,,,,,790277.6499999999,0.002313875158297557,,,,,,,,2651902.22,0.0025635504957842044,,874907.51,0.002243302589347382,,,,,,,,0,,,,,,,,,0,,,,,,,,,874907.51,0.002243302589347382,,9493409.889999999,0.002617979073063567,,,,,,,,19036516.71,0.0035807283925979785,,16033548.989999998,,,,,,,,,,,,,,,,,,,,,,,,,,,,,,,,,,,,,,,,,,,,,,,,,,,,,,,,,,,,,,,,,,,,,,,,,,,,,,,,,,,,ok
$ MOD / Ventas,18.091675466284848,4.484976611279772e-08,,,,,,,,17.612466558470537,5.002863644152777e-08,,,,,,,,19.470764604616363,5.14380955770184e-08,,,,,,,,18.370843873420736,1.6200613768514935e-08,,18.046550283455712,5.131088355166408e-08,,,,,,,,14.944861065808507,4.106007377610003e-08,,,,,,,,18.219063355938605,5.174143876051753e-08,,,,,,,,16.90351406032192,1.583018121683215e-08,,18.79222381918429,5.088927740025002e-08,,,,,,,,13.994423829337022,4.323946636700956e-08,,,,,,,,19.354532778287343,5.6668656384417405e-08,,,,,,,,17.12010471001847,1.654972516944661e-08,,16.873971788679707,4.326562999341481e-08,,,,,,,,,,,,,,,,,,,,,,,,,,16.873971788679707,4.326562999341481e-08,,17.397565756362646,4.79769267314389e-09,,,,,,,,17.030298187180325,3.2033629461850464e-09,,17.630530599322377,3.866269183429417e-09,,,,,,,,,,,,,,,,,,,,,,,,,,,,,,,,,,,,,,,,,,,,,,,,,,,,,,,,,,,,,,,,,,,,,,,,,,,,,,,,,,,ok
$ MOI / Ventas,9.697653885918292,2.4040753408209044e-08,,,,,,,,8.967027022720906,2.5471056730853284e-08,,,,,,,,9.917206141653093,2.6199392151780202e-08,,,,,,,,9.527063488458104,8.401588788631444e-09,,9.132955606233725,2.596729093557491e-08,,,,,,,,8.348538552366916,2.293708903504324e-08,,,,,,,,8.760941146413263,2.4880735686331714e-08,,,,,,,,8.731068062537304,8.176666056136547e-09,,10.19862157196072,2.7617832102758082e-08,,,,,,,,8.242690506935448,2.546796804889887e-08,,,,,,,,9.763143380462708,2.8585769741748225e-08,,,,,,,,9.365404804976782,9.053383624007825e-09,,10.281865744369414,2.6363170716943616e-08,,,,,,,,,,,,,,,,,,,,,,,,,,10.281865744369414,2.6363170716943616e-08,,9.304912617353937,2.5659975489500064e-09,,,,,,,,9.847987069424871,1.852385467710253e-09,,10.181336285760272,2.2327057320259887e-09,,,,,,,,,,,,,,,,,,,,,,,,,,,,,,,,,,,,,,,,,,,,,,,,,,,,,,,,,,,,,,,,,,,,,,,,,,,,,,,,,,,ok
