UREBLOCK SA DE CV,20.564370967741933,Unnamed: 2,Unnamed: 3,18,Unnamed: 5,Unnamed: 6,Unnamed: 7,Unnamed: 8,Unnamed: 9,20.459935714285706,Unnamed: 11,Unnamed: 12,18.1,Unnamed: 14,Unnamed: 15,Unnamed: 16,Unnamed: 17,Unnamed: 18,20.374246666666668,Unnamed: 20,Unnamed: 21,18.2,Unnamed: 23,Unnamed: 24,Unnamed: 25,Unnamed: 26,Unnamed: 27,T1,Unnamed: 29,Unnamed: 30,20.098163333333336,Unnamed: 32,Unnamed: 33,18.3,Unnamed: 35,Unnamed: 36,Unnamed: 37,Unnamed: 38,Unnamed: 39,19.46746774193548,Unnamed: 41,Unnamed: 42,18.4,Unnamed: 44,Unnamed: 45,Unnamed: 46,Unnamed: 47,Unnamed: 48,19.07029,Unnamed: 50,Unnamed: 51,19,Unnamed: 53,Unnamed: 54,Unnamed: 55,Unnamed: 56,Unnamed: 57,T2,Unnamed: 59,Unnamed: 60,18.68416129032258,Unnamed: 62,Unnamed: 63,19.1,Unnamed: 65,Unnamed: 66,Unnamed: 67,Unnamed: 68,Unnamed: 69,18.72754193548387,Unnamed: 71,Unnamed: 72,19.2,Unnamed: 74,Unnamed: 75,Unnamed: 76,Unnamed: 77,Unnamed: 78,18.525080000000003,Unnamed: 80,Unnamed: 81,19.3,Unnamed: 83,Unnamed: 84,Unnamed: 85,Unnamed: 86,Unnamed: 87,T3,Unnamed: 89,Unnamed: 90,18.4134709677419,Unnamed: 92,Unnamed: 93,19.4,Unnamed: 95,Unnamed: 96,Unnamed: 97,Unnamed: 98,Unnamed: 99,20.29187,Unnamed: 101,Unnamed: 102,19.5,Unnamed: 104,Unnamed: 105,Unnamed: 106,Unnamed: 107,Unnamed: 108,20.26635333333333,Unnamed: 110,Unnamed: 111,19.6,Unnamed: 113,Unnamed: 114,Unnamed: 115,Unnamed: 116,Unnamed: 117,T4,Unnamed: 119,Unnamed: 120,19.43483843827178,Unnamed: 122,Unnamed: 123,19.968045553725872,Unnamed: 125,Unnamed: 126,Unnamed: 127,Unnamed: 128,Unnamed: 129,Unnamed: 130,Unnamed: 131,Unnamed: 132,16.94872393510507,Unnamed: 134,Unnamed: 135,Unnamed: 136,Unnamed: 137,Unnamed: 138,Unnamed: 139,Unnamed: 140,Unnamed: 141,Unnamed: 142,Unnamed: 143,Unnamed: 144,Unnamed: 145
ESTADOS DE RESULTADOS 2025,ENE 25,,,ENE 25 PPTO,,,ENE 25 DELTA,,,FEB 25,,,FEB 25 PPTO,,,FEB 25 DELTA,,,MZO 25,,,MZO 25 PPTO,,,MZO 25 DELTA,,,T1,,,ABR 25,,,ABR 25 PPTO,,,ABR 25 DELTA,,,MAY 25,,,MAY 25 PPTO,,,MAY 25 DELTA,,,JUN 25,,,JUN 25 PPTO,,,JUN 25 DELTA,,,T2,,,JUL 25,,,JUL 25 PPTO,,,JUL 25 DELTA,,,AGO 25,,,AGO 25 PPTO,,,AGO 25 DELTA,,,SEP 25,,,SEP 25 PPTO,,,SEP 25 DELTA,,,,,,OCT 25,,,OCT 25 PPTO,,,OCT 25 DELTA,,,NOV 25,,,NOV 25 PPTO,,,NOV 25 DELTA,,,DIC 25,,,DIC 25 PPTO,,,DIC 25 DELTA,,,,,,2025,,,2025 PPTO,,,2025 DELTA,,,2024,,,2024 Ene-Oct,,,,OCT 25,,,,,,,,
,MONTERREY II,,,MONTERREY II,,,MONTERREY II,,,MONTERREY II,,,MONTERREY II,,,MONTERREY II,,,MONTERREY II,,,MONTERREY II,,,MONTERREY II,,,RESULTADO,,,MONTERREY II,,,MONTERREY II,,,MONTERREY II,,,MONTERREY II,,,MONTERREY II,,,MONTERREY II,,,MONTERREY II,,,MONTERREY II,,,MONTERREY II,,,RESULTADO,,,MONTERREY II,,,MONTERREY II,,,MONTERREY II,,,MONTERREY II,,,MONTERREY II,,,MONTERREY II,,,MONTERREY II,,,MONTERREY II,,,MONTERREY II,,,,,,MONTERREY II,,,MONTERREY II,,,MONTERREY II,,,MONTERREY II,,,MONTERREY II,,,MONTERREY II,,,MONTERREY II,,,MONTERREY II,,,MONTERREY II,,,,,,GUADALAJARA,,,MONTERREY II,,,MONTERREY II,,,GUADALAJARA,,,GUADALAJARA,,,,MONTERREY II,,,MTY ESPUMA,,,MTY ENSAMBLE,,
,,,,,,,,,,,,,,,,,,,,,,,,,,,,,,,,,,,,,,,,,,,,,,,,,,,,,,,,,,,,,,,,,,,,,,,,,,,,,,,,,,,,,,,,,,,,,,,,,,,,,,,,,,,,,,,,,,,,,,,,,,,,,,,,,,,,,,,,,,,,,,,,,
TRADICIONAL USD,2008652.4516016194,,,2241371.763343653,,,-232719.3117420338,-0.10382896561294488,,2112276.7726892047,,,2085073.6189828524,,,27203.153706352226,0.013046615456974876,,2472937.8717315355,,,2198038.2021064474,,,274899.6696250881,0.12506591985600765,,6593867.09602236,0.49615465675836473,,2494766.223082739,,,2574467.381875574,,,-79701.1587928352,-0.030958309805724005,,2575359.2333943397,,,2701062.8070214014,,,-125703.57362706168,-0.04653856004395594,,2374929.2055862807,,,2708103.9040602394,,,-333174.69847395876,-0.1230287722618148,,7445054.662063359,0.5302898781202975,,2434528.0183146326,,,3285827.0760660553,,,-851299.0577514227,-0.25908212393533425,,2038695.3414136642,,,2838947.681098652,,,-800252.3396849879,-0.28188344047795066,,2392371.5714048194,,,2340242.3842934105,,,52129.187111408915,0.02227512306471976,,6865594.931133117,0.5559486785730833,,2295148.2620542925,,,2566454.81266161,,,-271306.5506073176,-0.10571257645715255,,0,,,0,,,0,,,0,,,0,,,0,,,2295148.2620542925,0.48737070969322943,,23199664.95127313,,,25539589.631509896,,,-2339924.680236768,-0.09161950971012654,,23652728.577829305,,,19769576.27144985,,,,2295148.2620542925,0.48737070969322943,,1055547.0021947487,0.9920134453728329,,1239601.259859544,0.3400639609274684,0
AUTOMOTRIZ USD,69661.32454268305,,,144155.8537008131,,,-74494.52915813006,-0.5167638167003541,,57919.10036025112,,,124498.23728706589,,,-66579.13692681477,-0.534779755743029,,81175.79496599792,,,131050.77609164827,,,-49874.981125650345,-0.38057753348038986,,208756.2198689321,0.015707834129341767,,19069.92861205062,,,117945.69848248345,,,-98875.76987043284,-0.8383160313821639,,95910.8557287054,,,137603.3148962307,,,-41692.4591675253,-0.3029902237381882,,42350.47972526899,,,137603.3148962307,,,-95252.83517096171,-0.6922277653179627,,157331.264066025,0.011206254437756163,,70825.84759560021,,,150708.39250539552,,,-79882.54490979531,-0.5300470901574736,,79240.4371653411,,,137603.3148962307,,,-58362.877730889595,-0.42413860287379096,,45425.11017496281,,,137603.3148962307,,,-92178.20472126789,-0.66988360557143,,195491.39493590413,0.01583011869724264,,54585.62819366477,,,150708.39250539552,,,-96122.76431173075,-0.6378063139933594,,0,,,0,,,0,,,0,,,0,,,0,,,54585.62819366477,0.011591162449778088,,616164.507064526,,,1369480.6101577242,,,-753316.1030931983,-0.5500743110239715,,1412502.4883017128,,,1303077.7714179843,,,,54585.62819366477,0.011591162449778088,,8498.05396680132,0.007986554627167115,,46087.57422686345,0.012643358431970073,
EMPAQUE USD,53184.2559986698,,,89772.99528615968,,,-36588.73928748988,-0.407569549961655,,47291.531777609984,,,74009.94049989215,,,-26718.40872228217,-0.3610110823196933,,54609.87678235629,,,103549.23143873234,,,-48939.354656376054,-0.4726191974233273,,155085.66455863608,0.011669400299810357,,82334.8120201365,,,117838.40431232759,,,-35503.5922921911,-0.3012905045632641,,72791.01158839853,,,120466.71473223426,,,-47675.70314383574,-0.3957583075939794,,40469.94041516936,,,134266.569746076,,,-93796.62933090665,-0.6985851318633832,,195595.7640237044,0.013931724960126823,,19792.841875730523,,,103987.18758111502,,,-84194.3457053845,-0.8096607636369515,,54675.21650878868,,,123928.51183154181,,,-69253.29532275313,-0.5588164845946858,,56192.0288603342,,,101626.72434609375,,,-45434.69548575955,-0.4470742885604571,,130660.0872448534,0.010580336238105337,,35405.451864133196,,,84615.06090560944,,,-49209.609041476244,-0.581570331744735,,0,,,0,,,0,,,0,,,0,,,0,,,35405.451864133196,0.007518285632052072,,516746.9676913271,,,1054061.340679782,,,-537314.3729884549,-0.5097562658373674,,669052.4179278726,,,565120.61358061,,,,35405.451864133196,0.007518285632052072,,0,0,,35405.451864133196,0.00971289606523003,
PROD HOGAR USD,2600518.4074867987,,,2027104.904079129,,,573413.5034076697,0.2828731272139857,,2185342.545274022,,,2749766.758011761,,,-564424.2127377391,-0.20526257766889658,,1546373.0436495484,,,2715450.940287747,,,-1169077.8966381985,-0.43052808625381217,,6332233.99641037,0.4764681088124833,,1213128.270759069,,,3397674.8918119865,,,-2184546.6210529176,-0.6429533991958526,,2228717.4467246025,,,2934005.015745757,,,-705287.5690211547,-0.24038390024424913,,2799766.72614837,,,3096154.413829623,,,-296387.6876812526,-0.09572768281755421,,6241612.443632042,0.4445721424818197,,2432809.155503454,,,2798892.082980794,,,-366082.92747733975,-0.1307956565040067,,1393451.2772631925,,,2890065.6601819587,,,-1496614.3829187662,-0.5178478826756273,,1331325.3778121334,,,2809797.280292535,,,-1478471.9024804018,-0.5261845446467491,,5157585.81057878,0.41764086649156884,,2324106.036008705,,,3036649.6321751922,,,-712543.5961664873,-0.23464794509601786,,0,,,0,,,0,,,0,,,0,,,0,,,2324106.036008705,0.4935198422249405,,20055538.286629897,,,28455561.57939648,,,-8400023.292766582,-0.2951979446734483,,39594065.4640689,,,34383886.57907873,,,,2324106.036008705,0.4935198422249405,,0,0,,2324106.036008705,0.6375797845753316,
OTROS INGRESOS USD,0,,,6519.100151412741,,,-6519.100151412741,,,0,,,2.2142823155010047,,,-2.2142823155010047,,,0,,,9688.707548515982,,,-9688.707548515982,,,0,0,,0,,,17547.915126956213,,,-17547.915126956213,,,0,,,22793.980276592934,,,-22793.980276592934,,,0,,,1104.5447717914453,,,-1104.5447717914453,,,0,0,,0,,,14460.155721330988,,,-14460.155721330988,,,0,,,4090.2476728045367,,,-4090.2476728045367,,,0,,,14078.790830760767,,,-14078.790830760767,,,0,0,,0,,,,,,0,,,0,,,0,,,0,,,0,,,0,,,0,,,0,0,,0,,,90285.65638248112,,,-90285.65638248112,,,0.009673625454196462,,,0.009673625454196462,,,,0,0,,0,0,,0,0,
TOTAL VENTAS USD,4732016.439629771,,,4508924.616561168,,,223091.8230686032,0.049477833860693134,,4402829.950101088,,,5033350.769063886,,,-630520.8189627993,-0.12526860294301803,,4155096.5871294383,,,5157777.85747309,,,-1002681.2703436528,-0.19440179434848476,,13289942.976860296,,,3809299.234473995,,,6225474.291609327,,,-2416175.057135333,-0.38811100069786564,,4972778.5474360455,,,5915931.832672217,,,-943153.2852361703,-0.1594259893306023,,5257516.351875089,,,6077232.74730396,,,-819716.3954288712,-0.13488316632146782,,14039594.133785129,,,4957955.863289418,,,6353874.894854691,,,-1395919.0315652732,-0.2196957061108766,,3566062.272350986,,,5994635.415681188,,,-2428573.1433302015,-0.40512441123231113,,3825314.08825225,,,5403348.494659031,,,-1578034.4064067812,-0.2920474975779551,,12349332.223892653,,,4709245.378120795,,,5838427.898247807,,,-1129182.520127012,-0.19340523507465007,,0,,,0,,,0,,,0,,,0,,,0,,,4709245.378120795,,,44388114.71265888,,,56508978.81812636,,,-12120864.105467485,-0.21449448138991095,,65328348.95780142,,,56021661.2452008,,,,4709245.378120795,1,,1064045.05616155,1,,3645200.3219592455,1,0
,,,,,,,,,,,,,,,,,,,,,,,,,,,,,,,,,,,,,,,,,,,,,,,,,,,,,,,,,,,,,,,,,,,,,,,,,,,,,,,,,,,,,,,,,,,,,,,,,,,,,,,,,,,,,,,,,,,,,,,,,0,,,0,,,,,,0,,,0,,,,,,,,,,,,
TRADICIONAL,41306674.16,0.4244812919032831,,44827435.26687306,0.497816501684401,,-3520761.1068730652,-0.07854031991597935,,43217046.980000004,0.4797543390565668,,41701472.379657045,0.41425178413326413,,1515574.6003429592,0.0363434313912209,,50384246.190000005,0.5951577345738605,,43960764.04212895,0.4269619538617841,,6423482.147871055,0.14611852837032666,,134907967.33,0.4958948882846488,,50140219.029999994,0.6549147414057712,,51489347.63751148,0.4147064938831245,,-1349128.6075114831,-0.026202091683301964,,50135722.8,0.5178913979031279,,54021256.14042803,0.4583403400148514,,-3885533.340428032,-0.07192600872381798,,45290588.67999999,0.45172074543130314,,54162078.08120479,0.4456956492346002,,-8871489.401204795,-0.1637952182688382,,145566530.51,0.5319836923160254,,45487114.16,0.49103462907784223,,65716541.5213211,0.5183171020161476,,-20229427.361321107,-0.3078285450362275,,38179752.5,0.5716937018235579,,56778953.62197304,0.473904728447693,,-18599201.121973038,-0.3275721008492711,,44318874.75,0.6254052650871008,,46804847.6858682,0.43424109627154456,,-2485972.9358682036,-0.05311357816081076,,127985741.41,0.5557757127519309,,42261645.89,0.4873707096932294,,51329096.2532322,0.4395797734235682,,-9067450.363232203,-0.1766532244888536,,0,,,0,,,0,,,0,,,0,,,0,,,42261645.89,0.4873707096932294,,450721885.14,0.5224695827513725,,510791792.6301979,0.4526795677151143,,-60069907.4901979,-0.11760155185909027,,434378092.76,0.3667310255898762,,355630436.22,0.3571613789084437,,,42261645.89,0.4873707096932294,,19436284.080000002,0.9920134453728328,,22825361.81,0.3400639609274683,
AUTOMOTRIZ,1432541.32,0.014721276950621351,,2883117.074016263,0.03201751889637961,,-1450575.7540162627,-0.5031275930795173,,1185021.07,0.01315497101107012,,2489964.7457413175,0.024734674329039915,,-1304943.6757413174,-0.524081185475904,,1653895.67,0.019536439951225892,,2621015.5218329653,0.0254561978775306,,-967119.8518329654,-0.3689866938127194,,4271458.0600000005,0.01570103129858092,,383270.54000000004,0.005006151378045753,,2358913.9696496692,0.018999210256310357,,-1975643.4296496692,-0.8375224595168594,,1867141.49,0.019287176135795715,,2752066.297924614,0.023349753279620546,,-884924.807924614,-0.32154923324047563,,807635.93,0.00805522548877375,,2752066.297924614,0.02264654568000817,,-1944430.3679246139,-0.7065347115332745,,3058047.96,0.011175863293166353,,1323321.56,0.014285292073699486,,3014167.8501079106,0.02377323439261183,,-1690846.2901079105,-0.5609662016822906,,1483978.6099999999,0.022220710440118172,,2752066.297924614,0.022970082194034822,,-1268087.6879246142,-0.4607765768146296,,841503.8,0.011874870697406475,,2752066.297924614,0.025532831433261564,,-1910562.497924614,-0.6942283691949593,,3648803.97,0.0158448636916704,,1005110.8800000001,0.011591162449778085,,3014167.8501079106,0.025813180385532417,,-2009056.9701079105,-0.6665378539008648,,0,,,0,,,0,,,0,,,0,,,0,,,1005110.8800000001,0.011591162449778085,,11983420.870000001,0.01389098934021864,,27389612.203154497,0.02427352590801121,,-15406191.333154496,-0.562483003369436,,25170257.53,0.021250414125830015,,22950661.970000003,0.023049461579255543,,,1005110.8800000001,0.011591162449778085,,156478.67,0.007986554627167115,,848632.2100000001,0.012643358431970071,
EMPAQUE,1093700.77,0.011239237368928266,,1795459.9057231937,0.019938895987704194,,-701759.1357231936,-0.39085202264125857,,967581.7,0.010741167002492153,,1480198.809997843,0.014703917222180915,,-512617.10999784316,-0.34631639110599616,,1112635.1,0.013142865788369963,,2070984.628774647,0.02011410999754141,,-958349.5287746468,-0.4627506720519117,,3173917.5700000003,0.01166669048500172,,1654778.5,0.021614162330701136,,2356768.086246552,0.018981926840939595,,-701989.586246552,-0.297861121908078,,1417056.67,0.014637895272036476,,2409334.294644685,0.020441862679873208,,-992277.6246446851,-0.41184721723766465,,771773.5000000001,0.0076975396188232095,,2685331.3949215203,0.022097389204217527,,-1913557.8949215203,-0.712596552716148,,3843608.67,0.014046753226312693,,369812.65,0.003992137570704132,,2079743.7516223006,0.016403278829384617,,-1709931.1016223007,-0.8221835503957985,,1023932.41,0.01533209807711606,,2478570.236630836,0.020687351210264406,,-1454637.826630836,-0.5868858607001392,,1040961.83,0.014689520275708344,,2032534.486921875,0.018857234826066167,,-991572.6569218751,-0.48785034807627764,,2434706.89,0.010572669597599883,,651937.26,0.00751828563205207,,1692301.2181121886,0.01449278168374805,,-1040363.9581121886,-0.6147628725769901,,0,,,0,,,0,,,0,,,0,,,0,,,651937.26,0.00751828563205207,,10104170.39,0.01171259231415468,,21081226.813595645,0.018682838641050182,,-10977056.423595645,-0.5207029230631091,,12155545.26,0.010262523948846943,,10048012.67,0.010091268055264632,,,651937.26,0.00751828563205207,,0,0,,651937.26,0.009712896065230028,
PROD HOGAR,53478025.24000001,0.5495581937771673,,40542098.081582576,0.4502270834315152,,12935927.158417434,0.3190739446287797,,44711967.989999995,0.49634952292987083,,54995335.160235226,0.5463096243155152,,-10283367.170235232,-0.18698617146842472,,31506185.830000002,0.37216295968654367,,54309018.80575494,0.527467738263144,,-22802832.975754935,-0.4198719379798222,,129696179.06,0.4767373899317685,,24381650.129999995,0.3184649448854818,,67953497.83623973,0.5473123690196255,,-43571847.70623973,-0.641200954971339,,43387485.00000001,0.4481835306890399,,58680100.31491514,0.49786804402565477,,-15292615.314915136,-0.2606099040875038,,53392363.4,0.5325264894610999,,61923088.276592456,0.5095604158811741,,-8530724.876592457,-0.13776323361793885,,121161498.53,0.44279369116449574,,45454998.650000006,0.49068794127775406,,55977841.659615874,0.44150638476185594,,-10522843.009615868,-0.18798229259359545,,26095917.229999997,0.39075348965920786,,57801313.20363917,0.48243783814800784,,-31705395.973639175,-0.5485238001762736,,24662909.13,0.34803034393978444,,56195945.605850704,0.5213688374691277,,-31533036.475850705,-0.5611265392172299,,96213825.01,0.4178067539587988,,42794859.02,0.4935198422249404,,60732992.643503845,0.5201142645071515,,-17938133.62350384,-0.29536060784619594,,0,,,0,,,0,,,0,,,0,,,0,,,42794859.02,0.4935198422249404,,389866361.62,0.45192683559425423,,569111231.5879296,0.5043640677358243,,-179244869.9679296,-0.3149557766902649,,712755728.48,0.6017560361750361,,607084471.72,0.6096978912662181,,,42794859.02,,,0,,,42794859.02,,
OTROS INGRESOS,,0,,,0,,0,,,,0,,,0,,0,,,,0,,,0,,0,,,0,0,,,0,,,0,,0,,,,0,,,0,,0,,,,0,,,0,,0,,,0,0,,,0,,,0,,0,,,,0,,,0,,0,,,,0,,,0,,0,,,0,0,,,0,,,0,,0,,,0,,,0,,,0,,,0,,,0,,,0,,,0,0,,0,0,,0,0,,0,,,0.19000000000005457,1.6041070215894857e-10,,0.19000000000005457,1.908179252426073e-10,,,0,0,,0,0,,0,0,
TOTAL VENTAS,97310941.49000001,,,90048110.3281951,,,7262831.161804913,0.08065500914271645,,90081617.74000001,,,100666971.09563142,,,-10585353.355631433,-0.1051521987840039,,84656962.79,,,102961782.9984915,,,-18304820.208491493,-0.17778266532893738,,272049522.02000004,,,76559918.19999999,,,124158527.52964742,,,-47598609.32964744,-0.38336963458495843,,96807405.96000001,,,117862757.04791248,,,-21055351.087912466,-0.17864295401942146,,100262361.50999999,,,121522564.05064338,,,-21260202.540643387,-0.17494860075354735,,273629685.66999996,,,92635247.02000001,,,126788294.78266719,,,-34153047.76266719,-0.2693706688082702,,66783580.74999999,,,119810903.36016765,,,-53027322.61016767,-0.4425917935929455,,70864249.50999999,,,107785394.0765654,,,-36921144.566565394,-0.34254311433271245,,230283077.28,,,86713553.05000001,,,116768557.96495613,,,-30055004.914956145,-0.25738953566572303,,0,,,0,,,0,,,0,,,0,,,0,,,86713553.05000001,,,862675838.02,1,,1128373863.2348776,,,-265698025.21487764,-0.2354698507932127,,1184459624.22,1,,995713582.7700002,1,,,86713553.05000001,1,,19592762.750000004,1,,67120790.30000001,1,0
,,,,,,,,,,,,,,,,,,,,,,,,,,,,,,,,,,,,,,,,,,,,,,,,,,,,,,,,,,,,,,,,,,,,,,,,,,,,,,,,,,,,,,,,,,,,,,,,,,,,,,,,,,,,,,,,,,,,,,,,,,,,,,,,,,,,,,,,,,,,,,,,,
(+)TRANSFERENCIAS ENVIADAS,2761801.6100000003,0.027597940502542297,,2044286.3799897826,0.02219821020043116,,717515.2300102178,0.35098567257186536,,1120620.08,0.012287199380038194,,2282054.214238783,0.022166836522929098,,-1161434.1342387828,-0.5089423936522027,,1711685.2999999998,0.01981836393011903,,2338467.799243608,0.022207618514940002,,-626782.4992436082,-0.26803127220581996,,5594106.99,0.020148515598744438,,1438991.9800000002,0.01844887289680334,,2822547.1449597566,0.022228093061841054,,-1383555.1649597564,-0.4901796476386165,,2525166.36,0.02542133261046712,,2682204.7159669437,0.022250657984535113,,-157038.35596694378,-0.05854823646834539,,1733509.9799999997,0.016995883800747354,,2755336.4027665905,0.022170767229846525,,-1021826.4227665907,-0.3708535994881027,,5697668.32,0.020397817251381612,,2911400.1399999997,0.030470981730260426,,2880762.2686796915,0.02221626604054779,,30637.871320308186,0.010635334839465983,,2920339.0699999994,0.04189633922369561,,2717887.872480734,0.02218162641725743,,202451.19751926558,0.07448842888962878,,1488591.9200000004,0.02057406303027069,,2449806.256107742,0.022223448124687916,,-961214.3361077416,-0.39236340984569174,,7320331.13,0.030809032492363476,,3403017.2799999993,0.03776239228299978,,2649952.811971131,0.02219046942329753,,753064.4680288685,0.2841803312975645,,,,,,,,0,,,,,,,,,0,,,3403017.2799999993,0.03776239228299978,,22015123.72,0.024884535585964287,,25623305.866404768,0.022203959032551058,,-3608182.1464047693,-0.1408164178821098,,36573402.14,0.022245383472409928,,32285317.11,0.022251307757995123,,,3403017.2799999993,,,37674463.51999823,,,1790011.5900000003,,
(+)P.T. PENDIENTE TRANSFERIR,0,,,0,,,0,,,0,,,0,,,0,,,0,,,0,,,0,,,0,,,0,,,0,,,0,,,0,,,0,,,0,,,0,,,0,,,0,,,0,,,0,,,0,,,0,,,0,,,0,,,0,,,0,,,0,,,0,,,0,,,0,,,0,,,0,,,0,,,0,,,0,,,0,,,0,,,0,,,0,,,0,,,0,,,0,,,-9625169.829999998,,,-9625169.829999998,,,,0,,,0,,,0,,
,,,,,,,,,,,,,,,,,,,,,,,,,,,,,,,,,,,,,,,,,,,,,,,,,,,,,,,,,,,,,,,,,,,,,,,,,,,,,,,,,,,,,,,,,,,,,,,,,,,,,,,,,,,,,,,,,,,,,,,,,,,,,,,,,,,,,,,,,,,,,,,,,
TOTAL VENTAS C/TRANSFERENC,100072743.10000001,,,92092396.70818488,,,7980346.391815131,0.08665586603313863,,91202237.82000001,,,102949025.3098702,,,-11746787.489870217,-0.11410295002320893,,86368648.09,,,105300250.79773511,,,-18931602.707735103,-0.17978687196196405,,277643629.01000005,,,77998910.17999999,,,126981074.67460719,,,-48982164.494607195,-0.3857438174950516,,99332572.32000001,,,120544961.76387942,,,-21212389.44387941,-0.1759707675334431,,101995871.49,,,124277900.45340997,,,-22282028.96340998,-0.1792919648796545,,279327353.99,,,95546647.16000001,,,129669057.05134688,,,-34122409.89134688,-0.2631499809382815,,69703919.82,,,122528791.23264839,,,-52824871.4126484,-0.43112211327008465,,72352841.42999999,,,110235200.33267315,,,-37882358.90267313,-0.3436502930856018,,237603408.41000003,,,90116570.33000001,,,119418510.77692726,,,-29301940.446927276,-0.24537184609229484,,0,,,0,,,0,,,0,,,0,,,0,,,90116570.33000001,,,884690961.74,1,,1153997169.1012824,,,-269306207.3612824,-0.23336816984656422,,1211407856.5300002,1,,1018373730.0500002,1,,,90116570.33000001,1,,57267226.26999824,1,,68910801.89000002,1,-36061457.82999824
,0.1650192836122114,,,,,,,,,0.1700412472345496,,,,,,,,,0.14910308514291362,,,,,,,,,0.1869463321454706,,,,,,,,,,,,,,,,,,,,,0.2008869655601794,,,,,,,,,0.1869463321454706,,,0.16013346791097735,,,,,,,,,0.13774697015677848,,,,,,,,,0.1368911943092336,,,,,,,,,0.1869463321454706,,,0.14269490592286532,,,,,,,,,,,,,,,,,,,,,,,,,,,0.1869463321454706,,,,,,,,,,,,,,,,,,,,,,,,,,,
INVENTARIO INICIAL,202698611.59999996,,,,,,,,,198586804.9,,,,,,,,,189291254.75,,,,,,,,,202698611.59999996,,,202270410.74,,,,,,,,,208100190.93,,,,,,,,,206770756.56,,,,,,,,,202270410.74,,,195909718.01,,,,,,,,,183272506.43,,,,,,,,,179924175.37,,,,,,,,,195909718.01,,,179727879.32,,,,,,,,,0,,,,,,,,,0,,,,,,,,,179727879.32,,,,,,,,,,,,,,,,,,,,,,,,,,,
(+) COMPRAS,39623333.68,,,,,,,,,38198834.58,,,,,,,,,49083158.5,,,,,,,,,126905326.75999999,,,38610742.49,,,,,,,,,49583680.43,,,,,,,,,44344521.419999994,,,,,,,,,132538944.34,,,38098378.33,,,,,,,,,33881721.91,,,,,,,,,39610178.17,,,,,,,,,111590278.41,,,87308443.16999999,,,,,,,,,0,,,,,,,,,0,,,,,,,,,87308443.16999999,,,,,,,,,,,,,,,,,,,,,,,,,,,
(+)TRANSFERENCIAS RECIBIDAS,19865714.069999993,,,,,,,,,13458612.550000006,,,,,,,,,15332070.010000002,,,,,,,,,48656396.63,,,22645138.949999996,,,,,,,,,14249322.850000001,,,,,,,,,12501802.68,,,,,,,,,49396264.48,,,18930160.40999999,,,,,,,,,9974533.120000001,,,,,,,,,7502885.2,,,,,,,,,36407578.72999999,,,12365505.52,,,,,,,,,,,,,,,,,,,,,,,,,,,12365505.52,,,,,,,,,,,,,,,,,,,,,,,,,,,
(--) INVENTARIO FINAL,198583775.25,,,,,,,,,189290005.69,,,,,,,,,202270705.84,,,,,,,,,202270705.84,,,208100190.93,,,,,,,,,206770754.78,,,,,,,,,195835067.55,,,,,,,,,195835067.55,,,182998980.49,,,,,,,,,179924153.32,,,,,,,,,179732090.77,,,,,,,,,179732090.77,,,225566200.73999998,,,,,,,,,0,,,,,,,,,0,,,,,,,,,0,,,,,,,,,,,,,,,,,,,,,,,,,,,
MATERIALES,63603884.099999964,0.635576502948883,,60867033.94940068,0.6609344107122256,,2736850.150599286,-0.02535790776334257,,60954246.340000026,0.6683415648232394,,67946385.9330409,0.660000283912611,,-6992139.593040876,0.008341280910628357,,51435777.42,0.5955376002458858,,69626056.46614559,0.6612145359452759,,-18190279.04614559,-0.06567693569939015,,175993907.85999998,0.6338841935165064,,55426101.25000001,0.7106009702198638,,84039141.76491657,0.6618241496244176,,-28613040.51491656,0.04877682059544619,,65162439.430000015,0.6560027381560113,,79860555.30381145,0.6624960026138661,,-14698115.873811431,-0.006493264457854808,,67782013.10999998,0.6645564386068857,,82037994.29023823,0.660117317648065,,-14255981.180238247,0.004439120958820708,,188370553.79,0.674372026581914,,69939276.25999996,0.7319909001399223,,85772451.70941052,0.6614720092816437,,-15833175.449410558,0.07051889085827856,,47204608.140000015,0.6772159766896739,,80922993.48282896,0.6604406414911783,,-33718385.342828944,0.01677533519849561,,47305147.97000001,0.6538118895547019,,72941072.25853032,0.6616858502402608,,-25635924.288530305,-0.0078739606855589,,164449032.37,0.6921156286034104,,53835627.269999996,0.5973998685575587,,78900279.99470541,0.6607039351050897,,-25064652.724705413,-0.06330406654753107,,0,,,,,,0,,,0,,,,,,0,,,53835627.269999996,0.5973998685575587,,582649121.29,0.6585905660707242,,762913965.1530287,0.661105577708805,,-180264843.86302876,-0.0025150116380807663,,808895597.89,0.6677318407088999,,697756382.36,0.6851673032902582,,,53835627.269999996,0.5973998685575587,,41661998.669999994,0.7275015987953711,,48235086.42999828,0.6999640855579408,-36061457.82999828
(+) VARIACION EN COMPRAS,1288659.0799999998,0.01287722350842604,,0,0,,1288659.0799999998,,,382950.44000000006,0.004198914951580516,,0,0,,382950.44000000006,,,2460952.31,0.02849358377632098,,0,0,,2460952.31,,,4132561.83,0.014884410799324177,,393638.08999999985,0.005046712692415722,,0,0,,393638.08999999985,,,-5252905.01,-0.05288199920040085,,0,0,,-5252905.01,,,-1592740.68,-0.015615736762013523,,0,0,,-1592740.68,,,-6452007.6,-0.023098373674606116,,-3225519.32,-0.03375858196885367,,0,0,,-3225519.32,,,-2736774.27,-0.039262846007330904,,0,0,,-2736774.27,,,-3866902.93,-0.05344507352542824,,0,0,,-3866902.93,,,-9829196.52,-0.04136807879051586,,-14921631.58,-0.16558144107524422,,0,0,,-14921631.58,,,0,,,0,,,0,,,0,,,0,,,0,,,-14921631.58,-0.16558144107524422,,-27070273.869999997,-0.030598564968673914,,0,0,,-27070273.869999997,,,-2056227.1499999976,-0.0016973863417808167,,-8140843.159999997,-0.00799396421940332,,,-14921631.58,-0.16558144107524422,,-3710327.69,-0.06478972235370523,,-11211303.89,-0.1626929825587609,
(+) VARIACION STD,-3029.65,0,,0,0,,-3029.65,,,-1249.06,0,,0,0,,-1249.06,,,295.1,0,,0,0,,295.1,,,-3983.61,0,,0,0,,0,0,,0,,,-1.78,0,,0,0,,-1.78,,,-74650.46,0,,0,0,,-74650.46,,,-74652.24,0,,-273525.94,-0.002862747653949179,,0,0,,-273525.94,,,-22.05,0,,0,0,,-22.05,,,4211.45,0,,0,0,,4211.45,,,-269336.54,-0.0011335550352680227,,-342.7,0,,0,0,,-342.7,,,0,,,0,,,0,,,0,,,0,,,0,,,-342.7,0,,-348315.09,0,,0,0,,-348315.09,,,-9871122.829999998,-0.008148471860067999,,3505210.7200000007,0.0034419689123637368,,,-342.7,-3.8028522251241774e-06,,2.79,4.8718965134542495e-08,,-345.49,-5.013582639068604e-06,
FLETES MERCANCIAS,157868.69,0.0015775393489738366,,450892.46165611676,0.004896087818029855,,-293023.77165611676,-0.0033185484690560186,,337751.59,0.0037033256866635072,,503335.0769063886,0.0048891679682384675,,-165583.4869063886,-0.0011858422815749603,,115930.48000000001,0.0013422750334032697,,515777.7857473091,0.004898162937313754,,-399847.3057473091,-0.003555887903910484,,611550.76,0.0022026464723164003,,0,0,,622547.4291609328,0.004902678850027291,,-622547.4291609328,,,319544.48,0.003216915383713079,,591593.1832672217,0.004907655820788431,,-272048.7032672217,-0.0016907404370753516,,284801.82,0.0027922877253705597,,607723.274730396,0.004890034933911865,,-322921.454730396,-0.0020977472085413054,,604346.3,0.002163577219944008,,37061.72,0,,635387.489485469,0.004900070255264258,,-598325.769485469,-0.004900070255264258,,98901.45000000001,0.0014188793148993384,,599463.5415681188,0.0048924300610287,,-500562.09156811883,-0.0034735507461293616,,38875.28,0,,540334.8494659031,0.00490165435210581,,-501459.5694659031,-0.00490165435210581,,174838.45,0,,497445.04000000004,0.005520017441613615,,584479.6298394278,0.004894380494588737,,-87034.58983942773,,,0,,,0,,,0,,,0,,,0,,,0,,,497445.04000000004,0.005520017441613615,,1888180.55,0.0021342826271067,,5651534.7218272835,0.0048973557935403115,,-3763354.1718272837,-0.0027630731664336117,,3379564.3200000003,0.0027897824021717544,,2286341.42,0.002245090729007459,,,497445.04000000004,0.005520017441613615,,0,0,,497445.04000000004,0.007218680183029284,
FLETES INTERPLANTAS,588784.55,0.005883565611983309,,811606.43098101,0.008812958072453737,,-222821.88098100992,-0.0029293924604704277,,583600,0.006398965792394413,,906003.1384314995,0.00880050234282924,,-322403.1384314995,-0.002401536550434828,,583100,0.0067512924295443835,,928400.0143451563,0.008816693287164754,,-345300.01434515626,-0.0020654008576203708,,1755484.55,0.006322797883962148,,0,0,,1120585.372489679,0.008824821930049125,,-1120585.372489679,,,400500,0.0040319100839328785,,1064867.7298809988,0.008833780477419175,,-664367.7298809988,-0.004801870393486296,,314043.67,0.003078984133497892,,1093901.894514713,0.008802062881041359,,-779858.224514713,-0.005723078747543468,,714543.6699999999,0.002558086989309256,,489029.02,0.005118222716712229,,1143697.4810738442,0.008820126459475665,,-654668.4610738442,-0.003701903742763436,,359078.61,0.005151483746212079,,1079034.3748226138,0.00880637410985166,,-719955.7648226138,-0.0036548903636395803,,327735.22,0.004529680017018787,,972602.7290386255,0.008822977833790456,,-644867.5090386255,-0.004293297816771669,,1175842.85,0.004948762552980752,,455518.17,0.005054765936297033,,1052063.33371097,0.008809884890259728,,-596545.16371097,-0.0037551189539626944,,0,,,0,,,0,,,0,,,0,,,0,,,455518.17,0.005054765936297033,,4101389.2399999993,0.004635956980880006,,10172762.49928911,0.00881524042837256,,-6071373.259289111,-0.004179283447492554,,9015252.58,0.007441963110445404,,7848352.58,0.007706750820854993,,,455518.17,0.005054765936297033,,19500,0.0003405088961016411,,436018.17,0.006327283358217207,
GASTOS DE IMPORTACION MERCANCIAS,849927.55,0.008493097357695994,,360713.96932489343,0.003916870254423885,,489213.5806751066,0.004576227103272109,,622841.81,0.00682923823897022,,402668.0615251109,0.003911334374590774,,220173.74847488914,0.002917903864379446,,210270.58999999997,0.002434570815336702,,412622.2285978473,0.003918530349851002,,-202351.6385978473,-0.0014839595345143004,,1683039.9500000002,0.006061871313241555,,177600.79,0.0022769650190002182,,498037.9433287462,0.003922143080021833,,-320437.1533287462,-0.001645178061021615,,1892901.72,0.019056203577432936,,473274.54661377735,0.003926124656630745,,1419627.1733862227,0.01513007892080219,,2395327.94,0.02348455780619361,,486178.61978431686,0.003912027947129493,,1909149.320215683,0.019572529859064117,,4465830.45,0.015987802075982428,,79938.97000000002,0,,508309.9915883752,0.003920056204211406,,-428371.02158837515,-0.003920056204211406,,602232.81,0.008639870061184173,,479570.833254495,0.0039139440488229595,,122661.97674550506,0.004725926012361214,,485827.20999999996,0.006714694273203197,,432267.8795727225,0.003921323481684648,,53559.330427277484,0.0027933707915185494,,1167998.99,0.004915750147761105,,9430456,0.1046473025489806,,467583.70387154224,0.00391550439567099,,8962872.296128457,0.1007317981533096,,0,,,0,,,0,,,0,,,0,,,0,,327735.22,9430456,0.1046473025489806,,16747325.39,0.018930141839656137,,4521227.777461828,0.00391788463483225,,12226097.612538174,0.015012257204823888,,11687522.98,0.009647884415640292,,6966157.0200000005,0.006840472033442944,,,9430456,0.1046473025489806,,8062.33,0.00014078436350293045,,9422393.67,0.13673318857964603,
(+) GTOS S/COMPRA,1596580.79,0.01595420231865314,,1623212.86196202,0.017625916144907473,,-26632.07196202007,-0.001671713826254334,,1544193.4000000001,0.01693152971802814,,1812006.276862999,0.01760100468565848,,-267812.87686299894,,,909301.07,0.010528138278284355,,1856800.0286903125,0.01763338657432951,,-947498.9586903127,-0.0071052482960451534,,4050075.2600000002,0.014587315669520104,,177600.79,0.0022769650190002182,,2241170.744979358,0.01764964386009825,,-2063569.9549793578,-0.01537267884109803,,2612946.2,0.026305029045078896,,2129735.459761998,0.017667560954838353,,483210.74023800215,0.008637468090240543,,2994173.4299999997,0.02935582966506206,,2187803.789029426,0.017604125762082718,,806369.640970574,0.011751703902979343,,5784720.42,0.02070946628523569,,606029.71,0.006342762702967042,,2287394.9621476885,0.01764025291895133,,-1681365.2521476883,-0.011297490215984288,,1060212.87,0.015210233122295592,,2158068.7496452276,0.01761274821970332,,-1097855.8796452275,-0.002402515097407727,,852437.71,0.011781675648837059,,1945205.458077251,0.017645955667580912,,-1092767.748077251,-0.005864280018743853,,2518680.29,0.010600354207267324,,10383419.21,0.11522208592689126,,2104126.66742194,0.017619769780519455,,8279292.54257806,0.0976023161463718,,0,,,0,,,0,,,0,,,0,,,0,,,10383419.21,0.11522208592689126,,22736895.18,0.02570038144764284,,20345524.99857822,0.01763048085674512,,2391370.181421779,0.008069900590897721,,24082339.880000003,0.019879629928257453,,17100851.02,0.016792313583305393,,,10383419.21,0.11522208592689126,,27562.33,0.00048129325960457155,,10355856.879999999,0.1502791521208925,
TOTAL MATERIALES,66486094.31999996,0.6643776542985556,,62490246.8113627,0.6785603268571331,,3995847.5086372662,-0.014182672558577525,,62880141.12000002,0.6894583139955679,,69758392.2099039,0.6776012885982694,,-6878251.089903874,0.011857025397298493,,54806325.900000006,0.6345627390495838,,71482856.4948359,0.6788479225196054,,-16676530.5948359,-0.04428518347002153,,184172561.33999997,0.6633415720602274,,55997340.13,0.7179246479312797,,86280312.50989592,0.6794737934845158,,-30282972.379895918,0.03845085444676399,,62522478.84000002,0.6294257500810889,,81990290.76357344,0.6801635635687043,,-19467811.923573427,-0.05073781348761541,,69108795.39999998,0.6775646346310755,,84225798.07926765,0.6777214434101477,,-15117002.679267673,,,187628614.37,0.6717158620158524,,67046260.70999996,0.7017123332200865,,88059846.6715582,0.6791122622005951,,-21013585.96155825,0.022600071019491463,,45528024.69000001,0.6531630474666184,,83081062.2324742,0.6780533897108816,,-37553037.54247417,-0.02489034224426323,,44294894.20000002,0.612206698790876,,74886277.71660757,0.6793318059078418,,-30591383.516607556,-0.06712510711696584,,156869179.6,0.6602143489848937,,49297072.199999996,0.5470367105569806,,81004406.66212735,0.6783237048856091,,-31707334.462127354,-0.13128699432862856,,0,,,0,,,0,,,0,,,0,,,0,,,49297072.199999996,0.5470367105569806,,577967427.5099999,0.6532986686935969,,783259490.1516069,0.67873605856555,,-205292062.641607,-0.025437389871953098,,821050587.79,0.6777656124353085,,710221600.94,0.697407621566524,,,49297072.199999996,0.5470367105569806,,37979236.099999994,0.6631932184202356,,47379293.92999828,0.6875452415374333,
,,,,,,,,,,,,,,,,,,,,,,,,,,,,,,,,,,,,,,,,,,,,,,,,,,,,,,,,,,,,,,,,,,,,,,,,,,,,,,,,,,,,,,,,,,,,,,,,,,,,,,,,,,,,,,,,,,,,,,,,,,,,,,,,,,,,,,,,,,,,,,,,,
MANO DE OBRA,4092534.4000000004,0.04089559527623261,,3366120.041865,0.036551552160503493,,726414.3581350003,0.0043440431157291196,,3698527.69,0.040553036618460464,,3197814.0397717496,0.031062110885912004,,500713.6502282503,0.00949092573254846,,3332512.55,0.038584748328205534,,3197814.0397717496,0.030368532036207943,,134698.51022825018,0.008216216291997591,,11123574.64,0.04006421713930038,,3425511.17,0.04391742348828803,,3421661.0225557727,0.026946228257430344,,3850.1474442272447,0.01697119523085769,,4299963.96,0.043288559427895015,,4277076.278194716,0.03548116997683031,,22887.681805283763,0.007807389451064704,,3665026.8899999997,0.03593309058944931,,3490094.2430068883,0.028082983621977708,,174932.64699311135,0.007850106967471602,,11390502.02,0.040778326423440016,,3544480.41,0.037096858082989584,,3594797.070297095,0.027722859655512206,,-50316.660297094844,0.009373998427477378,,3874051.08,0.0555786688898438,,4493496.337871369,0.0366729834895658,,-619445.2578713689,0.018905685400278004,,2950718.67,0.04078234678391677,,3594797.070297095,0.032610246631280586,,-644078.4002970951,0.008172100152636183,,10369250.16,0.04364099921541188,,4304703.4,0.04776816721094139,,4628301.22800751,0.03875698330096526,,-323597.82800750993,0.009011183909976128,,0,,,0,,,0,,,0,,,0,,,0,,,4304703.4,0.04776816721094139,,37188030.22,0.042035051592319884,,37261971.371638946,0.032289482478243925,,-73941.15163894743,0.00974556911407596,,58566651.14,0.04834593966375652,,50733775.15,0.049818424860104224,,,4304703.4,0.04776816721094139,,759732.47,0.013266444343193493,,3544970.93,0.05144289186561372,0
,,,,,,,,,,,,,,,,,,,,,,,,,,,,,,,,,,,,,,,,,,,,,,,,,,,,,,,,,,,,,,,,,,,,,,,,,,,,,,,,,,,,,,,,,,,,,,,,,,,,,,,,,,,,,,,,,,,,,,,,,,,,,,,,,,,,,,,,,,,,,,,,,
GASTOS DE FAB RICACION:,,,,,,,,,,,,,,,,,,,,,,,,,,,,,,,,,,,,,,,,,,,,,,,,,,,,,,,,,,,,,,,,,,,,,,,,,,,,,,,,,,,,,,,,,,,,,,,,,,,,,,,,,,,,,,,,,,,,,,,,,,,,,,,,,,,,,,,,,,,,,,,,,
MANO DE OBRA INDIRECTA,3073089.5300000003,0.030708556943713876,,2951408.0789423995,0.032048336067249814,,121681.45105760079,-0.0013397791235359377,,2858995.93,0.03134787038496376,,2754649.507951625,0.02675741222085688,,104346.42204837501,0.004590458164106883,,2799986.2399999998,0.032419012013274635,,2754649.507951625,0.026159952014196672,,45336.7320483746,0.0062590599990779636,,8732071.7,0.03145064675582918,,2765409.79,0.035454467038298305,,2892381.9833492064,0.022778055633573917,,-126972.19334920635,0.012676411404724388,,3335529.44,0.033579412695108585,,3133411.4049766543,0.025993715200758914,,202118.0350233456,0.007585697494349671,,2871206.92,0.02815022684797102,,2892381.9833492064,0.02327350214959191,,-21175.063349206466,0.0048767246983791104,,8972146.149999999,0.032120542517011075,,2575394.23,0.02695431296178619,,3008077.2626831746,0.023198111647345625,,-432683.0326831746,0.0037562013144405645,,2973805.7300000004,0.04266339307286321,,3258747.86117572,0.026595772539600562,,-284942.13117571967,0.016067620533262647,,2300886.4,0.03180091278413805,,3008077.2626831746,0.027287810550579605,,-707190.8626831747,0.004513102233558441,,7850086.360000001,0.03303861006258871,,3031833.48,0.033643462782678664,,3258747.86117572,0.027288465079446794,,-226914.38117572013,0.00635499770323187,,0,,,0,,,0,,,0,,,0,,,0,,,3031833.48,0.033643462782678664,,28586137.69,0.032312003768838235,,29912532.714238506,0.025920802507283434,,-1326395.0242385045,0.006391201261554801,,44579816.19,0.03680000583593374,,38436384.269999996,0.03774290629837127,,,3031833.48,0.033643462782678664,,457439.19,0.007987800698488659,,2574394.29,0.037358356301083515,
MANTENIMIENTO INSTALACIONES,22556.509999999995,0,,38599.8,0,,-16043.290000000008,,,32818.36,0,,85570,0,,-52751.64,,,5576.1,0,,13883.84,0,,-8307.74,,,60950.969999999994,0,,40340.53,0,,18268.940000000002,0,,22071.589999999997,,,34390.94,0,,75139.38,0,,-40748.44,,,3350,0,,24303.219999999998,0,,-20953.219999999998,,,78081.47,0,,38194.78,0,,27070.6412,0,,11124.1388,,,41134.51,0,,48733.8676,0,,-7599.357599999996,,,45191.14,0,,13999.09,0,,31192.05,,,124520.43,0,,10893.050000000001,0,,12185.383399999999,0,,-1292.3333999999977,,,0,,,0,,,0,,,0,,,0,,,0,,,10893.050000000001,0,,274445.92,0,,357754.1622,0,,-83308.24220000004,,,416663.05000000005,0,,333639.6500000001,0,,,10893.050000000001,0.00012087732544758952,,2000.6,3.493446654056118e-05,,8892.45,0.00012904290410369507,
MANTENIMIENTO ACTIVO FIJO,822096.0000000001,0.00821498416585325,,526708,0.005719342951503268,,295388.0000000001,0.002495641214349981,,605450,0.006638543247095951,,475357.6,0.004617407484618752,,130092.40000000002,0.002021135762477199,,374029.7100000001,0.004330619018260473,,452994.19000000006,0.00430192888020874,,-78964.47999999998,,,1801575.7100000002,0.006488806231296998,,483163.08999999997,0.006194485139407624,,392154.49,0.0030882908418038485,,91008.59999999998,0.0031061942976037754,,449404.73,0.0045242433524447755,,478902.6,0.003972813073167362,,-29497.869999999995,,,913269.48,0.008953984770741823,,289836,0.002332160415830773,,623433.48,0.00662182435491105,,1845837.2999999998,0.006608150879724014,,968093.6400000001,0.010132157106244188,,359430.99,0.002771910262736553,,608662.6500000001,0.007360246843507635,,508200.3499999999,0.007290843202395959,,357451.20999999996,0.0029172834107315943,,150749.13999999996,0.004373559791664365,,1391173.0699999998,0.019227621783809743,,268857.74,0.0024389463546002368,,1122315.3299999998,0.016788675429209508,,2867467.0599999996,0.012068290935675468,,1023695.99,0.011359686528807113,,466974,0.003910398789617326,,556721.99,0.007449287739189787,,0,,,0,,,0,,,0,,,0,,,0,,,1023695.99,0.011359686528807113,,7538576.0600000005,0.008521140585830351,,4068666.8200000003,0.0035257164652913522,,3469909.24,0.004995424120538999,,5706205.24,0.004710391474878706,,5169849.08,0.0050765734891317065,,,1023695.99,0.011359686528807113,,628613.84,0.010976851524749417,,395082.14999999997,0.00573323977031433,
DEPRECIACIONES Y AMORT.,2769655.06,0.027676417915639205,,2772380.9299999997,0.030104341173624805,,-2725.869999999646,-0.0024279232579856,,2738599.77,0.030027769443607275,,2772380.9299999997,0.026929647188550884,,-33781.15999999968,0.003098122255056391,,2637486.6,0.030537546416746282,,2772380.9299999997,0.026328341186245593,,-134894.3299999996,0.0042092052305006886,,8145741.43,0.029338837916236177,,2736489.99,0.03508369519118838,,2772380.9299999997,0.0218330246227976,,-35890.93999999948,0.013250670568390781,,2698748.9699999997,0.027168821937943743,,2772380.9299999997,0.022998729183144734,,-73631.95999999996,0.004170092754799008,,2673472.52,0.026211575830911115,,2772380.9299999997,0.022307915726652673,,-98908.40999999968,0.003903660104258442,,8108711.48,0.029029421444669162,,2576914.9,0.026970228433916294,,2772380.9299999997,0.021380435649363757,,-195466.0299999998,0.005589792784552537,,2555540.8899999997,0.036662800264308,,2772380.9299999997,0.022626363176439183,,-216840.04000000004,0.014036437087868819,,2540652.69,0.03511476038516101,,2772380.9299999997,0.02514968831764603,,-231728.23999999976,0.009965072067514978,,7673108.48,0.032293764350213174,,2371402.9299999997,0.026314837785283027,,2772380.9299999997,0.02321567160704912,,-400978,0.0030991661782339072,,0,,,0,,,0,,,0,,,0,,,0,,,2371402.9299999997,0.026314837785283027,,26298964.32,0.029726724310911348,,27723809.299999997,0.02402415711434624,,-1424844.9799999967,0.005702567196565107,,34362523.17,0.028365775394943563,,28814033.08,0.028294163753208052,,,2371402.9299999997,0.026314837785283027,,710650.52,0.012409375593808062,,1660752.41,0.024100030248537855,
FLETES REFACCIONES,0,0,,33657.66,0,,-33657.66,,,0,0,,36059,0,,-36059,,,0,0,,31560,0,,-31560,,,0,0,,851501.1699999999,0.010916834197233908,,34877,0,,816624.1699999999,0.010916834197233908,,75325.08,0,,35657,0,,39668.08,,,70565.14,0,,34674,0,,35891.14,,,997391.3899999999,0.0035706900013655904,,91923.8,0,,37891,0,,54032.8,,,40035.93,0,,37626,0,,2409.9300000000003,,,256250.12,0.0035416732077884895,,36680,0,,219570.12,0.0035416732077884895,,388209.85,0.001633856402135944,,198286.61,0.002200334625184797,,38515,0,,159771.61,0.002200334625184797,,0,,,0,,,0,,,0,,,0,,,0,,,198286.61,0.002200334625184797,,1583887.8499999996,0.0017903289606178718,,357196.66000000003,0,,1226691.1899999995,0.0017903289606178718,,259832.87000000002,0,,241856.75000000003,0,,,198286.61,0.002200334625184797,,26885.21,0.0004694693937723488,,171401.4,0.0024872936506181173,
GASTOS DE IMPORTACION REFACCIONES,0,0,,50332,0,,-50332,,,0,0,,55063,0,,-55063,,,0,0,,53285,0,,-53285,,,0,0,,42789.69,0,,21896.16,0,,20893.530000000002,,,0,0,,26987,0,,-26987,,,84311.37000000001,0,,27327.67,0,,56983.70000000001,,,127101.06000000001,0,,15698.25,0,,53375,0,,-37676.75,,,58020.71,0,,61266,0,,-3245.290000000001,,,99525.56000000001,0.0013755584166834569,,62116,0,,37409.56000000001,0.0013755584166834569,,173244.52000000002,0,,50780.03,0,,63983,0,,-13202.970000000001,,,0,,,0,,,0,,,0,,,0,,,0,,,50780.03,0,,351125.61,0,,475630.83,0,,-124505.22000000003,,,373557.98000000004,0,,339130.05000000005,0,,,50780.03,0.0005634927052155603,,31202.08,0.0005448505547115432,,19577.95,0.0002841056766579443,
HONORARIOS,0,0,,0,0,,0,,,0,0,,0,0,,0,,,0,0,,0,0,,0,,,0,0,,282517.17000000004,0.0036220656076864184,,0,0,,282517.17000000004,,,153101.31,0.0015413001639259269,,0,0,,153101.31,,,23455.059999999998,0,,0,0,,23455.059999999998,,,459073.54000000004,0.0016434965406804912,,22002.989999999998,0,,0,0,,22002.989999999998,,,39422.24,0,,0,0,,39422.24,,,33000,0,,0,0,,33000,,,94425.22999999998,0,,83867.94,0,,0,0,,83867.94,,,0,,,0,,,0,,,0,,,0,,,0,,,83867.94,0,,637366.71,0,,0,0,,637366.71,,,0,0,,0,0,,,83867.94,0.0009306605843174235,,4350,7.595967682267378e-05,,79517.94,0.0011539256229659291,
MATERIALES INDIRECTOS,12225.66,0,,46571.961097073756,0,,-34346.30109707375,,,6821.71,0,,36842.706934106325,0,,-30020.996934106326,,,283855.62,0.0032865585635219125,,24811.67024609808,0,,259043.94975390192,0.0032865585635219125,,302902.99,0.0010909776358999045,,58963.86,0,,108387.29131165384,0,,-49423.43131165384,,,259126.90000000002,0.0026086800527547237,,54498.606498731766,0,,204628.29350126826,0.0026086800527547237,,347029.20999999996,0.003402384870391777,,29075.521152031797,0,,317953.6888479682,0.003402384870391777,,665119.97,0.0023811487149368532,,13760.65,0,,131988.71960327725,0.0010178890986383268,,-118228.06960327725,-0.0010178890986383268,,88.65,0,,5422.704841747716,0,,-5334.054841747717,,,104182.79000000001,0.0014399267249344298,,204642.12608202116,0.0018564136089419913,,-100459.33608202115,,,118032.09,0,,85993.34,0,,1883.8420963917074,0,,84109.4979036083,,,0,,,0,,,0,,,0,,,0,,,0,,,85993.34,0,,1172048.3900000001,0.001324811081707932,,644125.1498631333,0,,527923.2401368668,0.001324811081707932,,848898.76,0,,601046.65,0,,,85993.34,0.00095424559196049,,73756.62,0.0012879377054558063,,12236.72,0.00017757332180712483,
COMBUSTIBLE,0,0,,0,0,,0,,,0,0,,0,0,,0,,,0,0,,0,0,,0,,,0,0,,0,0,,0,0,,0,,,0,0,,0,0,,0,,,0,0,,0,0,,0,,,0,0,,0,0,,0,0,,0,,,0,0,,0,0,,0,,,0,0,,0,0,,0,,,0,0,,0,0,,0,0,,0,,,0,,,0,,,0,,,0,,,0,,,0,,,0,0,,0,0,,0,0,,0,,,0,0,,0,0,,,0,0,,0,0,,0,0,
HERRAMIENTAS Y EQ MENORES,49761.12,0,,102087.70066434736,0.0011085356046040891,,-52326.580664347355,-0.0011085356046040891,,55443.07,0,,35301.17333007592,0,,20141.896669924077,,,89719.51,0.0010387972022730776,,69347.05795198742,0,,20372.45204801258,0.0010387972022730776,,194923.69999999998,0,,91247.62,0.0011698576273620443,,98836.93479932133,0,,-7589.314799321335,0.0011698576273620443,,33964.31,0,,58014.67737650993,0,,-24050.36737650993,,,74307.55,0,,26428.182927293143,0,,47879.36707270686,,,199519.47999999998,0,,146807.46,0.0015365003834635863,,22688.644766139092,0,,124118.81523386089,0.0015365003834635863,,26416.68,0,,138472,0.0011301180612896104,,-112055.32,-0.0011301180612896104,,44779.869999999995,0,,248578.17982458364,0.002254980070561965,,-203798.30982458364,-0.002254980070561965,,218004.00999999998,0,,89664.51999999999,0.0009949837157767472,,28879.097193380625,0,,60785.42280661936,0.0009949837157767472,,0,,,0,,,0,,,0,,,0,,,0,,,89664.51999999999,0.0009949837157767472,,702111.7100000001,0,,828633.6488336385,0,,-126521.93883363844,,,1148462.72,0,,800657.5000000001,0,,,89664.51999999999,0.0009949837157767472,,1473.12,2.5723613591038433e-05,,88191.4,0.001279790650829705,
EQ PROTECCION Y SEGURIDAD,0,0,,0,0,,0,,,0,0,,0,0,,0,,,0,0,,0,0,,0,,,0,0,,0,0,,0,0,,0,,,0,0,,0,0,,0,,,0,0,,0,0,,0,,,0,0,,0,0,,0,0,,0,,,0,0,,0,0,,0,,,0,0,,0,0,,0,,,0,0,,0,0,,0,0,,0,,,0,,,0,,,0,,,0,,,0,,,0,,,0,0,,0,0,,0,0,,0,,,0,0,,0,0,,,0,0,,0,0,,0,0,
MAQUILA,0,0,,0,0,,0,,,0,0,,0,0,,0,,,0,0,,0,0,,0,,,0,0,,0,0,,0,0,,0,,,0,0,,0,0,,0,,,0,0,,0,0,,0,,,0,0,,0,0,,0,0,,0,,,0,0,,0,0,,0,,,0,0,,0,0,,0,,,0,0,,0,0,,110894.07141676136,0,,-110894.07141676136,,,0,,,0,,,0,,,0,,,0,,,0,,,0,0,,0,0,,110894.07141676136,0,,-110894.07141676136,,,325636.24,0,,166293.9,0,,,0,0,,0,0,,0,0,
DIVERSOS,0,0,,0,0,,0,,,0,0,,0,0,,0,,,0,0,,0,0,,0,,,0,0,,0,0,,0,0,,0,,,0,0,,0,0,,0,,,0,0,,0,0,,0,,,0,0,,0,0,,0,0,,0,,,0,0,,0,0,,0,,,0,0,,0,0,,0,,,0,0,,0,0,,0,0,,0,,,0,,,0,,,0,,,0,,,0,,,0,,,0,0,,0,0,,0,0,,0,,,13200,0,,13200,0,,,0,0,,0,0,,0,0,
RECOLECCION DE BASURA ,24195,0,,32370,0,,-8175,,,8985,0,,32370,0,,-23385,,,81115,0,,32370,0,,48745,,,114295,0,,39785,0,,32370,0,,7415,,,68355,0,,32370,0,,35985,,,22700,0,,32370,0,,-9670,,,130840,0,,40325,0,,32370,0,,7955,,,35875,0,,32370,0,,3505,,,93785,0.0012962172341321966,,32370,0,,61415,0.0012962172341321966,,169985,0,,43050,0,,32370,0,,10680,,,0,,,0,,,0,,,0,,,0,,,0,,,43050,0,,458170,0,,323700,0,,134470,,,466431,0,,402111,0,,,43050,0.0004777145850352957,,13050,0.00022787903046802134,,30000,0.0004353453911026603,
ARRENDAMIENTO DE EQUIPOS,79146.48,0,,0,0,,79146.48,,,79146.48,0,,0,0,,79146.48,,,113722.44,0.0013167097380231785,,10246.419971542195,0,,103476.0200284578,0.0013167097380231785,,272015.39999999997,0,,80196.84,0.0010281789811540673,,19252.57362890191,0,,60944.266371098085,0.0010281789811540673,,86796.02,0,,103238.43475304058,0,,-16442.414753040575,,,117759.62,0.0011545528096354913,,134119.11660581,0.0010791871774184774,,-16359.49660581001,,,284752.48,0.0010194221079049572,,86796.02,0,,81098.74290697649,0,,5697.277093023513,,,86796.02,0.0012452100287062451,,191963.20249193293,0.0015666783338084821,,-105167.18249193292,,,86796.02,0.0011996214424277105,,116066.43813734496,0.0010528981467541585,,-29270.418137344954,,,260388.06,0.001095893622665057,,86796.02,0,,107913.17219573309,0,,-21117.152195733084,,,0,,,0,,,0,,,0,,,0,,,0,,,86796.02,0,,903951.9600000001,0.0010217714423374664,,763898.1006912822,0,,140053.8593087179,0.0010217714423374664,,923799.8399999999,0,,765506.8799999999,0,,,86796.02,0.000963152721881887,,86796.02,0.0015156316387803057,,0,0,
GASTOS DE FABRICACION,6852725.36,0.06847744098662566,,6554116.13070382,0.07116891692450991,,298609.22929618007,-0.002691475937884255,,6386260.320000001,0.07002306601954388,,6283593.9182158075,0.06103597289340602,,102666.40178419309,0.008987093126137859,,6385491.220000001,0.07393297638914102,,6215528.616121253,0.05902672186470179,,169962.60387874732,0.014906254524439236,,19624476.900000002,0.07068225181314416,,7472404.750000001,0.09580139943950178,,6390806.303089083,0.05032880938727063,,1081598.446910917,0.04547259005223115,,7194742.699999999,0.07243085054539941,,6770600.033604937,0.05616659489151463,,424142.6663950634,0.016264255653884778,,7201426.869999999,0.07060508199791253,,6262896.6240343405,0.0503942905471131,,938530.2459656589,0.02021079145079943,,21868574.32,0.07829012807955393,,6575911.72,0.06882409708200586,,6526371.931159566,0.05033098936298447,,49539.78884043293,0.018493107719021393,,6365336.71,0.09131963778274645,,6904433.7761094,0.056349480857929825,,-539097.0661094004,0.03497015692481662,,6996222.659999999,0.09669589364736578,,6763767.766727123,0.06135760398053522,,232454.8932728757,0.03533828966683056,,19937471.09,0.08391071164937418,,7076263.909999999,0.0785234489515886,,6894726.357477988,0.057735825983940434,,181537.55252201302,0.02078762296764816,,0,,,0,,,0,,,0,,,0,,,0,,,7076263.909999999,0.0785234489515886,,68506786.22,0.07743583825617664,,65566841.45724331,0.056817159706124665,,2939944.7627566834,0.020618678550051978,,89425027.06000002,0.07381909121520167,,76083708.80999999,0.07471098926153999,,,7076263.909999999,0.0785234489515886,,2036217.2000000002,0.03555641389718844,,5040046.710000001,0.07313870353802089,0
,,,,,,,,,,,,,,,,,,,,,,,,,,,,,,,,,,,,,,,,,,,,,,,,,,,,,,,,,,,,,,,,,,,,,,,,,,,,,,,,,,,,,,,,,,,,,,,,,,,,,,,,,,,,,,,,,,,,,,,,,,,,,,,,,,,,,,,,,,,,,,,,,
COSTO DE VENTAS DIRECTO,77431354.07999997,0.7737506905614139,,72410482.98393151,0.7862807959421464,,5020871.0960684465,-0.012530105380732515,,72964929.13000003,0.8000344166335722,,79239800.16789146,0.7696993723775875,,-6274871.037891431,0.030335044255984767,,64524329.67,0.7470804637669303,,80896199.1507289,0.7682431764205151,,-16371869.480728902,-0.021162712653584825,,214920612.88,0.7740880410126719,,66895256.050000004,0.8576434708590696,,96092779.83554077,0.7567488311292168,,-29197523.785540774,0.1008946397298528,,74017185.50000001,0.7451451600543834,,93037967.07537308,0.7718113284370492,,-19020781.57537308,-0.02666616838266589,,79975249.15999998,0.7841028072184374,,93978788.94630888,0.7561987175792385,,-14003539.786308901,0.02790408963919888,,220887690.71,0.7907843165188464,,77166652.83999996,0.807633288385082,,98181015.67301486,0.7571661112190917,,-21014362.833014913,0.05046717716599025,,55767412.48000001,0.8000613541392085,,94478992.34645496,0.7710758540583773,,-38711579.866454944,0.028985500080831228,,54241835.530000016,0.7496849392221585,,85244842.55363178,0.7732996565196575,,-31003007.023631774,-0.023614717297498977,,187175900.84999996,0.7877660598496796,,60678039.50999999,0.6733283267195105,,92527434.24761285,0.7748165141705149,,-31849394.737612847,-0.10148818745100441,,0,,,0,,,0,,,0,,,0,,,0,,,60678039.50999999,0.6733283267195105,,683662243.9499999,0.7727695585420935,,886088302.9804891,0.7678427007499186,,-202426059.03048927,0.0049268577921749435,,969042265.99,0.7999306433142668,,837039084.9,0.8219370356881682,,,60678039.50999999,0.6733283267195105,,40775185.769999996,0.7120160766606175,,55964311.56999828,0.8121268369410679,
,,,,,,,,,,,,,,,,,,,,,,,,,,,,,,,,,,,,,,,,,,,,,,,,,,,,,,,,,,,,,,,,,,,,,,,,,,,,,,,,,,,,,,,,,,,,,,,,,,,,,,,,,,,,,,,,,,,,,,,,,,,,,,,,,,,,,,,,,,,,,,,,,
MARGEN DE BRUTO,22641389.02000004,0.22624930943858618,,19681913.72425337,0.2137192040578536,,2959475.295746684,0.01253010538073257,,18237308.689999983,0.19996558336642775,,23709225.14197874,0.23030062762241255,,-5471916.451978786,-0.030335044255984794,,21844318.42,0.2529195362330697,,24404051.647006214,0.23175682357948493,,-2559733.2270062007,0.021162712653584742,,62723016.130000025,0.22591195898732794,,11103654.129999988,0.14235652914093047,,30888294.839066416,0.2432511688707833,,-19784640.70906642,-0.10089463972985283,,25315386.819999993,0.25485483994561664,,27506994.688506335,0.22818867156295072,,-2191607.868506331,0.026666168382665917,,22020622.330000013,0.2158971927815626,,30299111.50710109,0.24380128242076152,,-8278489.1771010775,-0.02790408963919891,,58439663.279999994,0.20921568348115363,,18379994.320000052,0.19236671161491806,,31488041.37833202,0.24283388878090828,,-13108047.058331966,-0.050467177165990224,,13936507.339999981,0.19993864586079146,,28049798.886193424,0.22892414594162275,,-14113291.546193458,-0.028985500080831283,,18111005.899999976,0.2503150607778415,,24990357.779041365,0.22670034348034246,,-6879351.879041359,0.023614717297499033,,50427507.56000001,0.2122339401503201,,29438530.820000023,0.32667167328048957,,26891076.529314414,0.2251834858294851,,2547454.2906855717,0.10148818745100446,,0,,,0,,,0,,,0,,,0,,,0,,,29438530.820000023,0.32667167328048957,,201028717.79000008,0.22723044145790652,,267908866.12079322,0.2321572992500814,,-66880148.33079314,-0.004926857792174888,,242365590.5400002,0.20006935668573325,,181334645.1500002,0.1780629643118318,,,29438530.820000023,0.32667167328048957,,16492040.499998242,0.28798392333938244,,12946490.320001736,0.18787316305893206,4.470348358154297e-08
,,,,,,,,,,,,,,,,,,,,,,,,,,,,,,,,,,,,,,,,,,,,,,,,,,,,,,,,,,,,,,,,,,,,,,,,,,,,,,,,,,,,,,,,,,,,,,,,,,,,,,,,,,,,,,,,,,,,,,,,,,,,,,,,,,,,,,,,,,,,,,,,,
GASTOS DE ADMINISTRACION:,,,,,,,,,,,,,,,,,,,,,,,,,,,,,,,,,,,,,,,,,,,,,,,,,,,,,,,,,,,,,,,,,,,,,,,,,,,,,,,,,,,,,,,,,,,,,,,,,,,,,,,,,,,,,,,,,,,,,,,,,,,,,,,,,,,,,,,,,,,,,,,,,
LABOR INDIRECTA,3048868.77,0.030466525404958145,,3041223.22,0.033023608123011375,,7645.549999999814,-0.00255708271805323,,2996785.87,0.03285868791854169,,3041223.22,0.02954105889634318,,-44437.35000000009,0.003317629022198513,,2813589.7800000003,0.0325765175468315,,3132459.9166,0.029747886570725773,,-318870.13659999985,0.0028286309761057296,,8859244.42,0.0319086897530824,,2982989.59,0.03824399062904958,,3289082.91243,0.02590215054375917,,-306093.3224300002,0.012341840085290413,,3082726.81,0.031034400277775872,,3289082.91243,0.027285113075671937,,-206356.10242999997,0.0037492872021039347,,3287625.65,0.03223292866635616,,3289082.91243,0.026465549389153308,,-1457.262430000119,0.0057673792772028505,,9353342.05,0.03348523485578449,,2779961.26,0.029095330319071758,,3289082.91243,0.025365210384213525,,-509121.65243000025,0.003730119934858233,,3067795.65,0.044011809635987845,,3289082.91243,0.02684334742342262,,-221287.26243000012,0.017168462212565225,,2759763.6599999997,0.03814312756009754,,3289082.91243,0.029836956820544124,,-529319.2524300003,0.008306170739553413,,8607520.57,0.03622641875215513,,2747575.4400000004,0.030489125695070157,,3289082.91243,0.02754248810365738,,-541507.4724299996,0.002946637591412775,,,,,,,,0,,,,,,,,,0,,,2747575.4400000004,0.030489125695070157,,29567682.480000004,0.033421481351913696,,32238486.74361,0.02793636553607571,,-2670804.263609994,0.005485115815837986,,38811755.61,0.03203855365539214,,32623681.41,0.0320350775430924,,,2747575.4400000004,0.030489125695070157,,370316.92000000004,0.0064664720839466535,,697256.13,0.010118241420452579,
MANTENIMIENTO INSTALACIONES,89782.01,0,,60096.70997458506,0,,29685.300025414937,,,5665,0,,26878.646901043245,0,,-21213.646901043245,,,7314.55,0,,61676.87875701288,0,,-54362.328757012874,,,102761.56,0,,29021.06,0,,29265.670781712604,0,,-244.61078171260306,,,8981.92,0,,66400.25638571028,0,,-57418.33638571028,,,10465,0,,31178.763158084355,0,,-20713.763158084355,,,48467.979999999996,0,,17498.45,0,,13581.694520434257,0,,3916.7554795657434,,,57575.59,0,,130178.51324002603,0.00106243203683331,,-72602.92324002604,-0.00106243203683331,,12205.75,0,,29898.14236176229,0,,-17692.39236176229,,,87279.79,0,,93981.38,0.0010428867815968513,,47035.06456549013,0,,46946.315434509874,0.0010428867815968513,,,,,,,,0,,,,,,,,,0,,,93981.38,0.0010428867815968513,,332490.71,0,,496190.3406458611,0,,-163699.6306458611,,,741530.3600000001,0,,381296.36000000004,0,,,93981.38,0.0010428867815968513,,0,0,,11422.3,0.00016575485535973055,
MANTENIMIENTO ACTIVO FIJO,10745.68,0,,36344.018699217166,0,,-25598.338699217165,,,14714.71,0,,24679.617964466022,0,,-9964.907964466023,,,87796.95,0.0010165372729756246,,76259.97107238702,0,,11536.978927612974,0.0010165372729756246,,113257.34,0,,45217.880000000005,0,,40098.73655755828,0,,5119.143442441724,,,10924.14,0,,21629.333219146658,0,,-10705.193219146659,,,16923.16,0,,47585.1228840902,0,,-30661.962884090197,,,73065.18000000001,0,,8958.68,0,,10270.998169943932,0,,-1312.318169943932,,,13036.84,0,,66175.28679857925,0,,-53138.44679857926,,,15643.45,0,,54500.41011145232,0,,-38856.960111452325,,,37638.97,0,,55025.78,0,,91060.97230746233,0,,-36035.192307462334,,,,,,,,,0,,,,,,,,,0,,,55025.78,0,,278987.27,0,,468604.4677843031,0,,-189617.1977843031,,,411142.56,0,,385308.79,0,,,55025.78,0.0006106066819731353,,0,0,,0,0,
ARRENDAMIENTO,6385316.05,0.06380674549531759,,9988060.159431057,0.10845694668019591,,-3602744.1094310572,-0.04465020118487832,,6385316.05,0.07001271243587562,,9988060.159431057,0.09701947278633881,,-3602744.1094310572,-0.02700676035046319,,6385316.05,0.07393094822262604,,9988060.159431057,0.09485314691810676,,-3602744.1094310572,-0.020922198695480718,,19155948.15,0.06899473335046362,,6385316.05,0.08186417009243398,,9988060.159431057,0.07865786444968875,,-3602744.1094310572,0.0032063056427452247,,6385316.05,0.06428219768063285,,9988060.159431057,0.08285754969166965,,-3602744.1094310572,-0.0185753520110368,,6385316.05,0.06260367166553439,,9988060.159431057,0.08036875520901997,,-3602744.1094310572,-0.017765083543485577,,19155948.15,0.06857884799454975,,6385316.05,0.06682930526392318,,9988060.159431057,0.07702732160283964,,-3602744.1094310572,-0.010198016338916455,,6385316.05,0.0916062692957459,,9988060.159431057,0.08151602622494239,,-3602744.1094310572,0.010090243070803515,,6385316.05,0.08825245731610516,,9988060.159431057,0.09060681279018502,,-3602744.1094310572,-0.002354355474079861,,19155948.15,0.08062152087037898,,6386806.46,0.0708727200404099,,9988060.159431057,0.0836391284269879,,-3601253.699431057,-0.012766408386577999,,,,,,,,0,,,,,,,,,0,,,6386806.46,0.0708727200404099,,63854650.90999999,0.07217735194718322,,99880601.59431057,0.086551860150659,,-36025950.68431058,-0.014374508203475772,,0,0,,79729593.3,0.0782910938758067,,,6386806.46,0.0708727200404099,,1843096.29,0.03218413759574001,,4258187.9799999995,0.0617927503847249,
ENERGIA ELECTRICA,501905.73,0.005015408936062231,,408431.91239364527,0.004435023161443523,,93473.81760635471,,,501744.75,0.0055014521791697845,,431895.00656266167,0.004195231623249316,,69849.74343733833,0.0013062205559204688,,484496.29000000004,0.005609631512295216,,1031251.0236391064,0.009793433689155919,,-546754.7336391064,-0.004183802176860703,,1488146.77,0.005359916866474903,,512810.26,0.006574582373222591,,716520.0790075435,0.00564273125616276,,-203709.8190075435,0.0009318511170598306,,578234.46,0.005821196879279607,,404782.33903591806,0.0033579365998621827,,173452.1209640819,0.0024632602794174246,,616683.86,0.006046164918160062,,582285.9771285005,0.004685354153909216,,34397.88287149952,0.0013608107642508454,,1707728.5799999998,0.006113717670705236,,663839.05,0.006947800574188144,,547519.1560580279,0.004222434931729464,,116319.89394197217,0.0027253656424586796,,663063.4500000001,0.009512570479712802,,570695.3335614684,0.004657642728865866,,92368.11643853167,0.004854927750846936,,595445.7899999999,0.008229749906589121,,584941.0837460016,0.005306300364862929,,10504.70625399833,0.0029234495417261924,,1922348.29,0.008090575395630958,,539260.54,0.005984033103182567,,605536.2534723444,0.005070706790201737,,-66275.71347234433,0.0009133263129808304,,,,,,,,0,,,,,,,,,0,,,539260.54,0.005984033103182567,,5657484.180000001,0.006394870553297985,,5883858.164605218,0.005098676428459082,,-226373.98460521735,0.0012961941248389027,,6769771.029999998,0.0055883499463108745,,5702926.979999999,0.005600033476629445,,,539260.54,0.005984033103182567,,0,0,,0,0,
TRANSPORTE DE PERSONAL,1405016.26,0.01403994950549127,,1887760.5549516333,0.020498549526660925,,-482744.2949516333,-0.006458600021169655,,1130799.29,0.01239881078611016,,1385881.8909326761,0.013461826246156846,,-255082.6009326761,-0.001063015460046687,,1445045.22,0.016731131631170123,,1404937.8189676942,0.013342207718634539,,40107.40103230579,0.003388923912535584,,3980860.7699999996,0.014338023113278852,,1343386.74,0.017223147565777953,,1306657.6877747232,0.010290176635558273,,36729.05222527683,0.006932970930219681,,1206702.49,0.012148104713452968,,1693414.088034527,0.014047987267618417,,-486711.5980345269,-0.0018998825541654482,,1135787.69,0.01113562415231048,,1379079.8207128022,0.011096742185709838,,-243292.1307128023,,,3685876.92,0.013195545897491856,,1274763.32,0.013341790192441954,,1326024.9470628079,0.010226224954637582,,-51261.62706280779,0.0031155652378043724,,918215.52,0.013173082982580535,,1662415.5655476432,0.013567550522808754,,-744200.0455476432,,,1015735.4,0.014038638703397777,,1242015.3058943334,0.011266957397873993,,-226279.90589433338,0.002771681305523783,,3208714.24,0.013504495838136954,,773537.59,0.0085837442233694,,1949876.395739536,0.016328091709181404,,-1176338.805739536,-0.007744347485812004,,,,,,,,0,,,,,,,,,0,,,773537.59,0.0085837442233694,,11648989.52,0.01316729798741122,,15238064.075618379,0.0132045939830906,,-3589074.5556183793,,,16310724.759999998,0.013464271898253177,,13467177.769999998,0.01322419989107416,,,773537.59,0.0085837442233694,,0,0,,0,0,
DEPRECIACIONES Y AMORT.,246132.82,0.0024595390550456488,,257690.43348062082,0.0027981727340332984,,-11557.613480620814,,,233561.50999999998,0.0025609186307573428,,260503.84225007976,0.0025304158195376724,,-26942.33225007978,,,242818.88999999998,0.002811423998983657,,259720.2150312161,0.002466472900716039,,-16901.32503121611,,,722513.22,0.0026023043373128393,,234143.1,0.003001876557757823,,264661.4107044883,0.002084258708494089,,-30518.310704488278,0.0009176178492637339,,233673.55,0.002352436311094616,,264454.56594500324,0.002193825126121907,,-30781.01594500325,,,233673.55,0.0022910098868355678,,264210.950257065,0.0021259688914370897,,-30537.40025706502,,,701490.2,0.002511355189456717,,233614.36,0.002445029385581634,,263912.89085746,0.0020352804042752825,,-30298.53085745999,,,230818.55,0.0033114142016123995,,263910.9663927683,0.0021538690110120664,,-33092.416392768326,0.001157545190600333,,223711.08000000002,0.0030919460186845083,,258637.0090859008,0.002346228866145963,,-34925.929085900774,,,688143.99,0.0028961873678704265,,223710.27,0.0024824543275536346,,258855.3659258691,0.0021676318373238523,,-35145.0959258691,,,,,,,,,0,,,,,,,,,0,,,223710.27,0.0024824543275536346,,2335857.6799999997,0.002640309193852124,,2616557.649930471,0.002267386541310332,,-280699.9699304714,,,2959594.49,0.0024431032653837725,,2469838.43,0.0024252770442917218,,,223710.27,0.0024824543275536346,,4191.73,7.319596692595547e-05,,13862.79,0.0002011700578108016,
COMBUSTIBLE,28052.26,0,,44725.13246945302,0,,-16672.87246945302,,,41300.05,0,,42022.03447412859,0,,-721.9844741285851,,,18268.01,0,,43312.75237202141,0,,-25044.74237202141,,,87620.31999999999,0,,24685.16,0,,41823.19524049236,0,,-17138.035240492358,,,27763.59,0,,51351.53094289216,0,,-23587.94094289216,,,21327.94,0,,56607.89894140967,0,,-35279.95894140967,,,73776.69,0,,27276,0,,43576.29536910112,0,,-16300.29536910112,,,21460.57,0,,44138.240648623105,0,,-22677.670648623105,,,23673.16,0,,33244.889278583316,0,,-9571.729278583316,,,72409.73,0,,76813.08,0,,39568.50813780043,0,,37244.57186219957,,,,,,,,,0,,,,,,,,,0,,,76813.08,0,,310619.82,0,,440370.47787450516,0,,-129750.65787450515,,,473950.83,0,,414482.26,0,,,76813.08,0.0008523746489543084,,0,0,,56086.13,0.000813894606676155,
DIVERSOS,62847.78,0,,87865.49849333812,0,,-25017.71849333812,,,90494.64,0.0009922414423492924,,88493.00231980284,0,,2001.6376801971637,0.0009922414423492924,,75687.09,0,,84704.97572843175,0,,-9017.88572843175,,,229029.50999999998,0,,59952.45,0,,68260.46851290298,0,,-8308.018512902985,,,84207.49,0,,109680.82899037779,0,,-25473.338990377786,,,78957.96,0,,82769.43226600744,0,,-3811.472266007433,,,223117.90000000002,0,,77336.53,0,,68399.57544931301,0,,8936.95455068699,,,76172.51,0.0010928009528976875,,60523.32486314198,0,,15649.185136858017,0.0010928009528976875,,66282.35,0,,57435.28029103821,0,,8847.069708961797,,,219791.38999999998,0,,61852.719999999994,0,,71017.77063185755,0,,-9165.050631857557,,,,,,,,,0,,,,,,,,,0,,,61852.719999999994,0,,733791.5199999999,0,,779150.1575462117,0,,-45358.63754621183,,,822766.72,0,,715313.3,0,,,61852.719999999994,0.0006863634487364538,,0,0,,774.34,1.1236845004881133e-05,
SEGUROS,435440.1,0.004351235776208076,,435440.1,0.004728295880709763,,0,,,381803.98,0.004186344426696437,,388293.6,0.0037717073943270493,,-6489.619999999995,,,382363.61,0.004427111208242602,,388293.6,0.0036874897928386675,,-5929.989999999991,,,1199607.69,0.004320674291275716,,382363.61,0.004902166057418111,,388293.6,0.0030578856022050057,,-5929.989999999991,0.0018442804552131057,,382363.61,0.0038493275777477616,,388293.6,0.0032211516293860556,,-5929.989999999991,,,382363.61,0.0037488145786125095,,388293.6,0.0031243978099353693,,-5929.989999999991,,,1147090.83,0.0041066183229626204,,382363.61,0.00400185272184071,,388293.6,0.002994496982007372,,-5929.989999999991,0.001007355739833338,,405928.07999999996,0.005823604770696524,,388293.6,0.0031689988621754826,,17634.47999999998,0.002654605908521042,,466625.43,0.0064493034520482695,,388293.6,0.0035224102539677766,,78331.83000000002,0.002926893198080493,,1254917.12,0.005281561945586906,,409184.64,0.004540614878058464,,388293.6,0.0032515361100535663,,20891.040000000037,0.0012890787680048975,,,,,,,,0,,,,,,,,,0,,,409184.64,0.004540614878058464,,4010800.28,0.004533560817792921,,3930082.5000000005,0.0034056257720811362,,80717.77999999933,0.0011279350457117847,,4197745.100000001,0.003465179028988776,,3419845.3400000003,0.003358143713931125,,,409184.64,0.004540614878058464,,0,0,,0,0,
TELEFONO,25657.92,0,,40853.60648016834,0,,-15195.68648016834,,,29652.62,0,,27869.962104066315,0,,1782.657895933684,,,29460.31,0,,63517.76392526654,0,,-34057.45392526654,,,84770.85,0,,29489.72,0,,40349.376494861135,0,,-10859.656494861134,,,31847.46,0,,35040.377030704345,0,,-3192.917030704346,,,28336.329999999998,0,,34531.53659129032,0,,-6195.206591290324,,,89673.51,0,,27789.16,0,,45680.930411696245,0,,-17891.770411696245,,,17108.12,0,,44812.90887938587,0,,-27704.78887938587,,,15973.369999999999,0,,42599.99059763178,0,,-26626.620597631783,,,60870.649999999994,0,,15609.51,0,,28771.701038244373,0,,-13162.191038244373,,,,,,,,,0,,,,,,,,,0,,,15609.51,0,,250924.52,0,,404028.15355331526,0,,-153103.63355331527,,,431484.61,0,,366867.3,0,,,15609.51,0.00017321464790370032,,0,0,,5219.16,7.573790838091202e-05,
DERECHOS Y CONTRIB,21088.96,0,,419700.9755450956,0.00455739008373309,,-398612.0155450956,-0.00455739008373309,,72922.65,0,,208148.48932338416,0.002021859737835012,,-135225.83932338416,-0.002021859737835012,,77520.73,0,,194453.15612470737,0.001846654254396988,,-116932.42612470737,-0.001846654254396988,,171532.34,0,,258388.89,0.003312724362477753,,198254.42156699015,0.0015612910984965519,,60134.46843300987,0.0017514332639812012,,314232.23000000004,0.0031634359471503517,,200342.56085908395,0.001661973739321517,,113889.66914091608,0.0015014622078288347,,277283.58,0.0027185765065715017,,196918.94385742774,0.0015845049130939403,,80364.63614257227,0.0011340715934775613,,849904.7000000001,0.003042683388718267,,149598.84,0.0015657152233660857,,220857.9441925784,0.001703243234853803,,-71259.10419257841,,,344588.95,0.00494360935353205,,202613.85802342172,0.0016536020308787172,,141975.0919765783,0.0032900073226533326,,269085.95,0.0037190792328499716,,201110.58421117626,0.0018243771826445179,,67975.36578882375,0.0018947020502054538,,763273.74,0.0032123854834730393,,168143.08,0.0018658397604821493,,392883.3406103525,0.0032899701901680485,,-224740.26061035253,-0.0014241304296858993,,,,,,,,0,,,,,,,,,0,,,168143.08,0.0018658397604821493,,1952853.86,0.0022073853407060355,,2435284.2743142177,0.0021103035081193352,,-482430.41431421763,,,2401842.7100000004,0.0019826870835062305,,2174123.5500000003,0.00213489751929604,,,168143.08,0.0018658397604821493,,0,0,,27680.96,0.00040169261190990316,
GASTOS DE VIAJE,15874.619999999999,0,,46108.50696789405,0,,-30233.88696789405,,,37194.69,0,,83565.49478373499,0,,-46370.80478373499,,,13842.36,0,,63855.53506841757,0,,-50013.17506841757,,,66911.67,0,,37077.4,0,,57973.64541372527,0,,-20896.24541372527,,,-19947.440000000002,0,,49996.72253715471,0,,-69944.16253715471,,,43098.09,0,,16692.76951682314,0,,26405.320483176856,,,60228.049999999996,0,,76498.23,0,,50644.64582123847,0,,25853.584178761528,,,30141.18,0,,74276.51615023924,0,,-44135.33615023924,,,17890.36,0,,44771.84498912272,0,,-26881.48498912272,,,124529.76999999999,0,,25243.32,0,,37001.59494536203,0,,-11758.274945362027,,,,,,,,,0,,,,,,,,,0,,,25243.32,0,,276912.81,0,,524887.2761937121,0,,-247974.46619371214,,,796433.64,0,,648072.69,0,,,25243.32,0.0002801185165787034,,0,0,,11537.29,0.00016742353424382706,
ARRENDAM MAQ Y EQUIPO,9961.89,0,,16278.95398716572,0,,-6317.06398716572,,,7471.41,0,,21570.583476489028,0,,-14099.173476489028,,,9961.88,0,,16278.95398716572,0,,-6317.073987165721,,,27395.18,0,,9961.88,0,,0,0,,9961.88,,,9961.88,0,,32557.90797433144,0,,-22596.02797433144,,,9961.88,0,,16278.95398716572,0,,-6317.073987165721,,,29885.64,0,,0,0,,16278.95398716572,0,,-16278.95398716572,,,21380.05,0,,16278.95398716572,0,,5101.0960128342795,,,0,0,,12209.21549037429,0,,-12209.21549037429,,,21380.05,0,,19923.76,0,,12209.21549037429,0,,7714.544509625708,,,,,,,,,0,,,,,,,,,0,,,19923.76,0,,98584.62999999999,0,,159941.69236739763,0,,-61357.06236739764,,,150425.33000000002,0,,130501.55,0,,,19923.76,0.00022108875123676708,,0,0,,0,0,
PAPELERIA,23309.7,0,,44245.04331969213,0,,-20935.34331969213,,,16837.52,0,,42262.33511103885,0,,-25424.815111038846,,,22424.35,0,,20848.38610002113,0,,1575.9638999788694,,,62571.56999999999,0,,24210.13,0,,29578.43110753871,0,,-5368.301107538708,,,36640.96,0,,11908.18233201742,0,,24732.777667982577,,,31897.449999999997,0,,18000.010798174666,0,,13897.439201825331,,,92748.54000000001,0,,37920,0,,18151.452739787826,0,,19768.547260212174,,,17454.67,0,,17225.97287312877,0,,228.69712687122956,,,22299.97,0,,20497.511878261532,0,,1802.4581217384693,,,77674.64,0,,10899.52,0,,24898.904705772813,0,,-13999.384705772813,,,,,,,,,0,,,,,,,,,0,,,10899.52,0,,243894.26999999996,0,,247616.23096543388,0,,-3721.9609654339147,,,252676.81999999998,0,,223804.22999999998,0,,,10899.52,0.00012094912134457391,,0,0,,100.86,1.463631204887144e-06,
MENSAJERIA Y PAQUETERIA,0,0,,102592.35756086897,0.0011140155021261476,,-102592.35756086897,,,112.48,0,,91320.1363784266,0,,-91207.6563784266,,,0,0,,62789.72492495571,0,,-62789.72492495571,,,112.48,0,,0,0,,131629.85827525283,0.0010366100508485874,,-131629.85827525283,,,37.91,0,,78348.87415791802,0,,-78310.96415791802,,,0,0,,55440.29066384497,0,,-55440.29066384497,,,37.91,0,,0,0,,13904.556584290054,0,,-13904.556584290054,,,37.91,0,,68938.91055669083,0,,-68901.00055669082,,,0,0,,23900.9574010045,0,,-23900.9574010045,,,37.91,0,,0,0,,0,0,,0,,,,,,,,,0,,,,,,,,,0,,,0,0,,188.29999999999998,0,,628865.6665032526,0,,-628677.3665032525,,,932006.2199999999,0,,929255.1999999998,0,,,0,0,,0,0,,0,0,
EQUIPOS MENORES,1782,0,,18483.86953523425,0,,-16701.86953523425,,,0,0,,4278.604015075849,0,,-4278.604015075849,,,0,0,,457.67137915056634,0,,-457.67137915056634,,,1782,0,,2648.57,0,,3106.6654307881968,0,,-458.0954307881966,,,2960.8,0,,0,0,,2960.8,,,0,0,,3537.2907986967193,0,,-3537.2907986967193,,,5609.370000000001,0,,4755.85,0,,188.3814636142007,0,,4567.4685363858,,,12537.27,0,,0,0,,12537.27,,,14210.96,0,,0,0,,14210.96,,,31504.08,0,,3400.25,0,,0,0,,3400.25,,,,,,,,,0,,,,,,,,,0,,,3400.25,0,,42295.7,0,,30052.482622559786,0,,12243.21737744021,,,63061.909999999996,0,,63061.909999999996,0,,,3400.25,3.773168450095852e-05,,0,0,,830,1.2044555820506935e-05,
HONORARIOS,756933.3600000001,0.007563831434535744,,520435.8931723942,0.005651236277643097,,236497.4668276059,0.0019125951568926469,,535651.9,0.005873231982061468,,540389.8714999558,0.005249101386568893,,-4737.971499955747,,,545076.9,0.006311050503326224,,611216.5349522391,0.005804511673256012,,-66139.63495223911,,,1837662.1600000001,0.00661878022035871,,535651.9,0.006867428003338291,,520435.8931723942,0.004098531174870167,,15216.00682760583,0.002768896828468124,,535651.9,0.005392510105088155,,541176.4842367304,0.004489416034630911,,-5524.584236730356,0.0009030940704572435,,472079.9,0.0046284216518144485,,627039.6484229479,0.0050454638043874594,,-154959.74842294783,,,1543383.7000000002,0.0055253582506468515,,640103.77,0.006699384949930251,,608444.1621916346,0.004692284929246462,,31659.60780836537,0.0020071000206837893,,478339.9,0.006862453377589692,,698753.3567469225,0.005702768710255066,,-220413.45674692246,0.0011596846673346262,,1213246.5599999998,0.016768471507422316,,612277.4161630463,0.005554282246644318,,600969.1438369536,0.011214189260778,,2331690.23,0.009813370294657212,,977223.74,0.010843996131027637,,702347.4741226785,0.005881395351133272,,274876.2658773215,0.0049626007798943645,,,,,,,,0,,,,,,,,,0,,,977223.74,0.010843996131027637,,6689959.83,0.007561917233609196,,5982516.734680943,0.00518416933322293,,707443.0953190569,0.002377747900386266,,7253303.44,0.005987499091162097,,5813903.5200000005,0.005709007752698559,,,977223.74,0.010843996131027637,,48871.38,0.0008533917771673753,,710913.53,0.010316430958600761,
NO DEDUCIBLES,30.9,0,,0,0,,30.9,,,7696,0,,0,0,,7696,,,4641.5,0,,0,0,,4641.5,,,12368.4,0,,4540,0,,0,0,,4540,,,-16335.23,0,,0,0,,-16335.23,,,6285.320000000001,0,,0,0,,6285.320000000001,,,-5509.91,0,,13247.43,0,,0,0,,13247.43,,,7491.65,0,,0,0,,7491.65,,,10812.939999999999,0,,0,0,,10812.939999999999,,,31552.019999999997,0,,4487.900000000001,0,,0,0,,4487.900000000001,,,,,,,,,0,,,,,,,,,0,,,4487.900000000001,0,,42898.409999999996,0,,0,0,,42898.409999999996,,,173226.16999999998,0,,101095.98,0,,,4487.900000000001,4.9801051943784065e-05,,0,0,,97.1,1.4090679158689437e-06,
COMEDOR,364480,0.0036421505867565247,,437757.03080651216,0.004753454643966343,,-73277.03080651216,-0.001111304057209818,,265705,0.002913360530959831,,341578.98058536975,0.0033179428319718243,,-75873.98058536975,,,266185,0.00308196325734569,,357459.4144055436,0.0033946682149139967,,-91274.41440554359,,,896370,0.0032284911531959373,,268230,0.0034388942022523018,,254087.43591366033,0.0020009866554111864,,14142.56408633967,0.0014379075468411153,,375316,0.0037783779402280958,,376776.9823248235,0.003125613686475302,,-1460.9823248235043,,,312432,0.003063182807655424,,283939.33659673564,0.0022847130146295036,,28492.663403264363,,,955978,0.0034224288682955994,,366010,0.003830694334957551,,272971.21081036236,0.0021051376251025725,,93038.78918963764,0.0017255567098549782,,278020,0.003988584870376663,,307484.8436028389,0.0025094905491968005,,-29464.843602838926,0.0014790943211798625,,244245,0.0033757485562789184,,244766.03778163262,0.0022203981762900214,,-521.0377816326218,0.001155350379988897,,888275,0.0037384775157232766,,379140,0.004207217369809106,,370930.0808522331,0.0031061355433005464,,8209.919147766894,0.0011010818265085598,,,,,,,,0,,,,,,,,,0,,,379140,0.004207217369809106,,3119763,0.003526387331757166,,3247751.353679712,0.00281434949810927,,-127988.35367971193,,,4193221,0.003461444448619651,,3642961,0.0035772338705370352,,,379140,0.004207217369809106,,67380,0.001176589200991209,,256380,0.003720461712363335,
CAPACITACION Y ADIESTRAMIENTO,30561.65,0,,22366.406191828377,0,,8195.243808171625,,,7935,0,,9585.601088644637,0,,-1650.6010886446365,,,7935,0,,9585.601088644637,0,,-1650.6010886446365,,,46431.65,0,,7935,0,,21862.400764073776,0,,-13927.400764073776,,,7935,0,,21862.400764073776,0,,-13927.400764073776,,,7935,0,,21862.400764073776,0,,-13927.400764073776,,,23805,0,,7935,0,,21862.400764073776,0,,-13927.400764073776,,,7935,0,,21862.400764073776,0,,-13927.400764073776,,,7935,0,,21862.400764073776,0,,-13927.400764073776,,,23805,0,,7935,0,,21862.400764073776,0,,-13927.400764073776,,,,,,,,,0,,,,,,,,,0,,,7935,0,,101976.65,0,,194574.41371763404,0,,-92597.76371763405,,,95220.00000000003,0,,177612.87000000002,0,,,7935,8.805261863542559e-05,,0,0,,0,0,
EQUIPO DE TRABAJO,18068.15,0,,33704.08317898142,0,,-15635.933178981417,,,-7756.200000000001,0,,33704.08317898142,0,,-41460.28317898142,,,-7756.200000000001,0,,33704.08317898142,0,,-41460.28317898142,,,2555.75,0,,9743.8,0,,33704.08317898142,0,,-23960.28317898142,,,9743.8,0,,33704.08317898142,0,,-23960.28317898142,,,9743.8,0,,33704.08317898142,0,,-23960.28317898142,,,29231.399999999998,0,,9743.8,0,,33704.08317898142,0,,-23960.28317898142,,,9743.8,0,,33704.08317898142,0,,-23960.28317898142,,,9743.8,0,,33704.08317898142,0,,-23960.28317898142,,,29231.399999999998,0,,9743.8,0,,33704.08317898142,0,,-23960.28317898142,,,,,,,,,0,,,,,,,,,0,,,9743.8,0,,70762.35,0,,337040.8317898142,0,,-266278.4817898142,,,246651.59999999995,0,,282007.39999999997,0,,,9743.8,0.00010812439892373784,,0,0,,0,0,
DONATIVOS,0,0,,0,0,,0,,,0,0,,0,0,,0,,,0,0,,0,0,,0,,,0,0,,0,0,,0,0,,0,,,0,0,,0,0,,0,,,0,0,,0,0,,0,,,0,0,,0,0,,0,0,,0,,,0,0,,0,0,,0,,,0,0,,0,0,,0,,,0,0,,0,0,,0,0,,0,,,,,,,,,0,,,,,,,,,0,,,0,0,,0,0,,0,0,,0,,,0,0,,0,0,,,0,0,,0,0,,0,0,
RECLUTAMIENTO,0,0,,26179,0,,-26179,,,0,0,,26179,0,,-26179,,,0,0,,26179,0,,-26179,,,0,0,,0,0,,26179,0,,-26179,,,0,0,,26179,0,,-26179,,,0,0,,26179,0,,-26179,,,0,0,,28000,0,,26179,0,,1821,,,0,0,,26179,0,,-26179,,,0,0,,26179,0,,-26179,,,28000,0,,0,0,,26179,0,,-26179,,,,,,,,,0,,,,,,,,,0,,,0,0,,28000,0,,261790,0,,-233790,,,557802.4,0,,557802.4,0,,,0,0,,0,0,,0,0,
ARTICULOS DE LIMPIEZA,26695.3,0,,5294.633189976746,0,,21400.666810023253,,,25043.8,0,,41964.47618732446,0,,-16920.676187324458,,,16989.82,0,,39474.06752653604,0,,-22484.24752653604,,,68728.92,0,,20170.84,0,,46227.340195008815,0,,-26056.500195008815,,,42150.5,0,,23514.392633429987,0,,18636.107366570013,,,43764.7,0,,20009.83750371342,0,,23754.862496286576,,,106086.04,0,,698,0,,27668.208880673825,0,,-26970.208880673825,,,50833.04,0,,50128.54517275972,0,,704.4948272402835,,,30729.32,0,,35169.66691005755,0,,-4440.346910057553,,,82260.36,0,,25764.3,0,,21782.430391537655,0,,3981.8696084623443,,,,,,,,,0,,,,,,,,,0,,,25764.3,0,,282839.62,0,,311233.59859101824,0,,-28393.97859101824,,,386890.58999999997,0,,285124.95,0,,,25764.3,0.0002858996953130051,,0,0,,0,0,
,,0,,-150834.47312556554,-0.001637860219921498,,150834.47312556554,,,,0,,-134804.6804179709,-0.0013094313424747554,,134804.6804179709,,,-130605.95209999997,-0.0015121916921045553,,-160652.6734010313,-0.00152566278032537,,30046.721301031328,,,-130605.95209999997,0,,-130741.38453999997,-0.0016761950165493963,,-139564.39253260675,-0.0010990960100963447,,8823.007992606785,,,-133215.85393999997,-0.0013411094752569673,,-145407.5702211772,-0.0012062517428641942,,12191.716281177214,,,-131015.21887999997,-0.0012845149216931307,,-143145.4303045246,-0.0011518172561837557,,12130.211424524634,,,-394972.4573599999,-0.0014140128122723705,,-111425.26434,-0.0011661870683270556,,-131432.16730622985,-0.0010135970006644283,,20006.902966229856,,,-128590.44145999996,-0.001844809327682943,,-149072.24970343814,-0.0012166303788992013,,20481.80824343818,,,-127464.96594000001,-0.0017617133400810521,,-131813.5881460013,-0.001195748615217352,,4348.622206001295,,,-367480.67173999996,-0.0015466136374015658,,-120407.48693999999,-0.0013361303753469196,,-138561.79980128256,-0.0011603042015832436,,18154.312861282568,,,,,,,,,0,,,,,,,,,0,,,-120407.48693999999,-0.0013361303753469196,,-1013466.5681399999,-0.0011455599887069327,,-1425289.024959828,-0.0012350888400097413,,411822.45681982813,,,-1631920.8607,-0.0013471275193596088,,-1365600.379,-0.00134096190691501,,,-120407.48693999999,-0.0013361303753469196,,1412472.4429499998,0.024664586272968855,,3098177.2601099997,0.04495923970026521,
GASTOS DE ADMON PLANTA,13508551.91,0.13498732513508965,,17830803.626703795,0.1936186293772399,,-4322251.716703796,-0.05863130424215024,,12780652.72,0.14013529739505245,,17015543.95815044,0.16528125358093196,,-4234891.238150438,-0.025145956185879503,,12798372.137900004,0.1481830782457487,,17809844.53085952,0.16913392319520087,,-5011472.392959525,-0.02095084494945218,,39087576.767900005,0.14078326561021923,,13077192.645460004,0.16765865850281045,,17356548.079421144,0.13668610164071945,,-4279355.4339611465,0.030972556862090994,,13197874.026060004,0.13286552152845732,,17563150.012222704,0.14569791847978666,,-4365275.986162706,-0.012832396951329345,,13280927.30112,0.1302104399629754,,17320143.30958437,0.1393662368481792,,-4039216.008464368,-0.009155796885203793,,39555993.97264001,0.14161160161226502,,13101802.125659999,0.13712466648588986,,17163825.993068013,0.13236639783901114,,-4062023.8674080125,0.004758268646878727,,12986403.908539997,0.18630808628948636,,17876661.003145482,0.14589763616620222,,-4890257.0946054775,0.04041045012328415,,13293110.38406,0.1837261691639413,,17113343.91384949,0.15524391357936496,,-3820233.52978949,0.028482255584576344,,39381316.41825999,0.16574390359882796,,12894854.593060004,0.14309082720125754,,18262395.42893975,0.152927676874599,,-5367540.835879744,-0.009836849673341447,,0,,,0,,,0,,,0,,,0,,,0,,,12894854.593060004,0.14309082720125754,,130919741.75185998,0.14798358682716564,,175312259.85594475,0.1519174089417183,,-44392518.10408471,-0.003933822114552649,,87801307.03929998,0.0724787333729213,,153340058.111,0.1505734619681041,,,12894854.593060004,0.14309082720125754,,3746328.7629499994,0.06541837289774005,,9148525.830109999,0.13275895185073425,0
,,,,,,,,,,,,,,,,,,,,,,,,,,,,,,,,,,,,,,,,,,,,,,,,,,,,,,,,,,,,,,,,,,,,,,,,,,,,,,,,,,,,,,,,,,,,,,,,,,,,,,,,,,,,,,,,,,,,,,,,,,,,,,,,,,,,,,,,,,,,,,,,,
GASTOS DE VENTA:,,,,,,,,,,,,,,,,,,,,,,,,,,,,,,,,,,,,,,,,,,,,,,,,,,,,,,,,,,,,,,,,,,,,,,,,,,,,,,,,,,,,,,,,,,,,,,,,,,,,,,,,,,,,,,,,,,,,,,,,,,,,,,,,,,,,,,,,,,,,,,,,,
LABOR INDIRECTA,781050.67,0.007804829225271831,,659372.63,0.00715990302749279,,121678.04000000004,,,748112.07,0.008202781947922162,,659372.63,0.0064048457769787445,,88739.43999999994,0.0017979361709434174,,719782.37,0.00833383856199711,,679153.8089000001,0.006449688426711781,,40628.56109999993,0.0018841501352853292,,2248945.11,0.008100114229233757,,704578.8200000001,0.009033188007037871,,748767.0743122501,0.005896682448396253,,-44188.254312250065,0.0031365055586416186,,806596.92,0.008120165431753312,,748767.0743122501,0.006211516958949451,,57829.84568774991,0.001908648472803861,,763045.18,0.007481137901496449,,748767.0743122501,0.006024941454437849,,14278.105687749921,0.0014561964470586,,2274220.92,0.008141776619848759,,684240.43,0.007161323294308677,,748767.0743122501,0.005774446821308728,,-64526.64431225008,0.0013868764729999487,,720820.5800000001,0.010341177108280452,,748767.0743122501,0.0061109480211107925,,-27946.494312250055,0.00423022908716966,,602464.45,0.008326755910241243,,748767.0743122501,0.006792449889441707,,-146302.62431225018,0.0015343060207995366,,2007525.46,0.008449060025838876,,676258.16,0.007504259843928749,,748767.0743122501,0.006270108959162458,,-72508.9143122501,0.0012341508847662913,,0,,,0,,,0,,,0,,,0,,,0,,,676258.16,0.007504259843928749,,7206949.649999999,0.008146290582448649,,7239268.589085751,0.006273211739959117,,-32318.939085751772,0.0018730788424895315,,7759099.990000001,0.006405026967734421,,6371864.260000001,0.006256901638347598,,,676258.16,0.007504259843928749,,0,0,,676258.16,0.009813529105052182,
MANTENIMIENTO INSTALACIONES,0,0,,0,0,,0,,,0,0,,0,0,,0,,,0,0,,0,0,,0,,,0,0,,0,0,,0,0,,0,,,0,0,,0,0,,0,,,0,0,,0,0,,0,,,0,0,,0,0,,0,0,,0,,,0,0,,0,0,,0,,,0,0,,0,0,,0,,,0,0,,0,0,,0,0,,0,,,0,,,0,,,0,,,0,,,0,,,0,,,0,0,,0,0,,0,0,,0,,,0,0,,0,0,,,0,0,,0,0,,0,0,
MANTENIMIENTO ACTIVO FIJO,21655,0,,150801.67873341308,0.0016375041167759107,,-129146.67873341308,-0.0016375041167759107,,62350.020000000004,0,,135931.57386265715,0.0013203774727687952,,-73581.55386265715,-0.0013203774727687952,,146671.21,0.001698199673649656,,214637.26672484446,0.0020383357598751425,,-67966.05672484447,,,230676.22999999998,0,,53439.46,0,,197699.41569320654,0.001556920322180429,,-144259.95569320655,-0.001556920322180429,,62392,0,,164934.61839692143,0.0013682414924979728,,-102542.61839692143,-0.0013682414924979728,,102648.75,0.001006401028791288,,170874.00563638515,0.0013749347632441167,,-68225.25563638515,,,218480.21,0,,132600,0.0013878037999381745,,100836.50604220433,0,,31763.49395779567,0.0013878037999381745,,202815.16,0.002909666493989721,,101776.07851120067,0,,101039.08148879933,0.002909666493989721,,31959,0,,97599.78544889682,0,,-65640.78544889682,,,367374.16000000003,0.0015461653620981405,,65629.3,0,,111215.67545438015,0,,-45586.37545438015,,,0,,,0,,,0,,,0,,,0,,,0,,,65629.3,0,,882159.9,0.0009971390441979627,,1446306.60450411,0.0012533016919187717,,-564146.70450411,,,1701002.3,0.0014041532674820283,,1633247.1,0.001603779685007989,,,65629.3,0.0007282711687725188,,0,0,,65629.3,0.0009523804425431275,
FLETES,1532512.53,0.015313985432263023,,849587.8813592466,0.009225385718338438,,682924.6486407535,0.0060885997139245845,,1706438.7,0.018710491549208345,,1063618.416434092,0.010331505453622958,,642820.283565908,0.008378986095585387,,1824667.53,0.02112650331285277,,1374391.770227492,0.013052122476588192,,450275.75977250794,0.008074380836264577,,5063618.76,0.01823783523524547,,1897037.5,0.024321333408661227,,1539675.0259553634,0.012125232282848659,,357362.4740446366,0.012196101125812568,,1885472.1099999999,0.01898140827286692,,1426380.5238760875,0.011832767649551771,,459091.58612391236,0.007148640623315151,,2423368.99,0.023759481188781205,,908195.8406277869,0.0073077822952782884,,1515173.1493722133,0.016451698893502918,,6205878.6,0.0222172247413412,,1901384.31,0.01990006312640139,,2418812.1892779707,0.01865373470187386,,-517427.87927797064,0.0012463284245275291,,1269387.18,0.0182111304970797,,2176771.3340355703,0.017765386503344197,,-907384.1540355703,,,1507629.94,0.020837190498711838,,1485812.6453638661,0.013478568015297369,,21817.294636133825,0.007358622483414469,,4678401.43,0.01968995925313965,,1807357.25,0.020055770469089042,,1527173.47312397,0.012788414988499704,,280183.77687603,0.007267355480589339,,0,,,0,,,0,,,0,,,0,,,0,,,1807357.25,0.020055770469089042,,17755256.04,0.02006944436855008,,14770419.100281443,0.012799354708802665,,2984836.9397185557,0.007270089659747417,,17212367.24,0.014208564974395755,,13585736.249999998,0.01334061931206038,,,1807357.25,0.020055770469089042,,0,0,,1807357.25,0.026227488295449287,
HONORARIOS,25470.73,0,,61152.754410730064,0,,-35682.02441073007,,,55272.67,0,,72818.88991296421,0,,-17546.21991296421,,,47083.02,0,,61201.522911396554,0,,-14118.502911396557,,,127826.42,0,,46412.11,0,,56876.36964832837,0,,-10464.25964832837,,,33959.14,0,,73797.1118316739,0,,-39837.9718316739,,,31910.98,0,,104392.00310979925,0,,-72481.02310979925,,,112282.23,0,,23407.43,0,,125019.05157523506,0,,-101611.62157523507,,,43974.74,0,,85956.00055004573,0,,-41981.260550045736,,,27017.35,0,,82896.4152034693,0,,-55879.0652034693,,,94399.51999999999,0,,43565.94,0,,91722.84435776374,0,,-48156.904357763735,,,0,,,0,,,0,,,0,,,0,,,0,,,43565.94,0,,378074.11,0,,815832.9635114062,0,,-437758.8535114062,,,922331.49,0,,769234.1499999999,0,,,43565.94,0.0004834398362084226,,3833.91,6.694771599246373e-05,,39732.03,0.0005765718713217544,
GASTOS DE VIAJE,58045.76,0,,148586.4973979539,0.001613450216403674,,-90540.7373979539,-0.001613450216403674,,114057.12,0.0012505956292992197,,127172.9945238173,0.0012353006173786926,,-13115.8745238173,,,109876.36,0.0012721787642838165,,143710.72684187116,0.001364770983479578,,-33834.36684187116,,,281979.24,0.001015615740960668,,95621.81,0.0012259377698910306,,151467.10813649598,0.0011928321486066721,,-55845.298136495985,,,84271.6,0,,187528.32694105036,0.0015556712134379895,,-103256.72694105035,-0.0015556712134379895,,103582.69,0.00101555767392169,,241312.17892165136,0.0019417143196116021,,-137729.48892165135,-0.0009261566456899122,,283476.1,0.0010148526306168657,,93706.35,0,,236127.70081273816,0.0018210026831554373,,-142421.35081273815,-0.0018210026831554373,,126054.89,0.0018084333036867655,,200714.2141682698,0.0016380983779328145,,-74659.3241682698,,,66805.86,0,,195785.3877133516,0.0017760695959412325,,-128979.5277133516,-0.0017760695959412325,,286567.1,0.0012060731869027314,,80654.01,0,,205265.47651472507,0.0017188748643680476,,-124611.46651472508,-0.0017188748643680476,,0,,,0,,,0,,,0,,,0,,,0,,,80654.01,0,,932676.4500000001,0.001054239831009037,,1837670.6119719245,0.0015924394454130922,,-904994.1619719245,,,2117211.94,0.0017477284207687222,,1821910.26,0.0017890389414410245,,,80654.01,0.0008949964441018023,,0,0,,80654.01,0.0011704117175815958,
COMBUSTIBLE ,259080.87,0.0025889254353816146,,343863.2967036216,0.0037338945341299835,,-84782.42670362163,-0.0011449690987483689,,391338.93,0.004290891751717326,,325255.9542990715,0.0031593883800266316,,66082.97570092848,0.0011315033716906946,,193150.47,0.0022363493498095345,,403775.793860375,0.0038345188240431027,,-210625.323860375,-0.0015981694742335682,,843570.27,0.0030383202849204104,,263506.5,0.0033783356638176047,,366405.121250621,0.002885509688664591,,-102898.62125062098,,,338038.64,0.003403099628901264,,654311.2977395304,0.005427943965183545,,-316272.65773953043,-0.002024844336282281,,226886.01,0.0022244626834944455,,614909.1370557317,0.004947855852185502,,-388023.1270557317,-0.0027233931686910565,,828431.15,0.002965807459120735,,315206.03,0.003298975310689489,,540857.7694834642,0.004171062717524761,,-225651.73948346416,,,234551.9,0.0033649743171645925,,511082.8712854304,0.004171124730309507,,-276530.97128543037,,,291345.45,0.00402673128299835,,623366.8378730599,0.005654880074530033,,-332021.3878730599,-0.0016281487915316833,,841103.38,0.0035399466094721242,,183359,0.002034686843147196,,549358.1530181097,0.0046002763679100465,,-365999.15301810973,-0.0025655895247628504,,0,,,0,,,0,,,0,,,0,,,0,,,183359,0.002034686843147196,,2696463.8000000003,0.0030479160708239026,,4933186.232569016,0.004274868573907261,,-2236722.4325690153,-0.0012269525030833587,,5199802.859999999,0.004292363494235955,,4458753.38,0.004378307539198879,,,183359,0.002034686843147196,,0,0,,183359,0.002660816518906423,
GASTOS EXPORTACION,18787,0,,370656.40641260665,0.004024831795692249,,-351869.40641260665,-0.004024831795692249,,1247593.6400000001,0.013679419165813623,,282029.00674511207,0.002739501475572228,,965564.633254888,0.010939917690241396,,245229.23,0.0028393315794923656,,57436.34334414852,0,,187792.8866558515,0.0028393315794923656,,1511609.87,0.005444424838379978,,274452.25,0.003518667752749876,,12265.193260683895,0,,262187.0567393161,0.003518667752749876,,876417.69,0.00882306447452724,,31731.422843316697,0,,844686.2671566833,0.00882306447452724,,408222.37,0.004002342095189838,,33192.74062775318,0,,375029.6293722468,0.004002342095189838,,1559092.31,0.005581595528434412,,28597.14,0,,437815.73899644485,0.0033764087512649743,,-409218.59899644484,-0.0033764087512649743,,169138.7,0.002426530680581172,,524591.9475390911,0.004281376991168024,,-355453.2475390911,-0.0018548463105868525,,105026.01,0.00145158100116373,,63274.13332270263,0,,41751.87667729736,0.00145158100116373,,302761.85000000003,0.0012742319313768635,,121357.32,0.001346670424269352,,49273.470841786126,0,,72083.84915821388,0.001346670424269352,,0,,,0,,,0,,,0,,,0,,,0,,,121357.32,0.001346670424269352,,3494821.35,0.00395033011654875,,1862266.403933646,0.001613753008929783,,1632554.9460663542,0.002336577107618967,,3085081.59,0.002546691086218491,,1716139.3599999999,0.0016851763840331395,,,121357.32,0.001346670424269352,,2696,4.707753763538586e-05,,118661.32,0.0017219552921385977,
TELEFONO,0,0,,1600.43,0,,-1600.43,,,2432.75,0,,1520.3500000000001,0,,912.3999999999999,,,2432.75,0,,1632.5106862832079,0,,800.2393137167921,,,4865.5,0,,2432.75,0,,1785.3938917269304,0,,647.3561082730696,,,12240.85,0,,1825.1936574410154,0,,10415.656342558985,,,2432.75,0,,1786.0049417170871,0,,646.7450582829129,,,17106.35,0,,2432.75,0,,1958.3830990508222,0,,474.36690094917776,,,2432.75,0,,1869.365809430616,0,,563.3841905693839,,,2432.75,0,,1838.0631594728206,0,,594.6868405271794,,,7298.25,0,,2432.75,0,,1994.3293114368748,0,,438.42068856312517,,,0,,,0,,,0,,,0,,,0,,,0,,,2432.75,0,,31702.85,0,,17810.024556559372,0,,13892.825443440626,,,22442.940000000002,0,,15120.130000000001,0,,,2432.75,2.6995590168283755e-05,,0,0,,2432.75,3.5302883340166565e-05,
DEPRECIACIONES Y AMORT.,16124.22,0,,16607.72,0,,-483.5000000000018,,,16124.22,0,,16773.7972,0,,-649.5772000000015,,,16124.22,0,,16941.535172,0,,-817.3151720000005,,,48372.659999999996,0,,16124.22,0,,17110.95052372,0,,-986.7305237199998,,,16124.22,0,,17282.0600289572,0,,-1157.8400289572,,,16124.22,0,,17454.88062924677,0,,-1330.6606292467714,,,48372.659999999996,0,,16124.22,0,,17454.88062924677,0,,-1330.6606292467714,,,16124.22,0,,17454.88062924677,0,,-1330.6606292467714,,,16124.22,0,,17454.88062924677,0,,-1330.6606292467714,,,48372.659999999996,0,,16124.22,0,,17454.88062924677,0,,-1330.6606292467714,,,0,,,0,,,0,,,0,,,0,,,0,,,16124.22,0,,161242.19999999998,0,,171990.46607091103,0,,-10748.26607091105,,,246416.45,0,,214168.01,0,,,16124.22,0.00017892625008868328,,5863.08,0.0001023810717208005,,10261.14,0.0001489046668819717,
SERVICIOS CALIDAD,147146,0.0014703903924464321,,215166.54,0.0023364202441359273,,-68020.54000000001,,,21940.55,0,,215166.54,0.0020900298895726505,,-193225.99000000002,-0.0020900298895726505,,19906.97,0,,215166.54,0.0020433620847997826,,-195259.57,-0.0020433620847997826,,188993.52000000002,0,,19906.97,0,,215166.54,0.0016944772325432804,,-195259.57,-0.0016944772325432804,,19906.97,0,,215166.54,0.001784948427968836,,-195259.57,-0.001784948427968836,,19906.97,0,,215166.54,0.0017313338832969979,,-195259.57,-0.0017313338832969979,,59720.91,0,,21017.11,0,,215166.54,0.0016593514666710153,,-194149.43,-0.0016593514666710153,,19906.97,0,,215166.54,0.0017560488260384294,,-195259.57,-0.0017560488260384294,,19906.97,0,,215166.54,0.0019518859615681738,,-195259.57,-0.0019518859615681738,,60831.05,0,,19906.97,0,,215166.54,0.0018017854903745135,,-195259.57,-0.0018017854903745135,,0,,,0,,,0,,,0,,,0,,,0,,,19906.97,0,,329452.44999999995,0,,2151665.4,0.0018645326501759863,,-1822212.95,-0.0018645326501759863,,2093892.0300000007,0.0017284781658902391,,2202824.5600000005,0.0021630806991573184,,,19906.97,0.00022090243700023418,,13781.97,0.0002406606867079966,,6125,8.888301735012649e-05,
DIVERSOS,0,0,,0,0,,0,,,0,0,,0,0,,0,,,0,0,,0,0,,0,,,0,0,,0,0,,0,0,,0,,,0,0,,0,0,,0,,,0,0,,0,0,,0,,,0,0,,0,0,,0,0,,0,,,0,0,,0,0,,0,,,0,0,,0,0,,0,,,0,0,,0,0,,0,0,,0,,,0,,,0,,,0,,,0,,,0,,,0,,,0,0,,0,0,,0,0,,0,,,0,0,,0,0,,,0,0,,0,0,,0,0,
EQUIPOS MENORES,0,0,,282.16935384589465,0,,-282.16935384589465,,,0,0,,268.04985994331525,0,,-268.04985994331525,,,0,0,,287.82477994247347,0,,-287.82477994247347,,,0,0,,0,0,,314.77932016905163,0,,-314.77932016905163,,,0,0,,321.79633935592096,0,,-321.79633935592096,,,0,0,,314.88705320285555,0,,-314.88705320285555,,,0,0,,0,0,,345.2787104326351,0,,-345.2787104326351,,,0,0,,329.5842454522286,0,,-329.5842454522286,,,0,0,,324.06533619704237,0,,-324.06533619704237,,,0,0,,0,0,,351.61631713666014,0,,-351.61631713666014,,,0,,,0,,,0,,,0,,,0,,,0,,,0,0,,0,0,,3140.0513156780776,0,,-3140.0513156780776,,,1534.61,0,,1534.61,0,,,0,0,,0,0,,0,0,
ARRENDAM MAQ Y EQUIPO,38303.94,0,,0,0,,38303.94,,,231290.21,0.0025360146365759426,,0,0,,231290.21,,,155437.21,0.0017996948364645867,,0,0,,155437.21,,,425031.36,0.00153085219897011,,48095.05,0,,0,0,,48095.05,,,26257.76,0,,0,0,,26257.76,,,21573.78,0,,0,0,,21573.78,,,95926.59,0,,19849.17,0,,0,0,,19849.17,,,0,0,,0,0,,0,,,20775.49,0,,0,0,,20775.49,,,40624.66,0,,6957.48,0,,0,0,,6957.48,,,0,,,0,,,0,,,0,,,0,,,0,,,6957.48,0,,568540.09,0,,0,0,,568540.09,,,0,0,,0,0,,,6957.48,7.720533498470079e-05,,0,0,,6957.48,0.00010096356172296456,
GASTOS DE VENTA,2898176.72,0.028960700288828196,,2817678.004371418,0.030596206691197905,,80498.71562858224,-0.0016355064023697088,,4596950.88,0.05040392637155139,,2899928.2028376576,0.028168583375209753,,1697022.6771623422,0.022235342996341636,,3480361.3400000003,0.040296582347489195,,3168335.6434483537,0.030088585919270206,,312025.69655164646,0.010207996428218988,,10975488.940000001,0.03953085103784136,,3421607.4400000004,0.04386737496849473,,3307532.971992566,0.02604744825532638,,114074.46800743474,0.01781992671316835,,4161677.9000000004,0.04189640721870314,,3522045.965966584,0.029217695326541174,,639631.9340334153,0.012678711892161968,,4119702.690000001,0.04039087690332554,,3056365.2929155244,0.02459299104478606,,1063337.3970844757,0.01579788585853948,,11702988.030000001,0.04189703537025941,,3238564.940000001,0.03389511862804334,,4843161.112939038,0.03735016836762547,,-1604596.1729390374,-0.0034550497395821264,,2805207.090000001,0.04024461030662308,,4584479.891085988,0.0374155318514595,,-1779272.8010859878,0.002829078455163579,,2691487.49,0.03719947187705079,,3532285.8283625133,0.03204317511740904,,-840798.3383625132,0.00515629675964175,,8735259.520000001,0.03676403288342879,,3023602.4,0.03355212464175898,,3517743.5338808047,0.029457271833274817,,-494141.1338808052,0.0040948528084841646,,0,,,0,,,0,,,0,,,0,,,0,,,3023602.4,0.03355212464175898,,34437338.89000001,0.03892584007218639,,35249556.44780045,0.030545617781066427,,-812217.557800446,0.008380222291119965,,40361183.44,0.033317584348191376,,32790532.07,0.03219891784560276,,,3023602.4,0.03355212464175898,,26174.96,0.0004570670120566467,,2997427.4399999995,0.04349720737228819,0
,,,,,,,,,,,,,,,,,,,,,,,,,,,,,0,,,,,,,,,,,,,,,,,,,,,,,,,,,,,,0,,,,,,,,,,,,,,,,,,,,,,,,,,,,,,0,,,,,,,,,,,,,,,,,,,,,,,,,,,,,,0,,,,,,,,,,,,,,,,,,,,,,,,,,
GASTOS DE ADMON CORPORATIVO,3228760.8857293357,0.032264138922452855,,2471298.5968000554,0.026834990565300535,,757462.2889292804,0.00542914835715232,,3095277.1086912774,0.03393860921264045,,2759139.356514314,0.026801024567347533,,336137.75217696326,0.007137584645292915,,2961264.446060441,0.03428633551117612,,2663435.0175430207,0.025293719600526423,,297829.4285174203,0.0089926159106497,,9285302.440481054,0.033443239715565815,,2585648.554880117,0.03314980361793713,,2959047.9861276997,0.02330306302502439,,-373399.43124758266,0.00984674059291274,,3259354.171917719,0.032812541705028085,,2886352.1588198505,0.023944195730664943,,373002.0130978683,0.008868345974363142,,3259182.9055495234,0.031954066943474906,,3144882.720857316,0.02530524501446891,,114300.18469220726,0.006648821929005996,,9104185.63234736,0.03259324767982907,,2589102.341000083,0.02709778331273558,,3020255.9471369414,0.023292032932274415,,-431153.60613685846,0.003805750380461166,,2186175.934579801,0.03136374453868986,,3078789.133489364,0.02512706689192414,,-892613.198909563,0.006236677646765724,,2062092.9499938223,0.028500510957663747,,3009320.2325103683,0.027299086166929398,,-947227.2825165461,0.001201424790734349,,6837371.225573706,0.028776402120357553,,2284386.3046880956,0.0253492370639811,,2943619.685520677,0.024649609732776964,,-659233.3808325813,,,0,,,0,,,0,,,0,,,0,,,0,,,2284386.3046880956,0.0253492370639811,,27511245.603090215,0.031097012169064568,,28936140.83531961,0.025074706949112093,,-1424895.232229393,0.006022305219952475,,34369446.33055824,0.028371490365769383,,24902179.76495776,0.02445288898382631,,,2284386.3046880956,0.0253492370639811,,3772503.7229499994,0.06587543990979669,,12145953.270109998,0.17625615922302243,-13634070.688371902
,,,,,,,,,,,,,,,,,,,,,,,,,,,,,0,,,,,,,,,,,,,,,,,,,,,,,,,,,,,,0,,,,,,,,,,,,,,,,,,,,,,,,,,,,,,0,,,,,,,,,,,,,,,,,,,,,,,,,,,,,,0,,,,,,,,,,,,,,,,,,,,,,,,,,
GASTOS MONTERREY IV,642134.2437794233,0.006416674749664409,,,,,642134.2437794233,,,660507.7050416499,0.007242231340257806,,,,,660507.7050416499,,,587420.37321476,0.006801314900780219,,,,,587420.37321476,,,1890062.3220358333,0.006807511948951502,,571523.7281051129,0.007327329661224671,,,,,571523.7281051129,,,664695.8562795345,0.006691620288843582,,,,,664695.8562795345,,,767370.3728637776,0.00752354346949242,,,,,767370.3728637776,,,2003589.957248425,0.007172909951812862,,642711.250152484,0.006726675077108838,,,,,642711.250152484,,,532273.9883791747,0.0076362131391418606,,,,,532273.9883791747,,,528460.6382891631,0.007303937590349355,,,,,528460.6382891631,,,1703445.8768208218,0.007169282158955464,,603476.1511198741,0.006696616936374636,,,,,603476.1511198741,,,,,,,,,,,,,,,,,,,,,603476.1511198741,0.006696616936374636,,6200574.307224954,,,,,,6200574.307224954,,,0,0,,0,,,,,,,,,,,,
,,,,,,,,,,,,,,,,,,,,,,,,,,,,,0,,,,,,,,,,,,,,,,,,,,,,,,,,,,,,0,,,,,,,,,,,,,,,,,,,,,,,,,,,,,,0,,,,,,,,,,,,,,,,,,,,,,,,,,,,,,0,,,,,,,,,,,,,,,,,,,,,,,,,,
GASTOS HACIENDA SAN JOSE,467340.7983756099,0.004670010873076686,,,,,467340.7983756099,,,486556.7170950809,0.005334920816914236,,,,,486556.7170950809,,,417538.03578107996,0.004834370399615224,,,,,417538.03578107996,,,1371435.551251771,0.004939553470547581,,423715.2938955956,0.005432323258334987,,,,,423715.2938955956,,,512512.97784598696,0.005159566151120357,,,,,512512.97784598696,,,585686.6914363006,0.005742258807933449,,,,,585686.6914363006,,,1521914.963177883,0.005448499552365244,,472925.48906578275,0.004949681680340217,,,,,472925.48906578275,,,390438.6352846604,0.005601387071098872,,,,,390438.6352846604,,,399012.0000935033,0.005514807604059888,,,,,399012.0000935033,,,1262376.1244439464,0.005312954611600668,,442632.8025167411,0.0049117803850707315,,,,,442632.8025167411,,,,,,,,,,,,,,,,,,,,,442632.8025167411,0.0049117803850707315,,4598359.441390341,,,,,,4598359.441390341,,,0,0,,0,,,,,,,,,,,,
,,,,,,,,,,,,,,,,,,,,,,,,,,,,,,,,,,,,,,,,,,,,,,,,,,,,,,,,,,,,,,,,,,,,,,,,,,,,,,,,,,,,,,,,,,,,,,,,,,,,,,,,,,,,,,,,,,,,,,,,,,,,,,,,,,,,,,,,,,,,,,,,,
TOTAL DE GASTOS,20744964.557884373,0.20729884996911183,,23119780.22787527,0.2510498266337383,,-2374815.6699909004,-0.04375097666462649,,21619945.13082801,0.23705498513641635,,22674611.517502412,0.22025086152348927,,-1054666.3866744023,0.016804123612927074,,20244956.332956284,0.23440168140480944,,23641615.191850893,0.2245162287149975,,-3396658.858894619,0.009885452689811947,,62609866.02166866,0.22550442178312546,,20079687.662340827,0.25743549000880195,,23623129.03754141,0.18603661292107024,,-3543441.3752005855,0.07139887708773171,,21796114.932103243,0.21942565689215246,,23971548.13700914,0.19885980953699278,,-2175433.2049059016,0.020565847355159678,,22012869.9609696,0.21582118608720172,,23521391.32335721,0.18926447290743414,,-1508521.3623876073,0.02655671317976757,,63888672.55541368,0.22872329416653162,,20045106.14587835,0.20979392518411785,,25027243.053143993,0.19300859913891102,,-4982136.907265641,0.016785326045206828,,18900499.55678363,0.27115404134504,,25539930.02772083,0.20844023490958583,,-6639430.470937193,0.06271380643545418,,18974163.46243649,0.2622448971930651,,23654949.974722374,0.2145861748637034,,-4680786.5122858845,0.04765872232936169,,57919769.16509847,0.24376657537317045,,19248952.251384713,0.21360058622844297,,24723758.64834123,0.20703455844065077,,-5474806.396956516,0.006566027787792195,,0,,,0,,,0,,,0,,,0,,,0,,,19248952.251384713,0.21360058622844297,,203667259.9935655,0.23021288653497157,,239497957.13906482,0.20753773367189682,,-35830697.14549926,0.022675152863074755,,162531936.8098582,0.10579631772111267,,211032769.94595775,0.18356146334719878,,,18202843.2977481,0.20199218890699763,,7545007.445899999,0.13175087981959338,,24291906.540219996,0.35251231844604486,
,,,,,,,,,,,,,,,,,,,,,,,,,,,,,0,,,,,,,,,,,,,,,,,,,,,,,,,,,,,,0,,,,,,,,,,,,,,,,,,,,,,,,,,,,,,0,,,,,,,,,,,,,,,,,,,,,,,,,,,,,,0,,,,,,,,,,,,,,,,,,,,,,,,,,
MARGEN DE OPERACIÓN,1896424.4621156678,0.018950459469474337,,-3437866.5036218986,-0.03733062257588472,,5334290.965737585,0.05628108204535906,,-3382636.440828029,-0.037089401769988595,,1034613.6244763285,0.010049766098923283,,-4417250.065304384,-0.047139167868911876,,1599362.0870437175,0.018517854828260256,,762436.4551553205,0.007240594864487441,,836925.6318884185,0.011277259963772815,,113150.1083313562,0,,-8976033.53234084,-0.11507896086787145,,7265165.801525004,0.05721455594971305,,-16241199.333865836,-0.1722935168175845,,3519271.88789675,0.03542918305346419,,3535446.551497195,0.02932886202595794,,-16174.663600429427,0.006100321027506246,,7752.3690304122865,0,,6777720.183743879,0.05453680951332736,,-6769967.814713471,-0.05453680951332736,,-5449009.275413677,-0.019507610685377964,,-1665111.825878296,-0.01742721356919978,,6460798.325188026,0.04982528964199726,,-8125910.151066326,-0.06725250321119705,,-4963992.21678365,-0.07121539548424854,,2509868.858472593,0.020483911032036905,,-7473861.075256265,-0.09169930651628545,,-863157.5624365136,-0.011929836415223613,,1335407.8043189906,0.012114168616639076,,-2198565.3667554744,-0.02404400503186269,,-7492261.60509846,-0.03153263522285033,,10189578.56861531,0.11307108705204659,,2167317.8809731826,0.018148927388834328,,8022260.687642088,0.09492215966321227,,0,,,0,,,0,,,0,,,0,,,0,,,10189578.56861531,0.11307108705204659,,-2638542.2035654187,-0.0029824450770650625,,28410908.981728405,0.0246195655781846,,-31049451.185293883,-0.027602010655249663,,79833653.730142,0.0942730389646206,,-29698124.795957536,-0.014549065080290354,,,11235687.522251923,0.12467948437349193,,8947033.054098243,0.1562330435197891,,-11345416.22021826,-0.16463915538711282,13634070.68837194
,,,,,,,,,,,,,,,,,,,,,,,,,,,,,0,,,,,,,,,,,,,,,,,,,,,,,,,,,,,,0,,,,,,,,,,,,,,,,,,,,,,,,,,,,,,0,,,,,,,,,,,,,,,,,,,,,,,,,,,,,,0,,,,,,,,,,,,,,,,,,,,,,,,,,
MANTENIMIENTO MAYORES FABRIC,0,0,,,0,,0,,,0,0,,,0,,0,,,0,0,,,0,,0,,,0,0,,0,0,,,0,,0,,,0,0,,,0,,0,,,,0,,0,0,,0,,,0,0,,,0,,0,0,,0,,,,0,,0,0,,0,,,,0,,0,0,,0,,,0,0,,,0,,0,0,,0,,,,,,0,,,0,,,,,,0,,,0,,,0,0,,0,0,,0,0,,0,,,0,0,,0,0,,,19248952.251384713,0.21360058622844297,,0,0,,0,0,
FLETES ACTIVOS FIJOS FABRIC,0,0,,0,0,,0,,,0,0,,0,0,,0,,,0,0,,0,0,,0,,,0,0,,0,0,,0,0,,0,,,0,0,,0,0,,0,,,,0,,0,0,,0,,,0,0,,,0,,0,0,,0,,,,0,,0,0,,0,,,,0,,0,0,,0,,,0,0,,,0,,0,0,,0,,,,,,0,,,0,,,,,,0,,,0,,,0,0,,0,0,,0,0,,0,,,52141.79,0,,52141.79,0,,,0,0,,0,0,,0,0,
GASTOS DE IMPORTACION ACTIVOS FIJOS,0,0,,0,0,,0,,,0,0,,0,0,,0,,,0,0,,0,0,,0,,,0,0,,0,0,,0,0,,0,,,0,0,,0,0,,0,,,,0,,0,0,,0,,,0,0,,,0,,0,0,,0,,,,0,,0,0,,0,,,,0,,0,0,,0,,,0,0,,,0,,0,0,,0,,,,,,0,,,0,,,,,,0,,,0,,,0,0,,0,0,,0,0,,0,,,55457.74,0,,55457.74,0,,,10189578.56861531,0.11307108705204659,,0,0,,0,0,
MANTENIMIENTO MAYORES ADMON,0,0,,0,0,,0,,,0,0,,0,0,,0,,,0,0,,0,0,,0,,,0,0,,3330445.1,0.04269861068974234,,0,0,,3330445.1,,,0,0,,0,0,,0,,,,0,,0,0,,0,,,3330445.1,0.011923089709714684,,,0,,0,0,,0,,,,0,,0,0,,0,,,,0,,0,0,,0,,,0,0,,,0,,0,0,,0,,,,,,0,,,0,,,,,,0,,,0,,,0,0,,3330445.1,0.0037645293600035417,,0,0,,3330445.1,,,11966.15,0,,11966.15,0,,,0,0,,0,0,,0,0,
MANTENIMIENTO MAYORES VENTA,0,0,,0,0,,0,,,0,0,,0,0,,0,,,0,0,,0,0,,0,,,0,0,,0,0,,0,0,,0,,,0,0,,0,0,,0,,,,0,,0,0,,0,,,0,0,,,0,,0,0,,0,,,,0,,0,0,,0,,,,0,,0,0,,0,,,0,0,,,0,,0,0,,0,,,,,,0,,,0,,,,,,0,,,0,,,0,0,,0,0,,0,0,,0,,,0,0,,0,0,,,0,0,,0,0,,0,0,
MTTO MAYORES,0,0,,0,0,,0,,,0,0,,0,0,,0,,,0,0,,0,0,,0,,,0,0,,3330445.1,0,,0,0,,3330445.1,,,0,0,,0,0,,0,,,0,0,,0,0,,0,,,3330445.1,0.011923089709714684,,0,0,,0,0,,0,,,0,0,,0,0,,0,,,0,0,,0,0,,0,,,0,0,,0,0,,0,0,,0,,,0,0,,0,0,,0,,,0,0,,0,0,,0,,,0,0,,3330445.1,0,,0,0,,3330445.1,,,119565.68,0,,119565.68,0,,,29438530.820000023,0.32667167328048957,,0,0,,0,0,
,,,,,,,,,,,,,,,,,,,,,,,,,,,,,0,,,,,,,,,,,,,,,,,,,,,,,,,,,,,,0,,,,,,,,,,,,,,,,,,,,,,,,,,,,,,0,,,,,,,,,,,,,,,,,,,,,,,,,,,,,,0,,,,,,,,,,,,,,,,,,,,,,,,,,
MARGEN,1896424.4621156678,0.018950459469474337,,-3437866.5036218986,-0.03733062257588472,,5334290.965737585,0.05628108204535906,,-3382636.440828029,-0.037089401769988595,,1034613.6244763285,0.010049766098923283,,-4417250.065304384,-0.047139167868911876,,1599362.0870437175,0.018517854828260256,,762436.4551553205,0.007240594864487441,,836925.6318884185,0.011277259963772815,,113150.1083313562,0,,-12306478.63234084,-0.1577775715576138,,7265165.801525004,0.05721455594971305,,-19571644.433865838,-0.21499212750732685,,3519271.88789675,0.03542918305346419,,3535446.551497195,0.02932886202595794,,-16174.663600429427,0.006100321027506246,,7752.3690304122865,0,,6777720.183743879,0.05453680951332736,,-6769967.814713471,-0.05453680951332736,,-8779454.375413677,-0.031430700395092645,,-1665111.825878296,-0.01742721356919978,,6460798.325188026,0.04982528964199726,,-8125910.151066326,-0.06725250321119705,,-4963992.21678365,-0.07121539548424854,,2509868.858472593,0.020483911032036905,,-7473861.075256265,-0.09169930651628545,,-863157.5624365136,-0.011929836415223613,,1335407.8043189906,0.012114168616639076,,-2198565.3667554744,-0.02404400503186269,,-7492261.60509846,-0.03153263522285033,,10189578.56861531,0.11307108705204659,,2167317.8809731826,0.018148927388834328,,8022260.687642088,0.09492215966321227,,0,,,0,,,0,,,0,,,0,,,0,,,10189578.56861531,0.11307108705204659,,-5968987.303565418,-0.006746974437068604,,28410908.981728405,0.0246195655781846,,-34379896.285293885,-0.03136654001525321,,79714088.05014199,0.094174339191992,,-29817690.475957535,-0.014679701189682745,,,-18202843.2977481,-0.20199218890699763,,8947033.054098243,0.1562330435197891,,-11345416.22021826,-0.16463915538711282,-15804460.131628085
,,,,,,,,,,,,,,,,,,,,,,,,,,,,,,,,,,,,,,,,,,,,,,,,,,,,,,,,,,,,,,,,,,,,,,,,,,,,,,,,,,,,,,,,,,,,,,,,,,,,,,,,,,,,,,,,,,,,,,,,,,,,,,,,,,,,,,,,,,,,,,,,,
OTROS INGRESOS 16%,102504.28,0.0010533684951607798,,130382.00302825483,0.0014479149262883614,,-27877.723028254826,-0.21381572901755083,,107910.3,0.0011979169858101174,,44.2856463100201,4.3992230845954136e-07,,107866.01435368999,2435.687933706054,,147404.16,0.0017411935786740974,,193774.15097031964,0.001882000731991584,,-46369.99097031963,-0.23929915697281068,,357818.74,0.0012887698567976586,,398608.46,0.005206490150090052,,350958.30253912427,0.002826695109245074,,47650.15746087575,0.13577156350522235,,843708.79,0.00871533310528549,,455879.6055318587,0.003867885131403627,,387829.18446814135,0.8507272090307147,,365150.71,0.0036419520196876724,,22090.895435828905,0.0001817843098391401,,343059.81456417113,15.529466225609278,,1607467.96,0.0057547817535175865,,954567.29,0.010304579743754646,,289203.1144266198,0.002280992223472634,,665364.1755733802,2.3006812250018305,,230328.52,0.003448879461288844,,81804.95345609073,0.0006827838799460018,,148523.56654390926,1.8155815787320277,,109035.58,0.0015386542686042766,,281575.816615215,0.0026123745153744807,,-172540.23661521496,-0.6127665319035489,,1293931.3900000001,0.005445761063188277,,249898.55,0.0028818857169409916,,127368.00292940004,0.0010907731083535772,,122530.54707059995,0.9620198499816198,,0,,,0,,,0,,,0,,,0,,,0,,,249898.55,0.0027730588179830915,,3509116.64,0.004067711746806389,,1933081.130579022,0.0017131565995663618,,1576035.5094209781,0.8152971360022034,,2589872.3499999996,0.0021379028838549243,,1712836.5999999999,,,,,,,,,,,,
OTROS INGRESOS 0%,,,,,,,,,,,,,,,,,,,,,,,,,,,,,0,,,,,,,,,,,,,,,,,,,,,,,,,,,,,,0,,,,,,,,,,,,,,,,,,,,,,,,,,,,,,0,,,,,,,,,,,,,,,,,,,,,,,,,,,,,,0,,,,,,,,,,,0,0,,0,,,,,,,,,,,,
,,,,,,,,,,,,,,,,,,,,,,,,,,,,,,,,,,,,,,,,,,,,,,,,,,,,,,,,,,,,,,,,,,,,,,,,,,,,,,,,,,,,,,,,,,,,,,,,,,,,,,,,,,,,,,,,,,,,,,,,,,,,,,,,,,,,,,,,,,,,,,,,,
UTILIDAD O (PERDIDA) TOTAL,1998928.7421156678,0.019974757163578417,,-3307484.5005936436,-0.03591484876948245,,5306413.24270933,0.05588960593306087,,-3274726.1408280293,-0.03590620382902386,,1034657.9101226386,0.010050196269545848,,-4309384.050950694,-0.04595640009856971,,1746766.2470437174,0.020224540798919402,,956210.6061256401,0.009080800842178119,,790555.6409180989,0.011143739956741283,,470968.8483313562,0.0016963070610001032,,-11907870.172340838,-0.1526671352825412,,7616124.104064128,0.059978419017012376,,-19523994.276404962,-0.21264555429955356,,4362980.67789675,0.043922960777069205,,3991326.1570290537,0.033110684168179236,,371654.5208677119,0.010812276608889969,,372903.0790304123,0.003656060520714046,,6799811.079179708,0.054714563525547016,,-6426908.000149299,-0.05105850300483297,,-7171986.415413677,-0.02567591864157506,,-710544.535878296,-0.007436624486555096,,6750001.439614645,0.0520556067353968,,-7460545.975492945,-0.0594922312219519,,-4733663.696783651,-0.0679110114468115,,2591673.811928684,0.02115154965503422,,-7325337.508712355,-0.08906256110184571,,-754121.9824365136,-0.010422838516523395,,1616983.6209342056,0.014668487162488877,,-2371105.6033706893,-0.025091325679012275,,-6198330.215098459,-0.026086874159662054,,10439477.11861531,0.11584414587002968,,2294685.883902583,0.019215495729879233,,8144791.234712688,0.09662865014015046,,0,,,0,,,0,,,0,,,0,,,0,,,10439477.11861531,0.11584414587002968,,-2459870.663565418,-0.002780485807979063,,30343990.112307426,0.026294683318797845,,-32803860.775872905,-0.029075169126776906,,82303960.40014198,0.09631224207584692,,-28104853.875957534,-0.012945150688549446,,,,,,,,,,,
,,,,,,,,,,,,,,,,,,,,,,,,,,,,,,,,,,,,,,,,,,,,,,,,,,,,,,,,,,,,,,,,,,,,,,,,,,,,,,,,,,,,,,,,,,,,,,,,,,,,,,,,,,,,,,,,,,,,,,,,,,,,,,,,,,,,,,,,,,,,,,,,,
,,,,,,,,,,,,,,,,,,,,,,,,,,,,470968.84833135596,,,,,,,,,,,,6778626.059814469,,,,,,,,,3266935.2745799357,,,,,,,,,-7171986.415413676,,,,,,,,,,,,-2777816.2822038494,,,,,,,,,1198935.3875573087,,,,,,,,,-6198330.21509846,,,12473964.873303406,,,,,,,,,0,,,,,,,,,0,,,,,,,,,10439477.11861531,,,-2459870.66356547,,,30343990.112307645,,,-32803860.775873117,,,,,,99839372.55738406,,,,,,,7081728.139050158,,,-15807319.19451016,,
,,,,,,,,,,,,,,,,,,,,,,,,,,,,,0,,,,,,,,,,,,,,,,,,,,,,,,,,,,,,0,,,,,,,,,,,,,,,,,,,,,,,,,,,,,,0,,,,,,,,,,,,,,,,,,,,,,,,,,,,,,0,,,,,,,,,,,,,,,,,,,,,,,,,,
Manode Obra Directa,4092534.4000000004,0.04089559527623261,,,,,,,,3698527.69,0.040553036618460464,,,,,,,,3332512.55,0.038584748328205534,,,,,,,,11123574.64,0.04006421713930038,,3425511.17,0.04391742348828803,,,,,,,,4299963.96,0.043288559427895015,,,,,,,,3665026.8899999997,0.03593309058944931,,,,,,,,11390502.02,0.040778326423440016,,3544480.41,0.037096858082989584,,,,,,,,3874051.08,0.0555786688898438,,,,,,,,2950718.67,0.04078234678391677,,,,,,,,10369250.16,0.04364099921541188,,4304703.4,0.04776816721094139,,,,,,,,0,,,,,,,,,0,,,,,,,,,4304703.4,0.04776816721094139,,37188030.22,0.042035051592319884,,,,,,,,58566651.14,0.04834593966375652,,50733775.15,0.049818424860104224,,,,,,,,,,,
Semanal,818506.8800000001,,,,,,,,,924631.9225,,,,,,,,,833128.1375,,,,,,,,,855659.5876923078,,,856377.7925,,,,,,,,,859992.792,,,,,,,,,916256.7224999999,,,,,,,,,876192.463076923,,,886120.1025,,,,,,,,,774810.216,,,,,,,,,737679.6675,,,,,,,,,797634.6276923077,,,860940.68,,,,,,,,,0,,,,,,,,,0,,,,,,,,,860940.68,,,845182.505,,,,,,,,,1126281.7526923078,,,1153040.3443181817,,,,,,,,,,,,
Mano de Obra Directa Total,5862030.66,0.058577695368480405,,,,,,,,5095031.98,0.05586520793553046,,,,,,,,5043742.77,0.05839784321672135,,,,,,,,16000805.41,0.05763073140577517,,5037127.91,0.06457946525631829,,,,,,,,5881982.45,0.05921504208157608,,,,,,,,5113246.58,0.050131897549415216,,,,,,,,16032356.94,0.05739630118922747,,5185253.73,0.05426934261038909,,,,,,,,5070286.6,0.07274033674280099,,,,,,,,4210699.07,0.05819673404359347,,,,,,,,14466239.4,0.06088397256927211,,5457380.99,0.0605591288041199,,,,,,,,0,,,,,,,,,0,,,,,,,,,5457380.99,0.0605591288041199,,51956782.739999995,0.05872873691148827,,,,,,,,79070596.9,0.06527165601062936,,67843913.92,0.06661985862171542,,,,,,,,,,,
Semanal,1172406.132,,,,,,,,,1273757.995,,,,,,,,,1260935.6925,,,,,,,,,1230831.1853846153,,,1259281.9775,,,,,,,,,1176396.49,,,,,,,,,1278311.645,,,,,,,,,1233258.2261538461,,,1296313.4325,,,,,,,,,1014057.32,,,,,,,,,1052674.7675,,,,,,,,,1112787.6461538463,,,1091476.198,,,,,,,,,0,,,,,,,,,0,,,,,,,,,1091476.198,,,1180835.9713636362,,,,,,,,,1520588.401923077,,,1541907.1345454545,,,,,,,,,,,,
Mano de Obra Indirecta,6903008.970000001,0.06897991157394386,,,,,,,,6603893.870000001,0.07240934025142762,,,,,,,,6333358.39,0.07332936812210325,,,,,,,,19840261.229999997,0.07145945073814533,,6452978.2,0.08273164567438576,,,,,,,,7224853.17,0.07273397840463777,,,,,,,,6921877.75,0.06786429341582363,,,,,,,,20599709.119999997,0.07374755399264432,,6039595.92,0.06321096657516663,,,,,,,,6762421.960000001,0.09701637981713152,,,,,,,,5663114.51,0.07827079625447683,,,,,,,,18465132.39,0.07771408884058272,,6455667.08,0.07163684832167756,,,,,,,,0,,,,,,,,,0,,,,,,,,,6455667.08,0.07163684832167756,,65360769.82,0.07387977570320058,,,,,,,,91150671.78999999,0.0752435864590603,,77431929.94,0.07603488547981127,,,,,,,,,,,
Mantenimiento Instalaciones,112338.51999999999,0.001122568608794336,,,,,,,,38483.36,0.0004219563129136385,,,,,,,,12890.650000000001,0.0001492514967533979,,,,,,,,163712.53,0.0005896498708929622,,69361.59,0.0008892635786824785,,,,,,,,43372.86,0.00043664287541325593,,,,,,,,13815,0.00013544665875377582,,,,,,,,126549.45,0.00045305068834945,,55693.229999999996,0.0005828904692672,,,,,,,,98710.1,0.00141613413212491,,,,,,,,57396.89,0.000793291443232819,,,,,,,,211800.21999999997,0.0008914022800317957,,104874.43000000001,0.0011637641070444407,,,,,,,,0,,,,,,,,,0,,,,,,,,,104874.43000000001,0.0011637641070444407,,606936.63,0.0006860436652436055,,,,,,,,1158193.4100000001,0.000956072229313066,,714936.0100000001,0.0007020369721879001,,,,,,,,,,,
Mantenimiento Equipo,854496.6800000002,0.00853875544458819,,,,,,,,682514.73,0.007483530517606765,,,,,,,,608497.8700000001,0.007045355964885754,,,,,,,,2145509.2800000003,0.0077275653241181495,,3912265.5300000003,0.05015795119408168,,,,,,,,522720.87,0.005262330953396174,,,,,,,,1032841.39,0.01012630584857803,,,,,,,,5467827.79,0.01957498151146253,,1109652.3200000003,0.011613723275310796,,,,,,,,724052.35,0.010387541358789542,,,,,,,,1438775.5199999998,0.019885542731476386,,,,,,,,3272480.19,0.013772867198744574,,1144351.07,0.012698564379552768,,,,,,,,0,,,,,,,,,0,,,,,,,,,1144351.07,0.012698564379552768,,12030168.33,0.013598158962016752,,,,,,,,7830316.25,0.006463814980059182,,7200371.120000001,0.007070460389474576,,,,,,,,,,,
Combustible,287133.13,0.00286924412287845,,,,,,,,432638.98,0.004743732065586721,,,,,,,,211418.48,0.002447861401971841,,,,,,,,931190.59,0.0033539058444105726,,288191.66,0.003694816495960431,,,,,,,,365802.23000000004,0.003682600998407327,,,,,,,,248213.95,0.0024335685981597376,,,,,,,,902207.8400000001,0.0032299301415080863,,342482.03,0.0035844484362333325,,,,,,,,256012.47,0.0036728561415357145,,,,,,,,315018.61,0.0043539217503264825,,,,,,,,913513.11,0.003844696993671379,,260172.08000000002,0.0028870614921015047,,,,,,,,0,,,,,,,,,0,,,,,,,,,260172.08000000002,0.0028870614921015047,,3007083.62,0.0033990215228215993,,,,,,,,5673753.6899999995,0.00468360318072569,,4873235.64,0.0047853116161595535,,,,,,,,,,,
Fletes,2279165.77,0.022775090393220166,,,,,,,,2627902.7699999996,0.02881401633133742,,,,,,,,2523698.0100000002,0.029220070775800425,,,,,,,,7430766.55,0.026763684715172636,,2748538.67,0.035238167605895133,,,,,,,,2680879.5799999996,0.026988927371814582,,,,,,,,3092779.62,0.030322596148445343,,,,,,,,8522197.87,0.030509714670855673,,2519398.85,0.02636826016281951,,,,,,,,1767441.0799999998,0.02535640871509312,,,,,,,,2130490.56,0.02944584508213419,,,,,,,,6417330.489999999,0.027008579266365074,,2958607.07,0.03283088847218449,,,,,,,,0,,,,,,,,,0,,,,,,,,,2958607.07,0.03283088847218449,,25328901.979999997,0.028630225779840007,,,,,,,,30851165.019999996,0.025467199055792134,,24943683.989999995,0.02449364438021718,,,,,,,,,,,
Gastos de importación,849927.55,0.008493097357695994,,,,,,,,622841.81,0.00682923823897022,,,,,,,,210270.58999999997,0.002434570815336702,,,,,,,,1683039.9500000002,0.006061871313241555,,220390.48,0.0028255584532065835,,,,,,,,1892901.72,0.019056203577432936,,,,,,,,2479639.31,0.02431117332276642,,,,,,,,4592931.51,0.01644282754407371,,95637.22000000002,0.0010009479436766456,,,,,,,,660253.52,0.009472258112671519,,,,,,,,585352.77,0.008090252689886654,,,,,,,,1341243.51,0.005644883290923158,,9481236.03,0.10521079525419616,,,,,,,,0,,,,,,,,,0,,,,,,,,,9481236.03,0.10521079525419616,,17098451,0.019327032533904227,,,,,,,,12116538.700000001,0.010002030806294294,,7360744.8100000005,0.007227940580948216,,,,,,,,,,,
$ MOD / Ventas,24.45251116276506,,,,,,,,,24.659065840331728,,,,,,,,,25.91697609360841,,,,,,,,,24.959928619672574,,,22.770006083500814,,,,,,,,,23.100791830822697,,,,,,,,,27.829501542893183,,,,,,,,,24.522830819883392,,,26.95646078066489,,,,,,,,,17.992514394002256,,,,,,,,,24.520413337134574,,,,,,,,,22.91423244147097,,,20.934443550744984,,,,,,,,,,,,,,,,,,,,,,,,,,,20.934443550744984,,,23.789669861680565,,,,,,,,,20.684260290625186,,,20.072894773532347,,,,,,,,,,,,
$ MOI / Ventas,14.496974223111867,,,,,,,,,13.810373033750768,,,,,,,,,13.637101008900904,,,,,,,,,13.993950270684016,,,12.087273157067226,,,,,,,,,13.748732324756713,,,,,,,,,14.735289349772176,,,,,,,,,13.559771760019883,,,15.82003968901284,,,,,,,,,10.307537777485862,,,,,,,,,12.776157236841746,,,,,,,,,12.867679656533458,,,13.959296415576624,,,,,,,,,,,,,,,,,,,,,,,,,,,13.959296415576624,,,13.535504006094033,,,,,,,,,13.290169263052015,,,13.15185777803952,,,,,,,,,,,,
