UREBLOCK SA DE CV,20.564370967741933,Unnamed: 2,Unnamed: 3,18,Unnamed: 5,Unnamed: 6,Unnamed: 7,Unnamed: 8,Unnamed: 9,20.459935714285706,Unnamed: 11,Unnamed: 12,18.1,Unnamed: 14,Unnamed: 15,Unnamed: 16,Unnamed: 17,Unnamed: 18,20.374246666666668,Unnamed: 20,Unnamed: 21,18.2,Unnamed: 23,Unnamed: 24,Unnamed: 25,Unnamed: 26,Unnamed: 27,T1,Unnamed: 29,Unnamed: 30,20.098163333333336,Unnamed: 32,Unnamed: 33,18.3,Unnamed: 35,Unnamed: 36,Unnamed: 37,Unnamed: 38,Unnamed: 39,19.46746774193548,Unnamed: 41,Unnamed: 42,18.4,Unnamed: 44,Unnamed: 45,Unnamed: 46,Unnamed: 47,Unnamed: 48,19.07029,Unnamed: 50,Unnamed: 51,19,Unnamed: 53,Unnamed: 54,Unnamed: 55,Unnamed: 56,Unnamed: 57,T2,Unnamed: 59,Unnamed: 60,18.68416129032258,Unnamed: 62,Unnamed: 63,19.1,Unnamed: 65,Unnamed: 66,Unnamed: 67,Unnamed: 68,Unnamed: 69,18.72754193548387,Unnamed: 71,Unnamed: 72,19.2,Unnamed: 74,Unnamed: 75,Unnamed: 76,Unnamed: 77,Unnamed: 78,18.525080000000003,Unnamed: 80,Unnamed: 81,19.3,Unnamed: 83,Unnamed: 84,Unnamed: 85,Unnamed: 86,Unnamed: 87,T3,Unnamed: 89,Unnamed: 90,18.4134709677419,Unnamed: 92,Unnamed: 93,19.4,Unnamed: 95,Unnamed: 96,Unnamed: 97,Unnamed: 98,Unnamed: 99,20.29187,Unnamed: 101,Unnamed: 102,19.5,Unnamed: 104,Unnamed: 105,Unnamed: 106,Unnamed: 107,Unnamed: 108,20.26635333333333,Unnamed: 110,Unnamed: 111,19.6,Unnamed: 113,Unnamed: 114,Unnamed: 115,Unnamed: 116,Unnamed: 117,T4,Unnamed: 119,Unnamed: 120,19.323754792205936,Unnamed: 122,Unnamed: 123,19.999999999999996,Unnamed: 125,Unnamed: 126,Unnamed: 127,Unnamed: 128,Unnamed: 129,Unnamed: 130,Unnamed: 131,Unnamed: 132,16.94872393510507,Unnamed: 134,Unnamed: 135,Unnamed: 136,Unnamed: 137,Unnamed: 138,Unnamed: 139,Unnamed: 140,Unnamed: 141,Unnamed: 142,Unnamed: 143,Unnamed: 144,Unnamed: 145
ESTADOS DE RESULTADOS 2025,ENE 25,,,ENE 25 PPTO,,,ENE 25 DELTA,,,FEB 25,,,FEB 25 PPTO,,,FEB 25 DELTA,,,MZO 25,,,MZO 25 PPTO,,,MZO 25 DELTA,,,,,,ABR 25,,,ABR 25 PPTO,,,ABR 25 DELTA,,,MAY 25,,,MAY 25 PPTO,,,MAY 25 DELTA,,,JUN 25,,,JUN 25 PPTO,,,JUN 25 DELTA,,,,,,JUL 25,,,JUL 25 PPTO,,,JUL 25 DELTA,,,AGO 25,,,AGO 25 PPTO,,,AGO 25 DELTA,,,SEP 25,,,SEP 25 PPTO,,,SEP 25 DELTA,,,,,,OCT 25,,,OCT 25 PPTO,,,OCT 25 DELTA,,,NOV 25,,,NOV 25 PPTO,,,NOV 25 DELTA,,,DIC 25,,,DIC 25 PPTO,,,DIC 25 DELTA,,,,,,2025,,,2025 PPTO,,,2025 DELTA,,,2024,,,2024 Ene-Oct,,,,OCT 25,,,,,,,,
,CD JUAREZ 2,,,CD JUAREZ 2,,,CD JUAREZ 2,,,CD JUAREZ 2,,,CD JUAREZ 2,,,CD JUAREZ 2,,,CD JUAREZ 2,,,CD JUAREZ 2,,,CD JUAREZ 2,,,,,,CD JUAREZ 2,,,CD JUAREZ 2,,,CD JUAREZ 2,,,CD JUAREZ 2,,,CD JUAREZ 2,,,CD JUAREZ 2,,,CD JUAREZ 2,,,CD JUAREZ 2,,,CD JUAREZ 2,,,,,,CD JUAREZ 2,,,CD JUAREZ 2,,,CD JUAREZ 2,,,CD JUAREZ 2,,,CD JUAREZ 2,,,CD JUAREZ 2,,,CD JUAREZ 2,,,CD JUAREZ 2,,,CD JUAREZ 2,,,,,,CD JUAREZ 2,,,CD JUAREZ 2,,,CD JUAREZ 2,,,CD JUAREZ 2,,,CD JUAREZ 2,,,CD JUAREZ 2,,,CD JUAREZ 2,,,CD JUAREZ 2,,,CD JUAREZ 2,,,,,,,,,CD JUAREZ 2,,,CD JUAREZ 2,,,,,,,,,,CD JUAREZ 2,,,CDJ ESPUMA,,,CDJ ENSAMBLE,,
,,,,,,,,,,,,,,,,,,,,,,,,,,,,,,,,,,,,,,,,,,,,,,,,,,,,,,,,,,,,,,,,,,,,,,,,,,,,,,,,,,,,,,,,,,,,,,,,,,,,,,,,,,,,,,,,,,,,,,,,,,,,,,,,,,,,,,,,,,,,,,,,,
TRADICIONAL USD,1926.464469160959,,,519.7895655008662,,,1406.6749036600927,2.706239211063479,,33506.670283491345,,,481.5114632438796,,,33025.15882024747,68.58644360772078,,12271.547217942129,,,462.0980358749605,,,11809.449182067168,25.55615532904515,,47704.68197059443,0.10575671017541179,,19619.25094647952,,,536.0813230497768,,,19083.16962342974,35.597527470021205,,46789.32679250662,,,546.7726285658719,,,46242.554163940746,84.57364496322757,,-6014.03806654225,,,527.1764721127964,,,-6541.214538655046,-12.408016830568013,,60394.53967244388,0.13206617558062955,,27397.23726668612,,,652.1548527403176,,,26745.0824139458,41.01032492752985,,10636.215937265419,,,594.8829398959792,,,10041.33299736944,16.8795107809366,,31934.24697761089,,,576.4668237684314,,,31357.780153842457,54.39650446638536,,69967.70018156242,0.12231099618180265,,23303.242541925873,,,639.0462858938045,,,22664.196256032068,35.46565680188988,,0,,,0,,,0,,,0,,,0,,,0,,,23303.242541925873,0.0845677117596789,,201370.16436652662,,,5535.980390646684,,,195834.18397587992,35.37479726386885,,9351.241258854958,,,4182.687547442456,,,,23303.242541925873,0.0845677117596789,,0,,,23303.242541925873,0.0845677117596789,0
AUTOMOTRIZ USD,65147.14221512152,,,2328.278397228579,,,62818.86381789295,26.980821491393886,,65278.65085457959,,,2010.785888515591,,,63267.86496606399,31.464247549882003,,83335.78550307135,,,2116.6167247532535,,,81219.1687783181,38.37216621624602,,213761.57857277244,0.4738889429279538,,73678.77728130712,,,1904.9550522779284,,,71773.82222902919,37.67743608606549,,43537.172437391426,,,2222.4475609909164,,,41314.72487640051,18.58974114915883,,62350.858324650544,,,2222.4475609909164,,,60128.41076365963,27.05504139627499,,179566.8080433491,0.3926630077507886,,74384.86043897798,,,2434.109233466242,,,71950.75120551174,29.559376471799414,,68210.04670023691,,,2222.4475609909164,,,65987.599139246,29.691408831182635,,59195.49821107385,,,2222.4475609909164,,,56973.050650082936,25.63527331312174,,201790.40535028873,0.3527511327980943,,65467.179007795254,,,2434.109233466242,,,63033.069774329015,25.895744080707544,,0,,,0,,,0,,,0,,,0,,,0,,,65467.179007795254,0.23758107971840126,,660585.9709742055,,,22118.6447736715,,,638467.326200534,28.86557168097935,,139440.2284333776,,,21819.207756678756,,,,65467.179007795254,0.23758107971840126,,0,,,65467.179007795254,0.23758107971840126,0
EMPAQUE USD,72075.24958215392,,,40019.0008059513,,,32056.24877620262,0.8010257160502487,,51069.79926972263,,,29653.712790465852,,,21416.086479256777,0.722205904892368,,66468.17191114143,,,41035.741217714,,,25432.43069342743,0.6197629173674813,,189613.22076301798,0.42035434689663426,,80542.04969641504,,,45677.6784730626,,,34864.371223352435,0.7632693339245102,,71952.48496457699,,,46194.69955691092,,,25757.785407666066,0.5575917941826422,,64849.2482285272,,,52650.85306251394,,,12198.395166013259,0.23168466333355964,,217343.78288951924,0.4752708166685819,,107944.29616943107,,,38761.13493097584,,,69183.16123845523,1.7848590182318869,,88945.09731914596,,,47940.514393929145,,,41004.58292521682,0.8553221308449155,,103400.00582993432,,,38009.88338257236,,,65390.12244736196,1.7203452530807688,,300289.39931851136,0.524937871020103,,186786.78647960434,,,29187.975810790474,,,157598.81066881388,5.399442965501956,,0,,,0,,,0,,,0,,,0,,,0,,,186786.78647960434,0.6778512085219198,,894033.1894506529,,,409131.1944248865,,,484901.99502576643,1.1851992750330136,,223785.10631750504,,,104490.90080527344,,,,186786.78647960434,0.6778512085219198,,0,,,186786.78647960434,0.6778512085219198,0
PROD HOGAR USD,0,,,0,,,0,,,0,,,0,,,0,,,0,,,0,,,0,,,0,0,,0,,,0,,,0,,,0,,,0,,,0,,,0,,,0,,,0,,,0,0,,0,,,0,,,0,,,0,,,0,,,0,,,0,,,0,,,0,,,0,0,,0,,,0,,,0,,,0,,,0,,,0,,,0,,,0,,,0,,,0,0,,0,,,0,,,0,,,0,,,0,,,,0,0,,0,,,0,0,0
OTROS INGRESOS USD,0,,,0,,,0,,,0,,,0,,,0,,,0,,,0,,,0,,,0,0,,0,,,0,,,0,,,0,,,0,,,0,,,0,,,0,,,0,,,0,0,,0,,,0,,,0,,,0,,,0,,,0,,,0,,,0,,,0,,,0,0,,0,,,0,,,0,,,0,,,0,,,0,,,0,,,0,,,0,,,0,0,,0,,,0,,,0,,,0,,,0,,,,0,0,,0,,,0,0,0
TOTAL VENTAS USD,139148.8562664364,,,42867.06876868074,,,96281.78749775566,2.2460548449746214,,149855.12040779355,,,32146.01014222532,,,117709.11026556823,3.6617020197773065,,162075.50463215492,,,43614.455978342216,,,118461.0486538127,2.7160959823191955,,451079.4813063849,,,173840.07792420167,,,48118.71484839031,,,125721.36307581136,2.612733184415399,,162278.98419447502,,,48963.919746467705,,,113315.06444800732,2.3142563960309155,,121186.06848663549,,,55400.47709561765,,,65785.59139101784,1.187455322405909,,457305.1306053122,,,209726.39387509518,,,41847.3990171824,,,167878.99485791277,4.01169484366238,,167791.3599566483,,,50757.84489481604,,,117033.51506183225,2.3057226977299234,,194529.75101861905,,,40808.79776733171,,,153720.95325128734,3.766858169351516,,572047.5048503625,,,275557.20802932547,,,32261.13133015052,,,243296.07669917497,7.5414614016277834,,0,,,0,,,0,,,0,,,0,,,0,,,275557.20802932547,,,1755989.324791385,,,436785.8195892047,,,1319203.5052021802,3.0202525952946138,,372576.57600973756,,,130492.79610939465,,,,275557.20802932547,1,,0,1,,275557.20802932547,1,0
,,,,,,,,,,,,,,,,,,,,,,,,,,,,,,,,,,,,,,,,,,,,,,,,,,,,,,,,,,,,,,,,,,,,,,,,,,,,,,,,,,,,,,,,,,,,,,,,,,,,,,,,,,,,,,,,,,,,,,,,,0,,,0,,,,,,0,,,0,,,,,,,,,,,,
TRADICIONAL,39616.53,0.013844630281920862,,10395.791310017323,0.01212561484681293,,29220.738689982674,2.810823901575029,,685544.3200000001,0.2235937630446744,,9630.229264877591,0.01497888730556304,,675914.0907351224,70.18670813998673,,250023.53000000003,0.07571500237369934,,9241.960717499209,0.010595065913568338,,240781.56928250083,26.053082959614024,,975184.3800000001,0.10565720007701139,,394310.91,0.11285804275256921,,10721.626460995536,0.011140807162843628,,383589.28353900445,35.77715423443198,,910869.71,0.2883264707673689,,10935.452571317437,0.011166847576685615,,899934.2574286825,82.29510864407361,,-114689.45,-0.0496264805158316,,10543.52944225593,0.009515738848294103,,-125232.97944225592,-11.87770946419064,,1190491.17,0.13280683405364813,,511894.4,0.13063323485647133,,13043.09705480635,0.015584119158099765,,498851.30294519366,38.24638434024135,,199190.18,0.06338953292954692,,11897.658797919585,0.011720019656641004,,187292.52120208042,15.741964396796304,,591584.48,0.16416124942530955,,11529.336475368627,0.014126042797318206,,580055.1435246314,50.31123384800731,,1302669.06,0.12214934085376812,,429093.58,0.08456771175967889,,12780.925717876089,0.019808551639246646,,416312.6542821239,32.57296564206196,,0,,,0,,,0,,,0,,,0,,,0,,,429093.58,0.08456771175967889,,3897438.19,0.11485921588144014,,110719.6078129337,0.012674359245117556,,3786718.5821870663,34.20097539168416,,187159.52,0.02028207323429169,,82279.9,0.01905280133472399,,,429093.58,0.08456771175967889,,0,,,429093.58,0.08456771175967889,
AUTOMOTRIZ,1339710,0.4681830951623526,,46565.56794457158,0.0543139165822705,,1293144.4320554284,27.770399656559494,,1335597,0.43561174737933495,,40215.71777031182,0.06255164729990326,,1295381.2822296883,32.210820894162154,,1697903.85,0.5141787816253264,,42332.33449506507,0.04853016453545378,,1655571.515504935,39.10891131453983,,4373210.85,0.4738193343062026,,1480808.1,0.4238307883952559,,38099.10104555857,0.03958865190560371,,1442708.9989544416,37.86727138861526,,847558.5,0.2682859561483113,,44448.95121981833,0.04538949439707072,,803109.5487801817,18.068132694705774,,1189048.95,0.5145051663387088,,44448.95121981833,0.04011603649468786,,1144599.9987801816,25.750888769448448,,3517415.55,0.39238999416230147,,1389818.73,0.35467572328201424,,48682.184669324844,0.058166320742343035,,1341136.545330675,27.54881594653946,,1277406.51,0.4065170382900533,,44448.95121981833,0.04378530187001493,,1232957.5587801817,27.738732297252636,,1096601.34,0.30430048823435785,,44448.95121981833,0.054460010649224073,,1052152.3887801818,23.671028447372265,,3763826.58,0.3529284220774326,,1205478,0.23758107971840126,,48682.184669324844,0.07545021309253898,,1156795.815330675,23.76220013929622,,0,,,0,,,0,,,0,,,0,,,0,,,1205478,0.23758107971840126,,12859930.979999999,0.37898781626405725,,442372.89547343005,0.050639566995270134,,12417558.084526569,28.070341134343742,,2814355.99,0.3049856843859586,,429217.39,0.09938993194059238,,,1205478,0.23758107971840126,,0,,,1205478,0.23758107971840126,
EMPAQUE,1482182.17,0.5179722745557265,,800380.016119026,0.9335604685709165,,681802.1538809739,0.851848047365018,,1044884.81,0.3407944895759907,,593074.255809317,0.9224694653945338,,451810.55419068306,0.7618111050430547,,1354238.9300000002,0.4101062160009742,,820714.82435428,0.9408747695509778,,533524.1056457201,0.650072460998234,,3881305.91,0.42052346561678594,,1618747.27,0.4633111688521748,,913553.5694612521,0.9492705409315527,,705193.700538748,0.7719237536936343,,1400732.68,0.4433875730843199,,923893.9911382184,0.9434436580262436,,476838.6888617815,0.5161184004176994,,1236693.97,0.5351213141771229,,1053017.0612502787,0.9503682246570181,,183676.90874972125,0.17442918591616755,,4256173.92,0.4748031717840503,,2016848.6400000001,0.5146910418615145,,775222.6986195168,0.9262495600995572,,1241625.9413804833,1.6016377533726984,,1665723.04,0.5300934287803998,,958810.287878583,0.944494678473344,,706912.7521214171,0.7372811504614722,,1915493.38,0.5315382623403325,,760197.6676514472,0.9314139465534578,,1155295.7123485527,1.5197306720470747,,5598065.0600000005,0.5249222370687993,,3439393.07,0.6778512085219197,,583759.5162158095,0.9047412352682144,,2855633.55378419,4.891797862749519,,0,,,0,,,0,,,0,,,0,,,0,,,3439393.07,0.6778512085219197,,17174937.959999997,0.5061529678545026,,8182623.888497729,0.9366860737596123,,8992314.071502268,1.0989523891160042,,6226314.300000001,0.6747322423797498,,3807022.52,0.8815572667246835,,,3439393.07,0.6778512085219197,,0,,,3439393.07,0.6778512085219197,
PROD HOGAR,0,0,,0,0,,0,,,0,0,,0,0,,0,,,0,0,,0,0,,0,,,0,0,,0,0,,0,0,,0,,,0,0,,0,0,,0,,,0,0,,0,0,,0,,,0,0,,0,0,,0,0,,0,,,0,0,,0,0,,0,,,0,0,,0,0,,0,,,0,0,,0,0,,0,0,,0,,,0,,,0,,,0,,,0,,,0,,,0,,,0,0,,0,0,,0,0,,0,,,0,0,,0,0,,,0,,,0,,,0,,
OTROS INGRESOS,0,0,,0,0,,0,,,0,0,,0,0,,0,,,,0,,0,0,,0,,,,0,,,0,,0,0,,0,,,,0,,0,0,,0,,,,0,,0,0,,0,,,0,0,,,0,,0,0,,0,,,,0,,0,0,,0,,,,0,,0,0,,0,,,0,0,,,0,,0,0,,0,,,0,,,0,,,0,,,0,,,0,,,0,,,0,0,,,0,,0,0,,0,,,0,0,,0,0,,,0,0,,0,,,0,0,
TOTAL VENTAS,2861508.7,,,857341.375373615,,,2004167.3246263848,2.3376538006847074,,3066026.13,,,642920.2028445064,,,2423105.9271554938,3.7689061821899763,,3302166.3100000005,,,872289.1195668443,,,2429877.1904331557,2.7856328090390132,,9229701.14,,,3493866.2800000003,,,962374.2969678062,,,2531491.983032194,2.630465081006708,,3159160.8899999997,,,979278.3949293542,,,2179882.4950706456,2.2260089739117586,,2311053.4699999997,,,1108009.541912353,,,1203043.928087647,1.0857703680162092,,8964080.64,,,3918561.77,,,836947.980343648,,,3081613.7896563523,3.681965739843296,,3142319.73,,,1015156.8978963209,,,2127162.832103679,2.0954030224409,,3603679.2,,,816175.9553466341,,,2787503.2446533656,3.41532144679452,,10664560.700000001,,,5073964.65,,,645222.6266030105,,,4428742.023396989,6.863897577048062,,0,,,0,,,0,,,0,,,0,,,0,,,5073964.65,,,33932307.129999995,1,,8735716.391784092,,,25196590.7382159,2.8843187677101327,,9227829.81,1,,4318519.8100000005,1,,,5073964.65,1,,0,1,,5073964.65,1,0
,,,,,,,,,,,,,,,,,,,,,,,,,,,,,,,,,,,,,,,,,,,,,,,,,,,,,,,,,,,,,,,,,,,,,,,,,,,,,,,,,,,,,,,,,,,,,,,,,,,,,,,,,,,,,,,,,,,,,,,,,,,,,,,,,,,,,,,,,,,,,,,,,
(+)TRANSFERENCIAS ENVIADAS,10256916.659999996,0.7818710232765314,,1083583.213900429,0.5582819754505337,,9173333.446099568,8.46573971285468,,8695003.470000006,0.7393063163449569,,812578.9326056662,0.5582819754505336,,7882424.53739434,9.700503201723514,,9430422.919999966,0.7406524116697661,,1102475.4838394627,0.5582819754505337,,8327947.436160504,7.553861793967275,,28382343.049999967,0.754607830051047,,8484154.820000006,0.7083102249669607,,1216333.0309692577,0.5582819754505337,,7267821.789030748,5.975190678854827,,9061697.93999998,0.7414943635348413,,1237697.9123612,0.5582819754505337,,7824000.027638781,6.321413286310437,,9732687.690000003,0.808111662373189,,1400399.624868821,0.5582819754505336,,8332288.065131182,5.9499359448283835,,27278540.449999988,0.7526646702030787,,11987933.959999975,0.7536502170865006,,1057808.2528829663,0.5582819754505337,,10930125.707117008,10.332804340794167,,8604576.600000003,0.73249787503658,,1283044.310740655,0.5582819754505337,,7321532.289259348,5.706375242046701,,10117706.500000007,0.7373676916610545,,1031554.7461095698,0.5582819754505336,,9086151.753890438,8.808210895406344,,30710217.059999984,0.7422448825740834,,9317700.790000007,0.6474372843675555,,815488.937660436,0.5582819754505336,,8502211.852339571,10.425907035270948,,,,,0,,,0,,,,,,0,,,0,,,9317700.790000007,0.6474372843675555,,95688801.34999995,0.7382192798078437,,11040964.445938462,0.5582819754505336,,84647836.90406148,7.666706773537352,,65447748.63999998,0.8764277424890842,,48584103.17999998,0.9183685124494428,,,9317700.790000007,,,11130393.480000006,,,11243.7,,
(+)P.T. PENDIENTE TRANSFERIR,0,,,0,,,0,,,0,,,0,,,0,,,0,,,0,,,0,,,0,,,0,,,0,,,0,,,0,,,0,,,0,,,0,,,0,,,0,,,0,,,0,,,0,,,0,,,0,,,0,,,0,,,0,,,0,,,0,,,0,,,0,,,0,,,0,,,0,,,0,,,0,,,0,,,0,,,0,,,0,,,0,,,0,,,0,,,0,,,0,,,,0,,,0,,,0,,
,,,,,,,,,,,,,,,,,,,,,,,,,,,,,,,,,,,,,,,,,,,,,,,,,,,,,,,,,,,,,,,,,,,,,,,,,,,,,,,,,,,,,,,,,,,,,,,,,,,,,,,,,,,,,,,,,,,,,,,,,,,,,,,,,,,,,,,,,,,,,,,,,
TOTAL VENTAS C/TRANSFERENC,13118425.359999996,,,1940924.589274044,,,11177500.770725952,5.758853709461545,,11761029.600000005,,,1455499.1354501727,,,10305530.464549834,7.080409883831655,,12732589.229999967,,,1974764.603406307,,,10757824.62659366,5.447649106145256,,37612044.18999997,,,11978021.100000005,,,2178707.3279370638,,,9799313.772062942,4.497765095113324,,12220858.82999998,,,2216976.307290554,,,10003882.522709426,4.512399383706327,,12043741.160000004,,,2508409.166781174,,,9535331.993218828,3.801346335157395,,36242621.08999999,,,15906495.729999974,,,1894756.2332266143,,,14011739.49677336,7.395009052384812,,11746896.330000004,,,2298201.208636976,,,9448695.121363027,4.111343726499426,,13721385.700000007,,,1847730.701456204,,,11873654.998543803,6.426074421551867,,41374777.75999998,,,14391665.440000007,,,1460711.5642634465,,,12930953.87573656,8.852503253958218,,0,,,0,,,0,,,0,,,0,,,0,,,14391665.440000007,,,129621108.47999994,1,,19776680.837722555,,,109844427.64227739,5.554239790974291,,74675578.44999997,1,,52902622.98999998,1,,,14391665.440000007,1,,11130393.480000006,1,,5085208.350000001,1,-1823936.3899999997
,0.021632195620582183,,,,,,,,,0.021927752977875963,,,,,,,,,0.021980989375590794,,,,,,,,,0.1869463321454706,,,0.021420386270374143,,,,,,,,,0.021694054893450044,,,,,,,,,0.023720868112410264,,,,,,,,,0.1869463321454706,,,0.026658835231451242,,,,,,,,,0.02321389359998379,,,,,,,,,0.025960789361229107,,,,,,,,,0.1869463321454706,,,0.0227884543154934,,,,,,,,,,,,,,,,,,,,,,,,,,,0.1869463321454706,,,,,,,,,,,,,,,,,,,,,,,,,,,
INVENTARIO INICIAL,43740062.82000001,,,,,,,,,37533106.45,,,,,,,,,40337630.800000004,,,,,,,,,43740062.82000001,,,42863337.470000006,,,,,,,,,39139196.260000005,,,,,,,,,37519314.83,,,,,,,,,42863337.470000006,,,35353070.86,,,,,,,,,30849779.86,,,,,,,,,29392967.729999997,,,,,,,,,35353070.86,,,31519764.409999996,,,,,,,,,0,,,,,,,,,0,,,,,,,,,31519764.409999996,,,,,,,,,,,,,,,,,,,,,,,,,,,
(+) COMPRAS,4923821.36,,,,,,,,,10500101.46,,,,,,,,,11853417.79,,,,,,,,,27277340.61,,,5710021.43,,,,,,,,,6864621.42,,,,,,,,,7826734.5200000005,,,,,,,,,20401377.37,,,7013211.33,,,,,,,,,7934929.5200000005,,,,,,,,,12524177.49,,,,,,,,,27472318.340000004,,,12435492.129999999,,,,,,,,,0,,,,,,,,,0,,,,,,,,,12435492.129999999,,,,,,,,,,,,,,,,,,,,,,,,,,,
(+)TRANSFERENCIAS RECIBIDAS,1212053.1400000001,,,,,,,,,1726340.1,,,,,,,,,600348.0499999999,,,,,,,,,3538741.29,,,1085307.23,,,,,,,,,1696853.63,,,,,,,,,783117.9699999999,,,,,,,,,3565278.8299999996,,,1788652.8499999999,,,,,,,,,958745.0300000001,,,,,,,,,1155312.85,,,,,,,,,3902710.7300000004,,,1491869.1600000001,,,,,,,,,0,,,,,,,,,0,,,,,,,,,1491869.1600000001,,,,,,,,,,,,,,,,,,,,,,,,,,,
(--) INVENTARIO FINAL,37533106.45,,,,,,,,,40337630.800000004,,,,,,,,,42863337.470000006,,,,,,,,,42863337.470000006,,,39139196.260000005,,,,,,,,,37519314.83,,,,,,,,,35358241.64,,,,,,,,,35358241.64,,,30849779.86,,,,,,,,,29392967.729999997,,,,,,,,,31519764.409999996,,,,,,,,,31519764.409999996,,,33488975.1,,,,,,,,,0,,,,,,,,,0,,,,,,,,,0,,,,,,,,,,,,,,,,,,,,,,,,,,,
MATERIALES,12342830.870000005,0.9408774705259297,,1649785.9008829372,0.85,,10693044.969117068,0.09087747052592976,,9421917.209999999,0.8011132979377924,,1237174.2651326468,0.85,,8184742.944867352,-0.048886702062207577,,9928059.169999998,0.7797360765089273,,1678549.912895361,0.85,,8249509.257104637,-0.07026392349107269,,31692807.25,0.8426238970129218,,10519469.870000001,0.8782310351749169,,1851901.228746504,0.85,,8667568.641253497,0.028231035174916874,,10181356.480000008,0.8331130096198014,,1884429.8611969708,0.85,,8296926.618803037,-0.016886990380198585,,10770925.680000002,0.8943172671107121,,2132147.7917639976,0.8499999999999999,,8638777.888236005,0.044317267110712266,,31471752.030000012,0.8683630235199422,,13305155.179999998,0.836460487956892,,1610542.798242622,0.85,,11694612.381757375,-0.013539512043107993,,10350486.680000005,0.8811252256961054,,1953471.0273414294,0.85,,8397015.652658576,0.03112522569610543,,11552693.660000002,0.8419480300739594,,1570571.0962377733,0.85,,9982122.563762229,-0.008051969926040625,,35208335.52,0.8509613205472845,,11958150.59999999,0.8309080453443326,,1241604.8296239295,0.85,,10716545.77037606,-0.019091954655667376,,0,,,0,,,0,,,0,,,0,,,0,,,11958150.59999999,0.8309080453443326,,110331045.4,0.8511811594098786,,16810178.71206417,0.8499999999999999,,93520866.68793583,0.0011811594098787292,,63725555.45000001,0.853365407710478,,45583763.06000001,0.8616541200351553,,,11958150.59999999,0.8309080453443326,,9549972.729999993,0.8580085463429625,,4232114.260000002,0.8322400910082673,-1823936.3900000043
(+) VARIACION EN COMPRAS,190446.39,0.014517473307482391,,0,0,,190446.39,,,261029.62999999998,0.02219445396175177,,0,0,,261029.62999999998,,,693856.93,0.05449456645983402,,0,0,,693856.93,,,1145332.9500000002,0.030451228447309797,,-41328.15,-0.0034503320419096593,,0,0,,-41328.15,,,173247.24000000002,0.014176355558146997,,0,0,,173247.24000000002,,,-51219.26,-0.004252769909246371,,0,0,,-51219.26,,,80699.83000000002,0.0022266554562817365,,-517267.05,-0.03251923357477309,,0,0,,-517267.05,,,-720993.03,-0.061377321272401135,,0,0,,-720993.03,,,-708192.0700000001,-0.051612285047857795,,0,0,,-708192.0700000001,,,-1946452.1500000001,-0.047044413417533265,,-2222375.1,-0.15442098131486295,,0,0,,-2222375.1,,,0,,,0,,,0,,,0,,,0,,,0,,,-2222375.1,-0.15442098131486295,,-2942794.4699999997,-0.022703049715502643,,0,0,,-2942794.4699999997,,,-895949.36,-0.011997889786684342,,-1670163.9000000001,-0.031570531017256105,,,-2222375.1,-0.15442098131486295,,-767157,-0.0689245174825571,,-1455218.1,-0.28616685882693477,
(+) VARIACION STD,0,0,,0,0,,0,,,0,0,,0,0,,0,,,0,0,,0,0,,0,,,0,0,,0,0,,0,0,,0,,,0,0,,0,0,,0,,,5170.78,0,,0,0,,5170.78,,,5170.78,0,,0,0,,0,0,,0,,,0,0,,0,0,,0,,,0,0,,0,0,,0,,,0,0,,0,0,,0,0,,0,,,0,,,0,,,0,,,0,,,0,,,0,,,0,0,,5170.78,0,,0,0,,5170.78,,,-3290377.42,-0.044062295710278504,,84758.17,0.0016021543963145566,,,0,0,,0,0,,0,0,
FLETES MERCANCIAS,32000,0.0024393171529239095,,4286.706876868075,0.0022085901227473317,,27713.293123131923,,,0,0,,3214.601014222532,0.0022085901227473317,,-3214.601014222532,,,3744.4,0,,4361.445597834221,0.0022085901227473317,,-617.0455978342211,-0.0022085901227473317,,35744.4,0,,0,0,,4811.871484839031,0.0022085901227473317,,-4811.871484839031,,,0,0,,4896.391974646771,0.0022085901227473317,,-4896.391974646771,,,374.04,0,,5540.047709561764,0.0022085901227473313,,-5166.007709561764,-0.0022085901227473313,,374.04,0,,0,0,,4184.73990171824,0.0022085901227473317,,-4184.73990171824,,,0,0,,5075.784489481604,0.0022085901227473317,,-5075.784489481604,,,0,0,,4080.8797767331707,0.0022085901227473317,,-4080.8797767331707,,,0,0,,50000,0.003474233069720385,,3226.1131330150524,0.0022085901227473317,,46773.88686698495,0.0012656429469730533,,0,,,0,,,0,,,0,,,0,,,0,,,50000,0.003474233069720385,,86118.44,0,,43678.58195892046,0.0022085901227473317,,42439.85804107954,-0.0022085901227473317,,24298.77,0,,5267.7,0,,,50000,0.003474233069720385,,0,0,,50000,0.009832438822295255,
FLETES INTERPLANTAS,42500,0.0032397180937270673,,7716.072378362534,0.003975462220945197,,34783.927621637464,,,138074.09,0.011739966201598534,,5786.281825600557,0.003975462220945196,,132287.80817439943,0.007764503980653338,,181100,0.014223344264754897,,7850.602076101598,0.003975462220945197,,173249.3979238984,0.0102478820438097,,361674.08999999997,0.009615911546125414,,0,0,,8661.368672710256,0.003975462220945197,,-8661.368672710256,,,220200,0.018018373590851827,,8813.505554364187,0.003975462220945197,,211386.49444563582,0.01404291136990663,,275150,0.022845891184861692,,9972.085877211175,0.003975462220945196,,265177.9141227888,0.018870428963916497,,495350,0.013667609712054635,,294200,0.01849558853149112,,7532.5318230928315,0.003975462220945197,,286667.46817690716,0.014520126310545922,,181450,0.015446633298073888,,9136.412081066888,0.003975462220945197,,172313.5879189331,0.011471171077128691,,220200,0.016047941863481026,,7345.583598119707,0.003975462220945197,,212854.4164018803,0.012072479642535829,,695850,0.01681821722490867,,270750,0.018812972072535884,,5807.003639427094,0.003975462220945197,,264942.9963605729,0.014837509851590687,,0,,,0,,,0,,,0,,,0,,,0,,,270750,0.018812972072535884,,1823624.0899999999,0.014068882077808941,,78621.44752605681,0.003975462220945196,,1745002.642473943,0.010093419856863746,,757700,0.010146556822553816,,528700,0.00999383338894063,,,270750,0.018812972072535884,,0,0,,270750,0.0532426562227288,
GASTOS DE IMPORTACION MERCANCIAS,16505.079999999998,0.0012581601485744172,,3429.3655014944597,0.0017668720981978653,,13075.714498505538,,,0,0,,2571.6808113780253,0.001766872098197865,,-2571.6808113780253,,,35049.94,0.0027527739540530276,,3489.156478267377,0.0017668720981978653,,31560.783521732625,0.0009859018558551623,,51555.020000000004,0.0013707050789254125,,0,0,,3849.497187871225,0.0017668720981978655,,-3849.497187871225,,,0,0,,3917.113579717417,0.0017668720981978655,,-3917.113579717417,,,24033.539999999994,0.0019955211325713997,,4432.038167649412,0.0017668720981978653,,19601.501832350583,,,24033.539999999994,0,,8847.33,0,,3347.791921374592,0.0017668720981978655,,5499.538078625408,-0.0017668720981978655,,8755.45,0,,4060.627591585284,0.0017668720981978655,,4694.822408414717,-0.0017668720981978655,,-3204.9999999999995,0,,3264.7038213865367,0.0017668720981978653,,-6469.703821386536,-0.0017668720981978653,,14397.78,0,,0,0,,2580.8905064120418,0.0017668720981978653,,-2580.8905064120418,,,0,,,0,,,0,,,0,,,0,,,0,,220200,0,0,,89986.34,0,,34942.86556713637,0.0017668720981978653,,55043.47443286363,-0.0017668720981978653,,832609.34,0.011149687183976548,,717517.34,0.013562982314423806,,,0,0,,0,0,,0,0,
(+) GTOS S/COMPRA,91005.08,0.006937195395225394,,15432.144756725069,0.007950924441890394,,75572.93524327493,-0.0010137290466649997,,138074.09,0.011739966201598534,,11572.563651201115,0.007950924441890394,,126501.52634879887,0.00378904175970814,,219894.34,0.01727019823131454,,15701.204152203198,0.007950924441890394,,204193.1358477968,0.009319273789424147,,448973.51,0.011936961142871624,,0,0,,17322.73734542051,0.007950924441890394,,-17322.73734542051,,,220200,0.018018373590851827,,17627.011108728373,0.007950924441890394,,202572.98889127164,0.010067449148961433,,299557.57999999996,0.02487246911241323,,19944.17175442235,0.007950924441890392,,279613.40824557765,0.016921544670522835,,519757.57999999996,0.014341059348585875,,303047.33,0.019051797149038086,,15065.063646185663,0.007950924441890394,,287982.26635381434,0.011100872707147692,,190205.45,0.01619197485502964,,18272.824162133777,0.007950924441890394,,171932.62583786622,0.008241050413139245,,216995,0.015814364871326363,,14691.167196239414,0.007950924441890394,,202303.8328037606,0.007863440429435969,,710247.78,0.017166201692245666,,320750,0.02228720514225627,,11614.007278854187,0.007950924441890394,,309135.99272114586,0.014336280700365876,,0,,,0,,,0,,,0,,,0,,,0,,,320750,0.02228720514225627,,1999728.8699999999,0.015427493974166644,,157242.89505211363,0.007950924441890392,,1842485.974947886,0.0074765695322762515,,1614608.1099999999,0.0216216351250775,,1251485.04,0.023656389216023643,,,320750,0.02228720514225627,,0,0,,320750,0.06307509504502405,
TOTAL MATERIALES,12624282.340000005,0.9623321392286376,,1665218.0456396623,0.8579509244418904,,10959064.294360343,0.10438121478674722,,9821020.93,0.8350477181011428,,1248746.8287838479,0.8579509244418904,,8572274.101216152,-0.022903206340747606,,10841810.439999998,0.8515008412000759,,1694251.1170475641,0.8579509244418904,,9147559.322952434,-0.006450083241814508,,33287113.71,0.8850120866031034,,10478141.72,0.8747807031330072,,1869223.9660919246,0.8579509244418904,,8608917.753908077,0.016829778691116792,,10574803.720000008,0.8653077387688003,,1902056.8723056992,0.8579509244418904,,8672746.84769431,0.007356814326909933,,11024434.780000001,0.9153662996855703,,2152091.96351842,0.8579509244418901,,8872342.816481583,0.05741537524368012,,32077380.22000001,0.8850734095733146,,13090935.459999997,0.822993051531157,,1625607.8618888077,0.8579509244418904,,11465327.598111188,-0.03495787291073338,,9819699.100000005,0.8359398792787339,,1971743.851503563,0.8579509244418904,,7847955.248496442,-0.02201104516315644,,11061496.590000002,0.806150109897428,,1585262.2634340127,0.8579509244418903,,9476234.326565988,-0.05180081454446228,,33972131.150000006,0.821083108821997,,10056525.49999999,0.6987742691717259,,1253218.8369027837,0.8579509244418904,,8803306.663097207,-0.15917665527016445,,0,,,0,,,0,,,0,,,0,,,0,,,10056525.49999999,0.6987742691717259,,109393150.58000001,0.8439454951650793,,16967421.607116282,0.8579509244418903,,92425728.97288372,-0.014005429276810921,,61153836.78000001,0.8189268573385926,,45249842.37000001,0.8553421326302375,,,10056525.49999999,0.6987742691717259,,8782815.729999993,0.7890840288604054,,3097646.1600000015,0.6091483272263567,
,,,,,,,,,,,,,,,,,,,,,,,,,,,,,,,,,,,,,,,,,,,,,,,,,,,,,,,,,,,,,,,,,,,,,,,,,,,,,,,,,,,,,,,,,,,,,,,,,,,,,,,,,,,,,,,,,,,,,,,,,,,,,,,,,,,,,,,,,,,,,,,,,
MANO DE OBRA,391053.1,0.02980945420418965,,258034.61764499996,0.1329441746840415,,133018.48235500001,-0.10313472047985184,,360864.65,0.030683083222577713,,245132.88676274996,0.16841843515553348,,115731.76323725007,-0.13773535193295577,,389120.51,0.030560988261772504,,245132.88676274996,0.12413271249642405,,143987.62323725005,-0.09357172423465154,,1141038.26,0.030337044544453965,,367052.39,0.03064382563159785,,262292.1888361425,0.12038890468344692,,104760.20116385753,-0.08974507905184906,,476226.99,0.0389683733872246,,327865.2360451781,0.14788847087223675,,148361.7539548219,-0.10892009748501215,,370100,0.030729654106913726,,267538.0326128653,0.10665645627350896,,102561.96738713467,-0.07592680216659524,,1213379.38,0.03347934954778405,,397961.21,0.025018785831591877,,275564.1735912513,0.14543515876023172,,122397.03640874871,-0.12041637292863984,,532571.21,0.04533718482216313,,344455.2169890641,0.14988035673053826,,188115.99301093584,-0.10454317190837513,,446197.5,0.03251839936253667,,275564.1735912513,0.14913654537107496,,170633.3264087487,-0.11661814600853829,,1376729.92,0.03327461788401399,,766038,0.05322789104524929,,354788.87349873607,0.24288770088407963,,411249.12650126393,-0.18965980983883035,,0,,,0,,,0,,,0,,,0,,,0,,,766038,0.05322789104524929,,4497185.56,0.03469485497181887,,2856368.2863349887,0.14443112622248913,,1640817.273665011,-0.10973627125067026,,1467811.07,0.019655837965591286,,722886.48,0.013664473312346818,,,766038,0.05322789104524929,,766038,0.06882398195324174,,0,0,0
,,,,,,,,,,,,,,,,,,,,,,,,,,,,,,,,,,,,,,,,,,,,,,,,,,,,,,,,,,,,,,,,,,,,,,,,,,,,,,,,,,,,,,,,,,,,,,,,,,,,,,,,,,,,,,,,,,,,,,,,,,,,,,,,,,,,,,,,,,,,,,,,,
GASTOS DE FAB RICACION:,,,,,,,,,,,,,,,,,,,,,,,,,,,,,,,,,,,,,,,,,,,,,,,,,,,,,,,,,,,,,,,,,,,,,,,,,,,,,,,,,,,,,,,,,,,,,,,,,,,,,,,,,,,,,,,,,,,,,,,,,,,,,,,,,,,,,,,,,,,,,,,,,
MANO DE OBRA INDIRECTA,400004.65,0.030491818874822652,,377790.8039135999,0.19464476157463875,,22213.846086400095,-0.1641529426998161,,375876.81,0.031959515687300016,,352605.0021798959,0.24225710176793636,,23271.80782010412,-0.21029758608063634,,361821.59,0.02841696872993373,,352605.0021798959,0.17855546001365488,,9216.587820104149,-0.15013849128372114,,1137703.05,0.030248370555261785,,346197.25,0.028902708311308607,,370235.2522888907,0.16993344977613517,,-24038.00228889071,-0.14103074146482655,,412720.51,0.033771808981775196,,401087.8814502547,0.18091662961452148,,11632.628549745306,-0.14714482063274628,,352048.23,0.029230803395977323,,370235.2522888907,0.14759763167505158,,-18187.02228889073,-0.11836682827907426,,1110965.99,0.030653577378997463,,322668.7,0.020285341628793845,,385044.66238044633,0.20321593650321282,,-62375.96238044632,-0.18293059487441898,,338523.4,0.028818114205660987,,417131.3967082649,0.18150342761139632,,-78607.99670826487,-0.15268531340573532,,360025.23,0.0262382559510735,,385044.66238044633,0.2083878684685983,,-25019.43238044635,-0.18214961251752482,,1021217.3300000001,0.024682122425495792,,413516.79,0.028733074134052395,,417131.3967082649,0.28556725839204294,,-3614.6067082649097,-0.25683418425799054,,0,,,0,,,0,,,0,,,0,,,0,,,413516.79,0.028733074134052395,,3683403.16,0.028416692336559794,,3828911.31247885,0.1936073774915498,,-145508.15247884998,-0.16519068515499,,5683468.96,0.07610880394860875,,4955715.03,0.09367616858878176,,,413516.79,0.028733074134052395,,413516.79,0.03715203696464465,,0,0,
MANTENIMIENTO INSTALACIONES,0,0,,0,0,,0,,,6699.99,0,,0,0,,6699.99,,,4266.66,0,,0,0,,4266.66,,,10966.65,0,,11136.7,0,,0,0,,11136.7,,,0,0,,0,0,,0,,,0,0,,0,0,,0,,,11136.7,0,,25183.41,0.001583215462881845,,0,0,,25183.41,,,31005.56,0.002639468258591501,,0,0,,31005.56,,,8615.43,0,,0,0,,8615.43,,,64804.40000000001,0.0015662778994465355,,14655,0.0010182977127350449,,0,0,,14655,,,0,,,0,,,0,,,0,,,0,,,0,,,14655,0.0010182977127350449,,101562.75,0,,0,0,,101562.75,,,0,0,,0,0,,,14655,0.0010182977127350449,,1701.86,0.00015290205176106666,,12953.14,0.002547219132132511,
MANTENIMIENTO ACTIVO FIJO,14816.35,0.00112943052183513,,3029,0.001560596437769344,,11787.35,,,53734.22,0.004568836388269951,,23283.149999999998,0.015996677313586127,,30451.070000000003,-0.011427840925316176,,23562.25,0.0018505466228725626,,82783.09,0.0419204850325988,,-59220.84,-0.04006993840972624,,92112.82,0.0024490245607147916,,49203.78,0.004107838814877357,,30435.299999999996,0.013969430225774309,,18768.480000000003,-0.009861591410896951,,90619.87000000001,0.0074151801653697825,,3894.89,0.0017568478234032568,,86724.98000000001,0.005658332341966526,,16594.62,0.001377862557783498,,4896.2,0.001951914410471906,,11698.419999999998,,,156418.27000000002,0.004315865279488815,,24972.02,0.0015699259235899623,,11059.69,0.005836998874080101,,13912.33,-0.004267072950490139,,45876.43000000001,0.0039054086042146926,,6008.17,0.0026142924202721763,,39868.26000000001,0.0012911161839425163,,40964.33,0.002985436813426211,,2501.96,0.0013540717800641594,,38462.37,0.0016313650333620517,,111812.78000000001,0.002702438201567758,,70156.94,0.0048748312203677775,,1069.44,0,,69087.5,0.0048748312203677775,,0,,,0,,,0,,,0,,,0,,,0,,,70156.94,0.0048748312203677775,,430500.81000000006,0.0033212245678829752,,168960.89,0.008543440195369874,,261539.92000000004,-0.005222215627486899,,193895.68000000002,0.002596507238706232,,152954.37000000002,0.00289124359729597,,,70156.94,0.0048748312203677775,,48089.18,0.004320528298160396,,22067.760000000002,0.004339598002901887,
DEPRECIACIONES Y AMORT.,1290388.1600000001,0.09836456164431008,,1290388.1600000001,0.6648316823492039,,0,-0.5664671207048938,,1290388.1600000001,0.1097172784940529,,1290388.1600000001,0.8865605815704554,,0,-0.7768433030764025,,1290388.1600000001,0.10134530665291898,,1290388.1600000001,0.6534389758527099,,0,-0.552093669199791,,3871164.4800000004,0.10292353322899793,,1290388.1600000001,0.1077296616216513,,1290388.1600000001,0.5922723733718839,,0,-0.48454271175023256,,1290872.4100000001,0.10562861644642714,,1290388.1600000001,0.5820486920661004,,484.25,-0.4764200756196733,,1291049.85,0.10719674500211525,,1290388.1600000001,0.5144249100539863,,661.6899999999441,-0.40722816505187104,,3872310.4200000004,0.10684410518720575,,1291049.85,0.08116494493284614,,1290388.1600000001,0.681031225743786,,661.6899999999441,-0.59986628081094,,1302368.94,0.11086919501229646,,1290388.1600000001,0.5614774525183143,,11980.779999999795,-0.4506082575060178,,1302368.94,0.09491526355096915,,1290388.1600000001,0.698363759926184,,11980.779999999795,-0.6034484963752149,,3895787.73,0.09415851736045679,,2011984.74,0.13980207838961542,,1290388.1600000001,0.8833969632126992,,721596.5799999998,-0.7435948848230838,,0,,,0,,,0,,,0,,,0,,,0,,,2011984.74,0.13980207838961542,,13651247.37,0.10531654550775837,,12903881.600000001,0.6524796403341253,,747365.7699999977,-0.5471630948263669,,4144427.87,0.05549910634806742,,1568270.4000000001,0.02964447339967331,,,2011984.74,0.13980207838961542,,1508921.82,0.13556769782769615,,503062.92,0.09892670769330424,
FLETES REFACCIONES,0,0,,0,0,,0,,,0,0,,0,0,,0,,,0,0,,0,0,,0,,,0,0,,85050,0.007100505107642527,,0,0,,85050,,,49552.41,0.004054740398306367,,0,0,,49552.41,,,37473.740000000005,0.003111470057531525,,0,0,,37473.740000000005,,,172076.15000000002,0.004747894738978441,,0,0,,0,0,,0,,,0,0,,1293.41,0,,-1293.41,,,1978.18,0,,0,0,,1978.18,,,1978.18,0,,38634.119999999995,0.0026844787464709143,,0,0,,38634.119999999995,,,0,,,0,,,0,,,0,,,0,,,0,,,38634.119999999995,0.0026844787464709143,,212688.45,0.0016408473318434633,,1293.41,0,,211395.04,0.0016408473318434633,,29344.359999999997,0,,1293.41,0,,,38634.119999999995,0.0026844787464709143,,38634.119999999995,0.0034710470990464907,,0,0,
GASTOS DE IMPORTACION REFACCIONES,0,0,,0,0,,0,,,0,0,,0,0,,0,,,0,0,,0,0,,0,,,0,0,,0,0,,0,0,,0,,,27719.11,0.0022681801979378604,,0,0,,27719.11,,,14974.72,0.0012433611617073306,,0,0,,14974.72,,,42693.83,0.0011780006168422522,,35708.2,0.0022448816261053405,,0,0,,35708.2,,,0,0,,2265,0,,-2265,,,7756.55,0,,0,0,,7756.55,,,43464.75,0.0010505131955541413,,15994.89,0.0011113995156907977,,0,0,,15994.89,,,0,,,0,,,0,,,0,,,0,,,0,,,15994.89,0.0011113995156907977,,102153.47,0,,2265,0,,99888.47,,,110180.29999999999,0.0014754529162940824,,90439.85999999999,0.0017095534188748176,,,15994.89,0.0011113995156907977,,15994.89,0.0014370462310017086,,0,0,
HONORARIOS,0,0,,0,0,,0,,,0,0,,0,0,,0,,,0,0,,0,0,,0,,,0,0,,0,0,,0,0,,0,,,1800,0,,0,0,,1800,,,12050,0.0010005196757317222,,0,0,,12050,,,13850,0,,1800,0,,0,0,,1800,,,26551.73,0.0022603187475308205,,0,0,,26551.73,,,4350,0,,0,0,,4350,,,32701.73,0,,3650,0,,0,0,,3650,,,0,,,0,,,0,,,0,,,0,,,0,,,3650,0,,50201.729999999996,0,,0,0,,50201.729999999996,,,0,0,,0,0,,,3650,0.0002536190140895881,,3650,0.0003279309043798511,,0,0,
MATERIALES INDIRECTOS,559.74,0,,0,0,,559.74,,,0,0,,0,0,,0,,,920.58,0,,0,0,,920.58,,,1480.3200000000002,0,,9980.45,0,,0,0,,9980.45,,,6285.6,0,,0,0,,6285.6,,,16555.07,0.0013745786944494574,,0,0,,16555.07,,,32821.119999999995,0,,2.11,0,,0,0,,2.11,,,0,0,,0,0,,0,,,459.88,0,,40299.56328233988,0.021810301279607265,,-39839.68328233988,-0.021810301279607265,,461.99,0,,5302.93,0,,0,0,,5302.93,,,0,,,0,,,0,,,0,,,0,,,0,,,5302.93,0,,40066.36,0,,40299.56328233988,0.002037731387436432,,-233.20328233987675,-0.002037731387436432,,100226.56999999999,0.001342159941447364,,22556.61,0,,,5302.93,0.00036847229544824644,,904.93,8.13026063836873e-05,,4398,0.0008648613188090905,
COMBUSTIBLE,0,0,,0,0,,0,,,0,0,,0,0,,0,,,0,0,,0,0,,0,,,0,0,,0,0,,0,0,,0,,,0,0,,0,0,,0,,,0,0,,0,0,,0,,,0,0,,0,0,,0,0,,0,,,0,0,,0,0,,0,,,0,0,,0,0,,0,,,0,0,,0,0,,0,0,,0,,,0,,,0,,,0,,,0,,,0,,,0,,,0,0,,0,0,,0,0,,0,,,0,0,,0,0,,,0,0,,0,0,,0,0,
HERRAMIENTAS Y EQ MENORES,179386.84,0.013674418619400526,,27972.962820150136,0.014412184262456456,,151413.87717984986,,,35227.64,0.002995285378756294,,38633.29123440648,0.02654298466653335,,-3405.651234406483,-0.023547699287777057,,5225.34,0,,0,0,,5225.34,,,219839.82,0.00584493145040092,,18488.46,0.0015435320947965261,,12591.005621232218,0.005779117488512864,,5897.454378767781,-0.004235585393716338,,253152.81,0.020714813379445644,,446.9160640989725,0,,252705.89393590103,0.020714813379445644,,24743.79,0.0020544936719646334,,0,0,,24743.79,,,296385.06,0.0081778042284524,,31421.42,0.0019753829211256483,,0,0,,31421.42,,,37381.38,0.0031822346047724066,,48730.10731940254,0.02120358615088517,,-11348.72731940254,-0.018021351546112764,,178032.35,0.012974808367933272,,41569.739310034856,0.022497726144439543,,136462.61068996513,-0.009522917776506271,,246835.15000000002,0.0059658362742587,,368963.33,0.02563729205200311,,81557.26073670197,0.055833925555197915,,287406.06926329806,-0.030196633503194806,,0,,,0,,,0,,,0,,,0,,,0,,,368963.33,0.02563729205200311,,1132023.3599999999,0.008733325715808602,,251501.28310602717,0.012717062340729446,,880522.0768939727,-0.003983736624920844,,285693.46,0.003825795071561312,,251065.46000000002,0.004745803625794852,,,368963.33,0.02563729205200311,,274.49,2.466130245019872e-05,,368688.84,0.07250220927526008,
EQ PROTECCION Y SEGURIDAD,0,0,,0,0,,0,,,0,0,,0,0,,0,,,0,0,,0,0,,0,,,0,0,,0,0,,0,0,,0,,,0,0,,0,0,,0,,,0,0,,0,0,,0,,,0,0,,0,0,,0,0,,0,,,0,0,,0,0,,0,,,0,0,,0,0,,0,,,0,0,,0,0,,0,0,,0,,,0,,,0,,,0,,,0,,,0,,,0,,,0,0,,0,0,,0,0,,0,,,0,0,,0,0,,,0,0,,0,0,,0,0,
MAQUILA,0,0,,0,0,,0,,,0,0,,0,0,,0,,,0,0,,0,0,,0,,,0,0,,30080.39,0.002511298798764012,,0,0,,30080.39,,,0,0,,0,0,,0,,,0,0,,0,0,,0,,,30080.39,0,,0,0,,0,0,,0,,,0,0,,0,0,,0,,,0,0,,0,0,,0,,,0,0,,0,0,,0,0,,0,,,0,,,0,,,0,,,0,,,0,,,0,,,0,0,,30080.39,0,,0,0,,30080.39,,,0,0,,0,0,,,0,0,,0,0,,0,0,
DIVERSOS,0,0,,0,0,,0,,,0,0,,0,0,,0,,,0,0,,0,0,,0,,,0,0,,0,0,,0,0,,0,,,0,0,,0,0,,0,,,0,0,,0,0,,0,,,0,0,,0,0,,0,0,,0,,,0,0,,0,0,,0,,,0,0,,0,0,,0,,,0,0,,0,0,,0,0,,0,,,0,,,0,,,0,,,0,,,0,,,0,,,0,0,,0,0,,0,0,,0,,,0,0,,0,0,,,0,0,,0,0,,0,0,
RECOLECCION DE BASURA ,0,0,,7515,0.003871866038242529,,-7515,,,0,0,,7515,0.005163177233819296,,-7515,,,18476.07,0.0014510850594683048,,7515,0.0038055168636490855,,10961.07,-0.0023544318041807807,,18476.07,0,,0,0,,7515,0.003449293029695582,,-7515,,,0,0,,7515,0.003389752057920885,,-7515,,,0,0,,7515,0.002995922714492131,,-7515,,,0,0,,0,0,,7515,0.0039662094090080246,,-7515,,,0,0,,7515,0.003269948676276704,,-7515,,,0,0,,7515,0.00406715112439134,,-7515,,,0,0,,0,0,,7515,0.005144752861451731,,-7515,,,0,,,0,,,0,,,0,,,0,,,0,,,0,0,,18476.07,0,,75150,0.0037999298576259035,,-56673.93,-0.0037999298576259035,,128285.9,0.0017179096923352997,,94614.4,0.001788463305834281,,,0,0,,0,0,,0,0,
ARRENDAMIENTO DE EQUIPOS,0,0,,0,0,,0,,,0,0,,60085.84149058053,0.04128194928264009,,-60085.84149058053,,,50505.7,0.003966648031101222,,100187.21749952367,0.05073375192501878,,-49681.517499523674,-0.046767103893917555,,50505.7,0.0013428065686849349,,24794.56,0.0020700047021957567,,0,0,,24794.56,,,12196.69,0.0009980223296630634,,0,0,,12196.69,,,11931.13,0.0009906498189803338,,0,0,,11931.13,,,48922.380000000005,0.0013498576683654538,,11698.63,0,,0,0,,11698.63,,,11647.06,0.0009915010461320718,,0,0,,11647.06,,,11493.25,0,,0,0,,11493.25,,,34838.939999999995,0,,0,0,,0,0,,0,,,0,,,0,,,0,,,0,,,0,,,0,,,0,0,,134267.02000000002,0.001035842244943592,,160273.0589901042,0.008104143476108246,,-26006.038990104193,-0.007068301231164654,,88000,0.0011784307778602823,,88000,0.0016634335884750814,,,0,0,,0,0,,0,0,
GASTOS DE FABRICACION,1885155.7400000002,0.1437028978910927,,1706695.9267337502,0.8793210906623109,,178459.81326624996,-0.7356181927712182,,1761926.82,0.14981059311337838,,1772510.444904883,1.2178024718349705,,-10583.624904882898,-1.067991878721592,,1755166.3500000003,0.13784834477064214,,1833478.4696794196,0.9284541896876314,,-78312.11967941953,-0.7906058449169893,,5402248.91,0.1436308242835765,,1865319.75,0.15572854100248656,,1711164.7179101233,0.785403663892002,,154155.03208987706,-0.6296751228895154,,2144919.41,0.17551298479404853,,1703332.8475143537,0.7683135096721253,,441586.56248564634,-0.5928005248780768,,1777421.1500000001,0.14758048403624108,,1673034.6122888909,0.6669703788540019,,104386.53771110924,-0.5193898948177609,,5787660.3100000005,0.15969210106597184,,1744504.3399999999,0.10967244889204787,,1694007.5123804465,0.8940503705300871,,50496.827619553624,-0.7843779216380392,,1793354.5,0.15266624047919894,,1773331.2440276674,0.771617053094929,,20023.255972332394,-0.61895081261573,,1916044.14,0.1396392596120958,,1767319.0849728212,0.9564808787232847,,148725.05502717872,-0.8168416191111889,,5453902.980000001,0.13181709426056876,,2942858.74,0.2044835430804733,,1797661.257444967,1.2306750363487573,,1145197.4825550332,-1.026191493268284,,0,,,0,,,0,,,0,,,0,,,0,,,2942858.74,0.2044835430804733,,19586670.939999998,0.15110710878561995,,17432536.117857322,0.8814692546691683,,2154134.822142676,-0.7303621458835483,,10763523.100000001,0.14413712385511498,,7224909.540000002,0.13656996821056877,,,2942858.74,0.2044835430804733,,2031688.0799999998,0.18253515328552417,,911170.6599999999,0.17918059542240777,0
,,,,,,,,,,,,,,,,,,,,,,,,,,,,,,,,,,,,,,,,,,,,,,,,,,,,,,,,,,,,,,,,,,,,,,,,,,,,,,,,,,,,,,,,,,,,,,,,,,,,,,,,,,,,,,,,,,,,,,,,,,,,,,,,,,,,,,,,,,,,,,,,,
COSTO DE VENTAS DIRECTO,14900491.180000005,1.1358444913239198,,3629948.590018412,1.8702161897882426,,11270542.589981593,-0.7343716984643227,,11943812.4,1.0155413944370988,,3266390.1604514807,2.244171831432394,,8677422.239548521,-1.2286304369952954,,12986097.299999997,1.0199101742324903,,3772862.4734897334,1.9105378266259456,,9213234.826510265,-0.8906276523934553,,39830400.88,1.0589799554311339,,12710513.860000001,1.0611530697670917,,3842680.8728381908,1.7637434930173395,,8867832.987161813,-0.7025904232502478,,13195950.120000008,1.0797890969500734,,3933254.955865231,1.7741529049862523,,9262695.164134778,-0.6943638080361789,,13171955.930000002,1.0936764378287251,,4092664.608420176,1.631577759569401,,9079291.321579827,-0.5379013217406758,,39078419.91000001,1.0782448601870704,,15233401.009999998,0.9576842862547967,,3595179.5478605055,1.897436453732209,,11638221.462139491,-0.9397521674774123,,12145624.810000006,1.033943304580096,,4089530.3125202945,1.7794483342673575,,8056094.49747971,-0.7455050296872614,,13423738.230000002,0.9783077688720605,,3628145.521998085,1.9635683485362498,,9795592.708001917,-0.9852605796641893,,40802764.05000001,0.9861748209665798,,13765422.23999999,0.9564857032974485,,3405668.9678464867,2.331513661674727,,10359753.272153504,-1.3750279583772786,,0,,,0,,,0,,,0,,,0,,,0,,,13765422.23999999,0.9564857032974485,,133477007.08000001,1.0297474589225182,,37256326.011308596,1.8838513053335477,,96220681.0686914,-0.8541038464110295,,73385170.95000002,0.982719819159299,,53197638.39000001,1.005576574153153,,,13765422.23999999,0.9564857032974485,,11580541.809999993,1.0404431640991714,,4008816.820000001,0.7883289226487644,
,,,,,,,,,,,,,,,,,,,,,,,,,,,,,,,,,,,,,,,,,,,,,,,,,,,,,,,,,,,,,,,,,,,,,,,,,,,,,,,,,,,,,,,,,,,,,,,,,,,,,,,,,,,,,,,,,,,,,,,,,,,,,,,,,,,,,,,,,,,,,,,,,
MARGEN DE BRUTO,-1782065.8200000096,-0.13584449132391985,,-1689024.0007443682,-0.8702161897882426,,-93041.81925564073,0.7343716984643227,,-182782.79999999516,-0.015541394437098864,,-1810891.025001308,-1.2441718314323944,,1628108.2250013128,1.2286304369952956,,-253508.0700000301,-0.019910174232490398,,-1798097.8700834264,-0.9105378266259456,,1544589.800083395,0.8906276523934552,,-2218356.690000035,-0.058979955431133844,,-732492.759999996,-0.06115306976709164,,-1663973.544901127,-0.7637434930173393,,931480.7849011291,0.7025904232502477,,-975091.2900000289,-0.0797890969500734,,-1716278.6485746768,-0.7741529049862523,,741187.3585746475,0.6943638080361789,,-1128214.7699999977,-0.09367643782872509,,-1584255.441639002,-0.6315777595694011,,456040.671639001,0.5379013217406761,,-2835798.8200000226,-0.07824486018707053,,673094.7199999765,0.04231571374520323,,-1700423.3146338912,-0.897436453732209,,2373518.0346338693,0.9397521674774123,,-398728.4800000023,-0.03394330458009603,,-1791329.1038833186,-0.7794483342673575,,1392600.6238833172,0.7455050296872615,,297647.4700000044,0.021692231127939523,,-1780414.820541881,-0.9635683485362498,,2078062.2905418854,0.9852605796641893,,572013.7099999711,0.013825179033420175,,626243.200000016,0.043514296702551455,,-1944957.4035830402,-1.3315136616747272,,2571200.6035830565,1.3750279583772786,,0,,,0,,,0,,,0,,,0,,,0,,,626243.200000016,0.043514296702551455,,-3855898.6000000685,-0.02974745892251816,,-17479645.17358604,-0.8838513053335477,,13623746.573585987,0.8541038464110295,,1290407.4999999553,0.01728018084070102,,-295015.4000000283,-0.005576574153152938,,,626243.200000016,0.043514296702551455,,-450148.32999998704,-0.04044316409917134,,1076391.5299999993,0.2116710773512356,3.725290298461914e-09
,,,,,,,,,,,,,,,,,,,,,,,,,,,,,,,,,,,,,,,,,,,,,,,,,,,,,,,,,,,,,,,,,,,,,,,,,,,,,,,,,,,,,,,,,,,,,,,,,,,,,,,,,,,,,,,,,,,,,,,,,,,,,,,,,,,,,,,,,,,,,,,,,
GASTOS DE ADMINISTRACION:,,,,,,,,,,,,,,,,,,,,,,,,,,,,,,,,,,,,,,,,,,,,,,,,,,,,,,,,,,,,,,,,,,,,,,,,,,,,,,,,,,,,,,,,,,,,,,,,,,,,,,,,,,,,,,,,,,,,,,,,,,,,,,,,,,,,,,,,,,,,,,,,,
LABOR INDIRECTA,196777.98,0.015000121935366187,,165112.97,0.08506923499884997,,31665.01000000001,-0.07006911306348378,,205258.86,0.01745245671348365,,165112.97,0.11344078878407032,,40145.889999999985,-0.09598833207058667,,165928.76,0.013031815996156222,,170066.3591,0.08611981337251512,,-4137.599099999992,-0.0730879973763589,,567965.6,0.015100630987533689,,167098.65000000002,0.013950438774899132,,178569.677055,0.08196129639132436,,-11471.027054999984,-0.06801085761642524,,183021.33000000002,0.01497614304738682,,178569.677055,0.08054649770851019,,4451.652945000009,-0.06557035466112338,,163906.35000000003,0.013609255448329478,,178569.677055,0.07118841671438442,,-14663.327054999972,-0.05757916126605494,,514026.3300000001,0.014182923710830325,,149732.66,0.009413302750121208,,178569.677055,0.09424414282090024,,-28837.017055000004,-0.08483084007077903,,143184.07,0.012189097952139667,,178569.677055,0.0776997576991558,,-35385.607055,-0.06551065974701613,,118668.94,0.008648466167669927,,178569.677055,0.09664269631622645,,-59900.737055000005,-0.08799423014855652,,411585.67000000004,0.009947743342271434,,134011.69,0.009311756902542333,,178569.677055,0.1222484174314335,,-44557.987055000005,-0.11293666052889116,,,,,,,,0,,,,,,,,,0,,,134011.69,0.009311756902542333,,1627589.29,0.012556514205794893,,1750280.0384850004,0.08850221393806744,,-122690.74848500034,-0.07594569973227255,,1363161.12,0.018254443397619245,,992114.11,0.01875359016106888,,,134011.69,0.009311756902542333,,0,0,,0,0,
MANTENIMIENTO INSTALACIONES,14113,0.0010758150931004728,,0,0,,14113,,,14113,0.0011999799745423644,,0,0,,14113,,,18313,0.0014382777665403448,,0,0,,18313,,,46539,0.0012373430107894393,,50448,0.004211714070198122,,0,0,,50448,,,4375,0,,0,0,,4375,,,14288,0.0011863423341788254,,0,0,,14288,,,69111,0.0019068985057228381,,20742.14,0.001304004373564185,,0,0,,20742.14,,,63594.1,0.005413693814389863,,0,0,,63594.1,,,14636.68,0.0010667056753604698,,4946.082106457713,0.0026768414372071027,,9690.597893542286,-0.0016101357618466328,,98972.92,0.002392107592072297,,13242.81,0,,4946.082106457713,0.0033860771883131766,,8296.727893542287,-0.0033860771883131766,,,,,,,,0,,,,,,,,,0,,,13242.81,0,,227865.73,0.0017579369029632921,,9892.164212915426,0,,217973.56578708458,0.0017579369029632921,,26736.08,0,,8400,0,,,13242.81,0.0009201721687604762,,0,0,,3329.81,0.0006548030622973392,
MANTENIMIENTO ACTIVO FIJO,0,0,,0,0,,0,,,0,0,,0,0,,0,,,0,0,,77.43489160251227,0,,-77.43489160251227,,,0,0,,0,0,,1381.5261378920077,0,,-1381.5261378920077,,,350.92,0,,578.3291773349936,0,,-227.40917733499356,,,3497.22,0,,6407.57257893138,0.0025544367576816294,,-2910.3525789313803,-0.0025544367576816294,,3848.14,0,,805,0,,152.50062012752622,0,,652.4993798724738,,,5447.3,0,,925.5572653831043,0,,4521.742734616896,,,0,0,,0,0,,0,,,6252.3,0,,0,0,,0,0,,0,,,,,,,,,0,,,,,,,,,0,,,0,0,,10100.439999999999,0,,9522.920671271524,0,,577.5193287284746,,,8185.839999999999,0,,7516.5199999999995,0,,,0,0,,0,0,,0,0,
ARRENDAMIENTO,2965323.45,0.22604263611101577,,2965323.4400000004,1.5277891044232215,,0.009999999776482582,-1.3017464683122058,,2965323.45,0.2521312802409747,,2965323.4400000004,2.037324082011806,,0.009999999776482582,-1.7851928017708314,,2965323.44,0.23289241382367346,,2965323.4400000004,1.5016085638182195,,0,-1.268716149994546,,8895970.34,0.23651919302926905,,2965323.44,0.24756371818379905,,2965323.4400000004,1.361047168647362,,0,-1.113483450463563,,2965323.44,0.24264443941702948,,2965323.4400000004,1.3375530583022008,,0,-1.0949086188851713,,2965323.44,0.2462128171475913,,2965323.4400000004,1.1821530072803654,,0,-0.9359401901327742,,8895970.32,0.24545604187701986,,2965323.44,0.1864221693032828,,2965323.4400000004,1.5650157988662732,,0,-1.3785936295629904,,2965323.44,0.25243463096094243,,2965323.4400000004,1.290280167313411,,0,-1.0378455363524686,,2965323.44,0.21610961930761835,,2965323.4400000004,1.6048461161916165,,0,-1.3887364968839981,,8895970.32,0.21500950099604846,,2965323.44,0.20604449515330023,,2965323.4400000004,2.0300540589580693,,0,-1.824009563804769,,,,,,,,0,,,,,,,,,0,,,2965323.44,0.20604449515330023,,29653234.420000006,0.22876856067447834,,29653234.40000001,1.4994040022852904,,0.019999995827674866,-1.270635441610812,,0,0,,24806581.499999996,0.46891023729937,,,2965323.44,0.20604449515330023,,0,0,,0,0,
ENERGIA ELECTRICA,135861.83,0.010356565385832255,,0,0,,135861.83,,,157065.17,0.013354712584007096,,0,0,,157065.17,,,115859.81,0.009099469707780741,,45759.250150141575,0.023172002410419258,,70100.55984985843,-0.014072532702638517,,408786.80999999994,0.010868508181448041,,146391.79,0.01222170079496687,,84280.77513865694,0.03868384434106588,,62111.014861343065,-0.026462143546099007,,130680.79,0.010693257472151016,,58920.0341226873,0.02657675408119069,,71760.7558773127,-0.015883496609039677,,124463.49,0.010334288021181614,,116339.74713109975,0.046379892352406187,,8123.742868900255,-0.03604560433122457,,401536.07,0.011079112324764813,,172339.66,0.010834546019772533,,148859.73668414704,0.07856405698724164,,23479.923315852968,-0.06772951096746911,,171606.64,0.014608679193136282,,160391.9679310238,0.0697902199895498,,11214.672068976215,-0.05518154079641352,,192585.39,0.01403541844902734,,166784.2281340849,0.09026435941267934,,25801.161865915114,-0.076228940963652,,536531.6900000001,0.012967602946708862,,187300.57,0.013014516685429557,,136410.76408123667,0.0933865161463419,,50889.80591876333,-0.08037199946091234,,,,,,,,0,,,,,,,,,0,,,187300.57,0.013014516685429557,,1534155.1400000004,0.011835689094085434,,917746.5033730781,0.04640548689153867,,616408.6366269223,-0.03456979779745324,,1123745.56,0.015048367663498166,,888126.67,0.016787951519301413,,,187300.57,0.013014516685429557,,0,0,,0,0,
TRANSPORTE DE PERSONAL,0,0,,0,0,,0,,,0,0,,0,0,,0,,,0,0,,0,0,,0,,,0,0,,0,0,,0,0,,0,,,0,0,,0,0,,0,,,0,0,,0,0,,0,,,0,0,,0,0,,0,0,,0,,,0,0,,0,0,,0,,,0,0,,0,0,,0,,,0,0,,0,0,,0,0,,0,,,,,,,,,0,,,,,,,,,0,,,0,0,,0,0,,0,0,,0,,,0,0,,0,0,,,0,0,,0,0,,0,0,
DEPRECIACIONES Y AMORT.,11363.26,0,,0,0,,11363.26,,,11828.44,0.001005731675056748,,0,0,,11828.44,,,11828.44,0,,0,0,,11828.44,,,35020.14,0,,11828.44,0,,0,0,,11828.44,,,11828.44,0,,0,0,,11828.44,,,11828.44,0,,0,0,,11828.44,,,35485.32,0,,11828.44,0,,0,0,,11828.44,,,11828.44,0.001006941720409309,,0,0,,11828.44,,,11828.44,0,,5433.479954328364,0.0029406233008122972,,6394.960045671636,-0.0029406233008122972,,35485.32,0,,26238.769999999997,0.0018231920488557428,,5433.479954328364,0.0037197487082729834,,20805.29004567163,-0.0018965566594172406,,,,,,,,0,,,,,,,,,0,,,26238.769999999997,0.0018231920488557428,,132229.55000000002,0.0010201235859698156,,10866.959908656729,0,,121362.59009134329,0.0010201235859698156,,29344.410000000003,0,,8834.42,0,,,26238.769999999997,0.0018231920488557428,,6548.42,0.0005883367925641382,,0,0,
COMBUSTIBLE,0,0,,0,0,,0,,,8318.289999999999,0,,0,0,,8318.289999999999,,,3009.8,0,,0,0,,3009.8,,,11328.09,0,,7815.04,0,,0,0,,7815.04,,,0,0,,0,0,,0,,,66.24,0,,0,0,,66.24,,,7881.28,0,,0,0,,0,0,,0,,,278.33,0,,0,0,,278.33,,,0,0,,0,0,,0,,,278.33,0,,251.70999999999998,0,,0,0,,251.70999999999998,,,,,,,,,0,,,,,,,,,0,,,251.70999999999998,0,,19739.410000000003,0,,0,0,,19739.410000000003,,,0,0,,0,0,,,251.70999999999998,1.748998411958636e-05,,0,0,,185.47,3.6472448567422016e-05,
DIVERSOS,12439,0,,0,0,,12439,,,9044.61,0,,3317.8592121546694,0.002279533619323302,,5726.750787845331,-0.002279533619323302,,7204.78,0,,113182.75882402288,0.05731455720281389,,-105977.97882402288,-0.05731455720281389,,28688.39,0,,20648.46,0.0017238623832445904,,5918.805446486451,0.002716659264230201,,14729.654553513548,-0.0009927968809856104,,8661.3,0,,5786.810326408584,0.0026102265086814804,,2874.4896735914153,-0.0026102265086814804,,37603,0.003122202603032361,,6837.80162527372,0.0027259514579306386,,30765.19837472628,,,66912.76000000001,0.001846245055892563,,22213.86,0.0013965275807482982,,4102.42650119257,0.0021651473837383684,,18111.43349880743,,,35560.71,0.003027243026669325,,3886.016830195349,0.001690894955407355,,31674.69316980465,0.0013363480712619699,,10772.869999999999,0,,3134.5776213319687,0.0016964472251619759,,7638.29237866803,-0.0016964472251619759,,68547.44,0.0016567446089407111,,50241.51,0.0034910143102937488,,7957.010739080654,0.00544735246420324,,42284.49926091935,-0.0019563381539094912,,,,,,,,0,,,,,,,,,0,,,50241.51,0.0034910143102937488,,214390.1,0.0016539752090847118,,154124.06712614684,0.0077932221483883474,,60266.03287385317,-0.006139246939303636,,289761.63,0.003880272989033674,,144121.68,0.0027242823106756516,,,50241.51,0.0034910143102937488,,0,0,,314.51,6.184800668000161e-05,
SEGUROS,152649.58,0.011636273090019703,,152649.58,0.07864786753878722,,0,-0.06701159444876752,,129133.53,0.010979781055903469,,131914.15,0.09063155503641034,,-2780.6199999999953,-0.07965177398050687,,129133.53,0.010141969372242156,,131914.15,0.06679993644430272,,-2780.6199999999953,-0.05665796707206057,,410916.64,0.010925134457574941,,129133.53,0.010780873478341087,,131914.15,0.06054698045418728,,-2780.6199999999953,-0.04976610697584619,,129133.53,0.010566649348980345,,131914.15,0.05950183119512765,,-2780.6199999999953,-0.0489351818461473,,129133.53,0.01072204461092885,,131914.15,0.052588768908572475,,-2780.6199999999953,-0.041866724297643626,,387400.58999999997,0.01068908865719127,,129133.53,0.008118289043164393,,131914.15,0.06962064443264084,,-2780.6199999999953,-0.061502355389476446,,129133.53,0.01099299137170473,,131914.15,0.057398868952051436,,-2780.6199999999953,-0.046405877580346706,,129133.53,0.009411114359973128,,131914.15,0.07139251942722925,,-2780.6199999999953,-0.06198140506725613,,387400.58999999997,0.00936320654692503,,129133.53,0.008972799606714588,,131914.15,0.09030814380285733,,-2780.6199999999953,-0.08133534419614274,,,,,,,,0,,,,,,,,,0,,,129133.53,0.008972799606714588,,1314851.35,0.010143805784556122,,1339876.93,0.06775034400334175,,-25025.57999999984,-0.05760653821878563,,555512.6399999999,0.007439013550754759,,462927.19999999995,0.00875055288066729,,,129133.53,0.008972799606714588,,0,0,,0,0,
TELEFONO,7980,0,,0,0,,7980,,,7980,0,,0,0,,7980,,,7980,0,,20649.81077655333,0.010456846725394054,,-12669.810776553331,-0.010456846725394054,,23940,0,,7980,0,,8001.80104920694,0.003672728753697976,,-21.80104920693975,-0.003672728753697976,,7980,0,,0,0,,7980,,,7980,0,,8001.80104920694,0.0031899903553115156,,-21.80104920693975,-0.0031899903553115156,,23940,0,,7980,0,,8380.05159955554,0.004422759747455745,,-400.0515995555397,-0.004422759747455745,,7980,0,,8001.80104920694,0.0034817669658927177,,-21.80104920693975,-0.0034817669658927177,,7980,0,,6969.538631900414,0.003771945027707605,,1010.4613680995863,-0.003771945027707605,,23940,0,,7980,0,,0,0,,7980,,,,,,,,,0,,,,,,,,,0,,,7980,0,,79800,0,,60004.8041556301,0.0030341190540515463,,19795.195844369897,-0.0030341190540515463,,75801.32,0.0010150750964822294,,59841.32000000001,0.0011311597916668825,,,7980,0.0005544875979273734,,0,0,,0,0,
DERECHOS Y CONTRIB,0,0,,0,0,,0,,,0,0,,0,0,,0,,,6598.95,0,,0,0,,6598.95,,,6598.95,0,,6862.95,0,,0,0,,6862.95,,,7541.95,0,,0,0,,7541.95,,,92003.53,0.007639115518819401,,0,0,,92003.53,,,106408.43,0.0029360026068688517,,173229.07,0.010890460912348309,,45810.61237391591,0.024177575759127705,,127418.4576260841,-0.013287114846779396,,-19152.23,-0.0016304076806303094,,0,0,,-19152.23,,,162954.02000000002,0.011875915710174953,,0,0,,162954.02000000002,,,317030.86,0.00766241843857097,,168407.88,0.011701764517950046,,0,0,,168407.88,,,,,,,,,0,,,,,,,,,0,,,168407.88,0.011701764517950046,,598446.1200000001,0.004616887843482207,,45810.61237391591,0.002316395392625013,,552635.5076260841,0.002300492450857194,,285.77,0,,285.77,0,,,168407.88,0.011701764517950046,,0,0,,12316.81,0.0024220856162166884,
GASTOS DE VIAJE,12272.46,0,,0,0,,12272.46,,,10381.24,0,,171868.71762482828,0.1180823220287732,,-161487.4776248283,-0.1180823220287732,,50083.770000000004,0.003933510230738837,,285739.23316002206,0.14469533870879867,,-235655.46316002205,-0.14076182847805982,,72737.47,0.001933887709813415,,80246.12,0.006699447206684246,,267762.1560964705,0.12289955271321569,,-187516.0360964705,-0.11620010550653144,,33741.58,0.002760982715647658,,112546.8365520087,0.05076591760674078,,-78805.2565520087,-0.04800493489109313,,21952.99,0.0018227716544515968,,10080.536682341575,0.004018697115222658,,11872.453317658426,-0.0021959254607710607,,135940.69,0.003750851508847095,,35275.630000000005,0.002217687075693828,,28188.176184557546,0.014876940732663746,,7087.453815442459,-0.012659253656969918,,28749.39,0.0024474030579956594,,14332.220331102515,0.006236277431775746,,14417.169668897484,-0.003788874373780087,,29240.88,0.002131044242856608,,49753.2232262115,0.026926663710789014,,-20512.3432262115,-0.024795619467932406,,93265.90000000001,0.0022541728330482285,,107795.15,0.007490109497709387,,12952.293377109028,0.008867112230770987,,94842.85662289096,-0.0013770027330616006,,,,,,,,0,,,,,,,,,0,,,107795.15,0.007490109497709387,,409739.20999999996,0.003161053124794263,,953223.3932346515,0.0481993617157662,,-543484.1832346516,-0.04503830859097194,,2107383.9200000004,0.028220523546543766,,2055977.8300000003,0.03886343840434217,,,107795.15,0.007490109497709387,,8993.3,0.0008079947951669355,,1641.63,0.0003228245308768912,
ARRENDAM MAQ Y EQUIPO,1660.31,0,,0,0,,1660.31,,,1660.31,0,,9534.53808240095,0.0065506999284145944,,-7874.22808240095,-0.0065506999284145944,,0,0,,0,0,,0,,,3320.62,0,,3320.62,0,,0,0,,3320.62,,,1660.31,0,,0,0,,1660.31,,,1660.31,0,,0,0,,1660.31,,,6641.24,0,,1660.31,0,,0,0,,1660.31,,,1660.31,0,,0,0,,1660.31,,,1660.31,0,,0,0,,1660.31,,,4980.93,0,,1660.31,0,,3103.9782203119844,0.0021249768237969306,,-1443.6682203119844,-0.0021249768237969306,,,,,,,,0,,,,,,,,,0,,,1660.31,0,,16603.1,0,,12638.516302712935,0,,3964.583697287064,,,16841.239999999998,0,,13520.619999999999,0,,,1660.31,0.00011536607815974905,,1660.31,0.00014916903009613988,,0,0,
PAPELERIA,0,0,,0,0,,0,,,1331.48,0,,0,0,,1331.48,,,2241.2,0,,0,0,,2241.2,,,3572.68,0,,0,0,,5333.596107095077,0.002448055339376519,,-5333.596107095077,,,2716,0,,0,0,,2716,,,4356.5,0,,0,0,,4356.5,,,7072.5,0,,0,0,,0,0,,0,,,0,0,,3367.5838681735277,0.0014653128958063617,,-3367.5838681735277,,,2580,0,,0,0,,2580,,,2580,0,,1956.31,0,,1621.0439721950147,0.0011097632221542756,,335.26602780498524,-0.0011097632221542756,,,,,,,,0,,,,,,,,,0,,,1956.31,0,,15181.49,0,,10322.22394746362,0,,4859.266052536379,,,18725.51,0,,8901.91,0,,,1956.31,0.00013593353793249372,,0,0,,305.56,6.008800013081076e-05,
MENSAJERIA Y PAQUETERIA,0,0,,0,0,,0,,,0,0,,0,0,,0,,,0,0,,0,0,,0,,,0,0,,0,0,,0,0,,0,,,0,0,,0,0,,0,,,0,0,,0,0,,0,,,0,0,,0,0,,0,0,,0,,,0,0,,0,0,,0,,,0,0,,0,0,,0,,,0,0,,0,0,,0,0,,0,,,,,,,,,0,,,,,,,,,0,,,0,0,,0,0,,0,0,,0,,,0,0,,0,0,,,0,0,,0,0,,0,0,
EQUIPOS MENORES,0,0,,0,0,,0,,,382.04,0,,7186.405651637053,0.0049374166405219905,,-6804.365651637053,-0.0049374166405219905,,6000,0,,8849.953025757299,0.004481523018233087,,-2849.9530257572987,-0.004481523018233087,,6382.04,0,,2337.5,0,,2271.5525020768805,0.0010426147986695067,,65.9474979231195,-0.0010426147986695067,,6588.88,0,,0,0,,6588.88,,,3736.9,0,,0,0,,3736.9,,,12663.28,0,,539946.4,0.03394502530067953,,0,0,,539946.4,,,0,0,,2580.4704718939315,0.0011228218235183876,,-2580.4704718939315,,,0,0,,0,0,,0,,,539946.4,0.01305013414530061,,4500,0,,0,0,,4500,,,,,,,,,0,,,,,,,,,0,,,4500,0,,563491.72,0.004347221888531717,,20888.381651365165,0.0010562127094412184,,542603.3383486348,0.0032910091790904986,,27223.77,0,,17763.22,0,,,4500,0.00031268097627483465,,4500,0.0004042983752628301,,0,0,
HONORARIOS,38092.09,0.002903709016491291,,420306.56594536395,0.21654966311832316,,-382214.475945364,-0.21364595410183188,,38092.09,0.003238839735595936,,45589.722153433395,0.03132239727461803,,-7497.632153433398,-0.028083557539022096,,44812.09,0.003519479753137384,,146610.4573544563,0.07424199172983215,,-101798.3673544563,-0.07072251197669477,,120996.26999999999,0.003216955435572142,,38092.09,0.003180165545041491,,146610.4573544563,0.06729240567308149,,-108518.3673544563,-0.06411224012804,,64406.09,0.005270177071507838,,146610.4573544563,0.06613081830073059,,-82204.3673544563,-0.06086064122922275,,38092.09,0.003162812077572081,,101834.12521514468,0.04059709498902034,,-63742.035215144686,-0.037434282911448256,,140590.27,0.003879141899005518,,38092.09,0.0023947505878467966,,17205.295876817305,0.00908047989240183,,20886.79412318269,-0.006685729304555034,,38092.09,0.0032427365433299934,,12949.764401287282,0.005634739183244781,,25142.325598712712,-0.0023920026399147877,,34309.66,0.0025004515396721185,,12949.764401287282,0.007008469573559351,,21359.89559871272,-0.004508018033887232,,110493.84,0.002670560326412737,,144804.08,0.010061662467328723,,12949.764401287282,0.008865380899354425,,131854.3155987127,0.0011962815679742982,,,,,,,,0,,,,,,,,,0,,,144804.08,0.010061662467328723,,516884.45999999996,0.003987656532653039,,1063616.37445799,0.05378133890036899,,-546731.9144579901,-0.049793682367715954,,1107437.3499999999,0.014829980202182154,,1083143.8699999999,0.020474294255782805,,,144804.08,0.010061662467328723,,144804.08,0.013009789838984192,,0,0,
NO DEDUCIBLES,1000,0,,0,0,,1000,,,25.5,0,,0,0,,25.5,,,5228.389999999999,0,,0,0,,5228.389999999999,,,6253.889999999999,0,,992.6,0,,0,0,,992.6,,,7076.64,0,,0,0,,7076.64,,,1059.15,0,,0,0,,1059.15,,,9128.390000000001,0,,1342.6599999999999,0,,0,0,,1342.6599999999999,,,1358.7299999999998,0,,0,0,,1358.7299999999998,,,238,0,,0,0,,238,,,2939.3899999999994,0,,4691.12,0,,0,0,,4691.12,,,,,,,,,0,,,,,,,,,0,,,4691.12,0,,23012.79,0,,0,0,,23012.79,,,28593.449999999997,0,,26234.479999999996,0,,,4691.12,0.00032596088476053386,,172.8,1.552505761009268e-05,,4111.12,0.0008084467178222893,
COMEDOR,39610,0.0030194172633536266,,0,0,,39610,,,25245,0.0021464957455765597,,102530.60626268262,0.07044360505990327,,-77285.60626268262,-0.06829710931432671,,38300,0.0030080291846499864,,117591.78055421833,0.05954723937799075,,-79291.78055421833,-0.056539210193340766,,103155,0.002742605519628368,,26435,0.002206958877372489,,132887.36654173426,0.060993674936394654,,-106452.36654173426,-0.058786716059022165,,57120,0.004673975928744125,,64899.59246704569,0.029273922438242832,,-7779.592467045688,-0.024599946509498705,,36295,0.003013598475575341,,52137.43942227915,0.0207850617485913,,-15842.439422279152,-0.01777146327301596,,119850,0.0033068800322796975,,52445,0.003297080695221114,,87842.73891509377,0.046360971070935494,,-35397.73891509377,-0.043063890375714384,,47600,0.0040521341691282286,,45007.04562820378,0.01958359670992284,,2592.9543717962224,-0.015531462540794613,,52445,0.003822135835741428,,36365.008349784424,0.019680902807495168,,16079.991650215576,-0.01585876697175374,,152490,0.003685578708954981,,101745,0.007069716873574012,,33931.7614675562,0.02322961103184396,,67813.2385324438,-0.016159894158269947,,,,,,,,0,,,,,,,,,0,,,101745,0.007069716873574012,,477240,0.0036818077363814272,,673193.3396085983,0.034039753441564964,,-195953.33960859827,-0.030357945705183537,,856625,0.011471287103233686,,761085,0.014386526735051787,,,101745,0.007069716873574012,,0,0,,0,0,
CAPACITACION Y ADIESTRAMIENTO,0,0,,0,0,,0,,,0,0,,0,0,,0,,,0,0,,0,0,,0,,,0,0,,0,0,,0,0,,0,,,0,0,,0,0,,0,,,0,0,,0,0,,0,,,0,0,,0,0,,0,0,,0,,,0,0,,0,0,,0,,,0,0,,0,0,,0,,,0,0,,0,0,,0,0,,0,,,,,,,,,0,,,,,,,,,0,,,0,0,,0,0,,0,0,,0,,,0,0,,0,0,,,0,0,,0,0,,0,0,
EQUIPO DE TRABAJO,0,0,,0,0,,0,,,0,0,,0,0,,0,,,0,0,,0,0,,0,,,0,0,,0,0,,0,0,,0,,,0,0,,0,0,,0,,,0,0,,0,0,,0,,,0,0,,0,0,,0,0,,0,,,0,0,,0,0,,0,,,0,0,,0,0,,0,,,0,0,,0,0,,0,0,,0,,,,,,,,,0,,,,,,,,,0,,,0,0,,0,0,,0,0,,0,,,25999.35,0,,0,0,,,0,0,,0,0,,0,0,
DONATIVOS,0,0,,0,0,,0,,,0,0,,0,0,,0,,,0,0,,0,0,,0,,,0,0,,0,0,,0,0,,0,,,0,0,,0,0,,0,,,0,0,,0,0,,0,,,0,0,,0,0,,0,0,,0,,,0,0,,0,0,,0,,,0,0,,0,0,,0,,,0,0,,0,0,,0,0,,0,,,,,,,,,0,,,,,,,,,0,,,0,0,,0,0,,0,0,,0,,,0,0,,0,0,,,0,0,,0,0,,0,0,
RECLUTAMIENTO,0,0,,0,0,,0,,,0,0,,0,0,,0,,,0,0,,0,0,,0,,,0,0,,0,0,,0,0,,0,,,0,0,,0,0,,0,,,0,0,,0,0,,0,,,0,0,,0,0,,0,0,,0,,,0,0,,0,0,,0,,,0,0,,0,0,,0,,,0,0,,0,0,,0,0,,0,,,,,,,,,0,,,,,,,,,0,,,0,0,,0,0,,0,0,,0,,,0,0,,0,0,,,0,0,,0,0,,0,0,
ARTICULOS DE LIMPIEZA,1458,0,,0,0,,1458,,,8351.5,0,,1518.8133284519365,0.0010434999866778907,,6832.686671548064,-0.0010434999866778907,,0,0,,0,0,,0,,,9809.5,0,,13476,0.001125060632928756,,11588.368521951325,0.005318919330447158,,1887.6314780486755,-0.004193858697518402,,6889.5,0,,0,0,,6889.5,,,0,0,,2581.982658368292,0.001029330737808429,,-2581.982658368292,,,20365.5,0,,3132.5,0,,2581.982658368292,0.001362699123555006,,550.517341631708,-0.001362699123555006,,8215,0,,6072.870192408829,0.0026424449563363277,,2142.129807591171,-0.0026424449563363277,,0,0,,2110.8269354581143,0.0011423888415095138,,-2110.8269354581143,,,11347.5,0,,0,0,,5760.945321793709,0.003943930795604144,,-5760.945321793709,,,,,,,,,0,,,,,,,,,0,,,0,0,,41522.5,0,,32215.7896168005,0.0016289785875166305,,9306.710383199501,-0.0016289785875166305,,44243.5,0,,30210.5,0,,,0,0,,0,0,,0,0,
,,0,,0,0,,0,,,,0,,,0,,0,,,,0,,,0,,0,,,0,0,,,0,,,0,,0,,,,0,,,0,,0,,,,0,,,0,,0,,,0,0,,,0,,,0,,0,,,,0,,,0,,0,,,,0,,,0,,0,,,0,0,,,0,,,0,,0,,,,,,,,,0,,,,,,,,,0,,,0,0,,0,0,,0,0,,0,,,0,0,,0,0,,,,0,,1930200.0299999998,0.17341705245805908,,1930200.0299999998,0.37957147419534926,
GASTOS DE ADMON PLANTA,3590600.96,0.273706703469783,,3703392.5559453648,1.9080558700791819,,-112791.59594536421,-1.634349166609399,,3593534.51,0.3055459115586273,,3603897.222315589,2.4760559003705187,,-10362.712315589139,-2.1705099888118915,,3577845.96,0.2809990878815156,,4005764.6278367746,2.028477025022202,,-427918.66783677426,-1.7474779371406866,,10761981.43,0.28613125560618485,,3678430.23,0.307098326116657,,3941843.671951027,1.8092580042329096,,-263413.4419510266,-1.5021596781162527,,3629095.6999999997,0.2969591376909806,,3665149.327054942,1.6532198900827462,,-36053.62705494156,-1.3562607523917656,,3657246.1799999997,0.30366363170827215,,3580028.273417646,1.427210648417295,,77217.90658235452,-1.123547016709023,,10964772.11,0.3025380554781504,,4325222.39,0.2719154780171061,,3618930.7884687753,1.909971702431628,,706291.6015312246,-1.638056224414522,,3640459.85,0.3099082300320257,,3533322.565023879,1.5374296000476968,,107137.28497612097,-1.227521370015671,,3734357.16,0.2721559791151413,,3564253.996415845,1.9289899732719937,,170103.16358415538,-1.6568339941568524,,11700039.4,0.2827819273826114,,4049283.8799999994,0.2813631192916334,,3500874.3906963565,2.396691089703016,,548409.4893036433,-2.1153279704113825,,0,,,0,,,0,,,0,,,0,,,0,,,4049283.8799999994,0.2813631192916334,,37476076.82000001,0.28912016923372036,,36717457.41912621,1.8566036293153085,,758619.4008737992,-1.5674834600815881,,7705607.46,0.10318778401106583,,31375586.62,0.5930818709297426,,,4049283.8799999994,0.2813631192916334,,2096878.9399999997,0.1883921663477434,,1952404.9399999997,0.3839380425779407,0
,,,,,,,,,,,,,,,,,,,,,,,,,,,,,,,,,,,,,,,,,,,,,,,,,,,,,,,,,,,,,,,,,,,,,,,,,,,,,,,,,,,,,,,,,,,,,,,,,,,,,,,,,,,,,,,,,,,,,,,,,,,,,,,,,,,,,,,,,,,,,,,,,
GASTOS DE VENTA:,,,,,,,,,,,,,,,,,,,,,,,,,,,,,,,,,,,,,,,,,,,,,,,,,,,,,,,,,,,,,,,,,,,,,,,,,,,,,,,,,,,,,,,,,,,,,,,,,,,,,,,,,,,,,,,,,,,,,,,,,,,,,,,,,,,,,,,,,,,,,,,,,
LABOR INDIRECTA,30742.04,0.002343424546496029,,25601.670000000002,0.013190450644749515,,5140.369999999999,-0.010847026098253486,,28799.559999999998,0.0024487277882541836,,25601.670000000002,0.017589615394777706,,3197.889999999996,-0.015140887606523523,,27569.440000000002,0.0021652657995941704,,26369.720100000002,0.013353348573553728,,1199.7199,-0.011188082773959558,,87111.04000000001,0.0023160410947076493,,25285.36,0.0021109797510709,,29072.616410250008,0.013343975134915335,,-3787.2564102500073,-0.011232995383844434,,36394.73,0.0029780828423169063,,29072.616410250008,0.013113634238960673,,7322.113589749995,-0.010135551396643766,,75230.94,0.006246475991186112,,29072.616410250008,0.011590061460170949,,46158.32358975,-0.005343585468984837,,136911.03000000003,0.0037776249587471566,,70750.47,0.004447897965770247,,29072.616410250008,0.015343723852403814,,41677.85358975,-0.010895825886633567,,76267.7,0.006492583049807163,,29072.616410250008,0.012650161483246493,,47195.08358974999,-0.00615757843343933,,76724.9,0.005591629131159833,,29072.616410250008,0.015734228146632927,,47652.28358974999,-0.010142599015473094,,223743.06999999998,0.005407716539236828,,78697.57,0.0054682740040126986,,29072.616410250008,0.019903050760681607,,49624.95358975,-0.014434776756668908,,0,,,0,,,0,,,0,,,0,,,0,,,78697.57,0.0054682740040126986,,526462.71,0.004061550747201265,,281081.3749717501,0.01421276791986288,,245381.3350282499,-0.010151217172661615,,163191.11,0.002185334394286169,,106022.81,0.0020041125374830877,,,78697.57,0.0054682740040126986,,78697.57,0.007070511041807299,,0,0,
MANTENIMIENTO INSTALACIONES,0,0,,0,0,,0,,,0,0,,0,0,,0,,,0,0,,0,0,,0,,,0,0,,0,0,,0,0,,0,,,0,0,,0,0,,0,,,0,0,,0,0,,0,,,0,0,,0,0,,0,0,,0,,,0,0,,0,0,,0,,,0,0,,0,0,,0,,,0,0,,0,0,,0,0,,0,,,0,,,0,,,0,,,0,,,0,,,0,,,0,0,,0,0,,0,0,,0,,,0,0,,0,0,,,0,0,,0,0,,0,0,
MANTENIMIENTO ACTIVO FIJO,0,0,,0,0,,0,,,0,0,,0,0,,0,,,0,0,,0,0,,0,,,0,0,,0,0,,0,0,,0,,,0,0,,0,0,,0,,,5865.3,0,,0,0,,5865.3,,,5865.3,0,,0,0,,0,0,,0,,,0,0,,0,0,,0,,,0,0,,0,0,,0,,,0,0,,0,0,,0,0,,0,,,0,,,0,,,0,,,0,,,0,,,0,,,0,0,,5865.3,0,,0,0,,5865.3,,,0,0,,0,0,,,0,0,,0,0,,0,0,
FLETES,94500,0.007203608467228419,,0,0,,94500,,,123500,0.010500781326151917,,0,0,,123500,,,47800,0.003754146084236798,,0,0,,47800,,,265800,0.007066885241793614,,95600,0.007981284988719878,,0,0,,95600,,,0,0,,0,0,,0,,,1500,0,,0,0,,1500,,,97100,0.0026791660503492584,,81500,0.005123692948050735,,0,0,,81500,,,70800,0.006027123932232743,,0,0,,70800,,,121600,0.008862078703902328,,171834.21073796615,0.09299743225706154,,-50234.21073796615,-0.08413535355315921,,273900,0.006619975135305721,,246900,0.01715576289827926,,287286.87649150257,0.19667597869423656,,-40386.87649150257,-0.17952021579595728,,0,,,0,,,0,,,0,,,0,,,0,,,246900,0.01715576289827926,,883700,0.006817562435337078,,459121.08722946874,0.02321527515141617,,424578.91277053126,-0.01639771271607909,,502500,0.006729107566758998,,371000,0.0070128847877756265,,,246900,0.01715576289827926,,0,0,,246900,0.04855258290449397,
HONORARIOS,400,0,,0,0,,400,,,400,0,,0,0,,400,,,400,0,,0,0,,400,,,1200,0,,400,0,,0,0,,400,,,400,0,,0,0,,400,,,400,0,,0,0,,400,,,1200,0,,400,0,,0,0,,400,,,400,0,,0,0,,400,,,400,0,,0,0,,400,,,1200,0,,400,0,,0,0,,400,,,0,,,0,,,0,,,0,,,0,,,0,,,400,0,,4000,0,,0,0,,4000,,,0,0,,0,0,,,400,2.779386455776308e-05,,0,0,,400,7.865951057836204e-05,
GASTOS DE VIAJE,0,0,,0,0,,0,,,728,0,,0,0,,728,,,0,0,,0,0,,0,,,728,0,,0,0,,0,0,,0,,,0,0,,0,0,,0,,,0,0,,0,0,,0,,,0,0,,0,0,,0,0,,0,,,0,0,,0,0,,0,,,0,0,,0,0,,0,,,0,0,,0,0,,0,0,,0,,,0,,,0,,,0,,,0,,,0,,,0,,,0,0,,728,0,,0,0,,728,,,0,0,,0,0,,,0,0,,0,0,,0,0,
COMBUSTIBLE ,0,0,,0,0,,0,,,0,0,,0,0,,0,,,0,0,,0,0,,0,,,0,0,,0,0,,0,0,,0,,,0,0,,0,0,,0,,,0,0,,0,0,,0,,,0,0,,0,0,,0,0,,0,,,0,0,,0,0,,0,,,0,0,,0,0,,0,,,0,0,,0,0,,0,0,,0,,,0,,,0,,,0,,,0,,,0,,,0,,,0,0,,0,0,,0,0,,0,,,0,0,,0,0,,,0,0,,0,0,,0,0,
GASTOS EXPORTACION,906,0,,0,0,,906,,,906,0,,0,0,,906,,,906,0,,0,0,,906,,,2718,0,,906,0,,0,0,,906,,,906,0,,0,0,,906,,,906,0,,0,0,,906,,,2718,0,,906,0,,0,0,,906,,,906,0,,0,0,,906,,,906,0,,0,0,,906,,,2718,0,,906,0,,0,0,,906,,,0,,,0,,,0,,,0,,,0,,,0,,,906,0,,9060,0,,0,0,,9060,,,0,0,,0,0,,,906,6.295310322333338e-05,,0,0,,906,0.00017816379145999,
TELEFONO,0,0,,0,0,,0,,,0,0,,0,0,,0,,,0,0,,0,0,,0,,,0,0,,0,0,,0,0,,0,,,0,0,,0,0,,0,,,0,0,,0,0,,0,,,0,0,,0,0,,0,0,,0,,,0,0,,0,0,,0,,,0,0,,0,0,,0,,,0,0,,0,0,,0,0,,0,,,0,,,0,,,0,,,0,,,0,,,0,,,0,0,,0,0,,0,0,,0,,,0,0,,0,0,,,0,0,,0,0,,0,0,
DEPRECIACIONES Y AMORT.,0,0,,0,0,,0,,,0,0,,0,0,,0,,,0,0,,0,0,,0,,,0,0,,0,0,,0,0,,0,,,0,0,,0,0,,0,,,0,0,,0,0,,0,,,0,0,,0,0,,0,0,,0,,,0,0,,0,0,,0,,,0,0,,0,0,,0,,,0,0,,0,0,,0,0,,0,,,0,,,0,,,0,,,0,,,0,,,0,,,0,0,,0,0,,0,0,,0,,,0,0,,0,0,,,0,0,,0,0,,0,0,
SERVICIOS CALIDAD,0,0,,9692.22,0.00499360977420825,,-9692.22,,,20309.42,0.001726840309967419,,9692.22,0.006659035216123494,,10617.199999999999,-0.004932194906156075,,13710.47,0.0010768014071871567,,9692.22,0.004908038144537184,,4018.25,-0.0038312367373500274,,34019.89,0,,13710.47,0.0011446356527122826,,9692.22,0.004448610364374731,,4018.25,-0.003303974711662449,,13710.47,0.0011218908745057505,,9692.22,0.004371819386669589,,4018.25,-0.0032499285121638383,,13710.47,0.0011383896264339837,,9692.22,0.00386389115793146,,4018.25,-0.002725501531497476,,41131.409999999996,0.0011348906001544385,,13710.47,0,,9692.22,0.005115285982458516,,4018.25,-0.005115285982458516,,13710.47,0.0011671568059203256,,9692.22,0.004217306980596486,,4018.25,-0.00305015017467616,,13710.47,0.000999204475390557,,9692.22,0.005245472185076278,,4018.25,-0.004246267709685721,,41131.409999999996,0.0009941179681638007,,13710.47,0,,9692.22,0.006635272997846931,,4018.25,-0.006635272997846931,,0,,,0,,,0,,,0,,,0,,,0,,,13710.47,0,,129993.18000000001,0.0010028704546995713,,96922.2,0.004900832490309905,,33070.98000000001,-0.0038979620356103333,,0,0,,87229.98,0.001648878166522836,,,13710.47,0.000952667365508185,,0,0,,13710.47,0.0026961471499982884,
DIVERSOS,0,0,,0,0,,0,,,0,0,,0,0,,0,,,0,0,,0,0,,0,,,0,0,,0,0,,0,0,,0,,,0,0,,0,0,,0,,,0,0,,0,0,,0,,,0,0,,0,0,,0,0,,0,,,0,0,,0,0,,0,,,0,0,,0,0,,0,,,0,0,,0,0,,0,0,,0,,,0,,,0,,,0,,,0,,,0,,,0,,,0,0,,0,0,,0,0,,0,,,0,0,,0,0,,,0,0,,0,0,,0,0,
EQUIPOS MENORES,0,0,,0,0,,0,,,0,0,,0,0,,0,,,0,0,,0,0,,0,,,0,0,,0,0,,0,0,,0,,,0,0,,0,0,,0,,,0,0,,0,0,,0,,,0,0,,0,0,,0,0,,0,,,0,0,,0,0,,0,,,0,0,,0,0,,0,,,0,0,,0,0,,0,0,,0,,,0,,,0,,,0,,,0,,,0,,,0,,,0,0,,0,0,,0,0,,0,,,0,0,,0,0,,,0,0,,0,0,,0,0,
ARRENDAM MAQ Y EQUIPO,0,0,,0,0,,0,,,0,0,,0,0,,0,,,0,0,,0,0,,0,,,0,0,,0,0,,0,0,,0,,,0,0,,0,0,,0,,,0,0,,0,0,,0,,,0,0,,0,0,,0,0,,0,,,0,0,,0,0,,0,,,0,0,,0,0,,0,,,0,0,,0,0,,0,0,,0,,,0,,,0,,,0,,,0,,,0,,,0,,,0,0,,0,0,,0,0,,0,,,0,0,,0,0,,,0,0,,0,0,,0,0,
GASTOS DE VENTA,126548.04000000001,0.009646587645028157,,35293.89,0.018184060418957766,,91254.15,-0.008537472773929609,,174642.97999999998,0.014849293466619616,,35293.89,0.0242486506109012,,139349.09,-0.009399357144281585,,90385.91,0.007098784730056059,,36061.9401,0.01826138671809091,,54323.9699,-0.011162601988034851,,391576.93000000005,0.010410945175484767,,135901.83,0.011345933428018417,,38764.836410250005,0.017792585499290064,,97136.99358975,-0.006446652071271647,,51411.200000000004,0.004206840183260679,,38764.836410250005,0.01748545362563026,,12646.363589749995,-0.013278613442369582,,97612.71,0.008104849539958062,,38764.836410250005,0.015453952618102408,,58847.87358975,-0.007349103078144346,,284925.74,0.007861620694939645,,167266.94,0.010515637311902153,,38764.836410250005,0.02045900983486233,,128502.10358975,-0.009943372522960176,,162084.17,0.013798042091003961,,38764.836410250005,0.016867468463842978,,123319.33358975,-0.0030694263728390167,,213341.37,0.015548092201795616,,210599.04714821617,0.11397713258877076,,2742.3228517838434,-0.09842904038697514,,542692.48,0.01311650501539758,,340614.04,0.023667451235581238,,326051.71290175256,0.22321430245276508,,14562.327098247435,-0.19954685121718385,,0,,,0,,,0,,,0,,,0,,,0,,,340614.04,0.023667451235581238,,1559809.19,0.012033604775418757,,837124.6622012188,0.04232887556158895,,722684.5277987812,-0.030295270786170194,,665691.11,0.008914441961045167,,564252.79,0.010665875491781551,,,340614.04,0.023667451235581238,,78697.57,0.007070511041807299,,261916.47,0.051505553356530606,0
,,,,,,,,,,,,,,,,,,,,,,,,,,,,,0,,,,,,,,,,,,,,,,,,,,,,,,,,,,,,0,,,,,,,,,,,,,,,,,,,,,,,,,,,,,,0,,,,,,,,,,,,,,,,,,,,,,,,,,,,,,0,,,,,,,,,,,,,,,,,,,,,,,,,,
GASTOS DE ADMON CORPORATIVO,328536.1893035569,0.025043873810138218,,188203.0478131275,0.09696566721508758,,140333.14149042944,-0.07192179340494936,,356892.017369435,0.030345303898345333,,185973.7886740664,0.12777320449355428,,170918.2286953686,-0.09742790059520895,,361030.24250280124,0.028354817388764702,,187475.48809904716,0.09493561297162574,,173554.75440375408,-0.06658079558286104,,1046458.4491757932,0.027822429535856452,,328534.64156918373,0.027428123462663094,,189143.14805671445,0.08681439018053287,,139391.4935124693,-0.05938626671786978,,347937.9855641426,0.028470829293111403,,168029.1768662637,0.0757920489784657,,179908.80869787888,-0.0473212196853543,,331444.88504788984,0.027520093685564538,,206230.0463905091,0.08221547310606682,,125214.83865738075,-0.05469537942050228,,1007917.5121812162,0.027810281979283206,,353219.78962383844,0.022206009143651843,,184280.1074534054,0.09725795024280855,,168939.68217043305,-0.07505194109915671,,325059.1785292355,0.02767192025855185,,194522.44865505092,0.08464117411652519,,130536.72987418456,-0.05696925385797334,,330923.48183925607,0.024117351488724344,,193161.43191256767,0.10453981836224097,,137762.0499266884,-0.08042246687351662,,1009202.44999233,0.024391731016571157,,293574.87419089925,0.020398950727060473,,196082.03786671255,0.13423734203513718,,97492.8363241867,-0.11383839130807671,,0,,,0,,,0,,,0,,,0,,,0,,,293574.87419089925,0.020398950727060473,,3357153.285540238,0.025899742140056102,,1893100.7217874648,0.09572388497955205,,1464052.5637527732,-0.06982414283949595,,2039925.603742912,0.027317171772680292,,1090891.6094600353,0.02062074709728936,,,293574.87419089925,0.020398950727060473,,2175576.51,0.1954626773895507,,2214321.4099999997,0.4354435959344713,-4096323.0458091004
,,,,,,,,,,,,,,,,,,,,,,,,,,,,,,,,,,,,,,,,,,,,,,,,,,,,,,,,,,,,,,,,,,,,,,,,,,,,,,,,,,,,,,,,,,,,,,,,,,,,,,,,,,,,,,,,,,,,,,,,,,,,,,,,,,,,,,,,,,,,,,,,,
GASTOS MONTERREY IV,65339.102193985746,0.004980712273076177,,,,,65339.102193985746,,,76157.93968121962,0.006475448346904899,,,,,76157.93968121962,,,71616.8797673405,0.005624690977904161,,,,,71616.8797673405,,,213113.92164254587,0.005666108456269631,,72618.27706898186,0.0060626272455791405,,,,,72618.27706898186,,,70956.67578545448,0.0058061938831392755,,,,,70956.67578545448,,,78038.26676616273,0.006479570237306787,,,,,78038.26676616273,,,221613.21962059906,0.00611471281478994,,87682.25534107127,0.005512355255953752,,,,,87682.25534107127,,,79143.01071485822,0.006737354999272237,,,,,79143.01071485822,,,84807.0570427824,0.006180648142758815,,,,,84807.0570427824,,,251632.3230987119,0.006081780657731611,,74363.21986295881,0.005167103152375586,,,,,74363.21986295881,,,,,,,,,,,,,,,,,,,,,74363.21986295881,0.005167103152375586,,760722.6842248156,0.005868817919746399,,,,,760722.6842248156,,,0,0,,0,,,,,,,,,,,,
,,,,,,,,,,,,,,,,,,,,,,,,,,,,,,,,,,,,,,,,,,,,,,,,,,,,,,,,,,,,,,,,,,,,,,,,,,,,,,,,,,,,,,,,,,,,,,,,,,,,,,,,,,,,,,,,,,,,,,,,,,,,,,,,,,,,,,,,,,,,,,,,,
GASTOS HACIENDA SAN JOSE,47553.34025601665,0.0036249274551665143,,,,,47553.34025601665,,,56101.02172794912,0.004770077419748105,,,,,56101.02172794912,,,50905.233577747764,0.00399802684734438,,,,,50905.233577747764,,,154559.59556171353,0.004109311229693992,,53837.61530337793,0.004494700322691693,,,,,53837.61530337793,,,54711.063505655264,0.004476859136229409,,,,,54711.063505655264,,,59561.817714079145,0.0049454581365379596,,,,,59561.817714079145,,,168110.49652311235,0.004638475128651696,,64519.1343386767,0.004056150105833323,,,,,64519.1343386767,,,58053.72753593209,0.004942048172134679,,,,,58053.72753593209,,,64033.214587627226,0.004666672593251802,,,,,64033.214587627226,,,186606.076462236,0.0045101408772433745,,56884.367168958284,0.003952590991370229,,,,,56884.367168958284,,,,,,,,,,,,,,,,,,,,,56884.367168958284,0.003952590991370229,,566160.5357160202,0.004367811248916889,,,,,566160.5357160202,,,0,0,,0,,,,,,,,,,,,
,,,,,,,,,,,,,,,,,,,,,,,,,,,,,,,,,,,,,,,,,,,,,,,,,,,,,,,,,,,,,,,,,,,,,,,,,,,,,,,,,,,,,,,,,,,,,,,,,,,,,,,,,,,,,,,,,,,,,,,,,,,,,,,,,,,,,,,,,,,,,,,,,
TOTAL DE GASTOS,4158577.631753559,0.317002804653192,,3926889.493758492,2.0232055977132273,,231688.1379950676,-1.7062027930600352,,4257328.468778604,0.3619860346902453,,3825164.9009896554,2.6280777554749744,,432163.5677889482,-2.266091720784729,,4151784.2258478897,0.3260754078255849,,4229302.056035821,2.1416740247119184,,-77517.83018793189,-1.8155986168863334,,12567690.326380052,0.3341400500034897,,4269322.593941543,0.3564297105756093,,4169751.6564179915,1.9138649799127325,,99570.93752355245,-1.5574352693371232,,4154112.624855252,0.3399198601867213,,3871943.3403314557,1.7464973926868421,,282169.28452379705,-1.4065775325001209,,4223903.859528131,0.35071360330763945,,3825023.1562184053,1.5248800741414643,,398880.7033097272,-1.1741664708338249,,12647339.078324927,0.34896314609581486,,4997910.5093035875,0.3142056298344472,,3841975.732332431,2.027688662509299,,1155934.7769711555,-1.7134830326748518,,4264799.936780026,0.3630575955529885,,3766609.85008918,1.6389382426280648,,498190.0866908458,-1.2758806470750763,,4427462.283469666,0.32266874354167185,,3968014.4754766286,2.147506924223005,,459447.8079930373,-1.8248381806813332,,13690172.729553279,0.3308820849495551,,4814720.381222815,0.3345492153980209,,4023008.1414648215,2.754142734190918,,791712.2397579945,-2.4195935187928974,,0,,,0,,,0,,,0,,,0,,,0,,,4814720.381222815,0.3345492153980209,,43719922.51548108,0.33729014531785845,,39447682.8031149,1.9946563898564498,,4272239.71236619,-1.6573662445385913,,10411224.173742913,0.11210222597211102,,33030731.019460037,0.6892562093493115,,,4683472.794190899,0.3254295212542751,,4351153.02,0.3909253547791014,,4428642.819999999,0.8708871918689426,
,,,,,,,,,,,,,,,,,,,,,,,,,,,,,0,,,,,,,,,,,,,,,,,,,,,,,,,,,,,,0,,,,,,,,,,,,,,,,,,,,,,,,,,,,,,0,,,,,,,,,,,,,,,,,,,,,,,,,,,,,,0,,,,,,,,,,,,,,,,,,,,,,,,,,
MARGEN DE OPERACIÓN,-5940643.451753569,-0.45284729597711193,,-5615913.49450286,-2.89342178750147,,-324729.95725070836,2.440574491524358,,-4440111.268778599,-0.37752742912734416,,-5636055.925990963,-3.8722495869073685,,1195944.6572123645,3.4947221577800245,,-4405292.29584792,-0.34598558205807534,,-6027399.926119247,-3.052211851337864,,1622107.630271327,2.7062262692797887,,-14786047.016380087,-0.3931200054346235,,-5001815.353941539,-0.41758278034270097,,-5833725.201319119,-2.677608472930072,,831909.8473775766,2.260025692587371,,-5129203.914855281,-0.41970895713679474,,-5588221.988906132,-2.520650297673094,,459018.0740508504,2.1009413405362993,,-5352118.629528129,-0.44439004113636454,,-5409278.597857407,-2.1564578337108653,,57159.968329273805,1.7120677925745007,,-15483137.89832495,-0.4272080062828854,,-4324815.789303611,-0.271889916089244,,-5542399.046966322,-2.925125116241508,,1217583.2576627138,2.653235200152264,,-4663528.4167800285,-0.39700090013308453,,-5557938.953972498,-2.418386576895422,,894410.5371924714,2.0213856767623373,,-4129814.8134696614,-0.30097651241373236,,-5748429.296018509,-3.1110752727592548,,1618614.4825488483,2.8100987603455225,,-13118159.019553307,-0.31705690591613495,,-4188477.1812227992,-0.29103491869546944,,-5967965.5450478615,-4.085656395865645,,1779488.3638250618,3.794621477170176,,0,,,0,,,0,,,0,,,0,,,0,,,-4188477.1812227992,-0.29103491869546944,,-47575821.115481146,-0.3670376042403766,,-56927327.97670094,-2.8785076951899975,,9351506.861219797,2.511470090949621,,-9120816.673742957,-0.09482204513140999,,-33325746.419460066,-0.703709579410959,,,-4057229.5941908825,-0.28191522455172363,,-4801301.349999987,-0.43136851887827277,,-3352251.29,-0.659216114517707,4096323.045809104
,,,,,,,,,,,,,,,,,,,,,,,,,,,,,0,,,,,,,,,,,,,,,,,,,,,,,,,,,,,,0,,,,,,,,,,,,,,,,,,,,,,,,,,,,,,0,,,,,,,,,,,,,,,,,,,,,,,,,,,,,,0,,,,,,,,,,,,,,,,,,,,,,,,,,
MANTENIMIENTO MAYORES FABRIC,0,0,,0,0,,0,,,0,0,,0,0,,0,,,0,0,,0,0,,0,,,0,0,,,0,,0,0,,0,,,,0,,0,0,,0,,,,0,,0,0,,0,,,0,0,,,0,,0,0,,0,,,,0,,0,0,,0,,,,0,,0,0,,0,,,0,0,,,0,,0,0,,0,,,,,,0,,,0,,,,,,0,,,0,,,0,0,,0,0,,0,0,,0,,,69296.8,0,,69296.8,0.0013098934624300002,,,4814720.381222815,0.3345492153980209,,0,0,,0,0,
FLETES ACTIVOS FIJOS FABRIC,0,0,,0,0,,0,,,0,0,,0,0,,0,,,0,0,,0,0,,0,,,0,0,,,0,,0,0,,0,,,,0,,0,0,,0,,,,0,,0,0,,0,,,0,0,,,0,,0,0,,0,,,,0,,0,0,,0,,,,0,,0,0,,0,,,0,0,,,0,,0,0,,0,,,,,,0,,,0,,,,,,0,,,0,,,0,0,,0,0,,0,0,,0,,,117101.86000000002,0.001568141317825976,,117101.86000000002,0.002213535990873939,,,0,0,,0,0,,0,0,
GASTOS DE IMPORTACION ACTIVOS FIJOS,0,0,,0,0,,0,,,0,0,,0,0,,0,,,0,0,,0,0,,0,,,0,0,,,0,,0,0,,0,,,,0,,0,0,,0,,,,0,,0,0,,0,,,0,0,,,0,,0,0,,0,,,,0,,0,0,,0,,,,0,,0,0,,0,,,0,0,,,0,,0,0,,0,,,,,,0,,,0,,,,,,0,,,0,,,0,0,,0,0,,0,0,,0,,,64933.81,0,,64933.81,0.0012274213702461263,,,-4188477.1812227992,-0.29103491869546944,,0,0,,0,0,
MANTENIMIENTO MAYORES ADMON,0,0,,0,0,,0,,,0,0,,0,0,,0,,,0,0,,0,0,,0,,,0,0,,,0,,0,0,,0,,,,0,,0,0,,0,,,,0,,0,0,,0,,,0,0,,,0,,0,0,,0,,,,0,,0,0,,0,,,,0,,0,0,,0,,,0,0,,,0,,0,0,,0,,,,,,0,,,0,,,,,,0,,,0,,,0,0,,0,0,,0,0,,0,,,17803.78,0,,17803.78,0,,,0,0,,0,0,,0,0,
MANTENIMIENTO MAYORES VENTA,0,0,,0,0,,0,,,0,0,,0,0,,0,,,0,0,,0,0,,0,,,0,0,,,0,,0,0,,0,,,,0,,0,0,,0,,,,0,,0,0,,0,,,0,0,,,0,,0,0,,0,,,,0,,0,0,,0,,,,0,,0,0,,0,,,0,0,,,0,,0,0,,0,,,,,,0,,,0,,,,,,0,,,0,,,0,0,,0,0,,0,0,,0,,,0,0,,0,0,,,0,0,,0,0,,0,0,
MTTO MAYORES,0,0,,0,0,,0,,,0,0,,0,0,,0,,,0,0,,0,0,,0,,,0,0,,0,0,,0,0,,0,,,0,0,,0,0,,0,,,0,0,,0,0,,0,,,0,0,,0,0,,0,0,,0,,,0,0,,0,0,,0,,,0,0,,0,0,,0,,,0,0,,0,0,,0,0,,0,,,0,0,,0,0,,0,,,0,0,,0,0,,0,,,0,0,,0,0,,0,0,,0,,,269136.25,0,,269136.25,0,,,626243.200000016,0.043514296702551455,,0,0,,0,0,
,,,,,,,,,,,,,,,,,,,,,,,,,,,,,0,,,,,,,,,,,,,,,,,,,,,,,,,,,,,,0,,,,,,,,,,,,,,,,,,,,,,,,,,,,,,0,,,,,,,,,,,,,,,,,,,,,,,,,,,,,,0,,,,,,,,,,,,,,,,,,,,,,,,,,
MARGEN,-5940643.451753569,-0.45284729597711193,,-5615913.49450286,-2.89342178750147,,-324729.95725070836,2.440574491524358,,-4440111.268778599,-0.37752742912734416,,-5636055.925990963,-3.8722495869073685,,1195944.6572123645,3.4947221577800245,,-4405292.29584792,-0.34598558205807534,,-6027399.926119247,-3.052211851337864,,1622107.630271327,2.7062262692797887,,-14786047.016380087,-0.3931200054346235,,-5001815.353941539,-0.41758278034270097,,-5833725.201319119,-2.677608472930072,,831909.8473775766,2.260025692587371,,-5129203.914855281,-0.41970895713679474,,-5588221.988906132,-2.520650297673094,,459018.0740508504,2.1009413405362993,,-5352118.629528129,-0.44439004113636454,,-5409278.597857407,-2.1564578337108653,,57159.968329273805,1.7120677925745007,,-15483137.89832495,-0.4272080062828854,,-4324815.789303611,-0.271889916089244,,-5542399.046966322,-2.925125116241508,,1217583.2576627138,2.653235200152264,,-4663528.4167800285,-0.39700090013308453,,-5557938.953972498,-2.418386576895422,,894410.5371924714,2.0213856767623373,,-4129814.8134696614,-0.30097651241373236,,-5748429.296018509,-3.1110752727592548,,1618614.4825488483,2.8100987603455225,,-13118159.0195533,-0.3170569059161348,,-4188477.1812227992,-0.29103491869546944,,-5967965.5450478615,-4.085656395865645,,1779488.3638250618,3.794621477170176,,0,,,0,,,0,,,0,,,0,,,0,,,-4188477.1812227992,-0.29103491869546944,,-47575821.115481146,-0.3670376042403766,,-56927327.97670094,-2.8785076951899975,,9351506.861219797,2.511470090949621,,-9389952.923742957,-0.0984261183182043,,-33594882.669460066,-0.7101678534965288,,,-4683472.794190899,-0.3254295212542751,,-4801301.349999987,-0.43136851887827277,,-3352251.29,-0.659216114517707,3470079.845809088
,,,,,,,,,,,,,,,,,,,,,,,,,,,,,,,,,,,,,,,,,,,,,,,,,,,,,,,,,,,,,,,,,,,,,,,,,,,,,,,,,,,,,,,,,,,,,,,,,,,,,,,,,,,,,,,,,,,,,,,,,,,,,,,,,,,,,,,,,,,,,,,,,
OTROS INGRESOS 16%,0,0,,0,0,,0,,,0,0,,0,0,,0,,,54687.03,0.01656095570789104,,0,0,,54687.03,,,54687.03,0.0014539765433578802,,862.07,0.00024673812072739085,,0,0,,862.07,,,0,0,,0,0,,0,,,862.07,0.00037302036114292075,,0,0,,862.07,,,1724.14,4.7572166365079e-05,,-862.07,-0.0002199965320439494,,0,0,,-862.07,,,49579.33,0.015777939312369083,,0,0,,49579.33,,,170395.89,0.04728386755402645,,0,0,,170395.89,,,219113.15000000002,0.005295814548442909,,47271.71,0.009316523322644748,,0,0,,47271.71,,,0,,,0,,,0,,,0,,,0,,,0,,,47271.71,0.0032846587628846363,,322796.03,0.00951294083138284,,0,0,,322796.03,,,0,0,,0,,,,,,,,,,,,
OTROS INGRESOS 0%,,,,,,,,,,,,,,,,,,,,,,,,,,,,,0,,,,,,,,,,,,,,,,,,,,,,,,,,,,,,0,,,,,,,,,,,,,,,,,,,,,,,,,,,,,,0,,,,,,,,,,,,,,,,,,,,,,,,,,,,,,0,,,,,,,,,,,0,0,,0,,,,,,,,,,,,
,,,,,,,,,,,,,,,,,,,,,,,,,,,,,,,,,,,,,,,,,,,,,,,,,,,,,,,,,,,,,,,,,,,,,,,,,,,,,,,,,,,,,,,,,,,,,,,,,,,,,,,,,,,,,,,,,,,,,,,,,,,,,,,,,,,,,,,,,,,,,,,,,
UTILIDAD O (PERDIDA) TOTAL,-5940643.451753569,-0.45284729597711193,,-5615913.49450286,-2.89342178750147,,-324729.95725070836,2.440574491524358,,-4440111.268778599,-0.37752742912734416,,-5636055.925990963,-3.8722495869073685,,1195944.6572123645,3.4947221577800245,,-4350605.2658479195,-0.34169053813478995,,-6027399.926119247,-3.052211851337864,,1676794.660271327,2.710521313203074,,-14731359.986380087,-0.3916660288912656,,-5000953.283941539,-0.4175108093557739,,-5833725.201319119,-2.677608472930072,,832771.9173775766,2.260097663574298,,-5129203.914855281,-0.41970895713679474,,-5588221.988906132,-2.520650297673094,,459018.0740508504,2.1009413405362993,,-5351256.559528128,-0.44431846287936383,,-5409278.597857407,-2.1564578337108653,,58022.038329273804,1.7121393708315016,,-15481413.75832495,-0.42716043411652027,,-4325677.859303611,-0.27194411218715475,,-5542399.046966322,-2.925125116241508,,1216721.1876627137,2.6531810040543533,,-4613949.086780028,-0.3927802678394819,,-5557938.953972498,-2.418386576895422,,943989.8671924714,2.02560630905594,,-3959418.9234696613,-0.2885582411308254,,-5748429.296018509,-3.1110752727592548,,1789010.3725488484,2.822517031628429,,-12899045.8695533,-0.31176109136769187,,-4141205.4712227993,-0.2877502599325848,,-5967965.5450478615,-4.085656395865645,,1826760.0738250618,3.7979061359330606,,0,,,0,,,0,,,0,,,0,,,0,,,-4141205.4712227993,-0.2877502599325848,,-47253025.085481144,-0.36454729973839184,,-56927327.97670094,-2.8785076951899975,,9674302.891219797,2.5139603954516057,,-9389952.923742957,-0.0984261183182043,,-33594882.669460066,-0.7101678534965288,,,,,,,,,,,
,,,,,,,,,,,,,,,,,,,,,,,,,,,,,,,,,,,,,,,,,,,,,,,,,,,,,,,,,,,,,-4325677.859303612,,,,,,,,,-4613949.086780027,,,,,,,,,-3959418.9234696534,,,,,,,,,,,,-4141205.471222804,,,,,,,,,,,,,,,,,,,,,,,,,,,,,,,,,,,,,,,,,,,,,,,,,,,,,,
,,,,,,,,,,,,,,,,,,,,,,,,,,,,-14731359.986380087,,,,,,,,,,,,,,,,,,,,,,,,,,,,,,-15481413.758324947,,,,,,,,,,,,,,,,,,,,,,,,,,,,,,-12899045.8695533,,,,,,,,,,,,0,,,,,,,,,0,,,,,,,,,-4141205.4712227993,,,-47253025.08548114,,,-56927327.976700924,,,9674302.89121978,,,,,,15179162.983872624,,,,,,,-3069252.5799999954,,,-1477572.2399999986,,
,,,,,,,,,,,,,,,,,,,,,,,,,,,,,0,,,,,,,,,,,,,,,,,,,,,,,,,,,,,,0,,,,,,,,,,,,,,,,,,,,,,,,,,,,,,0,,,,,,,,,,,,,,,,,,,,,,,,,,,,,,0,,,,,,,,,,,,,,,,,,,,,,,,,,
Manode Obra Directa,391053.1,0.02980945420418965,,,,,,,,360864.65,0.030683083222577713,,,,,,,,389120.51,0.030560988261772504,,,,,,,,1141038.26,0.030337044544453965,,367052.39,0.03064382563159785,,,,,,,,476226.99,0.0389683733872246,,,,,,,,370100,0.030729654106913726,,,,,,,,1213379.38,0.03347934954778405,,397961.21,0.025018785831591877,,,,,,,,532571.21,0.04533718482216313,,,,,,,,446197.5,0.03251839936253667,,,,,,,,1376729.92,0.03327461788401399,,766038,0.05322789104524929,,,,,,,,0,,,,,,,,,0,,,,,,,,,766038,0.05322789104524929,,4497185.56,0.03469485497181887,,,,,,,,1467811.07,0.019655837965591286,,722886.48,0.013664473312346818,,,,,,,,,,,
Semanal,78210.62,,,,,,,,,90216.1625,,,,,,,,,97280.1275,,,,,,,,,87772.17384615385,,,91763.0975,,,,,,,,,95245.398,,,,,,,,,92525,,,,,,,,,93336.87538461537,,,99490.3025,,,,,,,,,106514.242,,,,,,,,,111549.375,,,,,,,,,105902.30153846153,,,153207.6,,,,,,,,,0,,,,,,,,,0,,,,,,,,,153207.6,,,102208.76272727271,,,,,,,,,28227.135961538464,,,16429.238181818182,,,,,,,,,,,,
Mano de Obra Directa Total,430663.1,0.03282887146754328,,,,,,,,386109.65,0.03282957896815427,,,,,,,,427420.51,0.03356901744642249,,,,,,,,1244193.26,0.03307965006408233,,393487.39,0.03285078450897034,,,,,,,,533346.99,0.04364234931596873,,,,,,,,406395,0.033743252582489065,,,,,,,,1333229.38,0.03678622958006375,,450406.21,0.02831586652681299,,,,,,,,580171.21,0.04938931899129136,,,,,,,,498642.5,0.036340535198278096,,,,,,,,1529219.92,0.03696019659296897,,867783,0.0602976079188233,,,,,,,,0,,,,,,,,,0,,,,,,,,,867783,0.0602976079188233,,4974425.56,0.0383766627082003,,,,,,,,2324436.0700000003,0.031127125068824976,,1483971.48,0.028051000047398605,,,,,,,,,,,
Semanal,86132.62,,,,,,,,,96527.4125,,,,,,,,,106855.1275,,,,,,,,,95707.17384615385,,,98371.8475,,,,,,,,,106669.398,,,,,,,,,101598.75,,,,,,,,,102556.10615384615,,,112601.5525,,,,,,,,,116034.242,,,,,,,,,124660.625,,,,,,,,,117632.30153846153,,,173556.6,,,,,,,,,0,,,,,,,,,0,,,,,,,,,173556.6,,,113055.12636363636,,,,,,,,,44700.69365384616,,,33726.62454545454,,,,,,,,,,,,
Mano de Obra Indirecta,627524.67,0.04783536535668487,,,,,,,,609935.23,0.051860700189037844,,,,,,,,555319.79,0.04361405052568412,,,,,,,,1792779.69,0.04766504263750312,,538581.26,0.044964126837278635,,,,,,,,632136.5700000001,0.05172603487147892,,,,,,,,591185.52,0.04908653483549291,,,,,,,,1761903.35,0.04861412604857494,,543151.83,0.034146542344685296,,,,,,,,557975.17,0.04749979520760782,,,,,,,,555419.07,0.040478351249903254,,,,,,,,1656546.07,0.04003758230700405,,626226.05,0.04351310504060743,,,,,,,,0,,,,,,,,,0,,,,,,,,,626226.05,0.04351310504060743,,5837455.16,0.04503475728955595,,,,,,,,7209821.19,0.09654858174051416,,6053851.95,0.11443387128733373,,,,,,,,,,,
Mantenimiento Instalaciones,14113,0.0010758150931004728,,,,,,,,20812.989999999998,0.0017696571395415916,,,,,,,,22579.66,0.0017733753592551935,,,,,,,,57505.65,0.0015289158363609816,,61584.7,0.005141475331012731,,,,,,,,4375,0.00035799447983640665,,,,,,,,14288,0.0011863423341788254,,,,,,,,80247.7,0.002214180365176232,,45925.55,0.00288721983644603,,,,,,,,94599.66,0.008053162072981363,,,,,,,,23252.11,0.0016945890530575196,,,,,,,,163777.32,0.003958385491518833,,27897.809999999998,0.0019384698814955208,,,,,,,,0,,,,,,,,,0,,,,,,,,,27897.809999999998,0.0019384698814955208,,329428.48,0.0025414724797761593,,,,,,,,26736.08,0.00035802976762880383,,8400,0.0001587822970817123,,,,,,,,,,,
Mantenimiento Equipo,14816.35,0.00112943052183513,,,,,,,,53734.22,0.004568836388269951,,,,,,,,23562.25,0.0018505466228725626,,,,,,,,92112.82,0.0024490245607147916,,49203.78,0.004107838814877357,,,,,,,,90970.79000000001,0.007443895004881598,,,,,,,,25957.14,0.0021552389457031467,,,,,,,,166131.71000000002,0.004583876800396174,,25777.02,0.0016205341790891136,,,,,,,,51323.73000000001,0.004369131092859487,,,,,,,,40964.33,0.002985436813426211,,,,,,,,118065.08000000002,0.0028535520041908756,,70156.94,0.0048748312203677775,,,,,,,,0,,,,,,,,,0,,,,,,,,,70156.94,0.0048748312203677775,,446466.55000000005,0.003444396944567776,,,,,,,,289182.1,0.0038725123527985216,,247571.47,0.00467975794029717,,,,,,,,,,,
Combustible,0,0,,,,,,,,8318.289999999999,0.0007072756623280666,,,,,,,,3009.8,0.00023638554151330366,,,,,,,,11328.09,0.00030118251331343043,,7815.04,0.0006524483414042405,,,,,,,,0,0,,,,,,,,66.24,5.499952142777533e-06,,,,,,,,7881.28,0.0002174588857806035,,0,0,,,,,,,,278.33,2.369391813641722e-05,,,,,,,,0,0,,,,,,,,278.33,6.727045196822348e-06,,251.70999999999998,1.748998411958636e-05,,,,,,,,0,,,,,,,,,0,,,,,,,,,251.70999999999998,1.748998411958636e-05,,19739.410000000003,0.00015228545899255075,,,,,,,,0,0,,0,0,,,,,,,,,,,
Fletes,169000,0.012882643713879396,,,,,,,,261574.09,0.022240747527750453,,,,,,,,232644.4,0.01827157036149831,,,,,,,,663218.49,0.017633141305739824,,180650,0.015081790096362405,,,,,,,,269752.41000000003,0.022073113989158198,,,,,,,,314497.77999999997,0.026112964055099292,,,,,,,,764900.1900000001,0.021104990946999972,,375700,0.023619281479541857,,,,,,,,252250,0.02147375723030663,,,,,,,,343778.18,0.02505418822240379,,,,,,,,971728.1799999999,0.023486003614004675,,606284.12,0.042127446787006445,,,,,,,,0,,,,,,,,,0,,,,,,,,,606284.12,0.042127446787006445,,3006130.98,0.023191677769549664,,,,,,,,1430944.99,0.019162154745920156,,1023362.97,0.019344276562495648,,,,,,,,,,,
Gastos de importación,16505.079999999998,0.0012581601485744172,,,,,,,,0,0,,,,,,,,35049.94,0.0027527739540530276,,,,,,,,51555.020000000004,0.0013707050789254125,,0,0,,,,,,,,27719.11,0.0022681801979378604,,,,,,,,39008.259999999995,0.003238882294278731,,,,,,,,66727.37,0.0018411298077558556,,44555.53,0.0028010902436523062,,,,,,,,8755.45,0.000745341556955751,,,,,,,,4551.550000000001,0.0003317121243811402,,,,,,,,57862.53,0.001398497662891133,,15994.89,0.0011113995156907977,,,,,,,,0,,,,,,,,,0,,,,,,,,,15994.89,0.0011113995156907977,,192139.81,0.0014823188310385917,,,,,,,,1007723.45,0.013494685557403945,,872891.01,0.016499957103544752,,,,,,,,,,,
$ MOD / Ventas,33.54640420955619,,,,,,,,,32.59124882417827,,,,,,,,,32.721454929219654,,,,,,,,,32.96300002245321,,,32.63300124540806,,,,,,,,,25.661835819091184,,,,,,,,,32.5418566873818,,,,,,,,,29.86915855616402,,,39.9699652385718,,,,,,,,,22.0569495861408,,,,,,,,,30.751821110606866,,,,,,,,,30.052937151246038,,,18.787142987684692,,,,,,,,,,,,,,,,,,,,,,,,,,,18.787142987684692,,,28.822717397500483,,,,,,,,,50.87547026743705,,,73.18247671473947,,,,,,,,,,,,
$ MOI / Ventas,20.905035271362312,,,,,,,,,19.282423807524623,,,,,,,,,22.928390918681227,,,,,,,,,20.979735769987425,,,22.239951497755428,,,,,,,,,19.332624325151727,,,,,,,,,20.37218563810562,,,,,,,,,20.570152778244044,,,29.28554200029111,,,,,,,,,21.05272234604992,,,,,,,,,24.704563528940422,,,,,,,,,24.976533106622252,,,22.981582193841994,,,,,,,,,,,,,,,,,,,,,,,,,,,22.981582193841994,,,22.20507137565746,,,,,,,,,10.35747995436763,,,8.738671415643056,,,,,,,,,,,,
