UREBLOCK SA DE CV,20.564370967741933,Unnamed: 2,Unnamed: 3,18,Unnamed: 5,Unnamed: 6,Unnamed: 7,Unnamed: 8,Unnamed: 9,20.459935714285706,Unnamed: 11,Unnamed: 12,18.1,Unnamed: 14,Unnamed: 15,Unnamed: 16,Unnamed: 17,Unnamed: 18,20.374246666666668,Unnamed: 20,Unnamed: 21,18.2,Unnamed: 23,Unnamed: 24,Unnamed: 25,Unnamed: 26,Unnamed: 27,T1,Unnamed: 29,Unnamed: 30,20.098163333333336,Unnamed: 32,Unnamed: 33,18.3,Unnamed: 35,Unnamed: 36,Unnamed: 37,Unnamed: 38,Unnamed: 39,19.46746774193548,Unnamed: 41,Unnamed: 42,18.4,Unnamed: 44,Unnamed: 45,Unnamed: 46,Unnamed: 47,Unnamed: 48,19.07029,Unnamed: 50,Unnamed: 51,19,Unnamed: 53,Unnamed: 54,Unnamed: 55,Unnamed: 56,Unnamed: 57,T2,Unnamed: 59,Unnamed: 60,18.68416129032258,Unnamed: 62,Unnamed: 63,19.1,Unnamed: 65,Unnamed: 66,Unnamed: 67,Unnamed: 68,Unnamed: 69,18.72754193548387,Unnamed: 71,Unnamed: 72,19.2,Unnamed: 74,Unnamed: 75,Unnamed: 76,Unnamed: 77,Unnamed: 78,18.525080000000003,Unnamed: 80,Unnamed: 81,19.3,Unnamed: 83,Unnamed: 84,Unnamed: 85,Unnamed: 86,Unnamed: 87,T3,Unnamed: 89,Unnamed: 90,18.4134709677419,Unnamed: 92,Unnamed: 93,19.4,Unnamed: 95,Unnamed: 96,Unnamed: 97,Unnamed: 98,Unnamed: 99,20.29187,Unnamed: 101,Unnamed: 102,19.5,Unnamed: 104,Unnamed: 105,Unnamed: 106,Unnamed: 107,Unnamed: 108,20.26635333333333,Unnamed: 110,Unnamed: 111,19.6,Unnamed: 113,Unnamed: 114,Unnamed: 115,Unnamed: 116,Unnamed: 117,T4,Unnamed: 119,Unnamed: 120,19.419952812634165,Unnamed: 122,Unnamed: 123,19.722482439455383,Unnamed: 125,Unnamed: 126,Unnamed: 127,Unnamed: 128,Unnamed: 129,17.795905103909046,Unnamed: 131,Unnamed: 132,16.94872393510507,Unnamed: 134,Unnamed: 135,Unnamed: 136,Unnamed: 137,Unnamed: 138,Unnamed: 139,Unnamed: 140,Unnamed: 141,Unnamed: 142,Unnamed: 143,Unnamed: 144,Unnamed: 145,Unnamed: 146,Unnamed: 147,Unnamed: 148,Unnamed: 149,Unnamed: 150,Unnamed: 151,Unnamed: 152,Unnamed: 153,Unnamed: 154,Unnamed: 155,Unnamed: 156
ESTADOS DE RESULTADOS 2025,ENE 25,,,ENE 25 PPTO,,,ENE 25 DELTA,,,FEB 25,,,FEB 25 PPTO,,,FEB 25 DELTA,,,MZO 25,,,MZO 25 PPTO,,,MZO 25 DELTA,,,T1,,,ABR 25,,,ABR 25 PPTO,,,ABR 25 DELTA,,,MAY 25,,,MAY 25 PPTO,,,MAY 25 DELTA,,,JUN 25,,,JUN 25 PPTO,,,JUN 25 DELTA,,,T2,,,JUL 25,,,JUL 25 PPTO,,,JUL 25 DELTA,,,AGO 25,,,AGO 25 PPTO,,,AGO 25 DELTA,,,SEP 25,,,SEP 25 PPTO,,,SEP 25 DELTA,,,,,,OCT 25,,,OCT 25 PPTO,,,OCT 25 DELTA,,,NOV 25,,,NOV 25 PPTO,,,NOV 25 DELTA,,,DIC 25,,,DIC 25 PPTO,,,DIC 25 DELTA,,,,,,2025,,,2025 PPTO,,,2025 DELTA,,,2024,,,2024 Ene-Oct,,,,OCT 25,,,,,,,,,,,,,,,,,POR,,
,GUADALAJARA,,,GUADALAJARA,,,GUADALAJARA,,,GUADALAJARA,,,GUADALAJARA,,,GUADALAJARA,,,GUADALAJARA,,,GUADALAJARA,,,GUADALAJARA,,,RESULTADO,,,GUADALAJARA,,,GUADALAJARA,,,GUADALAJARA,,,GUADALAJARA,,,GUADALAJARA,,,GUADALAJARA,,,GUADALAJARA,,,GUADALAJARA,,,GUADALAJARA,,,RESULTADO,,,GUADALAJARA,,,GUADALAJARA,,,GUADALAJARA,,,GUADALAJARA,,,GUADALAJARA,,,GUADALAJARA,,,GUADALAJARA,,,GUADALAJARA,,,GUADALAJARA,,,,,,GUADALAJARA,,,GUADALAJARA,,,GUADALAJARA,,,GUADALAJARA,,,GUADALAJARA,,,GUADALAJARA,,,GUADALAJARA,,,GUADALAJARA,,,GUADALAJARA,,,,,,GUADALAJARA,,,GUADALAJARA,,,GUADALAJARA,,,GUADALAJARA,,,GUADALAJARA,,,,GUADALAJARA,,,GDL ESPUMA,,,GDL CORTE,,,GDL POLIETILENO,,,GDL CARTON,,,GDL ALM VALL,,AREA,,
,,,,,,,,,,,,,,,,,,,,,,,,,,,,,,,,,,,,,,,,,,,,,,,,,,,,,,,,,,,,,,,,,,,,,,,,,,,,,,,,,,,,,,,,,,,,,,,,,,,,,,,,,,,,,,,,,,,,,,,,,,,,,,,,,,,,,,,,,,,,,,,,,,,,,,,,,,,,
TRADICIONAL USD,1928326.7882204668,,,2218179.286244911,,,-289852.4980244443,-0.13067135728019844,,1463198.5724714275,,,2036375.122540662,,,-573176.5500692346,-0.2814690396306339,,1638996.30383062,,,1920157.690919329,,,-281161.38708870905,-0.14642619635791226,,5030521.664522515,0.4530896508634624,,1531401.6420074187,,,2192202.0340806195,,,-660800.3920732008,-0.3014322502215594,,1737289.4404312235,,,2190233.44295716,,,-452944.0025259366,-0.2068017014270364,,1674657.0261910034,,,2057139.9271795745,,,-382482.9009885711,-0.18592945279758935,,4943348.108629646,0.46969295387955207,,1768839.7555804562,,,2549959.711793255,,,-781119.9562127988,-0.30632639119756033,,1781192.1791399866,,,2237669.796419852,,,-456477.6172798653,-0.20399686227619654,,1617084.720821718,,,2077515.1111914022,,,-460430.3903696842,-0.2216255313327849,,5167116.65554216,0.44681821910147035,,2069647.605101879,,,2284103.35499138,,,-214455.74988950114,-0.0938905629733688,,0,,,0,,,0,,,0,,,0,,,0,,,2069647.605101879,0.5112728427450183,,17210634.0337962,,,21763535.478318147,,,-4552901.444521949,-0.20919861338971152,,22748685.785404544,,,19080326.974906214,,,,2069647.605101879,0.5112728427450183,,406517.586668667,1,,1645613.9020766036,0.9575207882399036,,8083.843630609863,0.7101281346317683,,9129.638311782976,0.7719022494164873,,302.63441421567995,0.000159307982191807,,,
AUTOMOTRIZ USD,0,,,0,,,0,,,0,,,0,,,0,,,0,,,0,,,0,,,0,0,,0,,,0,,,0,,,0,,,0,,,0,,,0,,,0,,,0,,,0,0,,0,,,0,,,0,,,0,,,0,,,0,,,0,,,0,,,0,,,0,0,,0,,,0,,,0,,,0,,,0,,,0,,,0,,,0,,,0,,,0,0,,0,,,0,,,0,,,0,,,0,,,,0,0,,0,0,,0,0,,0,0,,0,0,,0,0,,,
EMPAQUE USD,1966739.3536346534,,,2281605.917530702,,,-314866.5638960486,-0.13800216833098727,,1521705.924924356,,,2264385.6236589868,,,-742679.6987346308,-0.32798287136912035,,1832938.3505426953,,,2412259.2377667637,,,-579320.8872240684,-0.2401569773903719,,5321383.629101705,0.4792870424600564,,1845500.6259195488,,,2392601.5430216864,,,-547100.9171021376,-0.22866361459049628,,1584599.3490103013,,,2488950.1783994418,,,-904350.8293891405,-0.36334629645768857,,1832642.9221710835,,,2432164.128826788,,,-599521.2066557046,-0.2464970186633325,,5262742.897100934,0.5000402970878782,,2193285.0874727424,,,2482610.910495676,,,-289325.8230229337,-0.11654094558263546,,1953071.5913495012,,,2512419.43154511,,,-559347.8401956088,-0.22263314523547373,,1937342.121599475,,,2726548.287805178,,,-789206.1662057033,-0.2894524809025113,,6083698.8004217185,0.5260782066219801,,1810741.4559922502,,,2697308.948293717,,,-886567.4923014669,-0.32868592708384337,,0,,,0,,,0,,,0,,,0,,,0,,,1810741.4559922502,0.44731428161937703,,18478566.782616608,,,24690854.207344048,,,-6212287.42472744,-0.25160277455608065,,23697916.901108935,,,20317124.909934875,,,,1810741.4559922502,0.44731428161937703,,0,0,,21773.169257570236,0.012668987642654832,,3299.7972031696354,0.2898718653682317,,2697.815641984415,0.22809775058351267,,1782970.673889526,0.9385629889470453,,,
PROD HOGAR USD,464926.0278856871,,,426436.8721086143,,,38489.15577707277,0.0902575698643374,,209318.23148445878,,,422302,,,-212983.76851554122,-0.5043399475151461,,76557.5049482402,,,417351.553912016,,,-340794.0489637758,-0.8165635080769829,,750801.7643183861,0.0676233066764813,,156174.8164716212,,,425536.9528166935,,,-269362.1363450723,-0.6329935263250901,,73523.70010182416,,,433680.5593194758,,,-360156.85921765165,-0.830465769050851,,88848.04740777408,,,417718.13192027755,,,-328870.08451250347,-0.7873014345838094,,318546.5639812194,0.030266749032569516,,120573.88153498995,,,423686.7093032176,,,-303112.82776822767,-0.7154173617263517,,95390.87436857703,,,432690.6480983629,,,-337299.77372978587,-0.7795402447734623,,97467.69622587325,,,424986.78884380247,,,-327519.0926179292,-0.7706571150340016,,313432.45212944027,0.027103574276549573,,167640.5467175507,,,421065,,,-253424.4532824493,-0.6018653967497876,,0,,,0,,,0,,,0,,,0,,,0,,,167640.5467175507,0.04141287563560468,,1550421.3271465963,,,4245455.21632246,,,-2695033.889175864,-0.6348044560249496,,4799711.977896462,,,4017620.7327148183,,,,167640.5467175507,0.04141287563560468,,0,0,,51232.43258441936,0.02981022411744148,,0,0,,0,0,,116408.11413313134,0.061277703070762975,,,
OTROS INGRESOS USD,0,,,102291.81968713322,,,-102291.81968713322,,,0,,,131315.94286089882,,,-131315.94286089882,,,0,,,65609.64374048707,,,-65609.64374048707,,,0,0,,0,,,82901.76566264135,,,-82901.76566264135,,,0,,,69256.392987216,,,-69256.392987216,,,0,,,129934.83873006009,,,-129934.83873006009,,,0,0,,0,,,,,,0,,,0,,,,,,0,,,0,,,,,,0,,,0,0,,0,,,132093.5666675467,,,-132093.5666675467,,,0,,,0,,,0,,,0,,,0,,,0,,,0,0,,0,,,713403.9703359832,,,-713403.9703359832,,,0,,,0,,,,0,0,,0,0,,0,0,,0,0,,0,0,,0,0,,,
TOTAL VENTAS USD,4359992.169740807,,,5028513.89557136,,,-668521.7258305533,-0.13294618245349263,,3194222.7288802424,,,4854378.689060547,,,-1660155.9601803054,-0.34199144041265345,,3548492.1593215554,,,4815378.1263385955,,,-1266885.9670170404,-0.2630916895368143,,11102707.057942605,,,3533077.084398589,,,5093242.29558164,,,-1560165.211183052,-0.30632063440933993,,3395412.489543349,,,5182120.573663293,,,-1786708.0841199446,-0.344783194200536,,3596147.995769861,,,5036957.0266567,,,-1440809.0308868391,-0.2860475130642879,,10524637.5697118,,,4082698.7245881883,,,5456257.331592149,,,-1373558.6070039603,-0.2517400708084186,,3829654.644858065,,,5182779.8760633245,,,-1353125.23120526,-0.26108097653436335,,3651894.538647066,,,5229050.187840383,,,-1577155.6491933167,-0.301614173231848,,11564247.908093318,,,4048029.60781168,,,5534570.869952644,,,-1486541.2621409642,-0.2685919644125333,,0,,,0,,,0,,,0,,,0,,,0,,,4048029.60781168,,,37239622.1435594,,,51413248.87232064,,,-14173626.728761235,-0.2756804333443299,,51246314.66440994,,,43415072.6175559,,,,4048029.60781168,1,,406517.586668667,1,,1718619.5039185933,1,,11383.640833779498,1,,11827.45395376739,1,,1899681.422436873,1,0,,
,,,,,,,,,,,,,,,,,,,,,,,,,,,,,,,,,,,,,,,,,,,,,,,,,,,,,,,,,,,,,,,,,,,,,,,,,,,,,,,,,,,,,,,,,,,,,,,,,,,,,,,,,,,,,,,,,,,,,,,,,0,,,0,,,,,,0,,,0,,,,,,,,,,,,,,,,,,,,,,,
TRADICIONAL,39654827.42000002,0.44227758058911887,,44363585.72489823,0.4502800020128531,,-4708758.30489821,-0.10614016491132068,,29936948.730000015,0.4580765640548685,,40727502.45081324,0.43115563607093826,,-10790553.720813226,-0.2649451371059401,,33393314.979999997,0.4618852826052133,,38403153.818386585,0.4042634284079903,,-5009838.838386588,-0.13045383881956038,,102985091.13000003,0.4530562272125396,,30778360.329999965,0.4334469940579002,,43844040.68161239,0.4375355369540242,,-13065680.351612423,-0.2980035632776884,,33820626.13999998,0.5116578459263642,,43804668.85914321,0.42837700466112205,,-9984042.719143234,-0.2279218854786365,,31936195.140000034,0.4656807862637739,,41142798.54359149,0.4192236856480928,,-9206603.403591458,-0.22377192921956696,,96535181.60999998,0.4693281484310682,,33049287.290000014,0.4332525799485424,,50999194.2358651,0.46734594005102964,,-17949906.945865087,-0.3519645205147544,,33357351.23,0.46510517117555955,,44753395.928397045,0.43175088464677674,,-11396044.698397044,-0.25464089287503644,,29956623.819999997,0.44280707005871167,,41550302.22382805,0.3973025762924306,,-11593678.403828051,-0.2790275348991173,,96363262.34,0.4468431124355811,,38109396.089999996,0.5112728427450182,,45682067.099827595,0.42278814454296354,,-7572671.009827599,-0.16576900938565844,,0,,,0,,,0,,,0,,,0,,,0,,,38109396.089999996,0.5112728427450182,,333992931.17,0.4618318060876997,,435270709.5663629,0.429262367969615,,-101277778.3963629,-0.2326776789029994,,415923388.66999996,0.44533666515190895,,341528392.1399999,0.44060418967490056,,,38109396.089999996,0.5112728427450182,,7485399.780000001,1,,30301463.810000006,0.9575207882399036,,148851.62,0.7101281346317684,,168108.33,0.7719022494164873,,5572.55,0.00015930798219180702,,|,
AUTOMOTRIZ,0,0,,0,0,,0,,,0,0,,0,0,,0,,,0,0,,0,0,,0,,,0,0,,0,0,,0,0,,0,,,0,0,,0,0,,0,,,0,0,,0,0,,0,,,0,0,,0,0,,0,0,,0,,,0,0,,0,0,,0,,,0,0,,0,0,,0,,,0,0,,0,0,,0,0,,0,,,0,,,0,,,0,,,0,,,0,,,0,,,0,0,,0,0,,0,0,,0,,,0,0,,0,0,,,0,0,,0,0,,0,0,,0,0,,0,0,,0,0,,,
EMPAQUE,40444757.665,0.4510878178369692,,45632118.35061404,0.4631553109836542,,-5187360.685614042,-0.11367784080846291,,31134005.4,0.4763931804648454,,45287712.473179735,0.47943161997604106,,-14153707.073179737,-0.3125286374656666,,37344738.07875001,0.5165400593397786,,48245184.75533527,0.5078688038384694,,-10900446.676585265,-0.22593854147029296,,108923501.14375001,0.479180723554195,,37091173.0115,0.5223493803939168,,47852030.86043373,0.4775327203279668,,-10760857.848933727,-0.224877767054842,,30848136.71075,0.4666883195753972,,49779003.56798884,0.48680154419246197,,-18930866.857238844,-0.38029822817531506,,34949031.992249995,0.5096127646378337,,48643282.57653576,0.4956497109002167,,-13694250.584285766,-0.28152398150225805,,102888341.7145,0.5002155080320185,,40979692.33,0.5372145326971131,,49652218.20991352,0.4550025337187028,,-8672525.879913524,-0.17466542669350418,,36576230.13,0.5099863492839539,,50248388.63090219,0.48476290554972673,,-13672158.50090219,-0.2720914814071066,,35889417.79000001,0.5305033048181098,,54530965.75610357,0.5214232393763374,,-18641547.96610356,-0.34185251824587465,,113445340.25000001,0.526053889186163,,33342035.229999997,0.44731428161937703,,53946178.96587435,0.4992726108545719,,-20604143.735874355,-0.38193889040608914,,0,,,0,,,0,,,0,,,0,,,0,,,33342035.229999997,0.44731428161937703,,358599218.33825004,0.4958563766204255,,493817084.146881,0.4870005865910947,,-135217865.80863094,-0.27382176548677634,,431127878.09999996,0.4616163858950624,,362568548.59,0.4677479976177707,,,33342035.229999997,0.44731428161937703,,0,0,,400919.62000000005,0.012668987642654832,,60760.72000000001,0.28987186536823173,,49676.15,0.22809775058351267,,32830678.74,0.9385629889470452,,,
PROD HOGAR,9560911.31,0.10663460157391201,,8528737.442172285,0.08656468700349271,,1032173.8678277154,0.12102305585395284,,4282637.5600000005,0.06553025548028606,,8446040,0.0894127439530207,,-4163402.4399999995,-0.4929413595010205,,1559801.4899999998,0.021574658055008192,,8347031.07824032,0.08786776775354027,,-6787229.58824032,-0.813130983294622,,15403350.360000001,0.06776304923326538,,3138826.9699999997,0.04420362554818295,,8510739.05633387,0.08493174271800903,,-5371912.08633387,-0.631192197384548,,1431320.26,0.021653834498238655,,8673611.186389515,0.0848214511464159,,-7242290.926389515,-0.8349798913921801,,1694358.03,0.024706449098392445,,8354362.638405551,0.08512660345169044,,-6660004.608405551,-0.7971888337464638,,6264505.26,0.030456343536913427,,2252821.85,0.029532887354344756,,8473734.186064351,0.0776515262302676,,-6220912.336064352,-0.7341406043034814,,1786436.6,0.024908479540486722,,8653812.961967258,0.08348620980349661,,-6867376.361967258,-0.7935665344454254,,1805596.87,0.02668962512317854,,8499735.77687605,0.08127418433123196,,-6694138.906876049,-0.7875702354287041,,5844855.32,0.027102998378255867,,3086844.34,0.04141287563560469,,8421300,0.0779392446024645,,-5334455.66,-0.6334480020899387,,0,,,0,,,0,,,0,,,0,,,0,,,3086844.34,0.04141287563560469,,30599555.28000001,0.04231181729187496,,84909104.3264492,0.08373704543929031,,-54309549.04644919,-0.6396198555769215,,86901450.83999999,0.09304694895302858,,71039565.33,0.09164781270732865,,,3086844.34,,,0,,,943366.91,,,0,,,0,,,2143477.4299999997,,,,
OTROS INGRESOS,,0,,,0,,0,,,,0,,,0,,0,,,,0,,,0,,0,,,0,0,,,0,,,0,,0,,,,0,,,0,,0,,,,0,,,0,,0,,,0,0,,,0,,,0,,0,,,,0,,,0,,0,,,,0,,,0,,0,,,0,0,,,0,,,0,,0,,,0,,,0,,,0,,,0,,,0,,,0,,,0,0,,0,0,,0,0,,0,,,0,0,,0,0,,,0,0,,0,0,,0,0,,0,0,,0,0,,0,0,,,
TOTAL VENTAS,89660496.39500001,,,98524441.51768455,1,,-8863945.122684537,-0.08996696643130439,,65353591.69000001,,,94461254.92399298,1,,-29107663.233992964,-0.3081439396228016,,72297854.54875,,,94995369.65196218,1,,-22697515.10321217,-0.2389328573210447,,227311942.63375005,,,71008360.31149997,,,100206810.59837998,1,,-29198450.28688002,-0.2913818942297726,,66100083.110749975,,,102257283.61352158,1,,-36157200.50277159,-0.35359046539341576,,68579585.16225003,,,98140443.7585328,1,,-29560858.596282773,-0.30120975068153405,,205688028.58449996,,,76281801.47,,,109125146.63184297,1,,-32843345.161842965,-0.30096953979495694,,71720017.96,,,103655597.52126649,1,,-31935579.561266493,-0.30809315005602506,,67651638.48,,,104581003.75680767,1,,-36929365.27680766,-0.3531173344126921,,215653457.91000003,,,74538275.66,,,108049546.06570195,1,,-33511270.405701954,-0.31014725767866413,,0,,,0,,,0,,,0,,,0,,,0,,,74538275.66,,,723191704.78825,1,,1013996898.0396931,,,-290805193.251443,-0.28679100874336155,,933952717.61,1,,775136506.06,1,,,74538275.66,1,,7485399.780000001,1,,31645750.340000007,1,,209612.34,1,,217784.47999999998,1,,34979728.72,1,0,,
,,,,,,,,,,,,,,,,,,,,,,,,,,,,,,,,,,,,,,,,,,,,,,,,,,,,,,,,,,,,,,,,,,,,,,,,,,,,,,,,,,,,,,,,,,,,,,,,,,,,,,,,,,,,,,,,,,,,,,,,,,,,,,,,,,,,,,,,,,,,,,,,,,,,,,,,,,,,
(+)TRANSFERENCIAS ENVIADAS,13007598.380000003,0.12669562446353483,,17036407.292346597,,,-4028808.912346594,-0.23648230775490373,,10953454.929999992,0.143544474792045,,16446444.06192422,,,-5492989.131924227,-0.3339925099457367,,16485367.850000005,0.1856811163708348,,16314311.689426042,,,171056.16057396308,0.010485036931397566,,40446421.16,0.15105567791396882,,11942326.589999994,0.14396898972254377,,17255704.56562812,0.14690392540577463,,-5313377.975628125,-0.3079200826265835,,14355748.979999993,0.17843018469820138,,17556820.675931614,0.14653383906720135,,-3201071.695931621,-0.18232638784765415,,11609243.18,0.14477382223931687,,17065012.28837121,0.1481267717166405,,-5455769.108371209,-0.3197049621868126,,37907318.749999985,0.15561593915809263,,12592152.079999998,0.14168551726367976,,19102291.889523998,0.14897195256958143,,-6510139.809524,-0.3408041216820828,,10695077.200000003,0.1297708530122627,,17898669.22964358,0.14724838303143786,,-7203592.029643577,-0.4024652300805172,,11379670.379999995,0.1439893953946595,,17907316.084081195,0.14619611165654509,,-6527645.7040812,-0.3645239562105002,,34666899.66,0.13849013318984926,,16336762.750000011,0.17977172869290686,,18750908.416880637,0.1478772966027206,,-2414145.666880626,-0.1287481978583648,,,,,,,,0,,,,,,,,,0,,,16336762.750000011,0.17977172869290686,,129357402.32000001,0.15173014814215882,,175333886.1937572,0.14742230548313245,,-45976483.8737572,-0.2622224652167334,,166465895.1,0.15001034262894822,,143460654.57999998,0.15466688014094213,,,16336762.750000011,,,33684532.3900001,,,8880670.43,,,16738264.860000016,,,8447305.600000001,,,4592788.880000001,,-56006799.41000011,,
(+)P.T. PENDIENTE TRANSFERIR,0,,,0,,,0,,,0,,,0,,,0,,,0,,,0,,,0,,,0,,,0,,,,,,0,,,0,,,,,,0,,,0,,,,,,0,,,0,,,0,,,,,,0,,,0,,,,,,0,,,0,,,,,,0,,,0,,,0,,,,,,0,,,0,,,0,,,0,,,0,,,0,,,0,,,0,,,0,,,0,,,0,,,-1637339.89,,,-1637339.89,,,,0,,,0,,,0,,,0,,,0,,,0,,,,
,,,,,,,,,,,,,,,,,,,,,,,,,,,,,,,,,,,,,,,,,,,,,,,,,,,,,,,,,,,,,,,,,,,,,,,,,,,,,,,,,,,,,,,,,,,,,,,,,,,,,,,,,,,,,,,,,,,,,,,,,,,,,,,,,,,,,,,,,,,,,,,,,,,,,,,,,,,,
TOTAL VENTAS C/TRANSFERENC,102668094.775,,,115560848.81003115,,,-12892754.03503113,-0.11156679937705681,,76307046.62,,,110907698.9859172,,,-34600652.36591719,-0.31197701045362686,,88783222.39875,,,111309681.34138823,,,-22526458.942638207,-0.2023764570266739,,267758363.79375005,,,82950686.90149996,,,117462515.16400811,,,-34511828.26250815,-0.2938114190243645,,80455832.09074996,,,119814104.2894532,,,-39358272.198703215,-0.32849448261633246,,80188828.34225002,,,115205456.04690401,,,-35016627.70465398,-0.30394938665402743,,243595347.33449996,,,88873953.55,,,128227438.52136697,,,-39353484.971366964,-0.30690377523847495,,82415095.16,,,121554266.75091007,,,-39139171.59091007,-0.32198928624294504,,79031308.86,,,122488319.84088886,,,-43457010.98088886,-0.35478493816666845,,250320357.57000002,,,90875038.41000001,,,126800454.48258258,,,-35925416.07258258,-0.28332245510616305,,0,,,0,,,0,,,0,,,0,,,0,,,90875038.41000001,,,852549107.10825,1,,1189330784.2334504,,,-336781677.1252002,-0.28316905741430337,,1098781272.82,1,,916959820.7499999,1,,,90875038.41000001,1,,41169932.1700001,1,,40526420.77000001,1,,16947877.200000018,1,,8665090.080000002,1,,39572517.6,1,,,
,0.22338167999250053,,,0.2557753970532641,,,,-0.12664907349950358,,,,,0.25840683596850783,,,,,,0.2091977795428027,,,0.24152530888199633,,,,-0.13384737810225975,,0.1869463321454706,,,0.20752337496629172,,,,,,,,,0.19779333371183516,,,,,,,,,0.2049546627289645,,,,,,,,,0.1869463321454706,,,0.2132704268709849,,,,,,,,,0.22963576907892444,,,,,,,,,0.14952681945648527,,,,,,,,,0.1869463321454706,,,0.14389590071133504,,,,,,,,,,,,,,,,,,,,,,,,,,,0.1869463321454706,,,,,,,,,,,,,,,,,,,,,,,,,,,,,,,,,,,,,,
INVENTARIO INICIAL,107099935.78,,,,,,,,,100019860.49,,,,,,,,,101678030.46000001,,,,,,,,,107099935.78,,,97514493.24,,,,,,,,,95038115.82,,,,,,,,,85539694.87,,,,,,,,,97514493.24,,,98261859.64,,,,,,,,,98157724.07999998,,,,,,,,,103572637.72,,,,,,,,,98261859.64,,,106033218.42,,,,,,,,,0,,,,,,,,,0,,,,,,,,,106033218.42,,,,,,,,,,,,,,,,,,,,,,,,,,,,,,,,,,,,,,
(+) COMPRAS,49795979.09,,,,,,,,,44494516.75,,,,,,,,,47116711.81999999,,,,,,,,,141407207.66,,,47871154.81,,,,,,,,,38565780.49,,,,,,,,,59030120.53,,,,,,,,,145467055.83,,,54646474.879999995,,,,,,,,,55547471.27,,,,,,,,,51993297.94,,,,,,,,,162187244.09,,,62877543.81,,,,,,,,,0,,,,,,,,,0,,,,,,,,,62877543.81,,,,,,,,,,,,,,,,,,,,,,,,,,,,,,,,,,,,,,
(+)TRANSFERENCIAS RECIBIDAS,4453715.36,,,,,,,,,2811851.29,,,,,,,,,3493562.7200000007,,,,,,,,,10759129.370000001,,,2586226.020000001,,,,,,,,,2541376.09,,,,,,,,,3028227.75,,,,,,,,,8155829.860000001,,,3980514.0200000005,,,,,,,,,2532844.3199999994,,,,,,,,,2277558.74,,,,,,,,,8790917.08,,,3932199.3899999987,,,,,,,,,,,,,,,,,,,,,,,,,,,3932199.3899999987,,,,,,,,,,,,,,,,,,,,,,,,,,,,,,,,,,,,,,
(--) INVENTARIO FINAL,100019860.49,,,,,,,,,101678421.22,,,,,,,,,97519006.91999999,,,,,,,,,97519006.91999999,,,95038176.00999999,,,,,,,,,85539694.87,,,,,,,,,98261451.99000001,,,,,,,,,98261451.99000001,,,98157724.11999999,,,,,,,,,103573642.47999999,,,,,,,,,106032190.05,,,,,,,,,106032190.05,,,113105028.26999998,,,,,,,,,0,,,,,,,,,0,,,,,,,,,0,,,,,,,,,,,,,,,,,,,,,,,,,,,,,,,,,,,,,,
MATERIALES,61329769.74000001,0.5973595777189195,,71152044.54828316,0.6157106431889317,,-9822274.80828315,-0.018351065470012196,,45647807.31000001,0.5982122141002344,,68688080.79509678,0.6193265338939061,,-23040273.485096775,-0.021114319793671732,,54769298.08000001,0.6168879276989514,,68136233.90079977,0.6121321441198369,,-13366935.820799753,0.0047557835791145475,,161746875.13000003,0.604077769367425,,52933698.060000025,0.6381345355567255,,72067933.03874286,0.6135398423753939,,-19134234.97874283,0.02459469318133156,,50605577.53,0.6289858201071062,,73325535.4502645,0.611994187872246,,-22719957.920264497,0.01699163223486022,,49336591.16,0.6152551693289358,,71271512.45701066,0.6186470233492555,,-21934921.29701066,-0.003391854020319718,,152875866.75000003,0.62758122608998,,58731124.419999994,0.6608361851142156,,79780149.66267619,0.622176895855111,,-21049025.24267619,0.03865928925910456,,52664397.190000005,0.6390139705324343,,74753255.69110465,0.6149784593270559,,-22088858.501104645,0.02403551120537839,,51811304.35,0.655579479795547,,74789369.01955414,0.6105836794618851,,-22978064.669554137,0.044995800333661906,,163206825.96,0.6519918217772622,,59737933.35000004,0.6573635004200052,,78312607.11863978,0.6176050980116705,,-18574673.768639743,0.039758402408334725,,0,,,,,,0,,,0,,,,,,0,,,59737933.35000004,0.6573635004200052,,537567501.1900002,0.6305413925226762,,732276721.6821725,0.6157048412348469,,-194709220.49217236,0.014836551287829236,,674666202.16,0.6140131970291801,,569728786.96,0.6213236109887644,,,59737933.35000004,0.6573635004200052,,32302756.81,0.7846201124795276,,27118347.80000009,0.6691523032321337,,15004847.86,0.8853526422766377,,7234405.38,0.8348909605334418,,34084374.91000003,0.8613142902487466,-56006799.410000086,,0
(+) VARIACION EN COMPRAS,2795405.24,0.027227594377067274,,0,0,,2795405.24,,,1725797.42,0.022616488207101833,,0,0,,1725797.42,,,1285699.77,0.01448133707318672,,0,0,,1285699.77,,,5806902.43,0.02168710006934821,,891805.8,0.010751035745598799,,0,0,,891805.8,,,-479019.01,-0.005953813384959982,,0,0,,-479019.01,,,-1337138.6199999999,-0.01667487413948766,,0,0,,-1337138.6199999999,,,-924351.8299999998,-0.003794620217974441,,-3069578.3500000006,-0.03453855969480499,,0,0,,-3069578.3500000006,,,-3469464.53,-0.04209744007774801,,0,0,,-3469464.53,,,-3813392.1500000004,-0.04825166386596524,,0,0,,-3813392.1500000004,,,-10352435.030000001,-0.04135674433552624,,-5188788.39,-0.057098059937975426,,0,0,,-5188788.39,,,0,,,0,,,0,,,0,,,0,,,0,,,-5188788.39,-0.057098059937975426,,-10658672.82,-0.01250212184979351,,0,0,,-10658672.82,,,2309480.699999998,0.002101856627090815,,-5699097.750000002,-0.0062152098936446255,,,-5188788.39,-0.057098059937975426,,-2650668.01,-0.06438358943742689,,-148270.96,-0.0036586246005163793,,-917997.76,-0.054165943567256854,,-163512.95,-0.018870311617118236,,-1308338.71,-0.033061801203166305,,,
(+) VARIACION STD,0,0,,0,0,,0,,,390.76,0,,0,0,,390.76,,,4513.68,0,,0,0,,4513.68,,,4904.4400000000005,0,,60.19,0,,0,0,,60.19,,,0,0,,0,0,,0,,,-407.65,0,,0,0,,-407.65,,,-347.46,0,,0.04,0,,0,0,,0.04,,,1004.76,0,,0,0,,1004.76,,,-1028.37,0,,0,0,,-1028.37,,,-23.5699999999999,0,,-137375.5,-0.001511696747573347,,0,0,,-137375.5,,,0,,,0,,,0,,,0,,,0,,,0,,,-137375.5,-0.001511696747573347,,-132842.09,0,,0,0,,-132842.09,,,-8273855.149999999,-0.007530029273947596,,-142303.63999999998,0,,,-137375.5,-0.001511696747573347,,0,0,,0,0,,-137375.5,-0.008105764419864917,,0,0,,0,0,,,
FLETES MERCANCIAS,139057.73,0.0013544395686386204,,502851.3895571361,0.004351399238887267,,-363793.6595571361,-0.002996959670248647,,211563.76,0.002772532411764831,,485437.86890605476,0.004376953749330734,,-273874.10890605475,-0.0016044213375659032,,163251.72999999998,0.0018387677940635146,,481537.8126338596,0.004326108985587488,,-318286.0826338596,-0.0024873411915239734,,513873.22,0.0019191677627513,,0,0,,509324.2295581641,0.004336057582685127,,-509324.2295581641,,,131022.4,0.0016285009625183367,,518212.0573663294,0.004325134010219745,,-387189.65736632945,-0.0026966330477014083,,280307.32999999996,0.0034955907923187746,,503695.7026656701,0.0043721514583527936,,-223388.37266567012,,,411329.73,0.001688577940838791,,161862.47,0.0018212588000705637,,563828.620409208,0.004397098054136481,,-401966.150409208,-0.0025758392540659175,,135441.15000000002,0.0016434022157840826,,528302.1554311593,0.004346224690851537,,-392861.0054311593,-0.002702822475067454,,157771.2,0.0019963126294603546,,528557.3784188845,0.004315165552972523,,-370786.17841888446,-0.0023188529235121684,,455074.82000000007,0.0018179696786057129,,6652.940000000002,0,,553457.0869952644,0.004364787880719211,,-546804.1469952643,-0.004364787880719211,,0,,,0,,,0,,,0,,,0,,,0,,,6652.940000000002,0,,1386930.7099999997,0.0016268044836787309,,5175204.30194173,0.004351358234855799,,-3788273.59194173,-0.0027245537511770687,,2991356.32,0.0027224311098083646,,2242132.4,0.002445180638521451,,,6652.940000000002,7.32097627291666e-05,,-82926.41,-0.0020142469425885336,,18764.22,0.0004630120213796516,,0,0,,0,0,,70815.13,0.001789502773510675,,,
FLETES INTERPLANTAS,95500,0,,905132.5012028449,0.00783251862999708,,-809632.5012028449,-0.00783251862999708,,124947.36,0.001637428855322143,,873788.1640308985,0.007878516748795321,,-748840.8040308985,-0.0062410878934731785,,214095.77000000002,0.0024114440117800266,,866768.0627409471,0.007786996174057478,,-652672.2927409471,-0.005375552162277451,,434543.13,0.0016228928345809641,,0,0,,916783.6132046953,0.007804903648833228,,-916783.6132046953,,,113000,0.0014044973131660849,,932781.7032593929,0.00778524121839554,,-819781.7032593929,-0.006380743905229455,,158672.18,0.001978731742067349,,906652.264798206,0.007869872625035029,,-747980.0847982061,-0.0058911408829676794,,271672.18,0.0011152601351902896,,219207.47,0.0024664984648924736,,1014891.5167365742,0.007914776497445665,,-795684.0467365743,-0.005448278032553191,,111462.24,0.0013524493271967729,,950943.8797760869,0.007823204443532766,,-839481.6397760869,-0.006470755116335994,,103126.73999999999,0.0013048846272138025,,951403.2811539919,0.007767297995350541,,-848276.541153992,-0.006462413368136738,,433796.44999999995,0.001732965126013342,,260376.75,0.0028652174959779473,,996222.7565914758,0.00785661818529458,,-735846.0065914758,-0.0049914006893166316,,0,,,0,,,0,,,0,,,0,,,0,,,260376.75,0.0028652174959779473,,1400388.51,0.0016425898500438986,,9315367.743495114,0.00783244482274044,,-7914979.233495114,-0.00618985497269654,,1709979.1700000002,0.0015562507409790241,,1382022.2400000002,0.0015071786230171093,,,260376.75,0.0028652174959779473,,76000,0.0018460074135215612,,171507.32,0.004231987842532583,,0,0,,0,0,,12869.43,0.0003252113027046831,,,
GASTOS DE IMPORTACION MERCANCIAS,226730.97,0.002208387819963809,,402281.1116457089,0.003481119391109814,,-175550.1416457089,-0.001272731571146005,,130464.64,0.0017097325316454502,,388350.29512484383,0.0035015629994645876,,-257885.65512484382,-0.0017918304678191375,,111562.52,0.001256572097585531,,385230.25010708766,0.0034608871884699906,,-273667.73010708764,-0.0022043150908844598,,468758.13,0.0017506759578239611,,164934.51,0.001988344113362822,,407459.38364653126,0.0034688460661481016,,-242524.87364653125,-0.0014805019527852794,,88899.62000000001,0.0011049493578007608,,414569.64589306357,0.003460107208175796,,-325670.0258930636,-0.0023551578503750352,,275076.18,0.0034303553959656426,,402956.5621325361,0.0034977211666822354,,-127880.38213253609,,,528910.31,0.002171266059830411,,132508.18000000002,0.0014909675411868748,,451062.8963273664,0.003517678443309185,,-318554.7163273664,-0.00202671090212231,,164240.12000000002,0.0019928402640456287,,422641.7243449275,0.0034769797526812297,,-258401.6043449275,-0.001484139488635601,,9639.459999999995,0,,422845.9027351076,0.003452132442378019,,-413206.44273510756,-0.003452132442378019,,306387.76,0.0012239825916448733,,146637.46000000002,0.001613616484412554,,442765.6695962115,0.003491830304575369,,-296128.2095962115,-0.001878213820162815,,0,,,0,,,0,,,0,,,0,,,0,,,146637.46000000002,0.001613616484412554,,1450693.66,0.0017015954247146987,,4140163.4415533845,0.00348108658788464,,-2689469.781553385,-0.0017794911631699411,,2994502.46,0.0027252944094275197,,2311925.8000000003,0.002521294551498483,,,146637.46000000002,0.001613616484412554,,88228.55,0.0021430336497928653,,58408.91,0.0014412550847134678,,0,0,,0,0,,0,0,,,
(+) GTOS S/COMPRA,461288.7,0.004493009254831573,,1810265.00240569,0.01566503725999416,,-1348976.3024056898,-0.01117202800516259,,466975.76,0.006119693798732424,,1747576.3280617972,0.015757033497590646,,-1280600.568061797,-0.009637339698858223,,488910.02,0.005506783903429072,,1733536.1254818942,0.015573992348114955,,-1244626.1054818942,-0.010067208444685883,,1417174.48,0.005292736555156225,,164934.51,0.001988344113362822,,1833567.2264093906,0.015609807297666456,,-1668632.7164093906,-0.013621463184303633,,332922.02,0.004137947633485182,,1865563.406518786,0.015570482436791083,,-1532641.386518786,-0.0114325348033059,,714055.69,0.008904677930351766,,1813304.529596412,0.015739745250070058,,-1099248.8395964124,-0.006835067319718292,,1211912.22,0.004975104135859491,,513578.12,0.005778724806149911,,2029783.0334731487,0.015829552994891333,,-1516204.9134731488,-0.010050828188741421,,411143.51,0.004988691807026484,,1901887.7595521738,0.015646408887065533,,-1490744.2495521738,-0.010657717080039049,,270537.4,0.003423167399128407,,1902806.562307984,0.015534595990701084,,-1632269.162307984,-0.012111428591572677,,1195259.03,0.004774917396263928,,413667.15,0.004552043743119668,,1992445.5131829516,0.01571323637058916,,-1578778.3631829517,-0.01116119262746949,,0,,,0,,,0,,,0,,,0,,,0,,,413667.15,0.004552043743119668,,4238012.88,0.004970989758437329,,18630735.48699023,0.01566488964548088,,-14392722.60699023,-0.01069389988704355,,7695837.95,0.007003976260214908,,5936080.44,0.006473653813037043,,,413667.15,0.004552043743119668,,81302.14,0.001974794120725893,,248680.45,0.006136254948625702,,0,0,,0,0,,83684.56,0.002114714076215358,,,
TOTAL COSTO MATERIALES,64586463.680000015,0.6290801813508184,,72962309.55068885,0.6313756804489258,,-8375845.87068884,-0.002295499098107334,,47840971.25000001,0.6269535169961739,,70435657.12315859,0.6350835673914969,,-22594685.873158567,-0.008130050395322996,,56548421.55000002,0.636926888010726,,69869770.02628165,0.6277061364679517,,-13321348.476281649,0.009220751542774241,,168975856.48000002,0.6310759226559937,,53990498.56000002,0.6508746410275204,,73901500.26515225,0.6291496496730604,,-19911001.705152217,0.021724991354459933,,50459480.54000001,0.6271699543556315,,75191098.85678329,0.6275646703090372,,-24731618.316783287,,,48713100.58,0.6074798894939578,,73084816.98660707,0.6343867685993256,,-24371716.406607073,-0.02690687910536782,,153163079.68,0.6287602836259418,,56175124.22999999,0.6320763506756361,,81809932.69614933,0.6380064488500024,,-25634808.46614934,-0.005930098174366294,,49607080.93,0.6019174137176353,,76655143.45065683,0.6306248682141214,,-27048062.52065682,-0.02870745449648615,,48267421.230000004,0.610737971143858,,76692175.58186212,0.6261182754525861,,-28424754.35186212,-0.015380304308728165,,154049626.39000002,0.6154099006786585,,54825436.61000004,0.6033057874775761,,80305052.63182274,0.6333183343822597,,-25479616.021822695,-0.03001254690468358,,0,,,0,,,0,,,0,,,0,,,0,,,54825436.61000004,0.6033057874775761,,531013999.1600002,0.6228544429084437,,750907457.1691628,0.6313697308803278,,-219893458.00916258,-0.008515287971884056,,676397665.6600001,0.6155890006425384,,569823466.0100001,0.6214268642042898,,,54825436.61000004,0.6033057874775761,,29733390.939999998,0.7222113171628266,,27218757.29000009,0.671629933580243,,13949474.6,0.8230809342895159,,7070892.43,0.8160206489163235,,32859720.76000003,0.8303672031217956,,,
,,,,,,,,,,,,,,,,,,,,,,,,,,,,,,,,,,,,,,,,,,,,,,,,,,,,,,,,,,,,,,,,,,,,,,,,,,,,,,,,,,,,,,,,,,,,,,,,,,,,,,,,,,,,,,,,,,,,,,,,,,,,,,,,,,,,,,,,,,,,,,,,,,,,,,,,,,,,
MANO DE OBRA,7251339.330000001,0.0706289460800019,,5102978.999685001,0.04415837242657949,,2148360.3303150004,0.026470573653422418,,6513582.529999999,0.0853601707642659,,4847830.04970075,0.043710491643292645,,1665752.4802992493,0.041649679120973254,,6619340.28,0.0745562066926419,,4847830.04970075,0.04355263613442925,,1771510.2302992502,0.03100357055821265,,20384262.14,0.0761293199255642,,6652376.82,0.0801967659158674,,5187178.153179804,0.044160285057213006,,1465198.6668201964,0.03603648085865439,,8234322.7299999995,0.10234587743387098,,6483972.691474754,0.05411693998738607,,1750350.0385252452,0.04822893744648491,,6740227.009999999,0.08405443936943892,,5290921.716243399,0.04592596477452671,,1449305.2937565995,0.038128474594912205,,21626926.56,0.08878218240474997,,7107575.41,0.07997366074191037,,5449649.367730701,0.04249986922122451,,1657926.0422692988,0.03747379152068586,,8738848.57,0.10603456263727501,,6812061.709663377,0.05604132122834245,,1926786.8603366232,0.04999324140893256,,6777711.029999999,0.08575982262936294,,5449649.367730701,0.0444911757693284,,1328061.662269298,0.041268646860034536,,22624135.009999998,0.09038072344425022,,8379614.010000001,0.0922102940104826,,7016423.560953276,0.055334372337892984,,1363190.4490467245,0.036875921672589615,,0,,,0,,,0,,,0,,,0,,,0,,,8379614.010000001,0.0922102940104826,,73014937.72,0.08564308743182947,,56488495.666062504,0.04749603425296905,,16526442.053937495,0.03814705317886042,,68512526.4,0.06235319812483152,,56296560.29,0.06139479507832078,,87617925.264,8379614.010000001,0.0922102940104826,,185216.7,0.004498834227736829,,4338913.37,0.10706381880168192,,2036948.12,0.12018898272404274,,1316331.35,0.15191202143855842,,502204.47,0.012690738433078616,0,,
,,,,,,,,,,,,,,,,,,,,,,,,,,,,,,,,,,,,,,,,,,,,,,,,,,,,,,,,,,,,,,,,,,,,,,,,,,,,,,,,,,,,,,,,,,,,,,,,,,,,,,,,,,,,,,,,,,,,,,,,,,,,,,,,,,,,,0,,,,,,,,,,,,,,,,,,,,,,,
GASTOS DE FABRICACION:,,,,,,,,,,,,,,,,,,,,,,,,,,,,,,,,,,,,,,,,,,,,,,,,,,,,,,,,,,,,,,,,,,,,,,,,,,,,,,,,,,,,,,,,,,,,,,,,,,,,,,,,,,,,,,,,,,,,,,,,,,,,,,,,,,,,,0,,,,,,,,,,,,,,,,,,,,,,,
MANO DE OBRA INDIRECTA,4377125.97,0.04263375082193347,,3991053.3029135996,0.03453637926694737,,386072.6670864001,0.008097371554986098,,3891598.66,0.05099920429865013,,3724985.743421562,0.03358635854391454,,166612.91657843813,0.01741284575473559,,3778141.5100000002,0.04255467877738568,,3724985.743421562,0.033465065199467986,,53155.766578438226,0.009089613577917696,,12046866.14,0.04499155869237201,,3630046.88,0.0437615047637943,,3911235.0305926404,0.03329772928096715,,-281188.1505926405,0.010463775482827148,,4243912.12,0.05274834663586711,,4237168.023779501,0.03536451779953326,,6744.096220498905,0.017383828836333853,,3684070.45,0.04594244018975061,,3911235.0305926404,0.033950085046321465,,-227164.5805926402,0.011992355143429147,,11558029.45,0.04744766095277164,,3717019.6899999995,0.04182349880394175,,4067684.431816346,0.03172241821814552,,-350664.74181634653,0.01010108058579623,,4214780.02,0.051140874275731406,,4406654.744730681,0.03625257148530073,,-191874.72473068163,0.014888302790430678,,3599697.0200000005,0.045547733827573114,,4067684.431816346,0.03320875359463032,,-467987.4118163455,0.012338980232942796,,11531496.73,0.04606695532853461,,4295805.539999999,0.047271567805216824,,4406654.744730681,0.03475267310919602,,-110849.20473068208,0.012518894696020806,,0,,,0,,,0,,,0,,,0,,,0,,,4295805.539999999,0.047271567805216824,,39432197.86,0.04625211325802633,,40449341.22781556,0.03401016921788167,,-1017143.3678155616,0.012241944040144656,,48580380.54,0.04421296735001629,,40285663.83,0.043933946633615356,,,4295805.539999999,0.047271567805216824,,556508.08,0.013517342649534868,,1940332.07,0.04787819978013814,,574133.88,0.03387644796010201,,468558.07,0.05407422954338172,,756273.44,0.019111077229011075,,,
MANTENIMIENTO INSTALACIONES,17563.48,0,,96315.48000000001,0,,-78752.00000000001,,,104237.91,0.0013660325568501212,,118512.33,0.0010685672057360817,,-14274.419999999998,,,70099.95,0,,73704.01999999999,0,,-3604.0699999999924,,,191901.34,0,,48911.78,0,,91215.27,0,,-42303.490000000005,,,41435.55,0,,80152.03,0,,-38716.479999999996,,,93785.95,0.0011695637901044864,,105164.4,0,,-11378.449999999997,0.0011695637901044864,,184133.28,0,,167521.08,0.0018849288605772843,,156390.31,0.001219632177039395,,11130.76999999999,,,93073.23999999999,0.0011293227268537197,,128175.98,0.001054475366649689,,-35102.740000000005,,,27182.5,0,,151167.39,0.0012341371830094901,,-123984.89000000001,-0.0012341371830094901,,287776.81999999995,0.0011496341040481517,,96646.43999999999,0.0010635092066092033,,124334.4,0,,-27687.960000000006,0.0010635092066092033,,0,,,0,,,0,,,0,,,0,,,0,,,96646.43999999999,0.0010635092066092033,,760457.8799999999,0,,1125131.61,0,,-364673.7300000002,,,1102203.5400000003,0.001003114602755485,,1063701.1100000003,0.0011600302280747458,,,96646.43999999999,0.0010635092066092033,,3200,7.772662793774994e-05,,32610,0.0008046602532474272,,3806.21,0.00022458328881448328,,44210,0.005102081985511222,,12820.23,0.00032396801562102276,,,
MANTENIMIENTO ACTIVO FIJO,539467.5,0.005254480480837383,,715704.6400000001,0.006193314148951406,,-176237.14000000013,-0.0009388336681140233,,610739.2899999999,0.008003707613549883,,623586.8499999999,0.005622574949275446,,-12847.55999999994,0.002381132664274437,,362631.4199999999,0.004084458867367102,,618680.9600000001,0.0055581954107163205,,-256049.54000000015,-0.0014737365433492187,,1512838.21,0.005650012901801696,,264720.5,0.0031912996731943057,,595713.47,0.00507151978797857,,-330992.97,-0.0018802201147842638,,280758.26,0.0034895948833556204,,676427.17,0.005645638917149953,,-395668.91000000003,-0.0021560440337943325,,349457.24,0.004357929243067359,,544274.29,0.0047243794580215685,,-194817.05000000005,,,894936,0.003673863272811582,,766853.7100000002,0.008628554029258668,,526432.81,0.004105461483676747,,240420.90000000014,0.004523092545581922,,533478.4799999999,0.006473067572928346,,521156.07,0.0042874354305304395,,12322.409999999858,0.0021856321423979067,,776623.2999999999,0.009826780186264525,,449854.42000000004,0.0036726311585003092,,326768.8799999999,0.006154149027764216,,2076955.49,0.008297189689892468,,703947.4500000002,0.0077463235484315,,543103.8300000001,0.0042831378816122565,,160843.6200000001,0.0034631856668192436,,0,,,0,,,0,,,0,,,0,,,0,,,703947.4500000002,0.0077463235484315,,5188677.15,0.0060860742293184795,,5814934.51,0.004889249136646077,,-626257.3599999994,0.0011968250926724022,,6821401.890000001,0.006208152667630575,,5751935.130000001,0.006272832243942136,,,703947.4500000002,0.0077463235484315,,92683.37,0.0022512393175021296,,499377.43,0.012322268300823346,,10341.8,0.000610212115532675,,62382.670000000006,0.007199310038794195,,39162.18,0.0009896307431296713,,,
DEPRECIACIONES Y AMORT.,1797267.2700000003,0.017505606526923106,,1757982.79,0.015212615761328676,,39284.480000000214,0.00229299076559443,,1807672.24,0.023689453596625124,,1757982.79,0.015850863430348732,,49689.44999999995,0.007838590166276391,,1792809.54,0.020193111846605393,,1757982.79,0.015793619825469125,,34826.75,0.004399492021136268,,5397749.050000001,0.02015903060327109,,1786681.85,0.021539084445697246,,1757982.79,0.014966330216455867,,28699.060000000056,0.0065727542292413794,,1781728.9,0.02214542878619791,,1757982.79,0.014672586340527765,,23746.10999999987,0.007472842445670145,,1781577.5,0.022217278102582273,,1757982.79,0.015259544559107219,,23594.709999999963,0.006957733543475054,,5349988.25,0.021962604411542845,,1785197.5099999998,0.020086847031010695,,1757982.79,0.013709879962291078,,27214.71999999974,0.0063769670687196175,,1651712.55,0.020041383763415896,,1757982.79,0.014462534611001946,,-106270.23999999999,0.00557884915241395,,1651711.44,0.020899456985154122,,1757982.79,0.014352248379956576,,-106271.3500000001,0.006547208605197545,,5088621.5,0.020328436525890663,,1646497.6,0.018118260292463516,,1757982.79,0.013864167894141721,,-111485.18999999994,0.004254092398321795,,0,,,0,,,0,,,0,,,0,,,0,,,1646497.6,0.018118260292463516,,17482856.400000002,0.020506568189719732,,17579827.899999995,0.014781277112347325,,-96971.49999999255,0.0057252910773724075,,21299293.58,0.019384470874112908,,17776747.139999997,0.019386615135939148,,,1646497.6,0.018118260292463516,,283853.01,0.00689466790540013,,1000697.75,0.024692477919016576,,141103.44,0.008325729431176185,,64182.55,0.007407026286794238,,156660.85,0.003958829498378945,,,
FLETES REFACCIONES,0,0,,50414.34,0,,-50414.34,,,0,0,,42673,0,,-42673,,,0,0,,46240.24,0,,-46240.24,,,0,0,,383916.05,0.004628244374345956,,49326,0,,334590.05,0.004628244374345956,,484231.49,0.006018600235888584,,53885,0,,430346.49,0.006018600235888584,,27055.279999999984,0,,49414,0,,-22358.720000000016,,,895202.82,0.0036749586139292164,,412980.51,0.004646811506676806,,54885,0,,358095.51,0.004646811506676806,,-82959.34000000001,-0.0010066037033500165,,55643,0,,-138602.34000000003,-0.0010066037033500165,,466205.34,0.005898995559163261,,51300,0,,414905.34,0.005898995559163261,,796226.51,0.0031808300280864767,,261053.5,0.0028726645354713084,,59414,0,,201639.5,0.0028726645354713084,,0,,,0,,,0,,,0,,,0,,,0,,,261053.5,0.0028726645354713084,,1952482.83,0.002290170517710822,,513194.57999999996,0,,1439288.25,0.002290170517710822,,230163.30000000002,0,,220908.35,0,,,261053.5,0.0028726645354713084,,234133.87,0.005687011312848598,,26919.630000000005,0.0006642488897003079,,0,0,,0,0,,0,0,,,
GASTOS DE IMPORTACION REFACCIONES,0,0,,70968,0,,-70968,,,0,0,,68183,0,,-68183,,,0,0,,68354,0,,-68354,,,0,0,,68197.53,0,,70099,0,,-1901.4700000000012,,,39362.13999999999,0,,71300,0,,-31937.860000000008,,,13744.25,0,,70670,0,,-56925.75,,,121303.91999999998,0,,662739.4099999999,0.007457071318731718,,75382,0,,587357.4099999999,0.007457071318731718,,-575165.1799999999,-0.006978881464413515,,77151,0,,-652316.1799999999,-0.006978881464413515,,537969.8099999999,0.006807046697821828,,71361,0,,466608.80999999994,0.006807046697821828,,625544.0399999999,0.002498973899176665,,115455.79999999999,0.0012704896968417135,,77831,0,,37624.79999999999,0.0012704896968417135,,0,,,0,,,0,,,0,,,0,,,0,,,115455.79999999999,0.0012704896968417135,,862303.7599999998,0.0010114417489977046,,721299,0,,141004.75999999978,0.0010114417489977046,,201762.04,0,,183952.09,0,,,115455.79999999999,0.0012704896968417135,,73598.84,0.0017876842666656213,,41856.96,0.0010328314024461032,,0,0,,0,0,,0,0,,,
HONORARIOS,0,0,,0,0,,0,,,0,0,,0,0,,0,,,0,0,,0,0,,0,,,0,0,,28110,0,,0,0,,28110,,,26300,0,,0,0,,26300,,,42267.92,0,,0,0,,42267.92,,,96677.92,0,,16850,0,,0,0,,16850,,,9450,0,,0,0,,9450,,,17850,0,,0,0,,17850,,,44150,0,,11550,0,,0,0,,11550,,,0,,,0,,,0,,,0,,,0,,,0,,,11550,0,,152377.91999999998,0,,0,0,,152377.91999999998,,,0,0,,0,0,,,11550,0.00012709760790295327,,5600,0.0001360215988910624,,5950,0.00014681780149715398,,0,0,,0,0,,0,0,,,
MATERIALES INDIRECTOS,166476.61,0.0016215028667361376,,210755.9549410856,0.0018237660687967457,,-44279.34494108561,,,97930.34000000001,0.001283372169908258,,89830.41625278622,0,,8099.92374721379,0.001283372169908258,,222436.98,0.0025053943075074928,,106854.43854745873,0,,115582.54145254128,0.0025053943075074928,,486843.93,0.0018182211868272694,,113402.98999999999,0.0013671133324629453,,92741.92217716732,0,,20661.067822832672,0.0013671133324629453,,90608.65,0.0011261911988903201,,148514.20027477658,0.0012395385431083154,,-57905.550274776586,,,119450.58,0.0014896162279635615,,242396,0.002104032294280511,,-122945.42,,,323462.22,0.0013278669873601015,,194944.41999999998,0.002193493281361961,,77822.05059611959,0,,117122.3694038804,0.002193493281361961,,82079.15,0.0009959237423757406,,132740.61834581924,0.0010920276341910098,,-50661.468345819245,,,697049.83,0.008819920105774646,,230226.8326294991,0.001879581930167395,,466822.9973705008,0.006940338175607251,,974073.3999999999,0.003891307161174889,,171581,0.001888098239099275,,19515.763536787872,0,,152065.23646321212,0.001888098239099275,,0,,,0,,,0,,,0,,,0,,,0,,,171581,0.001888098239099275,,1955960.5499999998,0.002294249719684062,,1351398.1973015002,0.0011362677357859747,,604562.3526984996,0.0011579819838980871,,1867994.0100000002,0.0017000599265819588,,1432465.0400000003,0.0015621895393719196,,,171581,0.001888098239099275,,759.42,1.8445986183901896e-05,,150678.61,0.0037180339920751394,,0,0,,8012.93,0.0009247370686306817,,12130.04,0.0003065268710626589,,,
COMBUSTIBLE,68728.17,0,,27447.438480948756,0,,41280.731519051245,,,82731.54,0.0010841926619437022,,34605.04821369452,0,,48126.49178630547,0.0010841926619437022,,72726.46,0,,25965.771394369247,0,,46760.688605630756,,,224186.16999999998,0,,72466.04,0,,35349.819346783355,0,,37116.22065321664,,,72609.47,0,,43308.608155858856,0,,29300.861844141145,,,69537.34,0,,63764.86505018903,0,,5772.474949810967,,,214612.84999999998,0,,76229.46,0,,96936.34823435982,0,,-20706.88823435981,,,80439.41,0,,87740.76469866045,0,,-7301.354698660449,,,77365.44,0,,59859.43588741016,0,,17506.004112589842,,,234034.31,0,,71390.92,0,,54993.63259410249,0,,16397.287405897507,,,0,,,0,,,0,,,0,,,0,,,0,,,71390.92,0,,744224.2499999999,0,,529971.7320563768,0,,214252.51794362313,,,595122.2999999999,0,,480997.92999999993,0,,,71390.92,0.0007855943859732559,,0,0,,71390.92,0.0017615895665981849,,0,0,,0,0,,0,0,,,
HERRAMIENTAS Y EQ MENORES,239109.91,0.002328960233693009,,211535.22697003148,0.0018305094601526444,,27574.683029968524,,,122558.05,0.0016061170681958704,,202739.00851419554,0.0018279976085333702,,-80180.95851419553,,,205822.47,0.0023182586128220753,,320106.02452806744,0.00287581475996053,,-114283.55452806744,,,567490.43,0.002119412525381014,,130671.79999999999,0.0015752949720014568,,237553.89896858443,0.0020223804899537324,,-106882.09896858444,,,194214.88999999998,0.002413931780370325,,230109.36538436494,0.0019205532332692208,,-35894.47538436495,,,222900.18,0.002779691193998379,,328476.1841205444,0.0028512207267927547,,-105576.00412054441,,,547786.8699999999,0.002248757523466943,,418872.93,0.004713112371718046,,311549.5040646001,0.0024296633205590046,,107323.4259353999,0.0022834490511590417,,424545.98,0.005151313350737385,,241120.8949774107,0.001983648138584205,,183425.08502258928,0.0031676652121531796,,310448.45,0.0039281704235715476,,184611.20507330916,0.0015071739518765326,,125837.24492669085,0.002420996471695015,,1153867.3599999999,0.004609562606897964,,520246.95,0.005724860854009294,,397356.6641017113,0.003133716402856368,,122890.28589828871,0.002591144451152926,,0,,,0,,,0,,,0,,,0,,,0,,,520246.95,0.005724860854009294,,2789391.6100000003,0.0032718251497104965,,2665157.9767028196,0.0022408887519215874,,124233.63329718076,0.0010309363977889091,,2558874.6700000004,0.0023288298893488603,,2185645.16,0.002383577895716649,,,520246.95,0.005724860854009294,,2439.47,5.925368032978214e-05,,37207.68,0.000918109206119265,,210963.14,0.01244776189433328,,192894.98,0.022261162690647984,,76741.68,0.0019392670634632554,,,
EQ PROTECCION Y SEGURIDAD,0,0,,0,0,,0,,,0,0,,0,0,,0,,,0,0,,0,0,,0,,,0,0,,0,0,,0,0,,0,,,0,0,,0,0,,0,,,0,0,,0,0,,0,,,0,0,,0,0,,0,0,,0,,,0,0,,0,0,,0,,,0,0,,0,0,,0,,,0,0,,0,0,,0,0,,0,,,0,,,0,,,0,,,0,,,0,,,0,,,0,0,,0,0,,0,0,,0,,,0,0,,0,0,,,0,0,,0,0,,0,0,,0,0,,0,0,,0,0,,,
MAQUILA,20383.57,0,,128512,0.0011120721362237402,,-108128.43,-0.0011120721362237402,,90629.45999999999,0.0011876945054802592,,122081,0.001100744142347607,,-31451.540000000008,,,113994.87,0.0012839686026264907,,131088,0.0011776873172240196,,-17093.130000000005,,,225007.9,0,,88820.86,0.0010707670221642722,,143364.01757114142,0.001220508665006603,,-54543.15757114142,,,29520.640000000003,0,,16334.939444926325,0,,13185.700555073678,,,83445.8,0.0010406162769188878,,143413.08382029328,0.0012448462836856008,,-59967.283820293276,,,201787.3,0,,221333.33000000002,0.0024904184089827746,,157254.74939974197,0.0012263736312063823,,64078.58060025805,0.0012640447777763923,,338337.07,0.004105280341461175,,120380.34157667663,0.0009903423778892184,,217956.72842332337,0.0031149379635719565,,53766.89,0,,93991.42131896905,0,,-40224.53131896905,,,613437.29,0.0024506088755823917,,200556.71,0.0022069504839728406,,42578.53699899611,0,,157978.1730010039,0.0022069504839728406,,0,,,0,,,0,,,0,,,0,,,0,,,200556.71,0.0022069504839728406,,1240789.2000000002,0.0014553873667273157,,1098998.0901307447,0,,141791.10986925545,0.0014553873667273157,,508063,0,,351370.17,0,,,200556.71,0.0022069504839728406,,0,0,,0,0,,14707.91,0.0008678319901916675,,0,0,,185848.8,0.004696410824263554,,,
DIVERSOS,0,0,,0,0,,0,,,0,0,,0,0,,0,,,7655.7300000000005,0,,0,0,,7655.7300000000005,,,7655.7300000000005,0,,0,0,,0,0,,0,,,0,0,,0,0,,0,,,0,0,,0,0,,0,,,0,0,,0,0,,0,0,,0,,,0,0,,0,0,,0,,,0,0,,0,0,,0,,,0,0,,456.56,0,,0,0,,456.56,,,0,,,0,,,0,,,0,,,0,,,0,,,456.56,0,,8112.290000000001,0,,0,0,,8112.290000000001,,,0,0,,0,0,,,456.56,5.0240418930019345e-06,,0,0,,456.56,1.1265737050679097e-05,,0,0,,0,0,,0,0,,,
RECOLECCION DE BASURA ,13467,0,,36228,0,,-22761,,,40537.229999999996,0,,36228,0,,4309.229999999996,,,19977.34,0,,36228,0,,-16250.66,,,73981.56999999999,0,,57037.88,0,,36228,0,,20809.879999999997,,,25050.35,0,,36228,0,,-11177.650000000001,,,36597.8,0,,36228,0,,369.8000000000029,,,118686.03,0,,54726.15,0,,36228,0,,18498.15,,,55221.71,0,,36228,0,,18993.71,,,53302.79,0,,36228,0,,17074.79,,,163250.65,0,,34614.6,0,,36228,0,,-1613.4000000000015,,,0,,,0,,,0,,,0,,,0,,,0,,,34614.6,0,,390532.8499999999,0,,362280,0,,28252.84999999992,,,447923.2300000001,0,,327381.80000000005,0,,,34614.6,0.0003809032777937287,,16554.6,0.000402104135893211,,0,0,,0,0,,11250,0.0012983131042072211,,6810,0.0001720891268237126,,,
ARRENDAMIENTO DE EQUIPOS,8143,0,,72931.71007603299,0,,-64788.71007603299,,,8143,0,,21098.050769572073,0,,-12955.050769572073,,,8143,0,,39384.050595505934,0,,-31241.050595505934,,,24429,0,,8143,0,,8778.146770852398,0,,-635.1467708523978,,,15143,0,,14828.37777100877,0,,314.62222899122935,,,8143,0,,2403.9629540031337,0,,5739.037045996866,,,31429,0,,16063,0,,2309.2088111817525,0,,13753.791188818248,,,8143,0,,1745.387703948457,0,,6397.612296051543,,,8143,0,,17597.71574993783,0,,-9454.71574993783,,,32349,0,,8143,0,,2555.469172073933,0,,5587.530827926067,,,0,,,0,,,0,,,0,,,0,,,0,,,8143,0,,96350,0,,183632.08037411724,0,,-87282.08037411724,,,100717.80000000002,0,,87461.66,0,,,8143,8.960656460205614e-05,,8143,0.00019778997853034307,,0,0,,0,0,,0,0,,0,0,,,
GASTOS DE FABRICACION,7247732.480000001,0.07059381491283742,,7369848.883381699,0.06377461708936467,,-122116.40338169865,0.006819197823472747,,6856777.720000001,0.08985772643181876,,6842505.23717181,0.061695493637828114,,14272.482828189808,0.028162232793990646,,6654439.270000001,0.07495154028216136,,6949574.038486964,0.06243458749264164,,-295134.76848696324,0.012516952789519718,,20758949.470000003,0.07752866866930172,,6681127.16,0.08054336147853151,,7029587.36542717,0.059845367312389354,,-348460.2054271694,0.02069799416614216,,7324875.459999999,0.09104219383049725,,7366238.504810437,0.061480562313554435,,-41363.04481043674,0.029561631516942813,,6532033.29,0.08145814604150278,,7255422.606537671,0.06297811627587972,,-723389.3165376701,0.01848002976562306,,20538035.910000004,0.08431210256983114,,8511331.2,0.09576856728008135,,7320857.20292235,0.05709275087564391,,1190473.99707765,0.03867581640443744,,6833136.090000001,0.08291122004693686,,7566719.592033197,0.06224972429424445,,-733583.5020331973,0.020661495752692417,,8277315.81,0.10473464161732218,,7171864.642475471,0.058551416590509636,,1105451.167524529,0.04618322502681255,,23621783.099999994,0.09436620868278504,,8137946.069999998,0.08955095054028046,,7522548.831134353,0.05932588224411811,,615397.2388656464,0.030225068296162352,,0,,,0,,,0,,,0,,,0,,,0,,,8137946.069999998,0.08955095054028046,,73056714.55000001,0.08569208968829972,,72395166.90438113,0.060870506224255674,,661547.6456188874,0.024821583464044047,,84313899.9,0.07673401611915907,,70148229.41,0.07650087585367082,,,8137946.069999998,0.08955095054028046,,1277473.6600000001,0.031029287459717402,,3807477.61,0.09395050284871231,,955056.3800000001,0.05635256668015031,,851491.2000000001,0.09826686071796727,,1246447.22,0.03149779937175389,-2.0954757928848267e-09,,
,,,,,,,,,,,,,,,,,,,,,,,,,,,,,,,,,,,,,,,,,,,,,,,,,,,,,,,,,,,,,,,,,,,,,,,,,,,,,,,,,,,,,,,,,,,,,,,,,,,,,,,,,,,,,,,,,,,,,,,,,,,,,,,,,,,,,,,,,,,,,,,,,,,,,,,,,,,,
COSTO DE VENTAS DIRECTO,79085535.49000002,0.7703029423436578,,85435137.43375555,0.7393086699648699,,-6349601.943755538,0.030994272378787935,,61211331.50000001,0.8021714141922586,,82125992.41003115,0.7404895526726176,,-20914660.91003113,0.061681861519640946,,69822201.10000002,0.7864346349855292,,81667174.11446936,0.7336933600950225,,-11844973.014469361,0.05274127489050673,,210119068.09,0.7847339112508596,,67324002.54000002,0.8116147684219193,,86118265.78375922,0.7331553020426628,,-18794263.243759193,0.07845946637925649,,66018678.730000004,0.8205580256199997,,89041310.05306847,0.7431621726099776,,-23022631.323068477,0.07739585301002205,,61985360.879999995,0.7729924749048995,,85631161.30938815,0.743290849649732,,-23645800.429388143,0.029701625255167508,,195328042.15,0.801854568600523,,71794030.83999999,0.8078185786976277,,94580439.26680239,0.7375990689468708,,-22786408.42680239,0.07021950975075697,,65179065.59,0.7908631964018472,,91033924.7523534,0.7489159137367083,,-25854859.162353393,0.04194728266513892,,63322448.07000001,0.8012324353905431,,89313689.5920683,0.7291608678124242,,-25991241.522068296,0.07207156757811894,,200295544.5,0.8001568328056938,,71342996.69000003,0.7850670320283392,,94844025.02391036,0.7479785889642707,,-23501028.333910324,0.037088443064068444,,0,,,0,,,0,,,0,,,0,,,0,,,71342996.69000003,0.7850670320283392,,677085651.4300003,0.7941896200285731,,879791119.7396064,0.7397362713575525,,-202705468.3096062,0.054453348671020585,,829224091.96,0.7546762148865289,,696268255.71,0.7593225351362813,,,71342996.69000003,0.7850670320283392,,31196081.299999997,0.7577394388502807,,35365148.27000009,0.8726442552306374,,16941479.099999998,0.9996224836937089,,9238714.979999999,1.0661995310728491,,34608372.45000003,0.8745557409266281,,,
,,,,,,,,,,,,,,,,,,,,,,,,,,,,,,,,,,,,,,,,,,,,,,,,,,,,,,,,,,,,,,,,,,,,,,,,,,,,,,,,,,,,,,,,,,,,,,,,,,,,,,,,,,,,,,,,,,,,,,,,,,,,,,,,,,,,,,,,,,,,,,,,,,,,,,,,,,,,
MARGEN DE BRUTO,23582559.28499998,0.22969705765634219,,30125711.3762756,0.26069133003513006,,-6543152.091275592,-0.03099427237878788,,15095715.119999997,0.19782858580774143,,28781706.57588604,0.2595104473273823,,-13685991.455886062,-0.06168186151964089,,18961021.298749983,0.2135653650144708,,29642507.22691886,0.26630663990497744,,-10681485.928168846,-0.052741274890506645,,57639295.703750044,0.2152660887491405,,15626684.361499935,0.1883852315780807,,31344249.38024889,0.26684469795733723,,-15717565.018748954,-0.07845946637925652,,14437153.36074996,0.17944197438000029,,30772794.23638472,0.25683782739002237,,-16335640.875634737,-0.07739585301002208,,18203467.462250024,0.22700752509510047,,29574294.737515867,0.2567091503502679,,-11370827.275265835,-0.029701625255167452,,48267305.18449995,0.19814543139947707,,17079922.71000001,0.19218142130237223,,33646999.25456458,0.2624009310531292,,-16567076.544564575,-0.070219509750757,,17236029.569999993,0.20913680359815282,,30520341.998556674,0.2510840862632917,,-13284312.428556677,-0.04194728266513889,,15708860.789999992,0.19876756460945688,,33174630.24882056,0.27083913218757577,,-17465769.458820563,-0.07207156757811889,,50024813.07000002,0.1998431671943062,,19532041.719999984,0.21493296797166087,,31956429.458672225,0.2520214110357293,,-12424387.738672256,-0.037088443064068416,,0,,,0,,,0,,,0,,,0,,,0,,,19532041.719999984,0.21493296797166087,,175463455.67824972,0.20581037997142695,,309539664.49384403,0.2602637286424475,,-134076208.81559402,-0.05445334867102056,,269557180.8599999,0.24532378511347108,,220691565.03999984,0.24067746486371863,,,19532041.719999984,0.21493296797166087,,9973850.870000102,0.24226056114971922,,5161272.499999918,0.12735574476936262,,6398.100000020117,0.0003775163062911566,,-573624.8999999966,-0.06619953107284911,,4964145.149999969,0.1254442590733719,-2.7939677238464355e-08,,
,,,,,,,,,,,,,,,,,,,,,,,,,,,,,,,,,,,,,,,,,,,,,,,,,,,,,,,,,,,,,,,,,,,,,,,,,,,,,,,,,,,,,,,,,,,,,,,,,,,,,,,,,,,,,,,,,,,,,,,,,,,,,,,,,,,,,,,,,,,,,,,,,,,,,,,,,,,,
GASTOS DE ADMINISTRACION:,,,,,,,,,,,,,,,,,,,,,,,,,,,,,,,,,,,,,,,,,,,,,,,,,,,,,,,,,,,,,,,,,,,,,,,,,,,,,,,,,,,,,,,,,,,,,,,,,,,,,,,,,,,,,,,,,,,,,,,,,,,,,,,,,,,,,,,,,,,,,,,,,,,,,,,,,,,,
LABOR INDIRECTA,2630314.91,0.025619594049781567,,2375799.23,0.02055885928897548,,254515.68000000017,0.0050607347608060856,,2546556.9000000004,0.033372499825364096,,2375799.23,0.021421409439769133,,170757.6700000004,0.011951090385594963,,2591177.4699999997,0.02918544067213854,,2447073.2069,0.021984369889576767,,144104.26309999963,0.007201070782561773,,7768049.28,0.029011416001868025,,2821791.49,0.03401769889320802,,2569426.8672450003,0.021874441081543457,,252364.6227549999,0.012143257811664563,,2985865.3400000003,0.03711185705757291,,2569426.8672450003,0.021445111846245115,,416438.472755,0.015666745211327795,,2821914.1300000004,0.03519086371926931,,2569426.8672450003,0.022302996363287694,,252487.26275500003,0.012887867355981613,,8629570.96,0.0354258447643914,,2807766.52,0.03159268163332428,,2569426.8672450003,0.020038042534998062,,238339.6527549997,0.011554639098326217,,3029200.98,0.03675541445555737,,2569426.8672450003,0.02113810511078389,,459774.11275499966,0.01561730934477348,,2819373.3499999996,0.035674132070802195,,2569426.8672450003,0.020976913313715633,,249946.4827549993,0.014697218757086562,,8656340.85,0.03458105019516571,,2796908.22,0.03077751898581013,,2569426.8672450003,0.02026354619728858,,227481.35275499988,0.01051397278852155,,,,,,,,0,,,,,,,,,0,,,2796908.22,0.03077751898581013,,27850869.310000002,0.03266775963729174,,25184659.737615,0.021175487989951478,,2666209.572385002,0.01149227164734026,,32240914.680000003,0.02934243190844921,,27451079.360000003,0.02993705802457867,,,2796908.22,0.03077751898581013,,76735.14,0.0018638636489159855,,72990.99,0.0018010717110757567,,0,0,,85502.23999999999,0.009867438100539628,,334134.72,0.008443605316635199,,,
MANTENIMIENTO INSTALACIONES,155873.46,0.0015182268682554306,,286850.92164788797,0.002482250040577654,,-130977.46164788798,-0.0009640231723222236,,172584.46000000002,0.0022617106498623914,,186186.65474272714,0.0016787532014920685,,-13602.194742727123,,,201823.24000000005,0.0022732137283050626,,456526.58482885355,0.0041014095029944485,,-254703.3448288535,-0.001828195774689386,,530281.16,0.0019804466702241542,,131623.31,0.0015867657630888156,,445361.54257097346,0.0037915205710445867,,-313738.23257097346,-0.002204754807955771,,191606.94000000003,0.002381517101008631,,237068.5097210533,0.001978636080676535,,-45461.56972105327,,,180961.66999999998,0.0022566942770088413,,194536.89296631786,0.0016886083319449328,,-13575.222966317873,,,504191.92,0.002069792898415479,,127391.26999999999,0.001433392629802728,,185766.79689731525,0.00144872890731854,,-58375.526897315256,,,390637.78,0.004739881440913452,,257124.332836945,0.0021153048733685846,,133513.44716305504,0.0026245765675448674,,177821.00999999998,0.0022500071498879133,,303801.6082835086,0.0024802496162747924,,-125980.59828350865,,,695850.06,0.0027798380713219112,,196545.87000000002,0.002162814711706046,,303808.14301931066,0.002395954685328372,,-107262.27301931064,,,,,,,,,0,,,,,,,,,0,,,196545.87000000002,0.002162814711706046,,1926869.0100000005,0.002260126711686699,,2857031.9875148926,0.002402218142664416,,-930162.9775148921,,,2431940.0300000003,0.0022133067701076443,,2122561.54,0.002314781402596151,,,196545.87000000002,0.002162814711706046,,6990.38,0.00016979333293859014,,0,0,,0,0,,1600,0.00018464897482058256,,4320,0.00010916667076041682,,,
MANTENIMIENTO ACTIVO FIJO,4630,0,,63419.409342368854,0,,-58789.409342368854,,,17876.92,0,,2258.8422636861387,0,,15618.077736313859,,,20430,0,,44318.1085725954,0,,-23888.108572595404,,,42936.92,0,,44813.5,0,,42799.95662901807,0,,2013.5433709819335,,,11308.800000000001,0,,20780.077133917024,0,,-9471.277133917023,,,9494.84,0,,31961.02869091276,0,,-22466.18869091276,,,65617.14,0,,38028.659999999996,0,,42199.893561598175,0,,-4171.233561598179,,,31857.17,0,,8149.428834611645,0,,23707.741165388354,,,12749.31,0,,21079.083841353862,0,,-8329.773841353863,,,82635.13999999998,0,,18674.47,0,,17231.865683013355,0,,1442.6043169866462,,,,,,,,,0,,,,,,,,,0,,,18674.47,0,,209863.67,0,,294197.6945530753,0,,-84334.02455307529,,,323438.6400000001,0,,297915.04000000004,0,,,18674.47,0.0002054961442299103,,0,0,,0,0,,0,0,,0,0,,700,1.7689043873215688e-05,,,
ARRENDAMIENTO,5573896.82,0.05429044760414957,,5573896.83,0.0482334362147413,,-0.009999999776482582,0.0060570113894082706,,5573896.82,0.07304563689586024,,5573896.83,0.05025707756057369,,-0.009999999776482582,0.022788559335286555,,5573896.82,0.06278096997838271,,5573896.83,0.050075579795299086,,-0.009999999776482582,0.012705390183083629,,16721690.46,0.06245067464215777,,5573896.82,0.06719530637062404,,5573896.83,0.047452558139227614,,-0.009999999776482582,0.019742748231396427,,5573896.82,0.06927896555358394,,5573896.83,0.04652120769132729,,-0.009999999776482582,0.02275775786225665,,5573896.82,0.06950964286708772,,5573896.83,0.04838222963789735,,-0.009999999776482582,0.021127413229190366,,16721690.46,0.06864536060714711,,5573896.82,0.0627168770753982,,5573896.83,0.04346883080777757,,-0.009999999776482582,0.01924804626762064,,5573896.82,0.06763198912989037,,5573896.83,0.045855213305034136,,-0.009999999776482582,0.02177677582485623,,5573896.82,0.07052770478436438,,5573896.83,0.04550553748504705,,-0.009999999776482582,0.025022167299317326,,16721690.46,0.06680116080979917,,5573896.82,0.061335840045011095,,5573896.83,0.04395801933632371,,-0.009999999776482582,0.017377820708687382,,,,,,,,0,,,,,,,,,0,,,5573896.82,0.061335840045011095,,55738968.2,0.06537918782069958,,55738968.29999999,0.04686582491508026,,-0.09999998658895493,0.01851336290561932,,-11270602.620000012,-0.010257366865267223,,46628715.79999999,0.05085142745061766,,,5573896.82,0.061335840045011095,,1105729.51,0.026857695694862675,,2211459.03,0.05456832821607205,,176916.72,0.010438871955008018,,265375.08,0.0306257727905813,,1150978.77,0.029085305656671185,,,
ENERGIA ELECTRICA,736129.3099999999,0.007169990946196555,,799759.0482509919,0.006920674748293901,,-63629.73825099191,,,831974.97,0.010902990049439813,,927902.5532604466,0.008366439496488604,,-95927.58326044667,0.0025365505529512094,,813435.95,0.009162045801250986,,872565.2049523232,0.007839077377969976,,-59129.254952323274,0.00132296842328101,,2381540.23,0.008894363545761962,,839728.67,0.010123227442313268,,819682.2877491193,0.006978245669306761,,20046.382250880706,0.0031449817730065067,,702966.87,0.00873730159433427,,1055371.383898338,0.008808406907994042,,-352404.5138983381,,,785439.86,0.009794878865765471,,897924.1155009653,0.0077941110283473915,,-112484.25550096529,0.00200076783741808,,2328135.4,0.009557388617948658,,867607.9,0.009762229149757455,,829465.8949050958,0.0064687082926239625,,38142.00509490422,0.003293520857133493,,960625.98,0.011655946985622579,,929210.0484424228,0.007644405032252525,,31415.93155757722,0.0040115419533700535,,888663.56,0.011244449482346585,,616368.0207183489,0.005032055476954905,,272295.53928165114,0.00621239400539168,,2716897.44,0.010853681523845866,,904639.62,0.00995476465075642,,577227.1638130688,0.004552248382456367,,327412.45618693123,0.005402516268300054,,,,,,,,0,,,,,,,,,0,,,904639.62,0.00995476465075642,,8331212.69,0.009772120597555407,,8325475.721491121,0.0070001347243837395,,5736.968508879654,0.002771985873171667,,10342747.350000001,0.009412926490324639,,8127305.42,0.008863316839065548,,,904639.62,0.00995476465075642,,0,0,,0,0,,0,0,,0,0,,372.38,9.410065939297225e-06,,,
TRANSPORTE DE PERSONAL,27300,0,,25871.439689171188,0,,1428.5603108288124,,,6092.34,0,,190599.4008220187,0.00171854075564421,,-184507.0608220187,-0.00171854075564421,,0,0,,37558.325688117286,0,,-37558.325688117286,,,33392.34,0,,6939.62,0,,11978.226914052635,0,,-5038.606914052635,,,5508.56,0,,13523.449969635692,0,,-8014.889969635692,,,0,0,,14224.990775353923,0,,-14224.990775353923,,,12448.18,0,,34333.55,0,,0,0,,34333.55,,,0,0,,22825.117523785604,0,,-22825.117523785604,,,50000,0,,0,0,,50000,,,84333.55,0,,6900,0,,16477.9445036209,0,,-9577.9445036209,,,,,,,,,0,,,,,,,,,0,,,6900,0,,137074.07,0,,333058.89588575595,0,,-195984.82588575594,,,314778.52,0,,291434.45,0,,,6900,7.592844108488118e-05,,0,0,,0,0,,0,0,,0,0,,6900,0.00017436343246455464,,,
DEPRECIACIONES Y AMORT.,122909.08,0.0011971497111089738,,157303.44884413012,0.0013612174924633779,,-34394.36884413012,,,111202.4,0.001457301847282528,,157303.33252754493,0.001418326536082215,,-46100.93252754494,,,121563.89,0.0013692214217459122,,157303.47459153613,0.0014132056861171343,,-35739.58459153613,,,355675.37,0.0013283445751631907,,116740.58,0.001407349165638905,,156612.96537526348,0.0013333016507997568,,-39872.385375263475,,,116740.18,0.0014509846827303109,,96841.35116365779,0,,19898.828836342203,0.0014509846827303109,,116280.93,0.001450088901457782,,96841.07646432356,0,,19439.853535676433,0.001450088901457782,,349761.69,0.0014358307489334542,,115675.66,0.0013015698681045117,,96403.81642772382,0,,19271.84357227618,0.0013015698681045117,,115131.03,0.001396965322632772,,96317.09712633878,0,,18813.932873661222,0.001396965322632772,,106319.45999999999,0.00134528279404229,,95622.14782670133,0,,10697.312173298662,0.00134528279404229,,337126.15,0.0013467787968692298,,106102.36,0.001167563302931428,,105323.61720929244,0,,778.7427907075617,0.001167563302931428,,,,,,,,0,,,,,,,,,0,,,106102.36,0.001167563302931428,,1148665.57,0.0013473306820954204,,1215872.3275565126,0.0010223163678893326,,-67206.75755651249,,,1367697.8,0.0012447407266869695,,1141949.01,0.0012453642833182995,,,106102.36,0.001167563302931428,,0,0,,455.06,1.122872415954536e-05,,0,0,,0,0,,1447.01,3.6566033392831186e-05,,,
COMBUSTIBLE,0,0,,0,0,,0,,,1783.08,0,,2527.273131223364,0,,-744.1931312233642,,,2640.45,0,,0,0,,2640.45,,,4423.53,0,,1466.09,0,,0,0,,1466.09,,,0,0,,4214.703713887359,0,,-4214.703713887359,,,0,0,,0,0,,0,,,1466.09,0,,0,0,,3355.8342690480636,0,,-3355.8342690480636,,,432.79,0,,0,0,,432.79,,,1656.03,0,,3157.695461617905,0,,-1501.665461617905,,,2088.82,0,,519.36,0,,1414.150814912808,0,,-894.7908149128081,,,,,,,,,0,,,,,,,,,0,,,519.36,0,,8497.8,0,,14669.6573906895,0,,-6171.8573906895,,,14897.24,0,,12213.66,0,,,519.36,5.715100748093317e-06,,0,0,,0,0,,0,0,,0,0,,0,0,,,
DIVERSOS,243876.19,0.0023753843931209736,,288171.78258416266,0.0024936800443365052,,-44295.59258416266,,,130613.24,0.0017116799271558545,,247226.45602301363,0.002229118972654963,,-116613.21602301362,,,171735.25,0.0019343209827267758,,297380.30202032876,0.002671648130123197,,-125645.05202032876,,,546224.6799999999,0.002039991103399287,,149569.36,0.0018031117714263968,,280230.9167383526,0.002385705059584989,,-130661.55673835264,,,195108.22,0.0024250351395275877,,331714.3979266684,0.00276857553535847,,-136606.1779266684,,,141052.59,0.001759005498845554,,300002.6129022304,0.002604066015589481,,-158950.0229022304,,,485730.17,0.001994004299815323,,210218.37,0.002365354095356322,,223254.65302384243,0.0017410833094559613,,-13036.283023842436,,,166518.27,0.002020482651590983,,192161.50749582014,0.001580870113671937,,-25643.237495820154,,,172201.9,0.002178907353097834,,234521.9099473477,0.001914647129228235,,-62320.00994734772,,,548938.54,0.0021929440550854675,,215766.69,0.002374322957934032,,233289.01260331308,0.0018398121170406204,,-17522.322603313078,,,,,,,,,0,,,,,,,,,0,,,215766.69,0.002374322957934032,,1796660.0799999996,0.002107397761630491,,2627953.5512650805,0.002209606937029595,,-831293.4712650809,,,1984682.18,0.0018062577412757985,,2414674.11,0.0026333477818308213,,,215766.69,0.002374322957934032,,0,0,,0,0,,0,0,,0,0,,6256,0.0001580895121011962,,,
SEGUROS,397820.36,0.0038748197370549672,,397820.36,0.0034425185008286957,,0,,,352636.93,0.004621289194379254,,358269.17,0.0032303363362131622,,-5632.239999999991,0.0013909528581660916,,352636.93,0.003971887035325323,,358269.17,0.0032186703410028083,,-5632.239999999991,,,1103094.22,0.004119737678296002,,352636.93,0.004251163470397053,,358269.17000000004,0.003050072352867325,,-5632.240000000049,0.0012010911175297286,,352636.93,0.004382987793877317,,358269.17000000004,0.0029902086413338665,,-5632.240000000049,0.0013927791525434503,,352636.93,0.004397581774046224,,358269.17000000004,0.003109828147845156,,-5632.240000000049,0.001287753626201068,,1057910.79,0.004342902282724224,,352636.93,0.0039678321478250475,,358269.17000000004,0.0027940133104998465,,-5632.240000000049,0.001173818837325201,,400993.35000000003,0.004865532815578442,,358269.17000000004,0.0029474010215878965,,42724.17999999999,0.0019181317939905456,,400993.35000000003,0.005073854346893579,,358269.17000000004,0.0029249251721746874,,42724.17999999999,0.0021489291747188916,,1154623.6300000001,0.00461258381542987,,410932.07,0.004521946589403372,,358269.17000000004,0.0028254565132431147,,52662.899999999965,0.0016964900761602575,,,,,,,,0,,,,,,,,,0,,,410932.07,0.004521946589403372,,3726560.71,0.004371080420974308,,3622242.8899999997,0.003045614338768347,,104317.8200000003,0.0013254660822059608,,3671205.190000001,0.0033411610488936773,,3054919.3300000005,0.0033315738169436043,,,410932.07,0.004521946589403372,,9512.56,0.00023105600370485082,,55740.61,0.001375414086438702,,0,0,,0,0,,21477.96,0.0005427493953531023,,,
TELEFONO,38125.759999999995,0,,43759.56672367329,0,,-5633.806723673297,,,38164.3,0,,23400.882741955,0,,14763.417258045003,,,38272.770000000004,0,,64939.98058512463,0,,-26667.210585124623,,,114562.83,0,,39267.619999999995,0,,44017.8995110611,0,,-4750.279511061104,,,38739.270000000004,0,,24529.639043832554,0,,14209.63095616745,,,39784.47,0,,44069.09884375538,0,,-4284.628843755381,,,117791.36,0,,33582.16,0,,44846.29939613522,0,,-11264.139396135215,,,19059.6,0,,44486.36633971533,0,,-25426.76633971533,,,18533.34,0,,42958.80589442593,0,,-24425.46589442593,,,71175.1,0,,18221.07,0,,24493.05055507794,0,,-6271.980555077942,,,,,,,,,0,,,,,,,,,0,,,18221.07,0,,321750.36000000004,0,,401501.5896347564,0,,-79751.22963475634,,,445568.88999999996,0,,368361.88999999996,0,,,18221.07,0.00020050687536210085,,0,0,,0,0,,0,0,,0,0,,1366.87,3.454089056997475e-05,,,
DERECHOS Y CONTRIB,61130.520000000004,0,,70192.85009648328,0,,-9062.330096483274,,,86310.95,0.001131100649587688,,53154.44409492112,0,,33156.50590507888,0.001131100649587688,,103285.1,0.0011633402934635335,,48051.19215768444,0,,55233.907842315566,0.0011633402934635335,,250726.57,0,,108888.70000000001,0.0013126919627477012,,214217.22038599517,0.0018237070786956367,,-105328.52038599516,,,141942.77000000002,0.0017642322043216955,,48904.83697490513,0,,93037.93302509488,0.0017642322043216955,,309662.05,0.0038616607375574377,,48051.19215768443,0,,261610.85784231557,0.0038616607375574377,,560493.52,0.00230092046557171,,156813.8,0.0017644517176990152,,145777.92261141085,0.0011368699577284263,,11035.877388589142,,,310675.27999999997,0.0037696404936117286,,255730.72182471302,0.0021038399445801304,,54944.55817528695,0.0016658005490315982,,154840.49,0.0019592297310208054,,307993.61823106394,0.002514473368817081,,-153153.12823106395,,,622329.57,0.002486132474566998,,207404.69,0.0022823064906366732,,142799.1037827934,0.0011261718608619688,,64605.58621720661,0.0011561346297747045,,,,,,,,0,,,,,,,,,0,,,207404.69,0.0022823064906366732,,1640954.35,0.0019247622645057142,,1334873.102317655,0.0011223732875778624,,306081.2476823451,,,1419934.5299999998,0.0012922813348973145,,1048899.2799999998,0.0011438879395414337,,,207404.69,0.0022823064906366732,,2411.76,5.85806163109837e-05,,28491.69,0.0007030398801241087,,80.67,4.759888158736477e-06,,0,0,,80079.97,0.0020236258609939942,,,
GASTOS DE VIAJE,852.14,0,,2841.647353358618,0,,-1989.5073533586183,,,18145.58,0,,11811.441641501511,0,,6334.138358498491,,,10270.45,0,,5166.079742132464,0,,5104.370257867537,,,29268.170000000002,0,,6559.860000000001,0,,4354.2694666548705,0,,2205.59053334513,,,2561.09,0,,2450.5763618336796,0,,110.51363816632056,,,8288.07,0,,5591.258247767761,0,,2696.811752232239,,,17409.02,0,,42657.53999999999,0,,2049.388427177656,0,,40608.15157282234,,,9317.68,0,,0,0,,9317.68,,,7201.17,0,,19370.45454043574,0,,-12169.284540435741,,,59176.38999999999,0,,9607.31,0,,4083.6261048501015,0,,5523.683895149898,,,,,,,,,0,,,,,,,,,0,,,9607.31,0,,115460.88999999997,0,,57718.74188571241,0,,57742.148114287564,,,311182.47000000003,0,,69626.27,0,,,9607.31,0.00010572001033611446,,2135.34,5.186649303143593e-05,,4808.18,0.00011864309526093881,,0,0,,0,0,,1251.73,3.163129555345753e-05,,,
ARRENDAM MAQ Y EQUIPO,31535.68,0,,8251.8152137894,0,,23283.8647862106,,,22414.24,0,,58105.44672763235,0,,-35691.20672763235,,,22414.25,0,,81695.1989745725,0,,-59280.9489745725,,,76364.17000000001,0,,22414.24,0,,33178.630970710874,0,,-10764.390970710872,,,22414.24,0,,33178.630970710874,0,,-10764.390970710872,,,22414.24,0,,33178.630970710874,0,,-10764.390970710872,,,67242.72,0,,22414.24,0,,33178.630970710874,0,,-10764.390970710872,,,22414.24,0,,33178.630970710874,0,,-10764.390970710872,,,22414.24,0,,8251.8152137894,0,,14162.424786210602,,,67242.72,0,,22414.24,0,,64539.72036768295,0,,-42125.48036768295,,,,,,,,,0,,,,,,,,,0,,,22414.24,0,,233263.84999999998,0,,386737.151351021,0,,-153473.30135102104,,,412870.16000000003,0,,350098.80000000005,0,,,22414.24,0.000246649029174259,,0,0,,0,0,,0,0,,0,0,,4980.95,0.00012586891868613382,,,
PAPELERIA,34227.94,0,,94258.38686565965,0,,-60030.446865659644,,,46959.06,0,,49.52781669969191,0,,46909.5321833003,,,14295.62,0,,21640.21043651893,0,,-7344.590436518929,,,95482.62,0,,26185.46,0,,52862.16794050215,0,,-26676.70794050215,,,36134.28,0,,14796.095620765194,0,,21338.184379234805,,,30332.85,0,,30526.66943474958,0,,-193.81943474958098,,,92652.59,0,,63685.83,0,,35495.056642059986,0,,28190.773357940016,,,47556.229999999996,0,,9981.539394074402,0,,37574.69060592559,,,29740.98,0,,42770.03512043481,0,,-13029.055120434812,,,140983.03999999998,0,,66905.51000000001,0,,30149.804558576652,0,,36755.70544142336,,,,,,,,,0,,,,,,,,,0,,,66905.51000000001,0,,396023.75999999995,0,,332529.4938300411,0,,63494.266169958864,,,413616.41,0,,330472.97,0,,,66905.51000000001,0.0007362363875781057,,4394,0.0001067283759870229,,0,0,,4461.45,0.0002632453579496077,,8121.45,0.0009372608853478875,,36700,0.0009274113002100225,,,
MENSAJERIA Y PAQUETERIA,0,0,,1231.3236634280279,0,,-1231.3236634280279,,,0,0,,825.6744207921909,0,,-825.6744207921909,,,0,0,,0,0,,0,,,0,0,,0,0,,1702.7849474329637,0,,-1702.7849474329637,,,0,0,,12518.643966772743,0,,-12518.643966772743,,,109.29,0,,16620.792381456617,0,,-16511.502381456616,,,109.29,0,,0,0,,0,0,,0,,,0,0,,37872.8072625053,0,,-37872.8072625053,,,-18602.05,0,,20518.643880736505,0,,-39120.69388073651,,,-18602.05,0,,0,0,,5806.123094711638,0,,-5806.123094711638,,,,,,,,,0,,,,,,,,,0,,,0,0,,-18492.76,0,,97096.793617836,0,,-115589.55361783599,,,99536.13,0,,97934.74,0,,,0,0,,0,0,,0,0,,0,0,,0,0,,0,0,,,
EQUIPOS MENORES,3534.12,0,,4914.735470422602,0,,-1380.615470422602,,,2638,0,,13409.371673360789,0,,-10771.371673360789,,,7898.62,0,,1722.3501942747846,0,,6176.2698057252155,,,14070.739999999998,0,,10907.57,0,,34458.315491025314,0,,-23550.745491025315,,,4876,0,,1815.6090150464327,0,,3060.3909849535676,,,4775.7,0,,4934.323243752477,0,,-158.6232437524768,,,20559.27,0,,10641.92,0,,0,0,,10641.92,,,72984.88,0,,0,0,,72984.88,,,358.5,0,,22849.121147212703,0,,-22490.621147212703,,,83985.3,0,,26742.94,0,,5264.83679802331,0,,21478.10320197669,,,,,,,,,0,,,,,,,,,0,,,26742.94,0,,145358.25,0,,89368.66303311841,0,,55989.58696688159,,,73757.69,0,,50834.42,0,,,26742.94,0.00029428257162703074,,0,0,,0,0,,0,0,,0,0,,0,0,,,
HONORARIOS,685575.0900000001,0.006677586561847252,,502876.932396368,0.004351620272563421,,182698.15760363208,0.002325966289283831,,715229.33,0.009373044321342389,,532414.1591661276,0.004800515780547681,,182815.1708338724,0.004572528540794708,,736831.03,0.00829921476256728,,503923.1631072784,0.004527217731957561,,232907.86689272162,0.0037719970306097188,,2137635.45,0.007983449778049085,,778621.98,0.009386564585349089,,517819.45860393316,0.004408380476792303,,260802.52139606682,0.004978184108556786,,706739.1799999999,0.008784188313444265,,548293.9818908884,0.0045762056574432265,,158445.19810911152,0.004207982656001039,,709837.1799999999,0.008852070726989283,,549838.9217361632,0.004772681265306613,,159998.25826383673,0.0040793894616826705,,2195198.34,0.009011659557625295,,742889.1799999999,0.008358907760101553,,523399.0688158962,0.004081802419602107,,219490.11118410376,0.004277105340499446,,742537.1799999999,0.009009723019289661,,509612.24914155505,0.004192466975970957,,232924.9308584449,0.0048172560433187035,,2302943.69,0.029139637483159356,,487919.5651726145,0.003983396668404116,,1815024.1248273854,0.02515624081475524,,3788370.05,0.015134086922757025,,1490510.4300000002,0.016401758459515352,,519926.76104194246,0.004100354081249449,,970583.6689580576,0.012301404378265903,,,,,,,,0,,,,,,,,,0,,,1490510.4300000002,0.016401758459515352,,9611714.27,0.011274088718011617,,5196024.261072767,0.004368863843393844,,4415690.008927233,0.006905224874617773,,6127401.01,0.005576542995016787,,5042689,0.005499356554004169,,,1490510.4300000002,0.016401758459515352,,579216.35,0.01406891679122236,,363039.76,0.008958100742731836,,139373.94,0.008223681252540575,,163784.5,0.018901650010313565,,154953.38,0.003915681624461518,,,
NO DEDUCIBLES,1815,0,,0,0,,1815,,,8439.82,0,,0,0,,8439.82,,,8113.4,0,,0,0,,8113.4,,,18368.22,0,,6773.5599999999995,0,,0,0,,6773.5599999999995,,,5133.88,0,,0,0,,5133.88,,,57,0,,0,0,,57,,,11964.439999999999,0,,7334.66,0,,0,0,,7334.66,,,95.24,0,,0,0,,95.24,,,4762,0,,0,0,,4762,,,12191.9,0,,2063.02,0,,0,0,,2063.02,,,,,,,,,0,,,,,,,,,0,,,2063.02,0,,44587.579999999994,0,,0,0,,44587.579999999994,,,46713.22,0,,10823.87,0,,,2063.02,2.2701723554627764e-05,,246.02,5.975720314139139e-06,,0,0,,0,0,,0,0,,0,0,,,
COMEDOR,513175.2,0.004998390211921608,,815840.1868623813,0.007059832073434572,,-302664.9868623813,-0.002061441861512964,,294549.6,0.0038600576623915466,,415826.9477554918,0.003749306419280167,,-121277.34775549185,,,516802.2,0.0058209443860789195,,469450.1117101304,0.00421751375130004,,47352.0882898696,0.001603430634778879,,1324527,0.004946725029363646,,397188.57999999996,0.0047882494387495875,,386291.0880691034,0.0032886328675130186,,10897.491930896533,0.001499616571236569,,557268.64,0.006926392102581578,,484315.2715740319,0.004042222528359413,,72953.3684259681,0.0028841695742221644,,503066.77,0.006273526878992237,,353055.184859695,0.003064570003663319,,150011.58514030505,0.003208956875328918,,1457523.9900000002,0.005983381891110421,,680019.27,0.007651502412542331,,342602.50391726475,0.002671834576654791,,337416.76608273527,0.00497966783588754,,411598.04,0.00499420693746609,,382425.3560020076,0.003146128607609279,,29172.683997992368,0.001848078329856811,,509674,0.006449013781397218,,322438.19026728824,0.002632399486629683,,187235.80973271176,0.003816614294767535,,1601291.31,0.006396967971541077,,631531,0.006949444105329869,,319961.0404208026,0.0025233430095059533,,311569.9595791974,0.004426101095823916,,,,,,,,0,,,,,,,,,0,,,631531,0.006949444105329869,,5014873.300000001,0.005882210488742265,,4292205.881438197,0.0036089252362240137,,722667.4185618041,0.0022732852525182514,,5630367.74,0.005124193394332045,,4883366.14,0.005325605364045064,,,631531,0.006949444105329869,,18908,0.00045926721282718,,249284,0.00615114770225488,,134038,0.007908837102029501,,77546,0.008949243375898058,,52111,0.0013168482361102039,,,
CAPACITACION Y ADIESTRAMIENTO,25109.34,0,,36968.90700066598,0,,-11859.567000665982,,,8166.67,0,,27302.909974283582,0,,-19136.239974283584,,,8166.67,0,,27302.909974283582,0,,-19136.239974283584,,,41442.68,0,,8166.67,0,,27302.909974283582,0,,-19136.239974283584,,,8166.67,0,,27302.909974283582,0,,-19136.239974283584,,,8166.67,0,,27302.909974283582,0,,-19136.239974283584,,,24500.010000000002,0,,8166.67,0,,27302.909974283582,0,,-19136.239974283584,,,8166.67,0,,27302.909974283582,0,,-19136.239974283584,,,8166.67,0,,27302.909974283582,0,,-19136.239974283584,,,24500.010000000002,0,,8166.67,0,,27302.909974283582,0,,-19136.239974283584,,,,,,,,,0,,,,,,,,,0,,,8166.67,0,,98609.37,0,,282695.0967692183,0,,-184085.72676921828,,,127899.99999999994,0,,243046.69999999995,0,,,8166.67,8.986703216734298e-05,,0,0,,0,0,,0,0,,0,0,,0,0,,,
EQUIPO DE TRABAJO,40921.65,0,,42475.184402266466,0,,-1553.534402266465,,,23340.98,0,,42475.184402266466,0,,-19134.204402266467,,,23340.98,0,,42475.184402266466,0,,-19134.204402266467,,,87603.61,0,,23340.98,0,,42475.184402266466,0,,-19134.204402266467,,,23340.98,0,,42475.184402266466,0,,-19134.204402266467,,,23340.98,0,,42475.184402266466,0,,-19134.204402266467,,,70022.94,0,,23340.98,0,,42475.184402266466,0,,-19134.204402266467,,,23340.98,0,,42475.184402266466,0,,-19134.204402266467,,,23340.98,0,,42475.184402266466,0,,-19134.204402266467,,,70022.94,0,,23340.98,0,,42475.184402266466,0,,-19134.204402266467,,,,,,,,,0,,,,,,,,,0,,,23340.98,0,,250990.47000000006,0,,424751.84402266465,0,,-173761.3740226646,,,591569.87,0,,350774.89999999997,0,,,23340.98,0.00025684698910049126,,0,0,,0,0,,0,0,,0,0,,3570.39,9.022397907784365e-05,,,
DONATIVOS,442,0,,0,0,,442,,,0,0,,0,0,,0,,,0,0,,0,0,,0,,,442,0,,0,0,,0,0,,0,,,0,0,,0,0,,0,,,0,0,,0,0,,0,,,0,0,,0,0,,0,0,,0,,,0,0,,0,0,,0,,,0,0,,0,0,,0,,,0,0,,0,0,,0,0,,0,,,,,,,,,0,,,,,,,,,0,,,0,0,,442,0,,0,0,,442,,,171.55,0,,171.55,0,,,0,0,,0,0,,0,0,,0,0,,0,0,,0,0,,,
RECLUTAMIENTO,0,0,,18165,0,,-18165,,,0,0,,18165,0,,-18165,,,0,0,,18165,0,,-18165,,,0,0,,0,0,,18165,0,,-18165,,,0,0,,18165,0,,-18165,,,42000,0,,18165,0,,23835,,,42000,0,,399204,0.004491799723699813,,18165,0,,381039,0.004491799723699813,,170834.4,0.002072853276069675,,18165,0,,152669.4,0.002072853276069675,,78900,0.0009983385210001695,,18165,0,,60735,0.0009983385210001695,,648938.4,0.002592431579674976,,0,0,,18165,0,,-18165,,,,,,,,,0,,,,,,,,,0,,,0,0,,690938.4,0,,181650,0,,509288.4,,,429504,0,,429504,0,,,0,0,,0,0,,0,0,,0,0,,0,0,,0,0,,,
ARTICULOS DE LIMPIEZA,35325,0,,68402.25594120125,0,,-33077.25594120125,,,35620.7,0,,63216.95810595834,0,,-27596.258105958346,,,45688.14,0,,57478.43033335478,0,,-11790.29033335478,,,116633.84,0,,42214,0,,82031.61324846496,0,,-39817.61324846496,,,37440.1,0,,9932.638636277401,0,,27507.4613637226,,,22967.5,0,,86305.72019713999,0,,-63338.22019713999,,,102621.6,0,,62257.56,0,,45965.84597134865,0,,16291.714028651346,,,31375,0,,43533.43632015207,0,,-12158.436320152068,,,49259.5,0,,54908.03656332144,0,,-5648.536563321439,,,142892.06,0,,44807,0,,53905.06275091807,0,,-9098.06275091807,,,,,,,,,0,,,,,,,,,0,,,44807,0,,406954.5,0,,565679.998068137,0,,-158725.49806813698,,,595203.5499999999,0,,517028.04999999993,0,,,44807,0.0004930616898101842,,0,0,,0,0,,0,0,,0,0,,4144,0.00010471913972943687,,,
,,0,,0,0,,0,,,,0,,,0,,0,,,,0,,,0,,0,,,0,0,,,0,,,0,,0,,,,0,,,0,,0,,,,0,,,0,,0,,,0,0,,,0,,,0,,0,,,,0,,,0,,0,,,,0,,,0,,0,,,0,0,,,0,,,0,,0,,,,,,,,,0,,,,,,,,,0,,,0,0,,0,0,,0,0,,0,,,0,0,,0,0,,,,0,,1545589.5679000001,0.037541707902697195,,2412133.22728,0.05952001636092177,,319252.92714000004,0.01883734012068483,,410468.04918000003,0.04737031529855717,,380063.0085,0.009604216045632639,,,
GASTOS DE ADMON PLANTA,11364519.569999997,0.11069183269549959,,11679071.26234841,0.10106425647277367,,-314551.69234841,0.00962757622272592,,11045197.290000001,0.14474675379593405,,11282127.69129165,0.1017253788010175,,-236930.40129165046,0.04302137499491655,,11384719.229999997,0.12823052511957805,,11586901.019171378,0.10409607573697209,,-202181.78917137586,0.024134449382605963,,33794436.09,0.12621243874955598,,11509735.59,0.13875395153348483,,11717135.306233214,0.0997521233890919,,-207399.71623321366,0.03900182814439293,,11720395.76,0.14567490578905465,,11529785.759203771,0.09623062182520274,,190610.00079622815,0.04944428396385191,,11706480.54,0.1459864270623352,,11297198.47099453,0.09806131461686209,,409282.069005471,0.04792511244547311,,34936611.89,0.14342068628275476,,12380563.49,0.1393047456028246,,11143297.567458179,0.08690259819548164,,1237265.922541822,0.05240214740734296,,12539249.589999998,0.15214748664254285,,11412144.60113691,0.09388518318754506,,1127104.9888630924,0.05826230345499779,,13395208.3,0.1694924263968466,,11194064.713731753,0.0913888338763462,,2201143.5862682476,0.0781035925205004,,38315021.379999995,0.15306394474642565,,12782600.339999998,0.14066129229380753,,11015236.988743465,0.08687064280401714,,1767363.351256539,0.053790649489790385,,0,,,0,,,0,,,0,,,0,,,0,,,12782600.339999998,0.14066129229380753,,119828669.69999997,0.14055339299626415,,113856963.38031322,0.09573195690355943,,5971706.319686766,0.044821436092704725,,58146996.229999974,0.05291953700736716,,105336400.3,0.11487569893067205,,,12782600.339999998,0.14066129229380753,,3351868.6279,0.08141545179281241,,5398402.5472800005,0.1332069905190396,,774123.7071400001,0.045676735676371275,,1012397.3191800001,0.11683632943605819,,2245808.1384999994,0.05675171241821621,0,,
,,,,,,,,,,,,,,,,,,,,,,,,,,,,,,,,,,,,,,,,,,,,,,,,,,,,,,,,,,,,,,,,,,,,,,,,,,,,,,,,,,,,,,,,,,,,,,,,,,,,,,,,,,,,,,,,,,,,,,,,,,,,,,,,,,,,,,,,,,,,,,,,,,,,,,,,,,,,
GASTOS DE VENTA:,,,,,,,,,,,,,,,,,,,,,,,,,,,,,,,,,,,,,,,,,,,,,,,,,,,,,,,,,,,,,,,,,,,,,,,,,,,,,,,,,,,,,,,,,,,,,,,,,,,,,,,,,,,,,,,,,,,,,,,,,,,,,,,,,,,,,,,,,,,,,,,,,,,,,,,,,,,,
LABOR INDIRECTA,1440881.3900000001,0.01403436377345593,,1324142.2,0.01145839800966449,,116739.19000000018,0.002575965763791441,,1307611.01,0.017136176381085052,,1324142.2,0.011939136886864243,,-16531.189999999944,0.005197039494220809,,1282050.63,0.01444023538864084,,1363866.466,0.012252900642281097,,-81815.83600000013,0.0021873347463597422,,4030543.03,0.015052911785436,,1267509.81,0.015280281060301628,,1503662.7787650002,0.01280121387376643,,-236152.9687650001,0.0024790671865351985,,1483925.69,0.018443979155248928,,1503662.7787650002,0.012549964694743891,,-19737.088765000226,0.005894014460505036,,1310376.1099999999,0.016341130517673205,,1503662.7787650002,0.013052010124874716,,-193286.6687650003,0.0032891203927984895,,4061811.61,0.01667442196431776,,1346170.87,0.015146967319763172,,1503662.7787650002,0.011726529018314905,,-157491.90876500006,0.003420438301448267,,1528848.7000000002,0.01855059072651564,,1503662.7787650002,0.012370300269642672,,25185.921235000016,0.00618029045687297,,1276248.35,0.016148642460936717,,1503662.7787650002,0.012275968685979558,,-227414.42876500008,0.0038726737749571593,,4151267.9200000004,0.01658382067003533,,1584163.25,0.01743232550673317,,1503662.7787650002,0.011858496760920873,,80500.47123499983,0.0055738287458122985,,0,,,0,,,0,,,0,,,0,,,0,,,1584163.25,0.01743232550673317,,13827785.809999997,0.016219342316716838,,14537790.317355001,0.012223504604503216,,-710004.5073550045,0.003995837712213622,,16114844.52,0.014666107731015088,,13647943.719999999,0.014883905936943966,,,1584163.25,0.01743232550673317,,349508.58,0.008489413549597286,,711131.73,0.01754736086949037,,0,0,,0,0,,523522.94,0.01322945750613552,,,
MANTENIMIENTO INSTALACIONES,0,0,,0,0,,0,,,0,0,,0,0,,0,,,0,0,,0,0,,0,,,0,0,,0,0,,0,0,,0,,,0,0,,0,0,,0,,,0,0,,0,0,,0,,,0,0,,0,0,,0,0,,0,,,668.7,0,,0,0,,668.7,,,0,0,,0,0,,0,,,668.7,0,,0,0,,0,0,,0,,,0,,,0,,,0,,,0,,,0,,,0,,,0,0,,668.7,0,,0,0,,668.7,,,0,0,,0,0,,,0,0,,0,0,,0,0,,0,0,,0,0,,0,0,,,
MANTENIMIENTO ACTIVO FIJO,416599.13999999996,0.0040577273875880195,,219642.6703374635,0.0019006668140568177,,196956.46966253646,0.002157060573531202,,148977.39,0.0019523411873334537,,152932.42475687785,0.001378916217315958,,-3955.034756877838,,,179876,0.00202601341942881,,89905.37663643344,0,,89970.62336356656,0.00202601341942881,,745452.53,0.002784049466982141,,143322.6,0.0017278048603767302,,281303.3923112175,0.0023948354240367242,,-137980.7923112175,,,174554.83,0.0021695733604881655,,205190.98575533286,0.0017125778886567622,,-30636.155755332875,,,462672.65,0.005769789377957856,,204159.82290427506,0.0017721367538457097,,258512.82709572496,0.0039976526241121465,,780550.08,0.003204289772120176,,203584.57,0.0022907113036831927,,215911.3059108679,0.0016838151678034952,,-12326.735910867894,,,86575.47,0.0010504807381696653,,272762.381423978,0.002243955631626858,,-186186.91142397802,-0.001193474893457193,,198489.56,0.0025115307194470775,,258316.17630885224,0.002108904560405453,,-59826.616308852244,,,488649.60000000003,0.0019520969238922296,,120358.36000000002,0.0013244380646859305,,120861.82058501503,0,,-503.460585015011,0.0013244380646859305,,0,,,0,,,0,,,0,,,0,,,0,,,120358.36000000002,0.0013244380646859305,,2135010.57,0.0025042669708982674,,2020986.3569303134,0.0016992634712914483,,114024.21306968643,,,2351102.89,0.0021397369505269615,,2186161.1100000003,0.0023841405703162602,,,120358.36000000002,0.0013244380646859305,,0,0,,98900.76000000001,0.002440402041949188,,12963.849999999999,0.0007649247069125557,,0,0,,8493.75,0.00021463759485446535,,,
FLETES,452062.69,0.004403146771065617,,739147.2303372353,0.006396173426800533,,-287084.54033723526,-0.001993026655734916,,648742.6799999999,0.00850174012408921,,951671.9526253906,0.008580756442762658,,-302929.2726253907,,,230731.99,0.0025988242346478346,,813633.2381988429,0.007309635859107522,,-582901.2481988429,-0.004710811624459688,,1331537.3599999999,0.004972906695178574,,440132.06,0.00530594834642703,,926890.1563289722,0.007890944230461891,,-486758.0963289722,-0.0025849958840348615,,153434.62,0.0019070664737757454,,810755.1591372079,0.006766775614150927,,-657320.5391372079,-0.004859709140375182,,271975.76,0.003391691406678167,,757828.3869894128,0.006578059867936076,,-485852.6269894128,-0.0031863684612579092,,865542.44,0.0035531977497560963,,346095,0.003894223067338721,,925503.212707105,0.007217669036981389,,-579408.212707105,-0.0033234459696426678,,280179.33,0.003399611799950751,,571813.895436155,0.00470418612789562,,-291634.565436155,-0.0013045743279448694,,271739.5,0.0034383778267088163,,446231.63666125195,0.003643054596886483,,-174492.13666125195,,,898013.8300000001,0.003587458242379979,,514563.4,0.005662318377005239,,642325.8074179944,0.005065642785264818,,-127762.40741799434,,,0,,,0,,,0,,,0,,,0,,,0,,,514563.4,0.005662318377005239,,3609657.03,0.004233957903308993,,7585800.675839568,0.00637820930594072,,-3976143.6458395678,-0.0021442514026317272,,7898011.029999998,0.007187973826428542,,6983491.369999998,0.007615918617118971,,,514563.4,0.005662318377005239,,0,0,,242813.83,0.005991494570370368,,0,0,,0,0,,271749.57,0.00686712866608214,,,
HONORARIOS,110967.57,0.0010808379199320737,,143905.14951595617,0.001245275982288083,,-32937.57951595617,,,47181.33,0,,125014.45711917827,0.0011271936778262104,,-77833.12711917827,-0.0011271936778262104,,9900,0,,150247.452592439,0.0013498147760537388,,-140347.452592439,-0.0013498147760537388,,168048.90000000002,0,,14300,0,,136696.67447492195,0.0011637472114747241,,-122396.67447492195,-0.0011637472114747241,,14050,0,,130825.6573151119,0.0010919053152461619,,-116775.6573151119,-0.0010919053152461619,,10928.75,0,,114861.97665878905,0.0009970185492953118,,-103933.22665878905,-0.0009970185492953118,,39278.75,0,,12600,0,,110222.8753578762,0,,-97622.8753578762,,,16350,0,,123747.63187039646,0.0010180443284971729,,-107397.63187039646,-0.0010180443284971729,,12800,0,,132734.51339221408,0.0010836503722529212,,-119934.51339221408,-0.0010836503722529212,,41750,0,,10237.64,0,,39597.91715969445,0,,-29360.27715969445,,,0,,,0,,,0,,,0,,,0,,,0,,,10237.64,0,,259315.29000000004,0,,1207854.3054565776,0.001015574742929963,,-948539.0154565775,-0.001015574742929963,,1436929.67,0.0013077485988745958,,1118173.47,0.0012194356226921954,,,10237.64,0.0001126562384910468,,0,0,,400,9.870104302329679e-06,,0,0,,0,0,,9837.64,0.0002485977793841451,,,
GASTOS DE VIAJE,27511.14,0,,113669.761540084,0,,-86158.621540084,,,50245.16,0,,98918.39130385855,0,,-48673.23130385854,,,26756.73,0,,89429.83741314974,0,,-62673.107413149744,,,104513.03,0,,33743.4,0,,95235.37095960848,0,,-61491.97095960848,,,18951.8,0,,95415.44988231672,0,,-76463.64988231672,,,37715.649999999994,0,,45882.23381805425,0,,-8166.583818054256,,,90410.85,0,,24227.239999999998,0,,56596.683616898445,0,,-32369.443616898447,,,43888.78,0,,38420.086669174,0,,5468.693330825998,,,18091.73,0,,45233.87303101741,0,,-27142.143031017407,,,86207.75,0,,35679.21,0,,53404.888021214014,0,,-17725.678021214015,,,0,,,0,,,0,,,0,,,0,,,0,,,35679.21,0,,316810.83999999997,0,,732206.5762553756,0,,-415395.73625537567,,,849801.62,0,,762601.62,0,,,35679.21,0.00039261837600581206,,0,0,,33397.42,0.0008240900470717782,,0,0,,0,0,,2281.79,5.766097631352118e-05,,,
COMBUSTIBLE ,518545.42000000004,0.005050696821991357,,508607.3338366542,0.004401208013561294,,9938.08616334584,,,432852.95,0.0056725160935078,,354797.54003917176,0.003199034361755383,,78055.40996082826,0.0024734817317524174,,472113.45,0.0053175975960819254,,433130.67245576036,0.0038912219245992,,38982.77754423965,0.0014263756714827255,,1423511.82,0.005316404686041883,,375525.27999999997,0.0045270906610564736,,518569.03347456385,0.004414761873185732,,-143043.75347456388,,,412804.76,0.005130824568868766,,416313.8694843108,0.003474664956627793,,-3509.109484310786,0.0016561596122409731,,355744.7,0.004436337421986807,,497354.77078494045,0.004317111253675786,,-141610.07078494044,,,1144074.74,0.0046966198349797745,,432667.7,0.0048683296142168755,,626087.3631828175,0.004882631754969436,,-193419.66318281746,,,485796.41,0.005894507663394415,,513278.58117837,0.004222629076692012,,-27482.171178370016,0.0016718785867024027,,504183.39,0.006379539922502557,,642320.6423579573,0.0052439338150145716,,-138137.2523579573,0.0011356061074879855,,1422647.5,0.005683307238014665,,453533.81,0.0049907413293603905,,609138.6853133013,0.00480391563105141,,-155604.87531330128,,,0,,,0,,,0,,,0,,,0,,,0,,,453533.81,0.0049907413293603905,,4443767.870000001,0.005212330683299591,,5119598.492107848,0.004304604370774393,,-675830.6221078467,0.0009077263125251978,,5591206.42,0.005088552706809683,,4724998.12,0.005152895484706548,,,453533.81,0.0049907413293603905,,0,0,,348538.05,0.008600267267076493,,0,0,,0,0,,104995.76,0.0026532494359166065,,,
GASTOS EXPORTACION,1159460.18,0.01129328622042699,,319596.99684622476,0.0027656165573135046,,839863.1831537752,0.008527669663113486,,1555052.1,0.02037887939424486,,188916.88475160737,0.0017033703383891826,,1366135.2152483927,0.018675509055855678,,18068,0,,1306113.2984640116,0.011734049390170701,,-1288045.2984640116,-0.011734049390170701,,2732580.2800000003,0.010205396542178091,,36439,0,,1359133.8751104062,0.011570788120897148,,-1322694.8751104062,-0.011570788120897148,,31368,0,,1340044.698696966,0.011184365201776377,,-1308676.698696966,-0.011184365201776377,,24191,0,,1311849.2902188879,0.011387041336694938,,-1287658.2902188879,-0.011387041336694938,,91998,0,,35373,0,,961472.9715800859,0.007498184340786566,,-926099.9715800859,-0.007498184340786566,,50384,0,,852416.3468666357,0.007012640277065829,,-802032.3468666357,-0.007012640277065829,,20949,0,,1271562.4805718889,0.010381091701017992,,-1250613.4805718889,-0.010381091701017992,,106706,0,,17739,0,,1351199.6976446589,0.010656110840913908,,-1333460.6976446589,-0.010656110840913908,,0,,,0,,,0,,,0,,,0,,,0,,,17739,0,,2949023.2800000003,0.0034590655897849135,,10262306.540751373,0.008628639464138358,,-7313283.260751373,-0.005169573874353445,,13948716.709999999,0.012694716459992896,,11782350.309999999,0.01284936378167909,,,17739,0.00019520211831952278,,0,0,,460,1.1350619947679131e-05,,0,0,,0,0,,17279,0.00043664141297899126,,,
TELEFONO,0,0,,0,0,,0,,,0,0,,0,0,,0,,,0,0,,0,0,,0,,,0,0,,0,0,,0,0,,0,,,0,0,,0,0,,0,,,0,0,,0,0,,0,,,0,0,,0,0,,0,0,,0,,,0,0,,0,0,,0,,,0,0,,0,0,,0,,,0,0,,0,0,,0,0,,0,,,0,,,0,,,0,,,0,,,0,,,0,,,0,0,,0,0,,0,0,,0,,,0,0,,0,0,,,0,0,,0,0,,0,0,,0,0,,0,0,,0,0,,,
DEPRECIACIONES Y AMORT.,188869.86000000002,0.0018396159041804913,,193886.46000000002,0.0016777867417599817,,-5016.600000000006,,,188869.86000000002,0.0024751299960611684,,195825.32460000002,0.0017656603318843128,,-6955.464600000007,,,188869.86000000002,0.0021273147662036105,,197783.57784600003,0.0017768766872972644,,-8913.717846000014,,,566609.5800000001,0.0021161228055473565,,188869.86000000002,0.002276893260983771,,199761.41362446002,0.0017006396750958493,,-10891.553624460008,,,188869.86000000002,0.0023474974416642005,,201759.02776070463,0.0016839338653593286,,-12889.167760704615,,,188869.86000000002,0.002355313874819243,,203776.6180383117,0.0017688104802549229,,-14906.758038311673,,,566609.5800000001,0.002326027923767952,,188869.86000000002,0.0021251429969720305,,203776.6180383117,0.0015891810706673026,,-14906.758038311673,,,188869.86000000002,0.002291690128286931,,203776.6180383117,0.0016764250526548137,,-14906.758038311673,,,188869.86000000002,0.00238981060448554,,203776.6180383117,0.0016636412214896534,,-14906.758038311673,,,566609.5800000001,0.0022635377541818684,,188869.86000000002,0.0020783469619883705,,203776.6180383117,0.001607065360055966,,-14906.758038311673,,,0,,,0,,,0,,,0,,,0,,,0,,,188869.86000000002,0.0020783469619883705,,1888698.6000000006,0.0022153546162358346,,2007898.8940227227,0.0016882594149926569,,-119200.29402272217,,,2290188.4600000004,0.0020842987741520914,,1912448.7400000005,0.002085640719171065,,,188869.86000000002,0.0020783469619883705,,0,0,,25415.43,0.000627132362471397,,104622.52,0.0061731931831556985,,33875.01,0.003909366167835614,,24956.9,0.0006306624271992237,,,
SERVICIOS CALIDAD,64,0,,30243.690000000002,0,,-30179.690000000002,,,15568.74,0,,30243.690000000002,0,,-14674.950000000003,,,12898.82,0,,30243.690000000002,0,,-17344.870000000003,,,28531.559999999998,0,,12898.82,0,,30243.690000000002,0,,-17344.870000000003,,,12898.82,0,,30243.690000000002,0,,-17344.870000000003,,,12898.82,0,,30243.690000000002,0,,-17344.870000000003,,,38696.46,0,,12898.82,0,,30243.690000000002,0,,-17344.870000000003,,,12898.82,0,,30243.690000000002,0,,-17344.870000000003,,,12898.82,0,,30243.690000000002,0,,-17344.870000000003,,,38696.46,0,,12898.82,0,,30243.690000000002,0,,-17344.870000000003,,,0,,,0,,,0,,,0,,,0,,,0,,,12898.82,0,,118823.30000000002,0,,302436.9,0,,-183613.6,,,130365.38999999998,0,,325495.99,0,,,12898.82,0.00014194018759920103,,0,0,,12898.82,0.0003182817469424403,,0,0,,0,0,,0,0,,,
DIVERSOS,0,0,,10506.68966039226,0,,-10506.68966039226,,,0,0,,9980.944611986959,0,,-9980.944611986959,,,400,0,,10717.27173135128,0,,-10317.27173135128,,,400,0,,0,0,,11720.93490468755,0,,-11720.93490468755,,,0,0,,11982.216443354288,0,,-11982.216443354288,,,1000,0,,11724.946387638918,0,,-10724.946387638918,,,1000,0,,0,0,,12856.591998425916,0,,-12856.591998425916,,,0,0,,12272.20226691353,0,,-12272.20226691353,,,0,0,,12066.703455586994,0,,-12066.703455586994,,,0,0,,2000,0,,13092.575339356621,0,,-11092.575339356621,,,0,,,0,,,0,,,0,,,0,,,0,,,2000,0,,3400,0,,116921.07679969432,0,,-113521.07679969432,,,455947.4,0,,455947.4,0,,,2000,2.2008243792719184e-05,,0,0,,2000,4.93505215116484e-05,,0,0,,0,0,,0,0,,,
EQUIPOS MENORES,0,0,,0,0,,0,,,0,0,,0,0,,0,,,0,0,,0,0,,0,,,0,0,,0,0,,0,0,,0,,,0,0,,0,0,,0,,,0,0,,0,0,,0,,,0,0,,0,0,,0,0,,0,,,0,0,,0,0,,0,,,0,0,,0,0,,0,,,0,0,,0,0,,0,0,,0,,,0,,,0,,,0,,,0,,,0,,,0,,,0,0,,0,0,,0,0,,0,,,0,0,,0,0,,,0,0,,0,0,,0,0,,0,0,,0,0,,0,0,,,
ARRENDAM MAQ Y EQUIPO,0,0,,0,0,,0,,,0,0,,0,0,,0,,,0,0,,0,0,,0,,,0,0,,0,0,,0,0,,0,,,0,0,,0,0,,0,,,0,0,,0,0,,0,,,0,0,,0,0,,0,0,,0,,,0,0,,0,0,,0,,,0,0,,0,0,,0,,,0,0,,0,0,,0,0,,0,,,0,,,0,,,0,,,0,,,0,,,0,,,0,0,,0,0,,0,0,,0,,,0,0,,0,0,,,0,0,,0,0,,0,0,,0,0,,0,0,,0,0,,,
GASTOS DE VENTA,4314961.390000001,0.042028260088553884,,3603348.18207401,0.031181392480056143,,711613.20792599,0.010846867608497741,,4395101.220000001,0.05759757997039357,,3432443.8098080717,0.030948652268440943,,962657.4101919286,0.026648927701952624,,2421665.4799999995,0.027276161132377356,,4485070.881337989,0.04029362789730948,,-2063405.4013379887,-0.013017466764932126,,11131728.090000002,0.04157378291486197,,2512740.8299999996,0.030291983392298622,,5063217.319953838,0.04310496257367105,,-2550476.4899538383,-0.01281297918137243,,2490858.38,0.030959326568028557,,4746193.533240306,0.03961297846682727,,-2255335.1532403054,-0.008653651898798714,,2676373.2999999993,0.03337588733155074,,4681344.51456531,0.040634746610085704,,-2004971.2145653104,-0.007258859278534965,,7679972.509999999,0.031527582911729524,,2602487.06,0.02928289961283038,,4646334.09115739,0.03623510026197049,,-2043847.031157389,-0.006952200649140112,,2694460.07,0.03269376883893657,,4122394.212514934,0.033914023116626384,,-1427934.1425149345,-0.0012202542776898126,,2504270.21,0.03168706486230905,,4546149.11258208,0.037114960173243325,,-2041878.9025820806,-0.005427895310934273,,7801217.340000001,0.03116493367032066,,2940043.35,0.03235259540398141,,4567304.478284546,0.03601962230278847,,-1627261.1282845465,-0.0036670268988070603,,0,,,0,,,0,,,0,,,0,,,0,,,2940043.35,0.03235259540398141,,29552961.29,0.034664233465964554,,43893800.13551848,0.036906301188368705,,-14340838.845518475,-0.0022420677224041508,,51067114.11,0.04647614167916903,,43899611.85,0.04787517496033101,,,2940043.35,0.03235259540398141,,349508.58,0.008489413549597286,,1475956.04,0.03641960015113369,,117586.37,0.006938117890068254,,33875.01,0.003909366167835614,,963117.3500000001,0.024338035798864614,0,,
,,,,,,,,,,,,,,,,,,,,,,,,,,,,,0,,,,,,,,,,,,,,,,,,,,,,,,,,,,,,0,,,,,,,,,,,,,,,,,,,,,,,,,,,,,,0,,,,,,,,,,,,,,,,,,,,,,,,,,,,,,0,,,,,,,,,,,,,,,,,,,,,,,,,,,,,,,,,,,,,
GASTOS DE ADMON CORPORATIVO,3729452.4165534703,0.03632532993552349,,3029104.240613086,0.026212201379660925,,700348.1759403842,0.010113128555862563,,3249310.6596756447,0.04258205242638762,,2942206.9206973747,0.02652842812175708,,307103.73897827,0.016053624304630542,,3511800.992165557,0.03955478183020985,,2792484.9391740593,0.02508752972357788,,719316.0529914978,0.01446725210663197,,10490564.068394672,0.03917922084583466,,3157248.3402676843,0.03806175039896618,,2946284.0918164114,0.025082760127370294,,210964.24845127296,0.012978990271595884,,3398001.2259437796,0.042234368070558415,,3020841.2330882847,0.02521273476944232,,377159.99285549484,0.017021633301116095,,3393345.6535912314,0.042316937704941375,,3096327.6298979046,0.026876571094317663,,297018.02369332686,0.015440366610623712,,9948595.219802696,0.040840661895489724,,3127511.279233261,0.035190414675023325,,3134741.954097089,0.024446733010070512,,-7230.6748638278805,0.010743681664952813,,3204575.536668938,0.03888335662838951,,3274754.9118597806,0.02694068253951491,,-70179.37519084243,0.011942674088874599,,2744739.6944029406,0.03472977651509112,,3313324.272385561,0.02705012426237487,,-568584.5779826203,0.007679652252716249,,9076826.51030514,0.03626084030247872,,2659217.8021513857,0.02926235684384329,,3079528.187010057,0.024286412849041195,,-420310.3848586711,0.004975943994802095,,0,,,0,,,0,,,0,,,0,,,0,,,2659217.8021513857,0.02926235684384329,,32175203.600653894,0.03774000034999572,,30629598.380639605,0.02575364128019359,,1545605.220014289,0.011986359069802131,,35263225.89512953,0.03209303504475206,,25264866.59146426,0.02579115054665091,,,2659217.8021513857,0.02926235684384329,,3701377.2079000003,0.08990486534240971,,6874358.587280001,0.16962659067017327,,891710.0771400001,0.05261485356643952,,1046272.3291800001,0.12074569560389381,,3208925.4884999995,0.08108974821708081,-13063425.887848614,,
,,,,,,,,,,,,,,,,,,,,,,,,,,,,,,,,,,,,,,,,,,,,,,,,,,,,,,,,,,,,,,,,,,,,,,,,,,,,,,,,,,,,,,,,,,,,,,,,,,,,,,,,,,,,,,,,,,,,,,,,,,,,,,,,,,,,,,,,,,,,,,,,,,,,,,,,,,,,
GASTOS MONTERREY IV,741711.5085231679,0.007224362253421079,,,,,,,,693377.2490881011,,,,,,,,,696629.2565387964,0.007846406536248952,,,,,,,,2131718.0141500654,0.007961349867644445,,697868.3698439169,0.008413051126057615,,,,,697868.3698439169,,,692970.8204090891,0.008613058897053657,,,,,692970.8204090891,,,798958.8172600382,0.009963467901663822,,,,,798958.8172600382,,,2189798.0075130444,0.008989490281627014,,776364.3222251213,0.008735566397283576,,,,,776364.3222251213,,,780226.4104114568,0.009467032815975418,,,,,780226.4104114568,,,703405.1936631305,0.00890033587712912,,,,,703405.1936631305,,,2259995.926299709,0.009028414421578635,,702496.9992765218,0.0077303626118656816,,,,,702496.9992765218,,,,,,,,,,,,,,,,,,,,,702496.9992765218,0.0077303626118656816,,7284008.947239339,0.00854379986619876,,,,,7284008.947239339,,,0,0,,0,,,,,,,,,,,,,,,,,,,,,,,
,,,,,,,,,,,,,,,,,,,,,,,,,,,,,,,,,,,,,,,,,,,,,,,,,,,,,,,,,,,,,,,,,,,,,,,,,,,,,,,,,,,,,,,,,,,,,,,,,,,,,,,,,,,,,,,,,,,,,,,,,,,,,,,,,,,,,,,,,,,,,,,,,,,,,,,,,,,,
GASTOS HACIENDA SAN JOSE,539812.4331719417,0.00525784017279132,,,,,,,,510769.75400832173,,,,,,,,,495163.6420967336,0.005577220883837903,,,,,,,,1545745.8292769971,0.005772913336397813,,517384.4704737641,0.006237253599697539,,,,,517384.4704737641,,,534314.3565180879,0.006641089186864779,,,,,534314.3565180879,,,609796.2116110516,0.0076045033231862446,,,,,609796.2116110516,,,1661495.0386029035,0.006820717459440528,,571271.2772562028,0.006427881898320284,,,,,571271.2772562028,,,572319.0340781589,0.006944347185027978,,,,,572319.0340781589,,,531103.156723866,0.006720161469990186,,,,,531103.156723866,,,1674693.4680582276,0.006690200846289193,,515261.812703517,0.005670003795528705,,,,,515261.812703517,,,,,,,,,,,,,,,,,,,,,515261.812703517,0.005670003795528705,,5397196.148641646,0.006330657206302548,,,,,5397196.148641646,,,0,0,,0,,,,,,,,,,,,,,,,,,,,,,,
,,,,,,,,,,,,,,,,,,,,,,,,,,,,,,,,,,,,,,,,,,,,,,,,,,,,,,,,,,,,,,,,,,,,,,,,,,,,,,,,,,,,,,,,,,,,,,,,,,,,,,,,,,,,,,,,,,,,,,,,,,,,,,,,,,,,,,,,,,,,,,,,,,,,,,,,,,,,
TOTAL DE GASTOS,20690457.318248577,0.20152762514578937,,18311523.685035504,0.15845785033249074,,1097409.691517964,0.04306977481329863,,19893756.172772072,0.2607066719780233,,17656778.421797097,0.1592024591912155,,1032830.7478785481,0.10150421278680777,,18509978.600801084,0.2084850955022521,,18864456.839683425,0.16947723335785944,,-1546271.1375178667,0.03900786214439267,,59094192.091821745,0.22069970571429487,,18394977.60058536,0.22175799005050473,,19726636.718003463,0.16793984609013324,,-1331659.1174180978,0.05381814396037149,,18836540.54287096,0.23412274851156012,,19296820.52553236,0.16105633506147232,,-460279.98266140535,0.0730664134500878,,19184954.52246232,0.23924722332367737,,19074870.615457743,0.16557263232126543,,110083.90700457722,0.07367459100241194,,56416472.66591865,0.23159913883104158,,19458197.428714585,0.21894150818628216,,18924373.61271266,0.14758443146752268,,533823.8160019292,0.07135707671875949,,19790830.641158555,0.24013599211087236,,18809293.725511625,0.15473988884368636,,981536.9156469312,0.085396103267186,,19878726.554789938,0.2515297651213661,,19053538.098699395,0.1555539183119644,,825188.4560905432,0.09597584680940169,,59127754.62466307,0.23620833398709284,,19599620.304131422,0.2156766109490266,,18662069.654038068,0.1471766779558468,,937550.6500933603,0.0684999329931798,,0,,,0,,,0,,,0,,,0,,,0,,,19599620.304131422,0.2156766109490266,,194238039.68653485,0.22783208388472576,,188380361.89647132,0.15839189937212175,,5857677.790063565,0.069440184512604,,144477336.2351295,0.13148871373128826,,174500878.74146426,0.19030373500851594,,,18381861.492151383,0.20227624454163223,,7402754.415800001,0.17980973068481942,,13748717.174560001,0.33925318134034654,,1783420.1542800001,0.10522970713287905,,2092544.6583600002,0.24149139120778762,,6417850.976999999,0.16217949643416163,,,
,,,,,,,,,,,,,,,,,,,,,,,,,,,,,0,,,,,,,,,,,,,,,,,,,,,,,,,,,,,,0,,,,,,,,,,,,,,,,,,,,,,,,,,,,,,0,,,,,,,,,,,,,,,,,,,,,,,,,,,,,,0,,,,,,,,,,,,,,,,,,,,,,,,,,,,,,,,,,,,,
MARGEN 1,2892101.966751404,0.028169432510552827,,11814187.691240095,0.10223347970263935,,-7640561.782793556,-0.07406404719208652,,-4798041.052772075,-0.06287808617028186,,11124928.154088944,0.10030798813616683,,-14718822.20376461,-0.1631860743064487,,451042.6979488991,0.005080269512218667,,10778050.387235437,0.09682940654711801,,-9135214.790650979,-0.09174913703489934,,-1454896.388071701,-0.005433616965154389,,-2768293.2390854247,-0.03337275847242402,,11617612.662245426,0.098904851867204,,-14385905.901330857,-0.13227761033962804,,-4399387.182121001,-0.05468077413155982,,11475973.710852358,0.09578149232855007,,-15875360.892973332,-0.1504622664601099,,-981487.0602122955,-0.012239698228576911,,10499424.122058123,0.09113651802900251,,-11480911.182270413,-0.10337621625757942,,-8149167.481418699,-0.03345370743156451,,-2378274.718714576,-0.02676008688390994,,14722625.641851924,0.11481649958560658,,-17100900.360566504,-0.1415765864695165,,-2554801.071158562,-0.030999188512719565,,11711048.273045048,0.09634419741960533,,-14265849.344203608,-0.1273433859323249,,-4169865.7647899464,-0.052762200511909205,,14121092.150121164,0.11528521387561137,,-18290957.914911106,-0.16804741438752058,,-9102941.554663047,-0.03636516679278666,,-67578.58413143829,0,,13294359.804634158,0.10484473307988247,,-13361938.388765616,-0.10484473307988247,,0,,,0,,,0,,,0,,,0,,,0,,,-67578.58413143829,0,,-18774584.008285135,-0.022021703913298784,,121159302.59737271,0.10187182927032576,,-139933886.60565758,-0.12389353318362455,,125079844.62487039,0.11383507138218282,,46190686.298535585,0.0503737298552027,,,1150180.2278486006,0.01265672343002865,,2571096.454200101,0.06245083046489981,,-8587444.674560083,-0.21189743657098392,,-1777022.05427998,-0.1048521908265879,,-2666169.558359997,-0.3076909222806367,,-1453705.8270000303,-0.036735237360789756,13063425.88784859,,
,,,,,,,,,,,,,,,,,,,,,,,,,,,,,0,,,,,,,,,,,,,,,,,,,,,,,,,,,,,,0,,,,,,,,,,,,,,,,,,,,,,,,,,,,,,0,,,,,,,,,,,,,,,,,,,,,,,,,,,,,,0,,,,,,,,,,,,,,,,,,,,,,,,,,,,,,,,,,,,,
MANTENIMIENTO MAYORES FABRIC,0,0,,0,0,,0,,,0,0,,0,0,,0,,,0,0,,0,0,,0,,,0,0,,0,0,,,0,,0,,,0,0,,,0,,0,,,0,0,,,0,,0,,,0,0,,0,0,,,0,,0,,,0,0,,,0,,0,,,0,0,,,0,,0,,,0,0,,0,0,,,0,,0,,,0,,,0,,,0,,,0,,,0,,,0,,,0,0,,0,0,,0,0,,0,,,397752.98,0,,397752.98,0,,,19599620.304131422,0.2156766109490266,,0,0,,0,0,,0,0,,0,0,,0,0,,,
FLETES ACTIVOS FIJOS FABRIC,0,0,,0,0,,0,,,0,0,,0,0,,0,,,0,0,,0,0,,0,,,0,0,,0,0,,,0,,0,,,0,0,,,0,,0,,,0,0,,,0,,0,,,0,0,,0,0,,,0,,0,,,0,0,,,0,,0,,,0,0,,,0,,0,,,0,0,,0,0,,,0,,0,,,0,,,0,,,0,,,0,,,0,,,0,,,0,0,,0,0,,0,0,,0,,,50267.41,0,,50267.41,0,,,0,0,,0,0,,0,0,,0,0,,0,0,,0,0,,,
GASTOS DE IMPORTACION ACTIVOS FIJOS,0,0,,0,0,,0,,,0,0,,0,0,,0,,,0,0,,0,0,,0,,,0,0,,0,0,,,0,,0,,,0,0,,,0,,0,,,0,0,,,0,,0,,,0,0,,0,0,,,0,,0,,,0,0,,,0,,0,,,0,0,,,0,,0,,,0,0,,0,0,,,0,,0,,,0,,,0,,,0,,,0,,,0,,,0,,,0,0,,0,0,,0,0,,0,,,89312.65,0,,89312.65,0,,,-67578.58413143829,-0.0007436429773657388,,0,0,,0,0,,0,0,,0,0,,0,0,,,
MANTENIMIENTO MAYORES ADMON,0,0,,0,0,,0,,,0,0,,0,0,,0,,,0,0,,0,0,,0,,,0,0,,0,0,,,0,,0,,,0,0,,,0,,0,,,0,0,,,0,,0,,,0,0,,0,0,,,0,,0,,,0,0,,,0,,0,,,0,0,,,0,,0,,,0,0,,0,0,,,0,,0,,,,,,0,,,0,,,,,,0,,,0,,,0,0,,0,0,,0,0,,0,,,850607.22,0,,850607.22,0,,,0,0,,0,0,,0,0,,0,0,,0,0,,0,0,,,
MANTENIMIENTO MAYORES VENTA,0,0,,0,0,,0,,,0,0,,0,0,,0,,,0,0,,0,0,,0,,,0,0,,0,0,,,0,,0,,,0,0,,,0,,0,,,0,0,,,0,,0,,,0,0,,0,0,,,0,,0,,,0,0,,,0,,0,,,0,0,,,0,,0,,,0,0,,0,0,,,0,,0,,,0,,,0,,,0,,,0,,,0,,,0,,,0,0,,0,0,,0,0,,0,,,0,0,,0,0,,,0,0,,0,0,,0,0,,0,0,,0,0,,0,0,,,
MTTO MAYORES,0,0,,0,0,,0,,,0,0,,0,0,,0,,,0,0,,0,0,,0,,,0,0,,0,0,,,0,,0,,,0,0,,,0,,0,,,0,0,,,0,,0,,,0,0,,0,0,,,0,,0,,,0,0,,,0,,0,,,0,0,,,0,,0,,,0,0,,0,0,,,0,,0,,,0,0,,0,0,,0,,,0,0,,0,0,,0,,,0,0,,0,0,,0,0,,0,,,1387940.26,0,,1387940.26,0,,,19532041.719999984,0.21493296797166087,,0,0,,0,0,,0,0,,0,0,,0,0,19532041.719999984,,
,,,,,,,,,,,,,,,,,,,,,,,,,,,,,0,,,,,,,,,,,,,,,,,,,,,,,,,,,,,,0,,,,,,,,,,,,,,,,,,,,,,,,,,,,,,0,,,,,,,,,,,,,,,,,,,,,,,,,,,,,,0,,,,,,,,,,,,,,,,,,,,,,,,,,,,,,,,,,,,,
MARGEN 2,2892101.966751404,0.028169432510552827,,11814187.691240095,0.10223347970263935,,-7640561.782793556,-0.07406404719208652,,-4798041.052772075,-0.06287808617028186,,11124928.154088944,0.10030798813616683,,-14718822.20376461,-0.1631860743064487,,451042.6979488991,0.005080269512218667,,10778050.387235437,0.09682940654711801,,-9135214.790650979,-0.09174913703489934,,-1454896.388071701,-0.005433616965154389,,-2768293.2390854247,-0.03337275847242402,,11617612.662245426,0.098904851867204,,-14385905.901330857,-0.13227761033962804,,-4399387.182121001,-0.05468077413155982,,11475973.710852358,0.09578149232855007,,-15875360.892973332,-0.1504622664601099,,-981487.0602122955,-0.012239698228576911,,10499424.122058123,0.09113651802900251,,-11480911.182270413,-0.10337621625757942,,-8149167.481418699,-0.03345370743156451,,-2378274.718714576,-0.02676008688390994,,14722625.641851924,0.11481649958560658,,-17100900.360566504,-0.1415765864695165,,-2554801.071158562,-0.030999188512719565,,11711048.273045048,0.09634419741960533,,-14265849.344203608,-0.1273433859323249,,-4169865.7647899464,-0.052762200511909205,,14121092.150121164,0.11528521387561137,,-18290957.914911106,-0.16804741438752058,,-9102941.554663047,-0.03636516679278666,,-67578.58413143829,0,,13294359.804634158,0.10484473307988247,,-13361938.388765616,-0.10484473307988247,,0,,,0,,,0,,,0,,,0,,,0,,,-67578.58413143829,0,,-18774584.008285135,-0.022021703913298784,,121159302.59737271,0.10187182927032576,,-139933886.60565758,-0.12389353318362455,,123691904.36487038,0.11257190800805843,,44802746.03853559,0.04886009727437187,,,-18381861.492151383,-0.20227624454163223,,2571096.454200101,0.06245083046489981,,-8587444.674560083,-0.21189743657098392,,-1777022.05427998,-0.1048521908265879,,-2666169.558359997,-0.3076909222806367,,-1453705.8270000303,-0.036735237360789756,-6468615.832151393,,
,,,,,,,,,,,,,,,,,,,,,,,,,,,,,0,,,,,,,,,,,,,,,,,,,,,,,,,,,,,,0,,,,,,,,,,,,,,,,,,,,,,,,,,,,,,0,,,,,,,,,,,,,,,,,,,,,,,,,,,,,,0,,,,,,,,,,,,,,,,,,,,,,,,,,,,,,,,,,,,,
OTROS INGRESOS 16%,2404661,0.026819626219848788,,2045836.3937426645,0.020764760116660484,,358824.6062573355,0.17539262052177093,,1430322.81,0.02188590975664554,,2626318.857217977,0.027803133245807608,,-1195996.0472179768,-0.45538874456579836,,1862681.5899999999,0.02576399537200658,,1312192.8748097415,0.013813229840751902,,550488.7151902583,0.4195181407840484,,5697665.4,0.02127913137529037,,505710.80999999994,0.007121848860916436,,1658035.3132528272,0.0165461339738482,,-1152324.503252827,-0.6949939449673915,,1092710.53,0.016531152134395585,,1385127.8597443197,0.013545517842810788,,-292417.32974431966,-0.21111215667721597,,903934.13,0.013180804868699833,,2598696.7746012015,0.026479366457676713,,-1694762.6446012016,-0.6521586747500703,,2502355.47,0.010272591399555012,,2258831.6,0.029611670889659707,,3640577.449998635,0.033361489650785094,,-1381745.8499986348,-0.37954029792695465,,1260004.8900000001,0.017568385031676032,,2004833.5649653862,0.019341295722636345,,-744828.674965386,-0.37151646300287555,,1379191.69,0.020386670906835956,,1130471.9269692188,0.010809534106194032,,248719.76303078118,0.22001409950762402,,4898028.18,0.019567038923833057,,2700694.17,0.03623231348037868,,2641871.333350934,0.024450554671876967,,58822.83664906584,0.022265594810196642,,0,,,0,,,0,,,0,,,0,,,0,,,2700694.17,0.02971876785146769,,15798743.22,0.021845857903784807,,21043962.348652907,0.020753478032660744,,-5245219.128652906,-0.24925054710472194,,22430750.64,0.020414209083152585,,18903237.66,,,,0,0,,0,0,,0,0,,0,0,,0,0,,0,0,,,
OTROS INGRESOS 0%,,,,,,,,,,,,,,,,,,,,,,,,,,,,,0,,,,,,,,,,,,,,,,,,,,,,,,,,,,,,0,,,,,,,,,,,,,,,,,,,,,,,,,,,,,,0,,,,,,,,,,,,,,,,,,,,,,,,,,,,,,0,,,,,,,,,,,0,0,,0,0,,,,,,,,,,,,,,,,,,,,,,
,,,,,,,,,,,,,,,,,,,,,,,,,,,,,,,,,,,,,,,,,,,,,,,,,,,,,,,,,,,,,,,,,,,,,,,,,,,,,,,,,,,,,,,,,,,,,,,,,,,,,,,,,,,,,,,,,,,,,,,,,,,,,,,,,,,,,,,,,,,,,,,,,,,,,,,,,,,,
UTILIDAD O (PERDIDA) TOTAL,5296762.966751404,0.05159112943859928,,13860024.084982758,0.11993702216368328,,-7281737.176536221,-0.068345892725084,,-3367718.242772075,-0.04413377783500009,,13751247.011306921,0.12398820944840828,,-15914818.250982586,-0.16812198728340838,,2313724.287948899,0.026060377461378043,,12090243.262045179,0.10861807451379046,,-8584726.07546072,-0.08255769705241242,,4242769.011928299,0.015845514410135982,,-2262582.4290854246,-0.027276234996970367,,13275647.975498253,0.11302029381000406,,-15538230.404583683,-0.14029652880697444,,-3306676.652121001,-0.0410992785257785,,12861101.570596678,0.10734213343970052,,-16167778.222717652,-0.14844141196547903,,-77552.9302122955,0,,13098120.896659326,0.11369358141620169,,-13175673.826871615,-0.11369358141620169,,-5646812.011418698,-0.023181116032009494,,-119443.11871457612,-0.0013439609012935165,,18363203.09185056,0.14320806298248434,,-18482646.21056514,-0.14455202388377786,,-1294796.1811585617,-0.015710667792652,,13715881.838010434,0.11283751862135061,,-15010678.019168993,-0.12854818641400262,,-2790674.0747899464,-0.03531099402305845,,15251564.077090383,0.12451443612666103,,-18042238.151880324,-0.15982543014971948,,-4204913.3746630475,-0.0167981278689536,,2633115.5858685616,0.028975124874101952,,15936231.137985092,0.12567960582644525,,-13303115.55211655,-0.0967044809523433,,0,,,0,,,0,,,0,,,0,,,0,,,2633115.5858685616,0.028975124874101952,,-2975840.7882851344,-0.0034905212655477985,,142203264.9460256,0.11956578172461811,,-145179105.73431048,-0.12305630299016591,,146122655.00487038,0.13298611709121103,,63705983.69853559,0.06947521827775309,,,-67578.58413143829,-0.0007436429773657388,,0,0,,0,0,,0,0,,0,0,,0,0,-67578.58413143829,,
,,,,,,,,,,,,,,,,,,,,,,,,,,,,,,,,,,,,,,,,,,,,,,,,,,,,,,,,,,,,,,,,,,,,,,,,,,,,,,,,,,,,,,,,,,,,,,,,,,,,,,,,,,,,,,,,,,,,,,,,,,,,,,,,,,,,,,,,,,,,,,,,,,,,,,,,,,,,
,,,,11068303.301851638,,,,,,,,,,,,,,,,,,,,,,,,4242769.011928229,,,,,,,,,,,,,,,,,,,,,,,,,,,,,,-5646812.011418722,,,,,,,,,,,,649774.4655103763,,,,,,,,,,,,,,,,,,-4204913.374663085,,,,,,,,,,,,0,,,,,,,,,0,,,,,,,,,2633115.5858685616,,,-2975840.788285015,,,142203264.94602558,,,-145179105.7343106,,,101814354.08542174,,,,,,,,,,-1394256.0711500356,,,1456960.4513199916,,,-632245.8490900118,,,-1232547.2088299973,,,3406296.6192500102,,,,
,,,,,,,,,,,,,,,,,,,,,,,,,,,,,0,,,,,,,,,,,,,,,,,,,,,,,,,,,,,,0,,,,,,,,,,,,,,,,,,,,,,,,,,,,,,0,,,,,,,,,,,,,,,,,,,,,,,,,,,,,,0,,,,,,,,,,,,,,,,,,,,,,,,,,,,,,,,,,,,,
Manode Obra Directa,7251339.330000001,0.0706289460800019,,,,,,,,6513582.529999999,0.0853601707642659,,,,,,,,6619340.28,0.0745562066926419,,,,,,,,20384262.14,0.0761293199255642,,6652376.82,0.0801967659158674,,,,,,,,8234322.7299999995,0.10234587743387098,,,,,,,,6740227.009999999,0.08405443936943892,,,,,,,,21626926.56,0.08878218240474997,,7107575.41,0.07997366074191037,,,,,,,,8738848.57,0.10603456263727501,,,,,,,,6777711.029999999,0.08575982262936294,,,,,,,,22624135.009999998,0.09038072344425022,,8379614.010000001,0.0922102940104826,,,,,,,,0,,,,,,,,,0,,,,,,,,,8379614.010000001,0.0922102940104826,,73014937.72,0.08564308743182947,,,,,,,,68512526.4,0.06235319812483152,,56296560.29,0.06139479507832078,,,,,,,,,,,,,,,,,,,,,,
Semanal,1450267.8660000002,,,,,,,,,1628395.6324999998,,,,,,,,,1654835.07,,,,,,,,,1568020.1646153848,,,1663094.205,,,,,,,,,1646864.5459999999,,,,,,,,,1685056.7524999997,,,,,,,,,1663609.7353846154,,,1776893.8525,,,,,,,,,1747769.7140000002,,,,,,,,,1694427.7574999998,,,,,,,,,1740318.0776923075,,,1675922.8020000001,,,,,,,,,0,,,,,,,,,0,,,,,,,,,1675922.8020000001,,,1659430.4027272726,,,,,,,,,1317548.5846153847,,,1279467.2793181818,,,,,,,,,,,,,,,,,,,,,,,
Mano de Obra Directa Total,7791814.530000001,0.07589324168404975,,,,,,,,6814224.469999999,0.08930006823529713,,,,,,,,7136142.48,0.08037715107872083,,,,,,,,21742181.48,0.0812007556811471,,7056505.0200000005,0.08506867493911495,,,,,,,,8797099.93,0.10934073641892525,,,,,,,,7243293.779999999,0.09032796624843116,,,,,,,,23096898.729999997,0.09481666617500631,,7821928.2299999995,0.08801148050198336,,,,,,,,9150446.61,0.11102876957474109,,,,,,,,7337385.029999999,0.09284149707045608,,,,,,,,24309759.869999997,0.09711459389874823,,9018045.010000002,0.09923566655689736,,,,,,,,0,,,,,,,,,0,,,,,,,,,9018045.010000002,0.09923566655689736,,78166885.08999999,0.09168607935692198,,,,,,,,74457672.66,0.0677638712106058,,61471360.88,0.06703822729083303,,,,,,,,,,,,,,,,,,,,,,
Semanal,1558362.9060000002,,,,,,,,,1703556.1174999997,,,,,,,,,1784035.62,,,,,,,,,1672475.4984615385,,,1764126.2550000001,,,,,,,,,1759419.986,,,,,,,,,1810823.4449999998,,,,,,,,,1776684.5176923075,,,1955482.0574999999,,,,,,,,,1830089.322,,,,,,,,,1834346.2574999998,,,,,,,,,1869981.5284615383,,,1803609.0020000003,,,,,,,,,0,,,,,,,,,0,,,,,,,,,1803609.0020000003,,,1776520.115681818,,,,,,,,,1431878.3203846153,,,1397076.3836363638,,,,,,,,,,,,,,,,,,,,,,,
Mano de Obra Indirecta,8448322.27,0.08228770864517096,,,,,,,,7745766.57,0.10150788050509928,,,,,,,,7651369.61,0.08618035483816507,,,,,,,,23845458.450000003,0.08905588647967604,,7719348.18,0.09305948471730395,,,,,,,,8713703.15,0.10830418284868895,,,,,,,,7816360.6899999995,0.09747443442669311,,,,,,,,24249412.02,0.09954792768148081,,7870957.079999999,0.0885631477570292,,,,,,,,8772829.7,0.10644687945780441,,,,,,,,7695318.720000001,0.09737050835931203,,,,,,,,24339105.5,0.09723182619373565,,8676877.01,0.09548141229776014,,,,,,,,0,,,,,,,,,0,,,,,,,,,8676877.01,0.09548141229776014,,81110852.98,0.09513921521203492,,,,,,,,96936139.74,0.08822150698948059,,81384686.91,0.08875491059513799,,,,,,,,,,,,,,,,,,,,,,
Mantenimiento Instalaciones,173436.94,0.0016892973457829513,,,,,,,,276822.37,0.0036277432067125122,,,,,,,,271923.19000000006,0.003062776757287743,,,,,,,,722182.5,0.002697142639235298,,180535.09,0.002176414647589078,,,,,,,,233042.49000000005,0.0028965270005180026,,,,,,,,274747.62,0.003426258067113328,,,,,,,,688325.2,0.002825691079619868,,294912.35,0.003318321490380012,,,,,,,,484379.72000000003,0.00587731797263146,,,,,,,,205003.50999999998,0.002593953117531603,,,,,,,,984295.58,0.00393214355218692,,293192.31,0.003226323918315249,,,,,,,,0,,,,,,,,,0,,,,,,,,,293192.31,0.003226323918315249,,2687995.590000001,0.003152892387767993,,,,,,,,3534143.5700000003,0.003216421372863129,,3186262.6500000004,0.003474811630670897,,,,,,,,,,,,,,,,,,,,,,
Mantenimiento Equipo,960696.6399999999,0.00935730464372007,,,,,,,,777593.6,0.01019032493646784,,,,,,,,562937.4199999999,0.006340583330842535,,,,,,,,2301227.66,0.0085944193391195,,452856.6,0.0054593471966994786,,,,,,,,466621.89,0.005799727351942305,,,,,,,,821624.73,0.010246124640869719,,,,,,,,1741103.22,0.007147522475497671,,1008466.9400000002,0.011347159653842137,,,,,,,,651911.1199999999,0.007910093639209964,,,,,,,,987862.1699999999,0.012499630643216958,,,,,,,,2648240.23,0.010579404151176324,,842980.2800000001,0.00927625775734734,,,,,,,,0,,,,,,,,,0,,,,,,,,,842980.2800000001,0.00927625775734734,,7533551.390000001,0.008836501413452831,,,,,,,,10744303.620000001,0.009778382545986576,,9484371.480000002,0.010343279242314613,,,,,,,,,,,,,,,,,,,,,,
Combustible,587273.5900000001,0.0057201177375213455,,,,,,,,517367.57,0.006780075928982402,,,,,,,,547480.36,0.006166484446139094,,,,,,,,1652121.52,0.006170195756322303,,449457.41,0.00541836875363925,,,,,,,,485414.23,0.00603330072396092,,,,,,,,425282.04000000004,0.0053035073437521065,,,,,,,,1360153.68,0.005583660340327707,,508897.16000000003,0.005726055156460405,,,,,,,,566668.61,0.00687578663714304,,,,,,,,583204.86,0.007379415429309391,,,,,,,,1658770.63,0.006626591005632206,,525444.09,0.005782050816081739,,,,,,,,0,,,,,,,,,0,,,,,,,,,525444.09,0.005782050816081739,,5196489.920000001,0.006095238241027436,,,,,,,,6201225.96,0.005643731025816156,,5218209.71,0.005690772476521296,,,,,,,,,,,,,,,,,,,,,,
Fletes,686620.4199999999,0.006687768205933379,,,,,,,,985253.7999999999,0.012911701391176183,,,,,,,,608079.49,0.006849036040491376,,,,,,,,2279953.71,0.008514967292510838,,824048.11,0.009934192720772986,,,,,,,,881688.51,0.01095866498534875,,,,,,,,738119.8399999999,0.009204771478262116,,,,,,,,2443856.46,0.010032443093603707,,1140145.45,0.012828791838978565,,,,,,,,444123.38,0.00538885963958159,,,,,,,,980240.73,0.012403194938052302,,,,,,,,2564509.5600000005,0.010244910101979447,,1042646.5900000001,0.011473410171183663,,,,,,,,0,,,,,,,,,0,,,,,,,,,1042646.5900000001,0.011473410171183663,,8330966.319999999,0.009771831617134283,,,,,,,,12979313.36,0.011812463209068766,,10976756.51,0.011970815145446493,,,,,,,,,,,,,,,,,,,,,,
Gastos de importación,226730.97,0.002208387819963809,,,,,,,,130464.64,0.0017097325316454502,,,,,,,,111562.52,0.001256572097585531,,,,,,,,468758.13,0.0017506759578239611,,233132.04,0.0028104895656480017,,,,,,,,128261.76000000001,0.0015941884716987012,,,,,,,,288820.43,0.0036017539596326265,,,,,,,,650214.23,0.0026692391177206664,,795247.59,0.008948038859918593,,,,,,,,-410925.05999999994,-0.004986041200367886,,,,,,,,547609.2699999999,0.006929016840276077,,,,,,,,931931.7999999999,0.0037229564908215383,,262093.26,0.0028841061812542677,,,,,,,,0,,,,,,,,,0,,,,,,,,,262093.26,0.0028841061812542677,,2312997.42,0.0027130371737124036,,,,,,,,3285577.15,0.002990201263230154,,2585190.54,0.0028193062351254614,,,,,,,,,,,,,,,,,,,,,,
$ MOD / Ventas,14.158500947575982,1.3790555847563677e-07,,,,,,,,11.71506559847028,1.5352534421637245e-07,,,,,,,,13.41269955058875,1.5107245702739427e-07,,,,,,,,13.135543585280347,,,12.469330758912113,1.5032221220444934e-07,,,,,,,,9.770789259646856,1.2144289612996503e-07,,,,,,,,11.897051571598332,1.4836295550823e-07,,,,,,,,11.263521270980815,,,12.504116864515968,1.406949546526162e-07,,,,,,,,9.430887204399744,,,,,,,,,11.660471877627396,,,,,,,,,11.064306213667704,,,10.844776179613076,,,,,,,,,,,,,,,,,,,,,,,,,,,10.844776179613076,,,11.676365600387587,1.369582761043818e-08,,,,,,,,16.03766975990539,,,16.288025698665646,,,,,,,,,,,,,,,,,,,,,,,
$ MOI / Ventas,12.152483237952996,1.1836669672876956e-07,,,,,,,,9.851451877667417,1.2910278033333503e-07,,,,,,,,11.60357255290795,1.306955553020265e-07,,,,,,,,11.228904000952433,,,10.74581492727796,1.2954461655077203e-07,,,,,,,,9.233253727578493,1.1476177037313922e-07,,,,,,,,10.25910030544535,1.2793677769749902e-07,,,,,,,,10.045412529326143,,,11.291378246214501,1.27049352427672e-07,,,,,,,,9.394357120599299,,,,,,,,,10.270050109113608,,,,,,,,,10.284698325088407,,,10.473242654617277,,,,,,,,,,,,,,,,,,,,,,,,,,,10.473242654617277,,,10.510912853036674,1.2328806358953914e-08,,,,,,,,11.3351044901017,,,11.26698222435909,,,,,,,,,,,,,,,,,,,,,,,
