UREBLOCK SA DE CV,20.56437096774193,Unnamed: 2,Unnamed: 3,18,Unnamed: 5,Unnamed: 6,Unnamed: 7,Unnamed: 8,Unnamed: 9,20.459935714285702,Unnamed: 11,Unnamed: 12,18.1,Unnamed: 14,Unnamed: 15,Unnamed: 16,Unnamed: 17,Unnamed: 18,20.374246666666668,Unnamed: 20,Unnamed: 21,18.2,Unnamed: 23,Unnamed: 24,Unnamed: 25,Unnamed: 26,Unnamed: 27,T1,Unnamed: 29,Unnamed: 30,20.098163333333336,Unnamed: 32,Unnamed: 33,18.3,Unnamed: 35,Unnamed: 36,Unnamed: 37,Unnamed: 38,Unnamed: 39,19.46746774193548,Unnamed: 41,Unnamed: 42,18.4,Unnamed: 44,Unnamed: 45,Unnamed: 46,Unnamed: 47,Unnamed: 48,19.07029,Unnamed: 50,Unnamed: 51,19,Unnamed: 53,Unnamed: 54,Unnamed: 55,Unnamed: 56,Unnamed: 57,T2,Unnamed: 59,Unnamed: 60,18.68416129032258,Unnamed: 62,Unnamed: 63,19.1,Unnamed: 65,Unnamed: 66,Unnamed: 67,Unnamed: 68,Unnamed: 69,18.72754193548387,Unnamed: 71,Unnamed: 72,19.2,Unnamed: 74,Unnamed: 75,Unnamed: 76,Unnamed: 77,Unnamed: 78,18.525080000000003,Unnamed: 80,Unnamed: 81,19.3,Unnamed: 83,Unnamed: 84,Unnamed: 85,Unnamed: 86,Unnamed: 87,T3,Unnamed: 89,Unnamed: 90,18.4134709677419,Unnamed: 92,Unnamed: 93,19.4,Unnamed: 95,Unnamed: 96,Unnamed: 97,Unnamed: 98,Unnamed: 99,20.29187,Unnamed: 101,Unnamed: 102,19.5,Unnamed: 104,Unnamed: 105,Unnamed: 106,Unnamed: 107,Unnamed: 108,20.26635333333333,Unnamed: 110,Unnamed: 111,19.6,Unnamed: 113,Unnamed: 114,Unnamed: 115,Unnamed: 116,Unnamed: 117,T4,Unnamed: 119,Unnamed: 120,19.649670354532628,Unnamed: 122,Unnamed: 123,19.88777601593933,Unnamed: 125,Unnamed: 126,Unnamed: 127,Unnamed: 128,Unnamed: 129,Unnamed: 130,Unnamed: 131,Unnamed: 132,16.94872393510507,Unnamed: 134,Unnamed: 135,Unnamed: 136,Unnamed: 137,Unnamed: 138,Unnamed: 139,Unnamed: 140,Unnamed: 141,Unnamed: 142,Unnamed: 143,Unnamed: 144,Unnamed: 145
ESTADOS DE RESULTADOS 2025,ENE 25,,,ENE 25 PPTO,,,ENE 25 DELTA,,,FEB 25,,,FEB 25 PPTO,,,FEB 25 DELTA,,,MZO 25,,,MZO 25 PPTO,,,MZO 25 DELTA,,,,,,ABR 25,,,ABR 25 PPTO,,,ABR 25 DELTA,,,MAY 25,,,MAY 25 PPTO,,,MAY 25 DELTA,,,JUN 25,,,JUN 25 PPTO,,,JUN 25 DELTA,,,,,,JUL 25,,,JUL 25 PPTO,,,JUL 25 DELTA,,,AGO 25,,,AGO 25 PPTO,,,AGO 25 DELTA,,,SEP 25,,,SEP 25 PPTO,,,SEP 25 DELTA,,,,,,OCT 25,,,OCT 25 PPTO,,,OCT 25 DELTA,,,NOV 25,,,NOV 25 PPTO,,,NOV 25 DELTA,,,DIC 25,,,DIC 25 PPTO,,,DIC 25 DELTA,,,,,,2025,,,2025 PPTO,,,2025 DELTA,,,2024,,,2024 Ene-Oct,,,,OCT 25,,,,,,,,
,MERIDA,,,MERIDA,,,MERIDA,,,MERIDA,,,MERIDA,,,MERIDA,,,MERIDA,,,MERIDA,,,MERIDA,,,,,,MERIDA,,,MERIDA,,,MERIDA,,,MERIDA,,,MERIDA,,,MERIDA,,,MERIDA,,,MERIDA,,,MERIDA,,,,,,MERIDA,,,MERIDA,,,MERIDA,,,MERIDA,,,MERIDA,,,MERIDA,,,MERIDA,,,MERIDA,,,MERIDA,,,,,,MERIDA,,,MERIDA,,,MERIDA,,,MERIDA,,,MERIDA,,,MERIDA,,,MERIDA,,,MERIDA,,,MERIDA,,,,,,,,,MERIDA,,,MERIDA,,,,,,,,,,MERIDA,,,MID CORTE,,,MID COSTURA,,
,,,,,,,,,,,,,,,,,,,,,,,,,,,,,,,,,,,,,,,,,,,,,,,,,,,,,,,,,,,,,,,,,,,,,,,,,,,,,,,,,,,,,,,,,,,,,,,,,,,,,,,,,,,,,,,,,,,,,,,,,,,,,,,,,,,,,,,,,,,,,,,,,
TRADICIONAL USD,234162.42138179796,,,255970.0249495949,,,-21807.603567796934,-0.08519592703126565,,291579.7133142788,,,234250.17568713104,,,57329.53762714777,0.2447363698190698,,305397.9414208197,,,219500.3815160839,,,85897.55990473583,0.3913321667663784,,831140.0761168966,0.5759674644731841,,323485.8062486306,,,249141.24388171945,,,74344.56236691112,0.2984032720098581,,311378.4797466079,,,247004.8460076778,,,64373.633738930075,0.2606168857793547,,269671.9635621692,,,229661.90007225095,,,40010.06348991828,0.17421289067682202,,904536.2495574078,0.8794645293967097,,260183.58354238275,,,284906.0744708566,,,-24722.490928473824,-0.08677417978675889,,212449.65215971365,,,246145.70148866795,,,-33696.04932895431,-0.13689472993094542,,217347.47650212582,,,224392.4066802167,,,-7044.930178090872,-0.03139558188406373,,689980.7122042222,0.9585173563374602,,248719.84907262895,,,245806.29641951874,,,2913.5526531102078,0.011853043211462876,,0,,,0,,,0,,,0,,,0,,,0,,,248719.84907262895,1,,2674376.8869511555,,,2436779.0511737177,,,237597.83577743778,0.09750487458557007,,2685954.607206785,,,2195274.3731014896,,,,248719.84907262895,1,,217741.56469597336,1,,30978.284376655578,1,0
AUTOMOTRIZ USD,0,,,0,,,0,,,0,,,0,,,0,,,0,,,0,,,0,,,0,0,,0,,,0,,,0,,,0,,,0,,,0,,,0,,,0,,,0,,,0,0,,0,,,0,,,0,,,0,,,0,,,0,,,0,,,0,,,0,,,0,0,,0,,,0,,,0,,,0,,,0,,,0,,,0,,,0,,,0,,,0,0,,0,,,0,,,0,,,0,,,0,,,,0,0,,0,0,,0,0,
EMPAQUE USD,0,,,0,,,0,,,0,,,0,,,0,,,0,,,0,,,0,,,0,0,,0,,,0,,,0,,,0,,,0,,,0,,,0,,,0,,,0,,,0,0,,0,,,0,,,0,,,0,,,0,,,0,,,0,,,0,,,0,,,0,0,,0,,,0,,,0,,,0,,,0,,,0,,,0,,,0,,,0,,,0,0,,0,,,0,,,0,,,0,,,0,,,,0,0,,0,0,,0,0,
PROD HOGAR USD,246412.7873373224,,,74648.3429543376,,,171764.4443829848,2.3009813424532832,,88712.63357551399,,,83506.2131929252,,,5206.420382588782,0.06234770065025388,,276767.5341452297,,,63035.035594450674,,,213732.49855077907,3.3906937076370136,,611892.955058066,0.4240325355268158,,-427.28879537748804,,,227518.7942242841,,,-227946.08301966157,-1.0018780373587786,,7293.034301228767,,,63515.16318428816,,,-56222.1288830594,-0.8851764848644386,,117105.94280422584,,,168378.56596280978,,,-51272.62315858394,-0.3045080165958217,,123971.68831007711,0.12053547060329046,,5275.748719374181,,,204350.75144212437,,,-199075.00272275019,-0.9741828758536845,,-2602.582344650918,,,60700.35275337117,,,-63302.935098022084,-1.0428759014832312,,27187.768149989093,,,78363.14367089054,,,-51175.37552090145,-0.6530541415723154,,29860.934524712357,0.04148264366253995,,0,,,58363.14367089053,,,-58363.14367089053,,,0,,,0,,,0,,,0,,,0,,,0,,,0,0,,765725.5778928557,,,1082379.5066503722,,,-316653.92875751643,-0.2925535145592897,,1840229.006695945,,,1511209.7207758147,,,,0,0,,0,0,,0,0,
OTROS INGRESOS USD,0,,,2655.0073816782074,,,-2655.0073816782074,,,0,,,2600.8882896658633,,,-2600.8882896658633,,,0,,,2511.8566875951296,,,-2511.8566875951296,,,0,0,,0,,,4500.938772340406,,,-4500.938772340406,,,0,,,2508.509198012536,,,-2508.509198012536,,,0,,,2422.8369475430445,,,-2422.8369475430445,,,0,0,,0,,,949.1468608152971,,,-949.1468608152971,,,0,,,867.3380526354009,,,-867.3380526354009,,,0,,,841.6054145148504,,,-841.6054145148504,,,0,0,,0,,,,,,0,,,0,,,0,,,0,,,0,,,0,,,0,,,0,0,,0,,,19858.12760480074,,,-19858.12760480074,,,0,,,0,,,,0,0,,0,0,,0,0,
TOTAL VENTAS USD,480575.20871912036,,,333273.3752856107,,,147301.83343350966,0.44198500197405227,,380292.3468897928,,,320357.2771697221,,,59935.06972007069,0.18708821054287383,,582165.4755660495,,,285047.2737981297,,,297118.20176791976,1.0423471089863454,,1443033.0311749626,,,323058.5174532531,,,481160.97687834396,,,-158102.45942509084,-0.3285853737574925,,318671.51404783665,,,313028.5183899785,,,5642.9956578581405,0.018027097616799142,,386777.90636639507,,,400463.3029826037,,,-13685.396616208709,-0.03417390935519292,,1028507.9378674848,,,265459.33226175694,,,490205.97277379624,,,-224746.6405120393,-0.4584738925972814,,209847.0698150627,,,307713.3922946745,,,-97866.32247961179,-0.31804375412394265,,244535.24465211492,,,303597.1557656221,,,-59061.91111350717,-0.19454039667981324,,719841.6467289345,,,248719.84907262895,,,304169.44009040925,,,-55449.59101778032,-0.18229836304823668,,0,,,0,,,0,,,0,,,0,,,0,,,248719.84907262895,,,3440102.4648440112,,,3539016.685428891,,,-98914.2205848794,-0.027949633860766127,,4526183.61390273,,,3706484.0938773043,,,,248719.84907262895,1,,217741.56469597336,1,,30978.284376655578,1,0
,,,,,,,,,,,,,,,,,,,,,,,,,,,,,,,,,,,,,,,,,,,,,,,,,,,,,,,,,,,,,,,,,,,,,,,,,,,,,,,,,,,,,,,,,,,,,,,,,,,,,,,,,,,,,,,,,,,,,,,,,0,,,0,,,,,,0,,,0,,,,,,,,,,,,
TRADICIONAL,4815402.8999999985,0.4872544757477447,,5119400.498991898,0.7742159837410241,,-303997.59899189975,-0.05938148403348446,,5965702.1899999995,0.7667251673586201,,4685003.513742621,0.7372005217983316,,1280698.6762573784,0.27336130538657605,,6222252.989999998,0.5245895784594167,,4390007.630321678,0.7768951013678053,,1832245.3596783206,0.4173672380482999,,17003358.08,0.5759034698729898,,6501470.569999998,1.0013226359074074,,4982824.877634389,0.5226812066555354,,1518645.692365609,0.30477605166942784,,6061750.509999999,0.97711425722183,,4940096.920153556,0.7954554898102474,,1121653.5898464425,0.22705092794243747,,5142722.55,0.6972269075439607,,4593238.001445019,0.5769812862494779,,549484.5485549811,0.1196290173472646,,17705943.629999995,0.8820961819187152,,4861312.039999999,0.9801259625177839,,5698121.489417132,0.5823241687823276,,-836809.4494171329,-0.14685707403243364,,3978659.769999999,1.0124022810847184,,4922914.029773359,0.8021797839202752,,-944254.2597733601,-0.1918079930022324,,4026379.3900000015,0.8888186110404354,,4487848.133604334,0.7411669461385187,,-461468.7436043322,-0.10282628330244142,,12866351.2,0.9587559493771153,,4579795.720000001,1,,4916125.928390374,0.8081229210484029,,-336330.20839037374,-0.06841366826022174,,0,,,0,,,0,,,0,,,0,,,0,,,4579795.720000001,1,,52155448.62999999,0.7715659225323451,,48735581.023474365,0.6924322991233417,,3419867.6065256223,0.0701718854009021,,49291514.67000001,0.5861066123067082,,39341235.440000005,0.5830356138448773,,,4579795.720000001,1,,4009377.9800000004,1,,570417.74,1,
AUTOMOTRIZ,0,0,,0,0,,0,,,0,0,,0,0,,0,,,0,0,,0,0,,0,,,0,0,,0,0,,0,0,,0,,,0,0,,0,0,,0,,,0,0,,0,0,,0,,,0,0,,0,0,,0,0,,0,,,0,0,,0,0,,0,,,0,0,,0,0,,0,,,0,0,,0,0,,0,0,,0,,,0,,,0,,,0,,,0,,,0,,,0,,,0,0,,0,0,,0,0,,0,,,0,0,,0,0,,,0,0,,0,0,,0,0,
EMPAQUE,0,0,,0,0,,0,,,0,0,,0,0,,0,,,0,0,,0,0,,0,,,0,0,,0,0,,0,0,,0,,,0,0,,0,0,,0,,,0,0,,0,0,,0,,,0,0,,0,0,,0,0,,0,,,0,0,,0,0,,0,,,0,0,,0,0,,0,,,0,0,,0,0,,0,0,,0,,,0,,,0,,,0,,,0,,,0,,,0,,,0,0,,0,0,,0,0,,0,,,0,0,,0,0,,,0,0,,0,0,,0,0,
PROD HOGAR,5067323.97,0.5127455242522554,,1492966.859086752,0.22578401625897598,,3574357.110913248,2.394130244190204,,1815054.78,0.23327483264137988,,1670124.2638585041,0.2627994782016684,,144930.5161414959,0.08677828307617155,,5638930.01,0.47541042154058333,,1260700.7118890134,0.22310489863219474,,4378229.298110986,3.4728538318588864,,12521308.76,0.42409653012701026,,-8587.720000000001,-0.0013226359074074473,,4550375.884485682,0.4773187933444645,,-4558963.604485681,-1.0018872550791418,,141976.90999999997,0.022885742778169967,,1270303.2636857633,0.20454451018975264,,-1128326.3536857634,-0.8882338461541409,,2233244.29,0.3027730924560393,,3367571.319256196,0.42301871375052214,,-1134327.0292561958,-0.3368383091903567,,2366633.48,0.11790381808128475,,98572.94,0.019874037482215973,,4087015.0288424874,0.41767583121767243,,-3988442.0888424874,-0.975881434419898,,-48739.97,-0.012402281084718324,,1214007.0550674233,0.19782021607972491,,-1262747.0250674232,-1.0401480121524442,,503655.58,0.11118138895956466,,1567262.8734178108,0.25883305386148125,,-1063607.2934178107,-0.6786400108479234,,553488.55,0.04124405062288468,,0,0,,1167262.8734178105,0.19187707895159706,,-1167262.8734178105,,,0,,,0,,,0,,,0,,,0,,,0,,,0,0,,15441430.789999997,0.2284340774676548,,21647590.13300744,0.3075677008766583,,-6206159.3430074435,-0.2866905417589426,,34808397.59,0.4138933876932917,,28135320.890000004,0.41696438615512255,,,0,,,0,,,0,,
OTROS INGRESOS,,0,,,0,,0,,,,0,,,0,,0,,,,0,,,0,,0,,,0,0,,,0,,,0,,0,,,,0,,,0,,0,,,,0,,,0,,0,,,0,0,,,0,,,0,,0,,,,0,,,0,,0,,,,0,,,0,,0,,,0,0,,,0,,,0,,0,,,0,,,0,,,0,,,0,,,0,,,0,,,0,0,,0,0,,0,0,,0,,,0,0,,0,0,,,0,0,,0,0,,0,0,
TOTAL VENTAS,9882726.869999997,,,6612367.35807865,,,3270359.511921348,0.49458224790336097,,7780756.97,,,6355127.777601125,,,1425629.1923988743,0.22432738448211162,,11861182.999999998,,,5650708.342210691,,,6210474.657789307,1.0990612648324407,,29524666.839999996,,,6492882.849999999,,,9533200.762120072,,,-3040317.912120072,-0.3189189012152873,,6203727.419999999,,,6210400.183839319,,,-6672.763839320978,-0.0010744498972359497,,7375966.84,,,7960809.3207012145,,,-584842.4807012146,-0.07346520399381953,,20072577.109999996,,,4959884.9799999995,,,9785136.518259618,,,-4825251.53825962,-0.49312051285696695,,3929919.799999999,,,6136921.084840782,,,-2207001.284840783,-0.35962679889960525,,4530034.970000002,,,6055111.007022144,,,-1525076.037022143,-0.25186590885840143,,13419839.75,,,4579795.720000001,,,6083388.801808185,,,-1503593.0818081843,-0.24716373238568387,,0,,,0,,,0,,,0,,,0,,,0,,,4579795.720000001,,,67596879.41999999,1,,70383171.1564818,,,-2786291.736481821,-0.0395874708499152,,84099912.26000002,1,,67476556.33000001,1,,,4579795.720000001,1,,4009377.9800000004,1,,570417.74,1,0
,,,,,,,,,,,,,,,,,,,,,,,,,,,,,,,,,,,,,,,,,,,,,,,,,,,,,,,,,,,,,,,,,,,,,,,,,,,,,,,,,,,,,,,,,,,,,,,,,,,,,,,,,,,,,,,,,,,,,,,,,,,,,,,,,,,,,,,,,,,,,,,,,
(+)TRANSFERENCIAS ENVIADAS,11988433.809999995,0.5481388932852922,,28117612.751723997,0.8096063591982222,,-16129178.941724002,-0.5736325869533523,,8790161.140000006,0.5304570984932592,,27027907.206615284,0.8096300177438677,,-18237746.066615276,-0.6747746293191154,,6631607.379999999,0.3586050154535954,,24048872.352079842,0.809737773729008,,-17417264.972079843,-0.724244559873242,,27410202.33,0.4814308477315853,,12362417.669999992,0.655646811722097,,40594595.975487836,0.8098220671452755,,-28232178.30548784,-0.6954664192873167,,7926260.220000002,0.560953089411195,,26409594.38416725,0.8096136965660188,,-18483334.164167248,-0.6998719440859018,,6742914.719999999,0.47758136445476346,,33786293.5042184,0.809308699717738,,-27043378.7842184,-0.8004245502940975,,27031592.609999992,0.5738683596523012,,10295449.549999995,0.6748753709565489,,41357704.31473429,0.8086704539895854,,-31062254.76473429,-0.7510633213185363,,6744919.460000001,0.6318520865484208,,25961167.751987994,0.8088072746001193,,-19216248.291987993,-0.7401919850279653,,6256347.6,0.5800227795925469,,25613889.05137409,0.8088000569687458,,-19357541.45137409,-0.7557439408185315,,23296716.609999996,0.634501677705812,,9615728.489999998,0.6773774851672067,,25988445.640249796,0.8103198988259112,,-16372717.150249798,-0.6299998613573269,,,,,0,,,0,,,,,,0,,,0,,,9615728.489999998,0.6773774851672067,,87354240.03999998,0.5637535265600332,,298906082.93263876,0.8094091003809815,,-211551842.8926388,-0.7077535552875114,,361466971.72,0.810200520019012,,333181296.44000006,0.8305416910367647,,,9615728.489999998,,,31250.92000000001,,,9592353.589999998,,
(+)P.T. PENDIENTE TRANSFERIR,0,,,0,,,0,,,0,,,0,,,0,,,0,,,0,,,0,,,0,,,0,,,0,,,0,,,0,,,0,,,0,,,0,,,0,,,0,,,0,,,0,,,0,,,0,,,0,,,0,,,0,,,0,,,0,,,0,,,0,,,0,,,0,,,0,,,0,,,0,,,0,,,0,,,0,,,0,,,0,,,0,,,0,,,0,,,-2468134.3499999996,,,-2468134.3499999996,,,,0,,,0,,,0,,
,,,,,,,,,,,,,,,,,,,,,,,,,,,,,,,,,,,,,,,,,,,,,,,,,,,,,,,,,,,,,,,,,,,,,,,,,,,,,,,,,,,,,,,,,,,,,,,,,,,,,,,,,,,,,,,,,,,,,,,,,,,,,,,,,,,,,,,,,,,,,,,,,
TOTAL VENTAS C/TRANSFERENC,21871160.679999992,,,34729980.10980265,,,-12858819.429802654,-0.3702512753865129,,16570918.110000007,,,33383034.984216407,,,-16812116.8742164,-0.503612594905323,,18492790.379999995,,,29699580.694290534,,,-11206790.314290537,-0.37733833449187176,,56934869.169999994,,,18855300.519999992,,,50127796.73760791,,,-31272496.217607915,-0.6238553906788011,,14129987.64,,,32619994.568006568,,,-18490006.928006567,-0.5668304723183927,,14118881.559999999,,,41747102.82491961,,,-27628221.264919616,-0.6617997272957543,,47104169.71999999,,,15255334.529999994,,,51142840.83299391,,,-35887506.30299391,-0.7017112408789329,,10674839.26,,,32098088.836828776,,,-21423249.576828778,-0.6674306898997713,,10786382.57,,,31669000.058396235,,,-20882617.488396235,-0.6594024898130542,,36716556.35999999,,,14195524.209999999,,,32071834.442057982,,,-17876310.23205798,-0.557383465680889,,0,,,0,,,0,,,0,,,0,,,0,,,14195524.209999999,,,154951119.45999998,1,,369289254.08912057,,,-214338134.62912062,-0.5804071801596328,,443098749.63,1,,398189718.4200001,1,,,14195524.209999999,1,,4040628.9000000004,1,,10162771.329999998,1,-7876.019999999553
,0.03606539758358203,,,,,,,,,0.03089550926159485,,,,,,,,,0.03192515061351811,,,,,,,,,0.1869463321454706,,,0.0337190773843591,,,,,,,,,0.02508307572896914,,,,,,,,,0.027807981168826542,,,,,,,,,0.1869463321454706,,,0.02556750754780727,,,,,,,,,0.021095323889571572,,,,,,,,,0.020407778922022647,,,,,,,,,0.1869463321454706,,,0.02247787487089231,,,,,,,,,,,,,,,,,,,,,,,,,,,0.1869463321454706,,,,,,,,,,,,,,,,,,,,,,,,,,,
INVENTARIO INICIAL,178297611.32000002,,,,,,,,,176728088.62,,,,,,,,,172837790.13000003,,,,,,,,,178297611.32000002,,,168783306.10999998,,,,,,,,,165075532.31,,,,,,,,,165432316.54000002,,,,,,,,,168783306.10999998,,,166630439.32000002,,,,,,,,,167041836.45,,,,,,,,,165048315.47,,,,,,,,,166630439.32000002,,,165222226.66,,,,,,,,,0,,,,,,,,,0,,,,,,,,,165222226.66,,,,,,,,,,,,,,,,,,,,,,,,,,,
(+) COMPRAS,7311652.01,,,,,,,,,5681660.39,,,,,,,,,3409319.8899999997,,,,,,,,,16402632.29,,,5759210.74,,,,,,,,,5359727.48,,,,,,,,,5157640.78,,,,,,,,,16276579.000000002,,,9601060.31,,,,,,,,,2643080.3400000003,,,,,,,,,3516133.76,,,,,,,,,15760274.41,,,6027909.07,,,,,,,,,0,,,,,,,,,0,,,,,,,,,6027909.07,,,,,,,,,,,,,,,,,,,,,,,,,,,
(+)TRANSFERENCIAS RECIBIDAS,7283453.469999999,,,,,,,,,2093711.3299999996,,,,,,,,,5393644.520000003,,,,,,,,,14770809.320000002,,,2979831.6999999997,,,,,,,,,4677818.949999999,,,,,,,,,5222417.479999997,,,,,,,,,12880068.129999995,,,1648392.4000000004,,,,,,,,,2913297.120000001,,,,,,,,,3774291.59,,,,,,,,,8335981.110000001,,,7058919.449999999,,,,,,,,,,,,,,,,,,,,,,,,,,,7058919.449999999,,,,,,,,,,,,,,,,,,,,,,,,,,,
(--) INVENTARIO FINAL,176728088.62,,,,,,,,,172837958.66000003,,,,,,,,,168787125.22,,,,,,,,,168787125.22,,,165075532.31,,,,,,,,,165421550.11,,,,,,,,,166662825.78000003,,,,,,,,,166662825.78000003,,,166951461.17999998,,,,,,,,,165048315.47,,,,,,,,,165221557.60999998,,,,,,,,,165221557.60999998,,,169261990.4,,,,,,,,,0,,,,,,,,,0,,,,,,,,,0,,,,,,,,,,,,,,,,,,,,,,,,,,,
MATERIALES,16164628.180000007,0.7390841490539501,,25739479.390502796,0.7411314175569523,,-9574851.210502788,-0.0020472685030021864,,11665501.679999964,0.7039743726064409,,24741939.035007197,0.7411530751085171,,-13076437.355007233,-0.03717870250207622,,12853629.320000015,0.6950616459645405,,22014865.192751404,0.7412517173006269,,-9161235.872751389,-0.046190071336086436,,40683759.179999985,0.7145666578862886,,12446816.23999999,0.6601229307799967,,37161183.47966049,0.7413288813426077,,-24714367.239660498,-0.08120595056261093,,9691528.629999977,0.685883730185625,,24175921.916455448,0.741138134344357,,-14484393.286455471,-0.05525440415873206,,9149549.019999988,0.6480363887973566,,30928714.077264152,0.7408589335402272,,-21779165.057264164,-0.09282254474287066,,31287893.889999956,0.6642276910087518,,10928430.850000048,0.716367827169507,,37859749.58995556,0.7402746694026235,,-26931318.739955515,-0.023906842233116565,,7549898.439999994,0.7072610890067861,,23765422.342432298,0.7403999179902659,,-16215523.902432304,-0.03313882898347986,,7117183.210000005,0.659830407813915,,23447515.803348035,0.7403933108122092,,-16330332.59334803,-0.08056290299829416,,25595512.500000045,0.6971109231770027,,9047064.779999983,0.637318118455027,,23790393.11960783,0.741784607381543,,-14743328.339607846,-0.104466488926516,,0,,,0,,,0,,,0,,,0,,,0,,,9047064.779999983,0.637318118455027,,106614230.34999998,0.6880507267165761,,273625183.9469852,0.7409508425093551,,-167010953.59698522,-0.05290011579277898,,326568699.37000006,0.7370111056343404,,294045648.51000005,0.7384561552135518,,,9047064.779999983,0.637318118455027,,2145816.31,0.5310599817765992,,6909124.48999998,0.6798464971463626,-7876.01999999769
(+) VARIACION EN COMPRAS,-72045.79,-0.0032940999818945145,,0,0,,-72045.79,,,-461106.24000000005,-0.02782623370287115,,0,0,,-461106.24000000005,,,-76203.65999999999,-0.004120722640235757,,0,0,,-76203.65999999999,,,-609355.6900000001,-0.010702680077836738,,-124082.95,-0.006580799381499333,,0,0,,-124082.95,,,-724086.11,-0.05124463859757488,,0,0,,-724086.11,,,-458398.17,-0.032467031333323265,,0,0,,-458398.17,,,-1306567.23,-0.02773782528737034,,-1256109.52,-0.08233903475075093,,0,0,,-1256109.52,,,-462902.36,-0.04336387169168485,,0,0,,-462902.36,,,-437274.9,-0.040539531873844896,,0,0,,-437274.9,,,-2156286.7800000003,-0.05872791442797499,,-576976.72,-0.04064497453313843,,0,0,,-576976.72,,,0,,,0,,,0,,,0,,,0,,,0,,,-576976.72,-0.04064497453313843,,-4649186.42,-0.03000421317511145,,0,0,,-4649186.42,,,-17467076.449999996,-0.03942027925961312,,-17485178.209999997,-0.043911676774027325,,,-576976.72,-0.04064497453313843,,0,0,,-576976.72,-0.056773561193568654,
(+) VARIACION STD,0,0,,0,0,,0,,,168.53,0,,0,0,,168.53,,,3819.11,0,,0,0,,3819.11,,,3987.6400000000003,0,,0,0,,0,0,,0,,,-10766.43,0,,0,0,,-10766.43,,,32386.46,0.0022938403344747657,,0,0,,32386.46,,,21620.03,0,,-90375.27,-0.005924174905655119,,0,0,,-90375.27,,,0,0,,0,0,,0,,,-669.05,0,,0,0,,-669.05,,,-91044.32,-0.002479653023756502,,11069.11,0,,0,0,,11069.11,,,0,,,0,,,0,,,0,,,0,,,0,,,11069.11,0,,-54367.54000000001,0,,0,0,,-54367.54000000001,,,-18058962.69,-0.04075606781801968,,-1511664.2699999998,-0.003796341794052894,,,11069.11,0.0007797605665173249,,0,0,,11069.11,0.0010891822358852585,
FLETES MERCANCIAS,0,0,,33327.33752856107,0,,-33327.33752856107,,,161833.12,0.009766092555990546,,32035.72771697221,0,,129797.39228302779,0.009766092555990546,,5551.96,0,,28504.72737981297,0,,-22952.767379812973,,,167385.08,0.002939939661584367,,0,0,,48116.09768783439,0,,-48116.09768783439,,,44552.78,0.003153065744649158,,31302.851838997853,0,,13249.928161002146,0.003153065744649158,,146500.16999999998,0.010376188041342277,,40046.33029826038,0,,106453.8397017396,0.010376188041342277,,191052.94999999998,0.004055966831294782,,162562.65999999997,0.010656118991053029,,49020.59727737963,0,,113542.06272262035,0.010656118991053029,,24330.11,0.00227920153244537,,30771.339229467452,0,,-6441.229229467452,0.00227920153244537,,123859.66,0.011482965600023215,,30359.71557656221,0,,93499.94442343779,0.011482965600023215,,310752.43,0.008463550528898241,,186834.49,0.013161506911339346,,30803.67125556066,0,,156030.81874443934,0.013161506911339346,,0,,,0,,,0,,,0,,,0,,,0,,,186834.49,0.013161506911339346,,856024.95,0.005524483804849048,,354288.3957894088,0,,501736.55421059113,0.005524483804849048,,10724569.31,0.024203564823767433,,10490041.580000002,0.026344330591015867,,,186834.49,0.013161506911339346,,0,0,,186834.49,0.018384206820483487,
FLETES INTERPLANTAS,869259.61,0.03974455780917432,,59989.20755140993,0.0017273032510167715,,809270.40244859,0.03801725455815755,,812335.5800000001,0.04902176056918549,,57664.30989054998,0.0017273537267601291,,754671.2701094501,0.047294406842425356,,1312782.42,0.07098887690955379,,51308.50928366334,0.001727583625230336,,1261473.9107163367,0.06926129328432346,,2994377.61,0.0525930357556313,,0,0,,86608.9758381019,0.0017277634660755861,,-86608.9758381019,,,718000,0.05081391564472734,,56345.13331019613,0.0017273189053642268,,661654.8666898039,0.049086596739363116,,981623.12,0.06952555808535305,,72083.39453686867,0.0017266681915431212,,909539.7254631313,0.06779888989380993,,1699623.12,0.036082222234316466,,719548.18,0.04716698795329533,,88237.07509928332,0.0017253064879094223,,631311.1049007167,0.04544168146538591,,633119.9,0.05930954879783361,,55388.410613041415,0.001725598396048108,,577731.4893869587,0.0575839504017855,,715896.2,0.06637036980230156,,54647.48803781197,0.0017255829971595067,,661248.711962188,0.06464478680514205,,2068564.2800000003,0.056338733396401795,,707133.48,0.04981383353929696,,55446.60826000918,0.0017288255949369166,,651686.8717399908,0.04808500794436005,,0,,,0,,,0,,,0,,,0,,,0,,,707133.48,0.04981383353929696,,7469698.49,0.04820680557863458,,637719.1124209358,0.0017268823973606202,,6831979.377579064,0.04647992318127396,,12487658.07,0.028182562195058207,,10473238.28,0.026302131359788407,,,707133.48,0.04981383353929696,,455000,0.11260623315345786,,252133.47999999998,0.024809520140998787,
GASTOS DE IMPORTACION MERCANCIAS,446,0,,26661.870022848856,0,,-26215.870022848856,,,61547.7,0.003714199755948222,,25628.58217357777,0,,35919.117826422225,0.003714199755948222,,0,0,,22803.781903850377,0,,-22803.781903850377,,,61993.7,0.0010888529455454618,,86000.22,0.0045610633417790805,,38492.87815026752,0,,47507.34184973248,0.0045610633417790805,,417168.76,0.029523646490606556,,25042.281471198283,0,,392126.4785288017,0.029523646490606556,,276785,0.019603889927383173,,32037.0642386083,0,,244747.9357613917,0.019603889927383173,,779953.98,0.016558066613555845,,376838.67,0.024702091537811735,,39216.4778219037,0,,337622.1921780963,0.024702091537811735,,7453.199999999997,0,,24617.071383573963,0,,-17163.871383573965,,,0,0,,24287.772461249766,0,,-24287.772461249766,,,384291.87,0.010466446423571954,,42580,0.0029995369927941534,,24642.93700444853,0,,17937.06299555147,0.0029995369927941534,,0,,,0,,,0,,,0,,,0,,,0,,,42580,0.0029995369927941534,,1268819.5499999998,0.008188514896967496,,283430.71663152706,0,,985388.8333684728,0.008188514896967496,,7042616.180000001,0.015894010501904563,,6816193,0.017117953288815102,,,42580,0.0029995369927941534,,0,0,,42580,0.004189802035032112,
(+) GTOS S/COMPRA,869705.61,0.03976494995966535,,119978.41510281985,0.003454606502033543,,749727.1948971801,0.0363103434576318,,1035716.4,0.06250205288112426,,115328.61978109996,0.0034547074535202582,,920387.7802189001,0.059047345427604,,1318334.38,0.07128909985514043,,102617.0185673267,0.0034551672504606725,,1215717.3614326734,0.06783393260467975,,3223756.3899999997,0.056621828362761126,,86000.22,0.0045610633417790805,,173217.9516762038,0.0034555269321511722,,-87217.73167620381,0.0011055364096279083,,1179721.54,0.08349062787998306,,112690.26662039226,0.0034546378107284535,,1067031.2733796076,0.0800359900692546,,1404908.29,0.0995056360540785,,144166.78907373734,0.0034533363830862424,,1260741.5009262627,0.09605229967099226,,2670630.0500000003,0.0566962556791671,,1258949.51,0.0825251984821601,,176474.15019856667,0.0034506129758188455,,1082475.3598014333,0.07907458550634125,,664903.21,0.06228695288101228,,110776.82122608283,0.003451196792096216,,554126.3887739172,0.05883575608891606,,839755.86,0.07785333540232478,,109294.97607562396,0.003451165994319014,,730460.8839243761,0.07440216940800577,,2763608.58,0.07526873034887198,,936547.97,0.06597487744343046,,110893.21652001837,0.003457651189873833,,825654.7534799817,0.06251722625355663,,0,,,0,,,0,,,0,,,0,,,0,,,936547.97,0.06597487744343046,,9594542.99,0.06191980428045112,,1275438.2248418718,0.0034537647947212413,,8319104.765158128,0.058466039485729884,,30254843.560000002,0.0682801375207302,,27779472.86,0.06976441523961938,,,936547.97,0.06597487744343046,,455000,0.11260623315345786,,481547.97,0.047383528996514386,
TOTAL MATERIALES,16962288.000000007,0.775554999031721,,25859457.805605616,0.7445860240589859,,-8897169.805605607,0.030968974972735097,,12240280.369999964,0.7386603620117678,,24857267.654788297,0.7446077825620374,,-12616987.284788335,-0.005947420550269644,,14099579.150000013,0.7624365420401211,,22117482.21131873,0.7447068845510876,,-8017903.061318716,0.017729657489033546,,43302147.51999998,0.7605558447970696,,12408733.509999992,0.6581031947402766,,37334401.43133669,0.7447844082747588,,-24925667.9213367,-0.08668121353448222,,10136397.629999977,0.7173677633875111,,24288612.18307584,0.7445927721550856,,-14152214.553075863,-0.0272250087675745,,10128445.59999999,0.7173688338525868,,31072880.866337888,0.7443122699233135,,-20944435.2663379,-0.02694343607072669,,32673576.739999957,0.6936451047586784,,10840895.570000049,0.7106298159952611,,38036223.740154125,0.7437252823784423,,-27195328.17015408,-0.03309546638318117,,7751899.2899999935,0.7261841701961135,,23876199.16365838,0.7438511147823622,,-16124299.873658385,-0.017666944586248734,,7518995.120000005,0.6970821840597857,,23556810.779423658,0.7438444768065282,,-16037815.659423655,-0.046762292746742484,,26111789.98000005,0.7111720860741433,,9417705.139999982,0.6634277819318363,,23901286.336127847,0.7452422585714169,,-14483581.196127865,-0.08181447663958064,,0,,,0,,,0,,,0,,,0,,,0,,,9417705.139999982,0.6634277819318363,,111505219.37999997,0.7196154488498846,,274900622.1718271,0.7444046073040764,,-163395402.79182708,-0.02478915845419183,,321297503.7900001,0.7251148960774378,,302828278.8900001,0.760512551885091,,,9417705.139999982,0.6634277819318363,,2600816.31,0.643666214930057,,6824764.84999998,0.6715456471851936,
,,,,,,,,,,,,,,,,,,,,,,,,,,,,,,,,,,,,,,,,,,,,,,,,,,,,,,,,,,,,,,,,,,,,,,,,,,,,,,,,,,,,,,,,,,,,,,,,,,,,,,,,,,,,,,,,,,,,,,,,,,,,,,,,,,,,,,,,,,,,,,,,,
MANO DE OBRA,2998495.29,0.1370981327361361,,2968373.5932024997,0.08547006315055927,,30121.696797500364,0.051628069585576836,,2408868.63,0.14536724000502582,,2819954.9135423745,0.08447269443523206,,-411086.2835423746,0.06089454556979376,,2239311.14,0.12109103569474412,,2819954.9135423745,0.09494931738495838,,-580643.7735423744,0.026141718309785747,,7646675.06,0.1343056578766878,,2290565.83,0.12148126875890287,,3017351.7574903406,0.06019318529566652,,-726785.9274903405,0.06128808346323635,,2765559.36,0.19572270199098346,,3771689.696862926,0.11562508660139904,,-1006130.3368629259,0.08009761538958442,,2182389.08,0.15457237676551486,,3077698.7926401477,0.07372245220339009,,-895309.7126401477,0.08084992456212477,,7238514.27,0.1536703504812355,,2667822.21,0.17487798807385452,,3170029.7564193523,0.06198384182003169,,-502207.5464193523,0.11289414625382282,,2334394.69,0.2186819523126009,,3962537.1955241906,0.1234508763330995,,-1628142.5055241906,0.09523107597950141,,1665043.76,0.1543653536479376,,3170029.7564193523,0.10009882694666575,,-1504985.9964193522,0.054266526701271856,,6667260.66,0.18158730885948482,,2601746.62,0.18327936196728872,,4081413.311389916,0.1272584927676504,,-1479666.691389916,0.056020869199638335,,0,,,0,,,0,,,0,,,0,,,0,,,2601746.62,0.18327936196728872,,24154196.610000003,0.15588268541832195,,32859033.68703348,0.08897912225494546,,-8704837.077033475,0.06690356316337649,,52853674.1,0.11928193014341457,,41724472.980000004,0.10478541019482106,,,2601746.62,0.18327936196728872,,168517.22,0.041705690913610004,,2433229.4,0.23942577481963281,0
,,,,,,,,,,,,,,,,,,,,,,,,,,,,,,,,,,,,,,,,,,,,,,,,,,,,,,,,,,,,,,,,,,,,,,,,,,,,,,,,,,,,,,,,,,,,,,,,,,,,,,,,,,,,,,,,,,,,,,,,,,,,,,,,,,,,,,,,,,,,,,,,,
GASTOS DE FABRICACION:,,,,,,,,,,,,,,,,,,,,,,,,,,,,,,,,,,,,,,,,,,,,,,,,,,,,,,,,,,,,,,,,,,,,,,,,,,,,,,,,,,,,,,,,,,,,,,,,,,,,,,,,,,,,,,,,,,,,,,,,,,,,,,,,,,,,,,,,,,,,,,,,,
MANO DE OBRA INDIRECTA,1333189.9,0.060956522587259435,,2344969.8529487997,0.06752004595265877,,-1011779.9529487998,-0.0065635233653993375,,1169090.3800000001,0.07055073063782098,,2188640.092732115,0.06556144741683644,,-1019549.7127321151,0.004989283220984547,,1161428.52,0.06280439545002836,,2188640.092732115,0.07369262600912277,,-1027211.5727321152,-0.010888230559094408,,3663708.8000000003,0.064349121257496,,1173978.3699999999,0.06226251174065087,,2298072.097368721,0.04584426699218188,,-1124093.727368721,0.016418244748468987,,1383211.26,0.09789189454662538,,2489576.1904227,0.07632055809305549,,-1106364.9304226998,0.021571336453569886,,1290623.15,0.09141114645061163,,2298072.097368721,0.055047462982196683,,-1007448.947368721,0.03636368346841495,,3847812.7800000003,0.08168730715077767,,1134629.6300000001,0.07437592586178447,,2389994.98126347,0.04673176034682857,,-1255365.3512634698,0.027644165514955903,,1168715.48,0.10948319234925885,,2589159.238039608,0.08066396884878868,,-1420443.7580396081,0.02881922350047017,,934813.6599999999,0.08666609532281774,,2389994.98126347,0.07546796478753434,,-1455181.32126347,0.011198130535283402,,3238158.7699999996,0.08819342255984924,,1252085.19,0.08820281459686934,,2589159.238039608,0.08073000135733636,,-1337074.0480396082,0.007472813239532972,,0,,,0,,,0,,,0,,,0,,,0,,,1252085.19,0.08820281459686934,,12001765.540000001,0.0774551715523308,,23766278.862179328,0.06435681135862083,,-11764513.322179327,0.013098360193709968,,27684470.679999996,0.06247923448919076,,21800567.509999998,0.05474919743408676,,,1252085.19,0.08820281459686934,,70034.43,0.017332556820548402,,1182050.76,0.11631185250726292,
MANTENIMIENTO INSTALACIONES,0,0,,0,0,,0,,,0,0,,0,0,,0,,,0,0,,0,0,,0,,,0,0,,0,0,,0,0,,0,,,0,0,,0,0,,0,,,0,0,,0,0,,0,,,0,0,,0,0,,0,0,,0,,,0,0,,0,0,,0,,,0,0,,0,0,,0,,,0,0,,0,0,,0,0,,0,,,0,,,0,,,0,,,0,,,0,,,0,,,0,0,,0,0,,0,0,,0,,,0,0,,0,0,,,0,0,,0,0,,0,0,
MANTENIMIENTO ACTIVO FIJO,101631.26000000001,0.004646816028055446,,327594.37999999995,0.009432610642570895,,-225963.11999999994,-0.004785794614515449,,55340.4,0.0033396097689121934,,445972.05,0.013359242208231122,,-390631.64999999997,-0.010019632439318929,,107496.77,0.005812901557368977,,315660.68999999994,0.010628456113546503,,-208163.91999999993,-0.0048155545561775264,,264468.43000000005,0.004645104728533445,,70279.75,0.0037273205974868245,,594857.2999999999,0.011866815194646562,,-524577.5499999999,-0.008139494597159737,,67325.23,0.004764705512509564,,428484.3999999999,0.013135636767403206,,-361159.1699999999,-0.008370931254893643,,41029.38,0.0029059936387765832,,319922.22000000003,0.007663339449966156,,-278892.84,-0.0047573458111895735,,178634.36,0.0037923258399808605,,113320.59999999999,0.007428260571877478,,459045.8699999999,0.008975760097078034,,-345725.2699999999,-0.0015474995252005557,,-2127.9000000000005,0,,337078.70999999996,0.010501519629830479,,-339206.61,-0.010501519629830479,,66057.75,0.0061241801476359095,,283965.86,0.008966682227932031,,-217908.11,-0.0028425020802961215,,177250.44999999998,0.004827534702930404,,100723.54000000002,0.007095443501061101,,176699.90999999997,0.005509504307252265,,-75976.36999999995,0.0015859391938088368,,0,,,0,,,0,,,0,,,0,,,0,,,100723.54000000002,0.007095443501061101,,721076.78,0.004653575801923413,,3689281.39,0.009990221348573728,,-2968204.6100000003,-0.0053366455466503145,,3959619.26,0.008936200481961174,,3689281.39,0.009265134731853229,,,100723.54000000002,0.007095443501061101,,28006.61,0.006931250231863658,,72716.93000000002,0.007155226427789755,
DEPRECIACIONES Y AMORT.,307595.82,0.01406399159607839,,305221.46,0.008788414477492035,,2374.359999999986,0.005275577118586354,,316114.13,0.01907644029748934,,305221.46,0.009143011117602387,,10892.669999999984,0.009933429179886951,,316678.9,0.01712445193465715,,305221.46,0.010276961925549204,,11457.440000000002,0.006847490009107945,,940388.8500000001,0.0165169229983145,,318401.8,0.01688659375448661,,305221.46,0.006088866454627368,,13180.339999999967,0.010797727299859242,,318135.3,0.022514902921740982,,305221.46,0.009356882612707692,,12913.839999999967,0.01315802030903329,,317903.54,0.022516198513956514,,305221.46,0.00731120100190061,,12682.079999999958,0.015204997512055904,,954440.6399999999,0.02026233867773182,,315143.32,0.020657909492595057,,305221.46,0.005968019277550412,,9921.859999999986,0.014689890215044646,,321099.97000000003,0.03008007541651733,,305221.46,0.009509022844057755,,15878.51000000001,0.020571052572459572,,321093.28,0.02976839342719512,,305221.46,0.009637862245008847,,15871.820000000007,0.020130531182186273,,957336.5700000001,0.026073702572035007,,309037.74,0.02177008298026072,,305221.46,0.009516807046114652,,3816.2799999999697,0.012253275934146067,,0,,,0,,,0,,,0,,,0,,,0,,,309037.74,0.02177008298026072,,3161203.8000000007,0.020401296944589375,,3052214.6,0.008265105377974008,,108989.20000000065,0.012136191566615367,,3736303.63,0.008432214338496597,,3125860.4099999997,0.007850178609340496,,,309037.74,0.02177008298026072,,7231.32,0.0017896521009390393,,301806.42,0.029697255817326358,
FLETES REFACCIONES,0,0,,15111.039999999999,0,,-15111.039999999999,,,0,0,,21488.629999999997,0,,-21488.629999999997,,,0,0,,22857.63,0,,-22857.63,,,0,0,,884516.3,0.04691075059035975,,28663,0,,855853.3,0.04691075059035975,,81865.61,0.005793749583209119,,29352,0,,52513.61,0.005793749583209119,,0,0,,28781,0,,-28781,,,966381.91,0.020515846383546026,,0,0,,31850,0,,-31850,,,0,0,,29425,0,,-29425,,,1673.36,0,,30892,0,,-29218.64,,,1673.36,0,,0,0,,31750,0,,-31750,,,0,,,0,,,0,,,0,,,0,,,0,,,0,0,,968055.27,0.006247488068325312,,270170.3,0,,697884.97,0.006247488068325312,,157791.84,0,,139171.07,0,,,0,0,,0,0,,0,0,
GASTOS DE IMPORTACION REFACCIONES,0,0,,25166,0,,-25166,,,0,0,,33623,0.0010071882324628977,,-33623,,,0,0,,35447,0.0011935185336409263,,-35447,,,0,0,,21366.559999999998,0.0011331858634306194,,37762,0,,-16395.440000000002,0.0011331858634306194,,0,0,,42383,0.0012992951274605335,,-42383,,,0,0,,37799,0,,-37799,,,21366.559999999998,0,,20144.4,0.0013204823506417075,,56537,0.0011054724195830386,,-36392.6,,,1595.93,0,,37513,0.0011686988652407943,,-35917.07,-0.0011686988652407943,,6687.4,0,,41517,0.0013109665579413461,,-34829.6,-0.0013109665579413461,,28427.730000000003,0,,15417.900000000001,0.001086109943663715,,43587,0.001359042934658,,-28169.1,,,0,,,0,,,0,,,0,,,0,,,0,,,15417.900000000001,0.001086109943663715,,65212.19,0,,391334,0.0010596950646865001,,-326121.81,-0.0010596950646865001,,388216.1099999999,0,,341333.9199999999,0,,,15417.900000000001,0.001086109943663715,,9049.95,0.002239737977422277,,6367.95,0.0006265958165566637,
HONORARIOS,0,0,,0,0,,0,,,0,0,,0,0,,0,,,0,0,,0,0,,0,,,0,0,,89739.03,0.004759352941885651,,0,0,,89739.03,,,7700,0,,0,0,,7700,,,6300,0,,0,0,,6300,,,103739.03,0.002202332205761253,,9797.26,0,,0,0,,9797.26,,,2302.74,0,,0,0,,2302.74,,,1400,0,,0,0,,1400,,,13500,0,,12800,0,,0,0,,12800,,,0,,,0,,,0,,,0,,,0,,,0,,,12800,0,,130039.03,0,,0,0,,130039.03,,,0,0,,0,0,,,12800,0.0009016926610560161,,1400,0.00034648071739525494,,11400,0.0011217412681861457,
MATERIALES INDIRECTOS,20357.97,0,,51101.26608691737,0.001471387715321319,,-30743.29608691737,-0.001471387715321319,,0,0,,24292.61552825267,0,,-24292.61552825267,,,0,0,,10115.262932011938,0,,-10115.262932011938,,,20357.97,0,,0,0,,4112.506901400688,0,,-4112.506901400688,,,250.16,0,,777.9866755975376,0,,-527.8266755975376,,,0,0,,847.2339849988409,0,,-847.2339849988409,,,250.16,0,,449.12,0,,3120.4437918468216,0,,-2671.3237918468217,,,476.5,0,,,0,,476.5,,,1012.95,0,,9721.696338020749,0,,-8708.746338020748,,,1938.5700000000002,0,,74392.24,0.005240541941212329,,618021.8475658392,0.01926992510148983,,-543629.6075658392,-0.014029383160277503,,0,,,0,,,0,,,0,,,0,,,0,,,74392.24,0.005240541941212329,,96938.94,0,,722110.8598048858,0.001955407182334688,,-625171.9198048858,-0.001955407182334688,,6188015.569999999,0.013965319412810729,,5089122.64,0.012780648029269622,,,74392.24,0.005240541941212329,,0,0,,74392.24,0.007320074179018256,
COMBUSTIBLE,0,0,,0,0,,0,,,0,0,,729.0234148651674,0,,-729.0234148651674,,,0,0,,319.19406828768444,0,,-319.19406828768444,,,0,0,,0,0,,0,0,,0,,,0,0,,0,0,,0,,,0,0,,472.7192287468138,0,,-472.7192287468138,,,0,0,,0,0,,0,0,,0,,,0,0,,0,0,,0,,,0,0,,0,0,,0,,,0,0,,0,0,,0,0,,0,,,0,,,0,,,0,,,0,,,0,,,0,,,0,0,,0,0,,1520.9367118996656,0,,-1520.9367118996656,,,2120.15,0,,2120.15,0,,,0,0,,0,0,,0,0,
HERRAMIENTAS Y EQ MENORES,0,0,,0,0,,0,,,0,0,,1912.0263890733509,0,,-1912.0263890733509,,,0,0,,13987.779552595643,0,,-13987.779552595643,,,0,0,,2140,0,,3787.8553047133632,0,,-1647.8553047133632,,,276,0,,721.8142307883775,0,,-445.8142307883775,,,0,0,,23011.379016900315,0,,-23011.379016900315,,,2416,0,,0,0,,49318.7722241184,0,,-49318.7722241184,,,5482.75,0,,467,0,,5015.75,,,0,0,,8581.72287433267,0,,-8581.72287433267,,,5482.75,0,,0,0,,13814.894970211804,0,,-13814.894970211804,,,0,,,0,,,0,,,0,,,0,,,0,,,0,0,,7898.75,0,,115603.24456273392,0,,-107704.49456273392,,,78851.65999999999,0,,73755.98,0,,,0,0,,0,0,,0,0,
EQ PROTECCION Y SEGURIDAD,0,0,,0,0,,0,,,0,0,,0,0,,0,,,0,0,,0,0,,0,,,0,0,,0,0,,0,0,,0,,,0,0,,0,0,,0,,,0,0,,0,0,,0,,,0,0,,0,0,,0,0,,0,,,0,0,,0,0,,0,,,0,0,,0,0,,0,,,0,0,,0,0,,0,0,,0,,,0,,,0,,,0,,,0,,,0,,,0,,,0,0,,0,0,,0,0,,0,,,0,0,,0,0,,,0,0,,0,0,,0,0,
MAQUILA,0,0,,0,0,,0,,,0,0,,0,0,,0,,,0,0,,0,0,,0,,,0,0,,0,0,,0,0,,0,,,0,0,,0,0,,0,,,0,0,,0,0,,0,,,0,0,,0,0,,0,0,,0,,,0,0,,0,0,,0,,,0,0,,0,0,,0,,,0,0,,0,0,,0,0,,0,,,0,,,0,,,0,,,0,,,0,,,0,,,0,0,,0,0,,0,0,,0,,,0,0,,0,0,,,0,0,,0,0,,0,0,
DIVERSOS,0,0,,0,0,,0,,,0,0,,0,0,,0,,,0,0,,0,0,,0,,,0,0,,0,0,,0,0,,0,,,0,0,,0,0,,0,,,0,0,,0,0,,0,,,0,0,,0,0,,0,0,,0,,,0,0,,0,0,,0,,,0,0,,0,0,,0,,,0,0,,0,0,,0,0,,0,,,0,,,0,,,0,,,0,,,0,,,0,,,0,0,,0,0,,0,0,,0,,,0,0,,0,0,,,0,0,,0,0,,0,0,
RECOLECCION DE BASURA ,0,0,,3169,0,,-3169,,,0,0,,3169,0,,-3169,,,0,0,,3169,0,,-3169,,,0,0,,0,0,,3169,0,,-3169,,,0,0,,3169,0,,-3169,,,0,0,,3169,0,,-3169,,,0,0,,16658.79,0.0010919976856122084,,3169,0,,13489.79,0.0010919976856122084,,0,0,,3169,0,,-3169,,,0,0,,3169,0,,-3169,,,16658.79,0,,0,0,,3169,0,,-3169,,,0,,,0,,,0,,,0,,,0,,,0,,,0,0,,16658.79,0,,31690,0,,-15031.21,,,10856,0,,1350,0,,,0,0,,0,0,,0,0,
ARRENDAMIENTO DE EQUIPOS,0,0,,0,0,,0,,,0,0,,27311.746132082062,0,,-27311.746132082062,,,0,0,,27323.786590779186,0,,-27323.786590779186,,,0,0,,0,0,,0,0,,0,,,0,0,,0,0,,0,,,0,0,,0,0,,0,,,0,0,,0,0,,9836.797946124381,0,,-9836.797946124381,,,0,0,,0,0,,0,,,0,0,,0,0,,0,,,0,0,,0,0,,0,0,,0,,,0,,,0,,,0,,,0,,,0,,,0,,,0,0,,0,0,,64472.330668985625,0,,-64472.330668985625,,,41600,0,,41600,0,,,0,0,,0,0,,0,0,
GASTOS DE FABRICACION,1762774.95,0.08059814363724938,,3072332.999035717,0.08846342524015846,,-1309558.049035717,-0.007865281602909086,,1540544.9100000001,0.09296678070422253,,3052359.644196388,0.09143445602353267,,-1511814.7341963882,0.0015323246806898533,,1585604.19,0.08574174894205448,,2922741.895875789,0.09841020740194016,,-1337137.7058757895,-0.012668458459885679,,4888924.05,0.08586871492410597,,2560421.8099999996,0.1357932114253038,,3275645.2195748347,0.06534588457420297,,-715223.4095748351,0.07044732685110082,,1858763.56,0.13154743000185667,,3299685.851329086,0.10115531578185459,,-1440922.2913290854,0.030392114220002084,,1655856.0699999998,0.11727954958494602,,3017296.1095993672,0.07227558094877636,,-1361440.0395993672,0.045003968636169664,,6075041.4399999995,0.12897035392220477,,1610143.1200000003,0.1055462347832238,,3308094.3252255595,0.06468342922185505,,-1697951.2052255594,0.040862805561368745,,1497545.47,0.1402874023229086,,3302033.408039608,0.10287320920649062,,-1804487.938039608,0.03741419311641797,,1332738.4,0.12355749403017882,,3073063.720475823,0.09703696721744386,,-1740325.3204758235,0.026520526812734965,,4440426.99,0.12093800264007115,,1764456.6099999999,0.12429668562412322,,3781423.350575659,0.11790480389911283,,-2016966.7405756593,0.006391881725010387,,0,,,0,,,0,,,0,,,0,,,0,,,1764456.6099999999,0.12429668562412322,,17168849.090000004,0.11080171056416327,,32104676.523927838,0.08693639516567145,,-14935827.433927834,0.02386531539849182,,42247844.9,0.09534634195036241,,34304163.06999999,0.08615029842085692,,,1764456.6099999999,0.12429668562412322,,115722.30999999998,0.028639677848168628,,1648734.2999999998,0.16223274601614007,0
,,,,,,,,,,,,,,,,,,,,,,,,,,,,,,,,,,,,,,,,,,,,,,,,,,,,,,,,,,,,,,,,,,,,,,,,,,,,,,,,,,,,,,,,,,,,,,,,,,,,,,,,,,,,,,,,,,,,,,,,,,,,,,,,,,,,,,,,,,,,,,,,,
COSTO DE VENTAS DIRECTO,21723558.240000006,0.9932512754051064,,31900164.39784383,0.9185195124497035,,-10176606.157843824,0.07473176295540285,,16189693.909999963,0.976994382721016,,30729582.21252706,0.9205149330208021,,-14539888.302527096,0.0564794497002139,,17924494.480000015,0.9692693266769198,,27860179.020736896,0.9380664093379861,,-9935684.54073688,0.031202917338933656,,55837746.62999998,0.9807302175978634,,17259721.14999999,0.9153776749244832,,43627398.40840187,0.8703234781446283,,-26367677.25840188,0.045054196779854894,,14760720.549999977,1.0446378953803512,,31359987.73126785,0.961373174538339,,-16599267.181267874,0.0832647208420122,,13966690.74999999,0.9892207602030477,,37167875.768577404,0.89031030307548,,-23201185.018577415,0.09891045712756774,,45987132.44999996,0.9762858091621186,,15118860.90000005,0.9910540388523396,,44514347.82179904,0.8703925534203291,,-29395486.921798993,0.1206614854320105,,11583839.449999994,1.085153524831623,,31140769.767222177,0.9701752003219523,,-19556930.317222185,0.11497832450967083,,10516777.280000005,0.9750050317379022,,29799904.256318834,0.9409802709706379,,-19283126.976318832,0.03402476076726435,,37219477.63000005,1.0136973975736991,,13783908.369999982,0.9710038295232483,,31764122.998093423,0.9904055552381801,,-17980214.62809344,-0.019401725714931817,,0,,,0,,,0,,,0,,,0,,,0,,,13783908.369999982,0.9710038295232483,,152828265.07999998,0.9862998448323699,,339864332.3827884,0.9203201247246934,,-187036067.30278838,0.0659797201076765,,416399022.7900001,0.9397431681712148,,378856914.9400001,0.951448260500769,,,13783908.369999982,0.9710038295232483,,2885055.8400000003,0.7140115836918357,,10906728.549999978,1.0732041680209665,
,,,,,,,,,,,,,,,,,,,,,,,,,,,,,,,,,,,,,,,,,,,,,,,,,,,,,,,,,,,,,,,,,,,,,,,,,,,,,,,,,,,,,,,,,,,,,,,,,,,,,,,,,,,,,,,,,,,,,,,,,,,,,,,,,,,,,,,,,,,,,,,,,
MARGEN DE BRUTO,147602.43999998644,0.00674872459489363,,2829815.711958818,0.08148048755029645,,-2682213.27195883,-0.07473176295540282,,381224.20000004396,0.023005617278983936,,2653452.771689348,0.0794850669791979,,-2272228.571689304,-0.05647944970021396,,568295.8999999799,0.030730673323080195,,1839401.6735536382,0.06193359066201382,,-1271105.7735536564,-0.031202917338933628,,1097122.5400000103,0.019269782402136507,,1595579.370000001,0.08462232507551684,,6500398.329206042,0.12967652185537168,,-4904818.959206037,-0.04505419677985484,,-630732.9099999759,-0.04463789538035123,,1260006.8367387168,0.038626825461660914,,-1890739.7467386927,-0.08326472084201214,,152190.81000000797,0.0107792397969523,,4579227.056342207,0.10968969692452005,,-4427036.246342201,-0.09891045712756774,,1117037.270000033,0.023714190837881375,,136473.62999994308,0.008945961147660466,,6628493.01119487,0.1296074465796709,,-6492019.381194916,-0.12066148543201044,,-909000.1899999939,-0.08515352483162299,,957319.0696065985,0.029824799678047735,,-1866319.2596065924,-0.11497832450967072,,269605.2899999954,0.024994968262097843,,1869095.8020774014,0.0590197290293622,,-1599490.5120774023,-0.03402476076726436,,-502921.27000005543,-0.013697397573699244,,411615.8400000166,0.028996170476751744,,307711.4439645596,0.009594444761819941,,103904.39603545889,0.019401725714931803,,0,,,0,,,0,,,0,,,0,,,0,,,411615.8400000166,0.028996170476751744,,2122854.379999995,0.01370015516763015,,29424921.706332147,0.07967987527530664,,-27302067.32633224,-0.06597972010767648,,26699726.839999914,0.06025683182878521,,19332803.47999996,0.04855173949923093,,,411615.8400000166,0.028996170476751744,,1155573.06,0.2859884163081643,,-743957.2199999802,-0.07320416802096641,-3.259629011154175e-09
,,,,,,,,,,,,,,,,,,,,,,,,,,,,,,,,,,,,,,,,,,,,,,,,,,,,,,,,,,,,,,,,,,,,,,,,,,,,,,,,,,,,,,,,,,,,,,,,,,,,,,,,,,,,,,,,,,,,,,,,,,,,,,,,,,,,,,,,,,,,,,,,,
GASTOS DE ADMINISTRACION:,,,,,,,,,,,,,,,,,,,,,,,,,,,,,,,,,,,,,,,,,,,,,,,,,,,,,,,,,,,,,,,,,,,,,,,,,,,,,,,,,,,,,,,,,,,,,,,,,,,,,,,,,,,,,,,,,,,,,,,,,,,,,,,,,,,,,,,,,,,,,,,,,
LABOR INDIRECTA,1194780.87,0.054628141939104466,,1309408.46,0.03770253987650327,,-114627.58999999985,0.016925602062601193,,1262358.89,0.07617917616997984,,1309408.46,0.03922376921748103,,-47049.570000000065,0.036955406952498805,,1156119.52,0.06251731059745026,,1348690.7138,0.04541110285975428,,-192571.1938,0.01710620773769598,,3613259.2800000003,0.06346302946988928,,1164009.25,0.06173379463060398,,1416125.24949,0.02825029906865157,,-252115.99949000007,0.03348349556195241,,1214522.06,0.08595351184610095,,1416125.24949,0.04341279844598517,,-201603.18949000002,0.04254071340011578,,1531736.16,0.10848849135044378,,1416125.24949,0.03392152158268307,,115610.91050999984,0.0745669697677607,,3910267.4699999997,0.08301319168225858,,1107151.05,0.07257468184802897,,1416125.24949,0.027689608680799203,,-308974.19949,0.04488507316722977,,1127888.4700000002,0.10565859049759596,,1416125.24949,0.04411867811472823,,-288236.77948999987,0.06153991238286773,,1087332.91,0.10080607682358515,,1416125.24949,0.04471644974197884,,-328792.33949000016,0.056089627081606315,,3322372.4299999997,0.09048703798429969,,1145179.6300000001,0.08067188030951906,,1416125.24949,0.0441547942026334,,-270945.61948999995,0.036517086106885664,,,,,,,,0,,,,,,,,,0,,,1145179.6300000001,0.08067188030951906,,11991078.810000002,0.07738620315741218,,13880384.380230002,0.03758675408648704,,-1889305.5702299997,0.03979944907092514,,16693697.02,0.037674890831760885,,13344841.44,0.0335137770330981,,,1145179.6300000001,0.08067188030951906,,0,0,,89266.95000000001,0.008783721201763971,
MANTENIMIENTO INSTALACIONES,24798.33,0.001133836944587799,,82944.73194758913,0.002388274674657176,,-58146.401947589125,-0.001254437730069377,,12985.49,0,,53056.40080026525,0.0015893222657960987,,-40070.91080026525,-0.0015893222657960987,,46284.16,0.0025028218591639072,,50511.95878958109,0.0017007633646252637,,-4227.7987895810875,,,84067.98000000001,0.0014765640322977494,,39122.03,0.002074855818845364,,38003.91724336341,0,,1118.1127566365903,0.002074855818845364,,25739.22,0.0018216024426755974,,49758.98492112209,0.0015254136482881365,,-24019.764921122092,,,31530.15,0.002233190346275559,,40276.716446336795,0,,-8746.566446336794,0.002233190346275559,,96391.4,0.0020463453781900142,,10934.890000000001,0,,45287.872146979396,0,,-34352.9821469794,,,16876.73,0.001580982119631467,,62645.59310550006,0.0019516923086592502,,-45768.86310550006,,,23601.690000000002,0.002188100583938402,,183224.8335987976,0.005785621057214914,,-159623.1435987976,-0.0035975204732765116,,51413.31,0.0014002759271839295,,19393.26,0.001366153141871187,,200760.632049732,0.006259717772378524,,-181367.372049732,-0.004893564630507337,,,,,,,,0,,,,,,,,,0,,,19393.26,0.001366153141871187,,251265.95000000004,0.0016215820245484795,,806471.6410492668,0.0021838481139628313,,-555205.6910492667,,,972224.7699999999,0.002194149206721606,,652996.6,0.0016399132619271607,,,19393.26,0.001366153141871187,,0,0,,8610.59,0.0008472679075816617,
MANTENIMIENTO ACTIVO FIJO,177406.91,0.008111453827058622,,99877.61726251215,0.002875832837990062,,77529.29273748785,0.00523562098906856,,78652.73,0.004746431638723484,,55247.2197234815,0.0016549489808102393,,23405.510276518493,0.003091482657913245,,57786.200000000004,0.003124796140148538,,5267.546379171018,0,,52518.65362082898,0.003124796140148538,,313845.83999999997,0.005512366052214817,,11584.83,0,,2966.3396272396453,0,,8618.490372760354,,,13681.26,0,,48004.81797599181,0.0014716378286302523,,-34323.55797599181,-0.0014716378286302523,,21212.14,0.0015023952081371524,,6022.098993750488,0,,15190.04100624951,0.0015023952081371524,,46478.23,0,,-4030.0600000000004,0,,91752.05376321219,0.0017940351429211172,,-95782.11376321218,-0.0017940351429211172,,11480.29,0.0010754531960980554,,7806.048623573666,0,,3674.2413764263347,0.0010754531960980554,,14199.51,0.0013164292947936854,,5032.737809768793,0,,9166.772190231208,0.0013164292947936854,,21649.74,0,,21995.21,0.001549446830889523,,12673.599809762476,0,,9321.610190237523,0.001549446830889523,,,,,,,,0,,,,,,,,,0,,,21995.21,0.001549446830889523,,403969.0200000001,0.0026070739043888166,,334650.0799684638,0,,69318.94003153627,0.0026070739043888166,,352165.83,0,,335030.64,0,,,21995.21,0.001549446830889523,,0,0,,0,0,
ARRENDAMIENTO,0,0,,0,0,,0,,,0,0,,0,0,,0,,,0,0,,0,0,,0,,,0,0,,0,0,,0,0,,0,,,0,0,,0,0,,0,,,0,0,,0,0,,0,,,0,0,,0,0,,0,0,,0,,,0,0,,0,0,,0,,,0,0,,0,0,,0,,,0,0,,0,0,,0,0,,0,,,,,,,,,0,,,,,,,,,0,,,0,0,,0,0,,0,0,,0,,,0,0,,0,0,,,0,0,,0,0,,0,0,
ENERGIA ELECTRICA,101238.01,0.004628835729444242,,227988.99094858475,0.006564616225744228,,-126750.98094858475,-0.0019357804962999853,,103869.84,0.006268200670023102,,280324.2954011264,0.008397208208710337,,-176454.45540112638,-0.002129007538687235,,94364.91,0.005102794551873357,,256680.43856761343,0.008642561025009954,,-162315.52856761342,-0.0035397664731365974,,299472.76,0.00525991829551437,,123974.14,0.006575028590422066,,298623.01927736175,0.005957234083925389,,-174648.87927736173,,,136687.07,0.009673544909059808,,316995.9075355614,0.00971784059849196,,-180308.8375355614,,,115968.4,0.008213710095036734,,360604.14782750135,0.008637824505806187,,-244635.74782750136,,,376629.61,0.007995674528153005,,112487.05,0.007373620668808765,,320077.8716020664,0.006258507865202,,-207590.8216020664,0.001115112803606765,,117098.74,0.010969602178346994,,362577.7571568077,0.01129592976703312,,-245479.0171568077,,,116211.04,0.010773865959771905,,354057.2521442335,0.011179931525825495,,-237846.21214423352,,,345796.83,0.009418008230660772,,111919.1,0.007884111804843311,,317910.3795515124,0.009912447637688442,,-205991.27955151242,-0.0020283358328451306,,,,,,,,0,,,,,,,,,0,,,111919.1,0.007884111804843311,,1133818.3,0.007317264334399925,,3095840.0600123685,0.008383238953563618,,-1962021.7600123684,-0.0010659746191636933,,3442558.46,0.007769280465978822,,2974602.5900000003,0.007470314908690001,,,111919.1,0.007884111804843311,,0,0,,0,0,
TRANSPORTE DE PERSONAL,0,0,,0,0,,0,,,0,0,,21979.40576132801,0,,-21979.40576132801,,,0,0,,23200.483859179563,0,,-23200.483859179563,,,0,0,,0,0,,45124.38607060523,0,,-45124.38607060523,,,0,0,,61497.93329179656,0.001885283370099431,,-61497.93329179656,,,0,0,,39407.520430663855,0,,-39407.520430663855,,,0,0,,0,0,,66604.25988281214,0.0013023183459891724,,-66604.25988281214,,,0,0,,44402.839921874765,0.0013833484026914318,,-44402.839921874765,,,0,0,,42182.69792578103,0.0013319870487858159,,-42182.69792578103,,,0,0,,0,0,,39962.55592968729,0.001246032745706671,,-39962.55592968729,,,,,,,,,0,,,,,,,,,0,,,0,0,,0,0,,384362.0830737284,0.0010408157800902876,,-384362.0830737284,,,368750,0,,346250,0,,,0,0,,0,0,,0,0,
DEPRECIACIONES Y AMORT.,71998.61,0.003291942803284276,,100865.1408070844,0.0029042671630731772,,-28866.530807084404,,,69126.89,0.004171578758710067,,100864.95019095589,0.003021443384001638,,-31738.06019095589,0.0011501353747084293,,70460.16,0.0038101421447032063,,101170.71367858461,0.0034064694286419245,,-30710.553678584605,,,211585.65999999997,0.0037162755106757714,,65595.08,0.0034788668539343986,,101225.62171338029,0.002019351104602543,,-35630.541713380284,0.0014595157493318555,,65595.08,0.00464226025324393,,101225.62171338029,0.0031031771480630956,,-35630.541713380284,0.0015390831051808342,,65595.08,0.0046459119103199,,79260.38600358542,0.0018985841086024643,,-13665.306003585414,0.002747327801717436,,196785.24,0.004177660728758092,,65595.08,0.004299812624299103,,79259.83533476973,0.0015497738108368167,,-13664.755334769725,0.002750038813462286,,65595.08,0.0061448306997739285,,77154.87069032565,0.002403721638460902,,-11559.790690325652,0.0037411090613130265,,65684.43,0.0060895698417639185,,77154.19294409093,0.0024362686792074903,,-11469.762944090937,0.0036533011625564282,,196874.59000000003,0.005362011297292589,,65684.43,0.004627122537238094,,77154.19294409093,0.002405668222174201,,-11469.762944090937,0.0022214543150638933,,,,,,,,0,,,,,,,,,0,,,65684.43,0.004627122537238094,,670929.9199999999,0.004329945613417771,,895335.5260202481,0.0024244830200344167,,-224405.60602024815,0.0019054625933833547,,988282.1100000002,0.00223038794585912,,843058.2100000002,0.002117227469722773,,,65684.43,0.004627122537238094,,0,0,,9432.15,0.0009281080616422765,
COMBUSTIBLE,3592.63,0,,6037.798583632597,0,,-2445.168583632597,,,4971.32,0,,7162.371741122642,0,,-2191.051741122642,,,4744.06,0,,11254.143108173825,0,,-6510.083108173824,,,13308.010000000002,0,,4687.5,0,,10436.376552057105,0,,-5748.876552057105,,,4231.88,0,,10092.960787159765,0,,-5861.080787159765,,,2488.77,0,,9226.182130714025,0,,-6737.412130714025,,,11408.15,0,,6981.4,0,,11070.011931421694,0,,-4088.611931421694,,,4806.06,0,,10112.10652224911,0,,-5306.04652224911,,,3108.88,0,,7880.202342310118,0,,-4771.322342310118,,,14896.34,0,,6138.18,0,,9896.619320172082,0,,-3758.4393201720814,,,,,,,,,0,,,,,,,,,0,,,6138.18,0,,45750.68,0,,93168.77301901297,0,,-47418.093019012966,,,102697.89000000001,0,,86684.6,0,,,6138.18,0.00043240248892506387,,0,0,,6138.18,0.0006039868261013013,
DIVERSOS,67857.62,0.003102607172652349,,67060.12913622707,0.0019309003035478023,,797.4908637729241,0.0011717068691045466,,60139.74,0.0036292340352407893,,90870.00527734253,0.002722041459690712,,-30730.26527734253,0.0009071925755500775,,48790.02,0.0026383265584823015,,111168.72531598056,0.0037431075697762863,,-62378.70531598056,-0.0011047810112939848,,176787.38,0.003105080991266288,,47332.84,0.0025103201059985024,,82744.06931533608,0.0016506624009121492,,-35411.22931533608,,,58293.47,0.004125514578298669,,149900.02751106067,0.0045953418906476895,,-91606.55751106067,,,49526.92,0.0035078500934744013,,118169.8726029364,0.0028306125361206775,,-68642.9526029364,,,155153.22999999998,0.0032938321792374864,,49314.25,0.003232590534348644,,84895.52269504963,0.0016599688502301727,,-35581.27269504963,0.0015726216841184712,,47731.32,0.004471385361169363,,75341.87481414202,0.0023472386532775776,,-27610.554814142022,0.0021241467078917855,,48904.36,0.004533898151917673,,69890.15003534476,0.0022068947521699587,,-20985.790035344762,0.002327003399747714,,145949.93,0.0039750440800870365,,51945.78,0.0036593069217836236,,99137.54690809251,0.003091109337297111,,-47191.76690809251,,,,,,,,,0,,,,,,,,,0,,,51945.78,0.0036593069217836236,,529836.32,0.003419377167757572,,949177.9236115122,0.00257028308595854,,-419341.6036115122,,,924871.3599999999,0.0020872804555921083,,880234.0499999999,0.002210589599080386,,,51945.78,0.0036593069217836236,,0,0,,0,0,
SEGUROS,134494.23,0.006149386946939117,,134494.22999999998,0.003872568586989733,,0,0.002276818359949384,,115612.7,0.006976843360913812,,117946.15,0.0035331164483925824,,-2333.449999999997,0.0034437269125212294,,115612.7,0.006251771507940492,,117946.15,0.003971306908810131,,-2333.449999999997,0.002280464599130361,,365719.63,0.006423473616985217,,115612.7,0.00613157556822648,,117946.15,0.0023529091178171014,,-2333.449999999997,0.0037786664504093786,,115612.7,0.008182080759413884,,117946.15,0.00361576240468417,,-2333.449999999997,0.004566318354729714,,115612.7,0.008188516881361246,,117946.15,0.002825253539021534,,-2333.449999999997,0.005363263342339712,,346838.1,0.007363214383391111,,122010.93,0.007997919007286433,,117946.15,0.002306210372340308,,4064.779999999999,0.005691708634946125,,122368.43,0.011463257386790852,,117946.15,0.0036745536657830755,,4422.279999999999,0.007788703721007777,,122368.43,0.011344714430984622,,117946.15,0.0037243408311759926,,4422.279999999999,0.00762037359980863,,366747.79,0.009988621656238572,,122660.59,0.00864079326592195,,117946.15,0.003677561700222834,,4714.440000000002,0.004963231565699116,,,,,,,,0,,,,,,,,,0,,,122660.59,0.00864079326592195,,1201966.1099999999,0.007757066319938932,,1196009.5799999998,0.003238679617011999,,5956.530000000028,0.004518386702926933,,929928.9199999999,0.0020986945252644404,,766907.98,0.0019259863942320218,,,122660.59,0.00864079326592195,,1867.85,0.00046226714856194783,,6428.32,0.0006325361253602073,
TELEFONO,21123.69,0,,31356.004798112615,0,,-10232.314798112617,,,22729.52,0.0013716512174593077,,25745.936372573156,0,,-3016.416372573156,0.0013716512174593077,,22738.27,0.001229574852294411,,40951.38449582657,0.0013788539615207122,,-18213.11449582657,,,66591.48,0.001169608027045195,,22734.33,0.001205726208176077,,33514.90493618041,0,,-10780.574936180405,0.001205726208176077,,22883.21,0.0016194784159061018,,26538.65968773989,0,,-3655.4496877398924,0.0016194784159061018,,22924.26,0.0016236597709655977,,33830.40050228026,0,,-10906.140502280261,0.0016236597709655977,,68541.8,0.0014551110954174784,,20971.57,0.0013747040393482612,,33863.32042572366,0,,-12891.750425723658,0.0013747040393482612,,10162.61,0,,33753.968931206575,0.001051588121111992,,-23591.358931206574,-0.001051588121111992,,10452.88,0,,32843.169563824216,0.0010370763050068794,,-22390.28956382422,-0.0010370763050068794,,41587.06,0.0011326514282070871,,10303.32,0,,26273.722099946594,0,,-15970.402099946594,,,,,,,,,0,,,,,,,,,0,,,10303.32,0,,187023.66000000003,0.0012069848907950579,,318671.4718134139,0,,-131647.81181341386,0.0012069848907950579,,338761.5,0,,286727.55,0,,,10303.32,0.0007258146897274743,,0,0,,0,0,
DERECHOS Y CONTRIB,9431.08,0,,7077.672545078606,0,,2353.4074549213938,,,10649.56,0,,7077.672545078606,0,,3571.8874549213933,,,10649.56,0,,7077.672545078606,0,,3571.8874549213933,,,30730.199999999997,0,,23395.56,0.0012407948616456213,,74580.07602499878,0.0014877988038330392,,-51184.51602499878,,,14565.56,0.0010308260963206334,,7077.672545078606,0,,7487.887454921393,0.0010308260963206334,,10649.56,0,,13974.12427530474,0,,-3324.5642753047414,,,48610.68,0.0010319825248795407,,37455.56,0.0024552434380473737,,66286.4100338419,0.0012961034028261952,,-28830.850033841896,0.0011591400352211785,,10649.56,0.0009976318837797656,,19527.984589396543,0,,-8878.424589396544,0.0009976318837797656,,10649.56,0,,19527.984589396543,0,,-8878.424589396544,,,58754.67999999999,0.0016002230553410213,,33520.56,0.0023613471051943634,,64969.11026514702,0.0020257372674619633,,-31448.550265147023,,,,,,,,,0,,,,,,,,,0,,,33520.56,0.0023613471051943634,,171616.12,0.001107550049319276,,287176.3799583999,0,,-115560.25995839993,0.001107550049319276,,318258.39,0,,226069.96000000002,0,,,33520.56,0.0023613471051943634,,0,0,,0,0,
GASTOS DE VIAJE,647.41,0,,11293.526351823839,0,,-10646.116351823839,,,1843.69,0,,2493.973913823978,0,,-650.2839138239779,,,16740.96,0,,3620.7190848997957,0,,13120.240915100203,,,19232.059999999998,0,,1034.64,0,,17174.355457129015,0,,-16139.715457129016,,,13085.95,0,,17753.162216939865,0,,-4667.212216939864,,,1428.44,0,,22476.090312827077,0,,-21047.650312827078,,,15549.03,0,,1548.05,0,,22744.56133524757,0,,-21196.51133524757,,,10536.99,0,,17349.14197574096,0,,-6812.151975740961,,,0,0,,15166.045516122967,0,,-15166.045516122967,,,12085.039999999999,0,,10959.08,0,,0,0,,10959.08,,,,,,,,,0,,,,,,,,,0,,,10959.08,0,,57825.21,0,,130071.57616455505,0,,-72246.36616455505,,,216531.48000000004,0,,139022.66000000003,0,,,10959.08,0.0007720095318692004,,0,0,,0,0,
ARRENDAM MAQ Y EQUIPO,6641.26,0,,8100.710704900519,0,,-1459.4507049005188,,,4980.94,0,,9598.618748561817,0,,-4617.678748561818,,,4980.94,0,,0,0,,4980.94,,,16603.14,0,,28078.48,0.0014891557931000301,,18090.0414046574,0,,9988.438595342599,0.0014891557931000301,,4980.94,0,,9705.55467751184,0,,-4724.6146775118405,,,4980.94,0,,8100.710704900519,0,,-3119.7707049005194,,,38040.36,0,,4980.94,0,,8100.710704900519,0,,-3119.7707049005194,,,4980.94,0,,8360.738095496683,0,,-3379.7980954966833,,,4980.94,0,,8100.710704900519,0,,-3119.7707049005194,,,14942.82,0,,4980.94,0,,8100.710704900519,0,,-3119.7707049005194,,,,,,,,,0,,,,,,,,,0,,,4980.94,0,,74567.26000000001,0,,86258.50645073033,0,,-11691.246450730323,,,84000.41,0,,70717.89000000001,0,,,4980.94,0.00035088101899690257,,0,0,,0,0,
PAPELERIA,2220.66,0,,9436.396446602017,0,,-7215.736446602017,,,4162.1,0,,31099.034319695213,0,,-26936.93431969521,,,2088.44,0,,16477.320084697043,0,,-14388.880084697043,,,8471.2,0,,3505.0299999999997,0,,19725.28033795167,0,,-16220.250337951671,,,966.36,0,,13741.971449703778,0,,-12775.611449703778,,,4016.5,0,,11346.639130628111,0,,-7330.139130628111,,,8487.89,0,,2296.75,0,,9544.324497360718,0,,-7247.574497360718,,,3193,0,,9861.089862535542,0,,-6668.089862535542,,,0,0,,7621.830708607462,0,,-7621.830708607462,,,5489.75,0,,5118.5,0,,10209.357214363801,0,,-5090.857214363801,,,,,,,,,0,,,,,,,,,0,,,5118.5,0,,27567.34,0,,139063.24405214537,0,,-111495.90405214537,,,127206.70999999998,0,,117022.50999999998,0,,,5118.5,0.00036057139731368896,,610,0.0001509665982936468,,2018,0.00019856788414031947,
MENSAJERIA Y PAQUETERIA,10578.32,0,,7962.970050079392,0,,2615.3499499206073,,,1152.93,0,,14292.757269882726,0,,-13139.827269882726,,,0,0,,9253.973227479044,0,,-9253.973227479044,,,11731.25,0,,0,0,,3615.2700369397394,0,,-3615.2700369397394,,,0,0,,31147.830177906675,0,,-31147.830177906675,,,0,0,,13575.435352254308,0,,-13575.435352254308,,,0,0,,0,0,,28760.96089166999,0,,-28760.96089166999,,,0,0,,3596.923866448403,0,,-3596.923866448403,,,0,0,,12313.142321110832,0,,-12313.142321110832,,,0,0,,0,0,,7101.999320000126,0,,-7101.999320000126,,,,,,,,,0,,,,,,,,,0,,,0,0,,11731.25,0,,131621.26251377125,0,,-119890.01251377125,,,93948.18000000001,0,,81194.64,0,,,0,0,,0,0,,0,0,
EQUIPOS MENORES,0,0,,0,0,,0,,,0,0,,9388.274946980684,0,,-9388.274946980684,,,0,0,,0,0,,0,,,0,0,,0,0,,2713.279768372989,0,,-2713.279768372989,,,0,0,,766.0332289095693,0,,-766.0332289095693,,,0,0,,160.60242475618708,0,,-160.60242475618708,,,0,0,,1510.74,0,,153.91419955017685,0,,1356.8258004498232,,,0,0,,873.2526584126999,0,,-873.2526584126999,,,0,0,,0,0,,0,,,1510.74,0,,3550,0,,0,0,,3550,,,,,,,,,0,,,,,,,,,0,,,3550,0,,5060.74,0,,14055.357226982309,0,,-8994.61722698231,,,29757.350000000002,0,,29757.350000000002,0,,,3550,0.0002500788239647545,,0,0,,0,0,
HONORARIOS,271528.22,0.012414897589239424,,257971.98024242185,0.007427933428893857,,13556.239757578121,0.004986964160345567,,292473.37999999995,0.017649799368901705,,257971.98024242185,0.007727637117607543,,34501.399757578096,0.00992216225129416,,292604.58,0.015822630008095084,,333775.8613114727,0.011238403152797305,,-41171.2813114727,0.004584226855297779,,856606.1799999999,0.01504537013060111,,277204.58,0.014701679228393445,,257971.98024242185,0.005146286033530789,,19232.599757578166,0.009555393194862656,,292473.38,0.020698771113716274,,257971.98024242185,0.007908400465996359,,34501.399757578154,0.012790370647719915,,277204.58,0.01963360757875782,,341356.2267002579,0.008176764460323128,,-64151.6467002579,0.011456843118434692,,846882.54,0.017978929360905848,,277204.57999999996,0.018170993199452316,,257971.98024242185,0.0050441464736936505,,19232.599757578108,0.013126846725758666,,277204.58,0.025968033171114936,,257971.98024242185,0.008036988792504973,,19232.599757578166,0.017931044378609963,,564719.32,0.0523548387362641,,333775.8613114727,0.01053951374201916,,230943.45868852723,0.04181532499424494,,1119128.48,0.030480213586130556,,428077.55,0.030155811343581234,,273203.4469841828,0.00851848519852399,,154874.10301581718,0.021637326145057242,,,,,,,,0,,,,,,,,,0,,,428077.55,0.030155811343581234,,3250694.75,0.02097884004535478,,2829943.2777619176,0.007663215884096556,,420751.47223808244,0.013315624161258225,,3318307.1100000003,0.007488865885473341,,2746599.91,0.006897716799163957,,,428077.55,0.030155811343581234,,21720.61,0.0053755518107589636,,336915.71,0.033151952263792604,
NO DEDUCIBLES,668.56,0,,0,0,,668.56,,,3772.84,0,,0,0,,3772.84,,,444.1,0,,0,0,,444.1,,,4885.5,0,,257.29,0,,0,0,,257.29,,,151.21,0,,0,0,,151.21,,,684.9000000000001,0,,0,0,,684.9000000000001,,,1093.4,0,,75,0,,0,0,,75,,,236.5,0,,0,0,,236.5,,,799.22,0,,0,0,,799.22,,,1110.72,0,,223,0,,0,0,,223,,,,,,,,,0,,,,,,,,,0,,,223,0,,7312.62,0,,0,0,,7312.62,,,63982.899999999994,0,,10400.67,0,,,223,1.570917682933528e-05,,140,3.46480717395255e-05,,0,0,
COMEDOR,0,0,,0,0,,0,,,0,0,,0,0,,0,,,0,0,,0,0,,0,,,0,0,,0,0,,0,0,,0,,,0,0,,0,0,,0,,,0,0,,0,0,,0,,,0,0,,0,0,,0,0,,0,,,0,0,,0,0,,0,,,0,0,,0,0,,0,,,0,0,,0,0,,0,0,,0,,,,,,,,,0,,,,,,,,,0,,,0,0,,0,0,,0,0,,0,,,0,0,,0,0,,,0,0,,0,0,,0,0,
CAPACITACION Y ADIESTRAMIENTO,18610.41,0,,7999.602922892576,0,,10610.807077107424,,,4433.33,0,,1977.4281181322385,0,,2455.9018818677614,,,4433.33,0,,1977.4281181322385,0,,2455.9018818677614,,,27477.07,0,,4433.33,0,,11470.286801780925,0,,-7036.956801780925,,,4433.33,0,,11470.286801780925,0,,-7036.956801780925,,,4433.33,0,,11470.286801780925,0,,-7036.956801780925,,,13299.99,0,,4433.33,0,,11470.286801780925,0,,-7036.956801780925,,,4433.33,0,,11470.286801780925,0,,-7036.956801780925,,,4433.33,0,,11470.286801780925,0,,-7036.956801780925,,,13299.99,0,,4433.33,0,,11470.286801780925,0,,-7036.956801780925,,,,,,,,,0,,,,,,,,,0,,,4433.33,0,,58510.38000000001,0,,92246.46677162353,0,,-33736.086771623515,,,53199.99999999998,0,,85524.32999999999,0,,,4433.33,0.0003123047753937084,,0,0,,0,0,
EQUIPO DE TRABAJO,40298.48,0.0018425396159633543,,10896.193449208005,0,,29402.286550792,0.0018425396159633543,,4032.56,0,,10896.193449208005,0,,-6863.633449208006,,,4032.56,0,,10896.193449208005,0,,-6863.633449208006,,,48363.600000000006,0,,4032.56,0,,10896.193449208005,0,,-6863.633449208006,,,4032.56,0,,10896.193449208005,0,,-6863.633449208006,,,4032.56,0,,10896.193449208005,0,,-6863.633449208006,,,12097.68,0,,4032.56,0,,10896.193449208005,0,,-6863.633449208006,,,4032.56,0,,10896.193449208005,0,,-6863.633449208006,,,4032.56,0,,10896.193449208005,0,,-6863.633449208006,,,12097.68,0,,4032.56,0,,10896.193449208005,0,,-6863.633449208006,,,,,,,,,0,,,,,,,,,0,,,4032.56,0,,76591.51999999999,0,,108961.93449208005,0,,-32370.41449208006,,,198998.76,0,,86942.40000000001,0,,,4032.56,0.00028407263728656625,,0,0,,0,0,
DONATIVOS,0,0,,0,0,,0,,,0,0,,0,0,,0,,,0,0,,0,0,,0,,,0,0,,0,0,,0,0,,0,,,0,0,,0,0,,0,,,0,0,,0,0,,0,,,0,0,,0,0,,0,0,,0,,,0,0,,0,0,,0,,,0,0,,0,0,,0,,,0,0,,0,0,,0,0,,0,,,,,,,,,0,,,,,,,,,0,,,0,0,,0,0,,0,0,,0,,,0,0,,0,0,,,0,0,,0,0,,0,0,
RECLUTAMIENTO,0,0,,0,0,,0,,,0,0,,0,0,,0,,,0,0,,0,0,,0,,,0,0,,0,0,,0,0,,0,,,0,0,,0,0,,0,,,0,0,,0,0,,0,,,0,0,,0,0,,0,0,,0,,,0,0,,0,0,,0,,,0,0,,0,0,,0,,,0,0,,0,0,,0,0,,0,,,,,,,,,0,,,,,,,,,0,,,0,0,,0,0,,0,0,,0,,,0,0,,0,0,,,0,0,,0,0,,0,0,
ARTICULOS DE LIMPIEZA,6547.6,0,,24737.63341021738,0,,-18190.03341021738,,,10329.15,0,,28543.80257738696,0,,-18214.652577386958,,,7588.23,0,,26162.695422835477,0,,-18574.465422835478,,,24464.979999999996,0,,5404.27,0,,30021.901237204078,0,,-24617.631237204077,,,9244.12,0,,35175.988202884095,0.0010783566542155228,,-25931.868202884092,-0.0010783566542155228,,9752.29,0,,26380.154474236268,0,,-16627.864474236267,,,24400.680000000004,0,,7620.99,0,,21558.26098267254,0,,-13937.270982672539,,,17053.02,0.0015974966540151913,,19126.79949411372,0,,-2073.779494113718,0.0015974966540151913,,1044.24,0,,37430.46135654764,0.0011819274775814684,,-36386.22135654764,-0.0011819274775814684,,25718.25,0,,7365.29,0,,30951.470358394297,0,,-23586.180358394296,,,,,,,,,0,,,,,,,,,0,,,7365.29,0,,81949.2,0,,280089.1675164924,0,,-198139.9675164924,,,285979.89,0,,250592.58000000002,0,,,7365.29,0.0005188459327772863,,220.92,5.467465720497123e-05,,0,0,
,,0,,,0,,0,,,,0,,,0,,0,,,,0,,,0,,0,,,0,0,,,0,,,0,,0,,,,0,,,0,,0,,,,0,,,0,,0,,,0,0,,,0,,,0,,0,,,,0,,,0,,0,,,,0,,,0,,0,,,0,0,,,0,,,0,,0,,,,,,,,,0,,,,,,,,,0,,,0,0,,0,0,,0,0,,0,,,0,0,,0,0,,,,0,,70834.99635000002,0.017530685965741623,,1503276.0336500003,0.14791989161582372,
GASTOS DE ADMON PLANTA,2164462.9,0.09896424481848765,,2405509.789606967,0.0692632066589639,,-241046.88960696687,0.02970103815952374,,2068277.5999999999,0.12481369989704204,,2435944.9313993673,0.07296954673387512,,-367667.3313993675,0.051844153163166914,,1960462.7,0.10601227071282038,,2476084.1212379145,0.08337101276698895,,-515621.42123791354,0.022641257945831425,,6193203.199999999,0.10877698131715932,,1941998.4400000004,0.10299482832109223,,2592968.6989861885,0.0517271627268796,,-650970.2589861884,0.051267665594212634,,2001179.3600000003,0.14162640555572348,,2693792.9859061586,0.08258103723132466,,-692613.6259061577,0.059045368324398814,,2273777.6799999997,0.16104516992633516,,2680605.1880539223,0.06421056807932118,,-406827.5080539227,0.09683460184701398,,6216955.48,0.13198312414708244,,1832574.66,0.12012680917591131,,2704369.750410689,0.0528787549999767,,-871795.0904106891,0.06724805417593462,,1856328.2100000007,0.17389753276715855,,2566900.8502912354,0.07997051984434721,,-710572.640291235,0.09392701292281135,,2082523.2999999998,0.19306966784138455,,2762639.152613299,0.08723480840945766,,-680115.8526132988,0.10583485943192689,,5771426.170000001,0.15718865662160922,,2057480.3100000005,0.14493866373392636,,2734743.223200973,0.0852693109320469,,-677262.913200974,0.05966935280187946,,0,,,0,,,0,,,0,,,0,,,0,,,2057480.3100000005,0.14493866373392636,,20239065.16,0.13061580471656184,,26053558.69170671,0.07055054649767634,,-5814493.531706712,0.0600652582188855,,29904109.040000003,0.06748858818710453,,24361178.560000006,0.06117982819010026,,,2057480.3100000005,0.14493866373392636,,95394.37635,0.023608794252300676,,1962085.9336500005,0.19306603188620608,0
,,,,,,,,,,,,,,,,,,,,,,,,,,,,,,,,,,,,,,,,,,,,,,,,,,,,,,,,,,,,,,,,,,,,,,,,,,,,,,,,,,,,,,,,,,,,,,,,,,,,,,,,,,,,,,,,,,,,,,,,,,,,,,,,,,,,,,,,,,,,,,,,,
GASTOS DE VENTA:,,,,,,,,,,,,,,,,,,,,,,,,,,,,,,,,,,,,,,,,,,,,,,,,,,,,,,,,,,,,,,,,,,,,,,,,,,,,,,,,,,,,,,,,,,,,,,,,,,,,,,,,,,,,,,,,,,,,,,,,,,,,,,,,,,,,,,,,,,,,,,,,,
LABOR INDIRECTA,92682.51,0.004237658501807505,,109708.84,0.0031589088059694663,,-17026.33,0.001078749695838039,,90358.38,0.0054528288294099815,,109708.84,0.0032863650669230837,,-19350.459999999992,0.002166463762486898,,83050.28,0.004490954490557526,,113000.1052,0.0038047710627013404,,-29949.825200000007,,,266091.17,0.004673606418686709,,81655.78,0.004330653861145674,,124582.61598300001,0.0024853000548801913,,-42926.83598300001,0.0018453538062654829,,89352.33,0.006323595765013705,,124582.61598300001,0.003819210200150973,,-35230.28598300001,0.0025043855648627317,,84287.55,0.005969846098772714,,124582.61598300001,0.002984221839428684,,-40295.06598300001,0.00298562425934403,,255295.66,0.005419810210381521,,78822.19,0.005166860801708033,,124582.61598300001,0.002435973715066444,,-45760.42598300001,0.002730887086641589,,12658.82,0.0011858557952656235,,124582.61598300001,0.0038813094641340804,,-111923.79598300002,-0.0026954536688684567,,162198.4,0.015037330536663876,,124582.61598300001,0.0039338979997245,,37615.78401699998,0.011103432536939377,,253679.41,0.006909128609794278,,97100.23999999999,0.006840201077717017,,124582.61598300001,0.0038844867513916303,,-27482.37598300002,0.0029557143263253863,,0,,,0,,,0,,,0,,,0,,,0,,,97100.23999999999,0.006840201077717017,,872166.48,0.005628655559504663,,1204496.097081,0.0032616602940477627,,-332329.617081,0.0023669952654569,,1324922.8399999999,0.00299012994531433,,1076770.38,0.0027041641965859366,,,97100.23999999999,0.006840201077717017,,97100.23999999999,0.02403097201032245,,0,0,
MANTENIMIENTO INSTALACIONES,0,0,,0,0,,0,,,0,0,,0,0,,0,,,0,0,,0,0,,0,,,0,0,,0,0,,0,0,,0,,,0,0,,0,0,,0,,,0,0,,0,0,,0,,,0,0,,0,0,,0,0,,0,,,0,0,,0,0,,0,,,0,0,,0,0,,0,,,0,0,,0,0,,0,0,,0,,,0,,,0,,,0,,,0,,,0,,,0,,,0,0,,0,0,,0,0,,0,,,0,0,,0,0,,,0,0,,0,0,,0,0,
MANTENIMIENTO ACTIVO FIJO,0,0,,0,0,,0,,,0,0,,0,0,,0,,,7708.389999999999,0,,0,0,,7708.389999999999,,,7708.389999999999,0,,0,0,,101.95042201567023,0,,-101.95042201567023,,,700,0,,0,0,,700,,,3264.6600000000003,0,,0,0,,3264.6600000000003,,,3964.6600000000003,0,,0,0,,119.05573305789827,0,,-119.05573305789827,,,431.03,0,,0,0,,431.03,,,2284.48,0,,0,0,,2284.48,,,2715.51,0,,8484.48,0,,14583.16541258465,0,,-6098.685412584651,,,0,,,0,,,0,,,0,,,0,,,0,,,8484.48,0,,22873.04,0,,14804.171567658219,0,,8068.868432341782,,,21272.96,0,,11372.96,0,,,8484.48,0.0005976869803809802,,8484.48,0.0020997919408040663,,0,0,
FLETES,202013.98,0.009236545922536749,,74711.78633318338,0.0021512188056824065,,127302.19366681663,0.007085327116854343,,252194.05,0.015219075269451071,,106104.60103985129,0.003178398881048947,,146089.4489601487,0.012040676388402123,,319286.51,0.01726545877821171,,142500.23901442726,0.004798055584731592,,176786.27098557274,0.01246740319348012,,773494.54,0.013585603186167822,,207502,0.01100496912154228,,229948.16542080572,0.004587238625796,,-22446.165420805715,0.00641773049574628,,166115,0.011756202781788136,,313157.4021829008,0.009600167208183508,,-147042.4021829008,0.002156035573604628,,225440.33,0.01596729380028881,,242644.4076617285,0.005812245431241988,,-17204.077661728516,0.010155048369046824,,599057.33,0.01271771339057582,,271214.35,0.017778328588380035,,191537.2061630542,0.0037451420969851035,,79677.14383694579,0.014033186491394931,,104296.09,0.009770272643899276,,165263.52836609166,0.005148703064727992,,-60967.438366091665,0.004621569579171284,,130468.23,0.012095642737804356,,364475.89765178045,0.011508917142306452,,-234007.66765178047,,,505978.67,0.013780667910110077,,120003.25,0.008453597642802372,,219286.0957173485,0.006837341846270687,,-99282.84571734851,0.0016162557965316857,,0,,,0,,,0,,,0,,,0,,,0,,,120003.25,0.008453597642802372,,1998533.7900000003,0.012897833826337175,,2049629.3295511715,0.00555020030194687,,-51095.53955117124,0.007347633524390305,,2242115.25,0.005060080291068819,,1821921.1800000002,0.0045755103552881935,,,120003.25,0.008453597642802372,,112161.01,0.027758305148983115,,7842.24,0.000771663530089484,
HONORARIOS,578,0,,0,0,,578,,,4043.09,0,,0,0,,4043.09,,,578,0,,0,0,,578,,,5199.09,0,,578,0,,811.7138711731952,0,,-233.71387117319523,,,0,0,,1196.1752615682772,0,,-1196.1752615682772,,,0,0,,807.7426239396559,0,,-807.7426239396559,,,578,0,,1748.12,0,,483.06267212868255,0,,1265.0573278713173,,,0,0,,0,0,,0,,,0,0,,747.5482574484364,0,,-747.5482574484364,,,1748.12,0,,0,0,,1042.8157395968485,0,,-1042.8157395968485,,,0,,,0,,,0,,,0,,,0,,,0,,,0,0,,7525.21,0,,5089.058425855096,0,,2436.151574144904,,,5369,0,,4461,0,,,0,0,,0,0,,0,0,
GASTOS DE VIAJE,4239.83,0,,0,0,,4239.83,,,11978,0,,4059.243967334951,0,,7918.756032665049,,,4205.7,0,,7221.4053757589045,0,,-3015.7053757589047,,,20423.53,0,,4475.8,0,,0,0,,4475.8,,,0,0,,5635.694508043921,0,,-5635.694508043921,,,8987.1,0,,3990.225523818615,0,,4996.874476181385,,,13462.900000000001,0,,0,0,,3062.6534929229124,0,,-3062.6534929229124,,,0,0,,0,0,,0,,,5771.11,0,,5747.663799248288,0,,23.44620075171133,,,5771.11,0,,2563.72,0,,0,0,,2563.72,,,0,,,0,,,0,,,0,,,0,,,0,,,2563.72,0,,42221.26,0,,29716.88666712759,0,,12504.373332872412,,,37300.450000000004,0,,32360.83,0,,,2563.72,0.00018060058664082262,,2563.72,0.0006344853891432592,,0,0,
COMBUSTIBLE ,14486.67,0,,9723.038745963631,0,,4763.631254036369,,,9389.11,0,,9164.539132751675,0,,224.57086724832516,,,11913.42,0,,13106.764870630332,0,,-1193.3448706303316,,,35789.2,0,,12478.86,0,,14403.272189921987,0,,-1924.4121899219863,,,12839.27,0,,11449.554132536889,0,,1389.7158674631119,,,11751.51,0,,12922.904540138554,0,,-1171.3945401385536,,,37069.64,0,,9855.03,0,,21379.143510383252,0,,-11524.113510383251,,,7427.29,0,,13454.46283783522,0,,-6027.172837835221,,,13977.09,0.001295808850584835,,18613.973168564018,0,,-4636.883168564018,0.001295808850584835,,31259.410000000003,0,,17397.93,0.0012255926405129918,,8226.76999200623,0,,9171.16000799377,0.0012255926405129918,,0,,,0,,,0,,,0,,,0,,,0,,,17397.93,0.0012255926405129918,,121516.18,0,,132444.42312073178,0,,-10928.243120731786,,,142849.16,0,,120380.37999999999,0,,,17397.93,0.0012255926405129918,,17397.93,0.004305748048280306,,0,0,
GASTOS EXPORTACION,560,0,,0,0,,560,,,54210.28,0.0032714107715785443,,0,0,,54210.28,,,1006,0,,0,0,,1006,,,55776.28,0,,4521.5,0,,677.7374173270073,0,,3843.7625826729927,,,0,0,,1379.0402545039897,0,,-1379.0402545039897,,,0,0,,1361.731383138941,0,,-1361.731383138941,,,4521.5,0,,37093.25,0.002431493713038885,,2063.3984392952407,0,,35029.85156070476,0.002431493713038885,,0,0,,0,0,,0,,,0,0,,3241.995156543181,0,,-3241.995156543181,,,37093.25,0.0010102595035413066,,0,0,,1092.2835566672795,0,,-1092.2835566672795,,,0,,,0,,,0,,,0,,,0,,,0,,,0,0,,97391.03,0,,9816.18620747564,0,,87574.84379252436,,,12768.220000000001,0,,11226.220000000001,0,,,0,0,,0,0,,0,0,
TELEFONO,0,0,,0,0,,0,,,0,0,,0,0,,0,,,0,0,,0,0,,0,,,0,0,,0,0,,0,0,,0,,,0,0,,0,0,,0,,,0,0,,0,0,,0,,,0,0,,0,0,,0,0,,0,,,0,0,,0,0,,0,,,0,0,,0,0,,0,,,0,0,,0,0,,0,0,,0,,,0,,,0,,,0,,,0,,,0,,,0,,,0,0,,0,0,,0,0,,0,,,0,0,,0,0,,,0,0,,0,0,,0,0,
DEPRECIACIONES Y AMORT.,0,0,,0,0,,0,,,0,0,,0,0,,0,,,0,0,,0,0,,0,,,0,0,,0,0,,0,0,,0,,,0,0,,0,0,,0,,,0,0,,0,0,,0,,,0,0,,0,0,,0,0,,0,,,0,0,,0,0,,0,,,0,0,,0,0,,0,,,0,0,,0,0,,0,0,,0,,,0,,,0,,,0,,,0,,,0,,,0,,,0,0,,0,0,,0,0,,0,,,0,0,,0,0,,,0,0,,0,0,,0,0,
SERVICIOS CALIDAD,20000,0,,42075.08021328983,0.001211491630005685,,-22075.08021328983,-0.001211491630005685,,162446.68,0.009803118868952031,,42075.08021328983,0.0012603731276435185,,120371.59978671017,0.008542745741308512,,4852,0,,42075.08021328983,0.0014166893683242596,,-37223.08021328983,-0.0014166893683242596,,187298.68,0.0032897007182145425,,5391.11,0,,42075.08021328983,0,,-36683.97021328983,,,5391.11,0,,42075.08021328983,0.0012898555248245422,,-36683.97021328983,-0.0012898555248245422,,5391.11,0,,42075.08021328983,0.0010078562910040896,,-36683.97021328983,-0.0010078562910040896,,16173.329999999998,0,,5391.11,0,,42075.08021328983,0,,-36683.97021328983,,,5391.11,0,,42075.08021328983,0.001310828206226834,,-36683.97021328983,-0.001310828206226834,,5391.11,0,,42075.08021328983,0.0013285888451073683,,-36683.97021328983,-0.0013285888451073683,,16173.329999999998,0,,5391.11,0,,42075.08021328983,0.0013119012661812045,,-36683.97021328983,-0.0013119012661812045,,0,,,0,,,0,,,0,,,0,,,0,,,5391.11,0,,225036.4499999999,0.0014523060613195,,420750.8021328983,0.0011393529529330915,,-195714.3521328984,,,11050.059999999998,0,,395216.5,0.0009925331612483676,,,5391.11,0.0003797753376520077,,0,0,,5391.11,0.0005304763656430712,
DIVERSOS,0,0,,0,0,,0,,,0,0,,0,0,,0,,,0,0,,0,0,,0,,,0,0,,0,0,,0,0,,0,,,0,0,,0,0,,0,,,0,0,,0,0,,0,,,0,0,,0,0,,0,0,,0,,,0,0,,0,0,,0,,,0,0,,0,0,,0,,,0,0,,0,0,,0,0,,0,,,0,,,0,,,0,,,0,,,0,,,0,,,0,0,,0,0,,0,0,,0,,,0,0,,0,0,,,0,0,,0,0,,0,0,
EQUIPOS MENORES,0,0,,0,0,,0,,,0,0,,0,0,,0,,,0,0,,0,0,,0,,,0,0,,0,0,,0,0,,0,,,0,0,,0,0,,0,,,0,0,,0,0,,0,,,0,0,,0,0,,0,0,,0,,,0,0,,0,0,,0,,,0,0,,0,0,,0,,,0,0,,0,0,,0,0,,0,,,0,,,0,,,0,,,0,,,0,,,0,,,0,0,,0,0,,0,0,,0,,,0,0,,0,0,,,0,0,,0,0,,0,0,
ARRENDAM MAQ Y EQUIPO,0,0,,0,0,,0,,,0,0,,0,0,,0,,,0,0,,0,0,,0,,,0,0,,0,0,,0,0,,0,,,0,0,,0,0,,0,,,0,0,,0,0,,0,,,0,0,,0,0,,0,0,,0,,,0,0,,0,0,,0,,,0,0,,0,0,,0,,,0,0,,0,0,,0,0,,0,,,0,,,0,,,0,,,0,,,0,,,0,,,0,0,,0,0,,0,0,,0,,,0,0,,0,0,,,0,0,,0,0,,0,0,
GASTOS DE VENTA,334560.99,0.015296901471989009,,236218.74529243683,0.00680158020665734,,98342.24470756316,0.008495321265331668,,584619.5900000001,0.03527985511238519,,271112.3043532277,0.008121259929823947,,313507.28564677224,0.027158595182561245,,432600.3,0.023392916434496463,,317903.59467410634,0.010703975855632882,,114696.70532589368,0.012688940578863581,,1351780.8800000001,0.02374258340637898,,316603.05,0.016791196176596402,,412600.5355175334,0.008230972880720763,,-95997.48551753341,0.008560223295875639,,274397.71,0.01941952937193086,,499475.56253584375,0.015311944994182354,,-225077.85253584373,0.004107584377748505,,339122.25999999995,0.024019059764674448,,428384.7079290541,0.010261423642393297,,-89262.44792905412,0.01375763612228115,,930123.02,0.019746086716503113,,404124.05,0.026490671129189597,,385302.216207132,0.0075338446189434395,,18821.83379286797,0.018956826510246157,,130204.34,0.012197311531227684,,345375.6874002167,0.010760007835854039,,-215171.34740021673,0.001437303695373645,,320090.42,0.029675418790564925,,559484.7742298743,0.0176666384539521,,-239394.3542298743,0.012008780336612825,,854418.81,0.023270668458734517,,250940.72999999995,0.01767745426570619,,410888.8266144934,0.012811516203004181,,-159948.09661449335,0.004865938062702007,,0,,,0,,,0,,,0,,,0,,,0,,,250940.72999999995,0.01767745426570619,,3387263.44,0.021860206314123522,,3866746.954753918,0.010470781134131664,,-479483.514753918,0.011389425179991858,,3797647.9400000004,0.008570658218221432,,3473709.45,0.008723754756359687,,,250940.72999999995,0.01767745426570619,,237707.37999999998,0.05882930253753319,,13233.349999999999,0.001302139895732555,-2.1827872842550278e-11
,,,,,,,,,,,,,,,,,,,,,,,,,,,,,0,,,,,,,,,,,,,,,,,,,,,,,,,,,,,,0,,,,,,,,,,,,,,,,,,,,,,,,,,,,,,0,,,,,,,,,,,,,,,,,,,,,,,,,,,,,,0,,,,,,,,,,,,,,,,,,,,,,,,,,
GASTOS DE ADMON CORPORATIVO,547803.242167121,0.025046829941131464,,608542.8979776915,0.017522120544086587,,-60739.65581057046,0.007524709397044877,,437750.4302509092,0.0264167879742729,,756602.9592339142,0.02266429519040549,,-318852.528983005,0.003752492783867408,,486335.17872855766,0.026298636859828927,,635522.6651343083,0.021398371636151804,,-149187.48640575062,0.004900265223677123,,1471888.8511465879,0.025852151284509364,,462459.1015900838,0.02452674255175881,,734588.274858286,0.014654310036873574,,-272129.1732682022,0.009872432514885236,,371761.2660609903,0.026310091383844287,,673766.7285836255,0.020655022709428976,,-302005.46252263524,0.005655068674415311,,356799.4757127712,0.02527108639565436,,667298.9446453368,0.0159843174613548,,-310499.46893256565,0.009286768934299562,,1191019.8433638453,0.025284807065777647,,311190.5502301124,0.020398802112018485,,623972.3682705355,0.012200580924084894,,-312781.8180404231,0.008198221187933591,,261702.9540349205,0.02451586835743328,,624713.5967696593,0.019462641528142137,,-363010.6427347388,0.005053226829291144,,240676.03779725506,0.022312952116740566,,703139.0423237192,0.02220275477682156,,-462463.00452646415,,,813569.5420622879,0.02215811129141219,,257145.03102135172,0.01811451463273238,,640166.5037381354,0.019960395620483795,,-383021.47271678376,-0.0018458809877514165,,0,,,0,,,0,,,0,,,0,,,0,,,257145.03102135172,0.01811451463273238,,3733623.2675940725,0.02409549076254265,,6668313.981535211,0.018057156843036506,,-2934690.7139411387,0.006038333919506145,,9439789.795145668,0.021304031670204802,,7768797.800434751,0.014480256067424748,,,257145.03102135172,0.01811451463273238,,333101.75635,0.08243809678983387,,1975319.2836500006,0.19436817178193863,-2051276.0089786488
,,,,,,,,,,,,,,,,,,,,,,,,,,,,,0,,,,,,,,,,,,,,,,,,,,,,,,,,,,,,0,,,,,,,,,,,,,,,,,,,,,,,,,,,,,,0,,,,,,,,,,,,,,,,,,,,,,,,,,,,,,0,,,,,,,,,,,,,,,,,,,,,,,,,,
GASTOS MONTERREY IV,108946.81678152259,0.004981300186832271,,,,,108946.81678152259,,,93412.4868026029,0.005637134055127067,,,,,93412.4868026029,,,96473.38067907408,0.005216810372944599,,,,,96473.38067907408,,,298832.68426319957,0.0052486760507155054,,102220.52387516381,0.0054213150178506865,,,,,102220.52387516381,,,75815.07257021467,0.005365544153456504,,,,,75815.07257021467,,,84007.97213593178,0.005950044398271147,,,,,84007.97213593178,,,262043.56858131028,0.00556306522626274,,77249.03894559051,0.005063739427914764,,,,,77249.03894559051,,,63717.50457565668,0.005968942765669024,,,,,63717.50457565668,,,61678.99102493183,0.0057182276471890265,,,,,61678.99102493183,,,202645.534546179,0.005519186836566909,,67931.10836021844,0.004785389208266402,,,,,67931.10836021844,,,,,,,,,0,,,,,,,,,0,,,67931.10836021844,0.004785389208266402,,831452.8957509074,0.005365904413265911,,,,,831452.8957509074,,,0,0,,0,,,,,,,,,,,,
,,,,,,,,,,,,,,,,,,,,,,,,,,,,,0,,,,,,,,,,,,,,,,,,,,,,,,,,,,,,0,,,,,,,,,,,,,,,,,,,,,,,,,,,,,,0,,,,,,,,,,,,,,,,,,,,,,,,,,,,,,0,,,,,,,,,,,,,,,,,,,,,,,,,,
GASTOS HACIENDA SAN JOSE,79290.72904675637,0.003625355334674282,,,,,79290.72904675637,,,68811.41971159299,0.004152541172119338,,,,,68811.41971159299,,,68573.21895979627,0.0037081055671273062,,,,,68573.21895979627,,,216675.36771814563,0.003805670775692513,,75784.07892097332,0.004019245349104272,,,,,75784.07892097332,,,58457.12477592089,0.004137096667405216,,,,,58457.12477592089,,,64118.12730135353,0.00454130357485296,,,,,64118.12730135353,,,198359.33099824775,0.004211077961406594,,56842.0725707502,0.003726045630724705,,,,,56842.0725707502,,,46738.66481061512,0.004378395184436259,,,,,46738.66481061512,,,46570.464835908606,0.004317523927385472,,,,,46570.464835908606,,,150151.20221727394,0.004089468542340009,,49825.55949519058,0.003509948541392441,,,,,49825.55949519058,,,,,,,,,0,,,,,,,,,0,,,49825.55949519058,0.003509948541392441,,615011.460428858,0.0039690675522200455,,,,,615011.460428858,,,0,0,,0,,,,,,,,,,,,
,,,,,,,,,,,,,,,,,,,,,,,,,,,,,,,,,,,,,,,,,,,,,,,,,,,,,,,,,,,,,,,,,,,,,,,,,,,,,,,,,,,,,,,,,,,,,,,,,,,,,,,,,,0,,,,,,,,,0,,,0,0,,,,,,,,,,,,,,,,,,,,,,,,,,
TOTAL DE GASTOS,3235064.6779953996,0.14791463175311464,,3250271.4328770954,0.09358690740970785,,-15206.754881695204,0.0543277243434068,,3252871.5267651053,0.19630001821094656,,3463660.194986509,0.10375510185410457,,-210788.66822140434,0.09254491635684199,,3044444.778367428,0.1646287399472177,,3429510.381046329,0.11547336025877364,,-385065.6026789001,0.04915537968844405,,9532380.983127931,0.16742606283445566,,2899065.1943862215,0.1537533274164024,,3740157.509362008,0.07461244564447393,,-841092.3149757868,0.07914088177192848,,2781610.533407126,0.19685866713236036,,3867035.277025628,0.11854800493493599,,-1085424.743618501,0.07831066219742437,,3117825.5151500558,0.22082666405978804,,3776288.8406283134,0.09045630918306928,,-658463.3254782571,0.13037035487671877,,8798501.242943404,0.18678816111703256,,2681980.371746453,0.17580606747575886,,3713644.3348883563,0.07261318054300503,,-1031663.9631419035,0.10319288693275383,,2358691.673421193,0.2209580506059248,,3536990.1344611114,0.11019316920834339,,-1178298.4610399187,0.11076488139758141,,2751539.2136580953,0.2550937903232645,,4025262.9691668926,0.1271042016402313,,-1273723.755508797,0.1279895886830332,,7792211.258825742,0.21222609175066284,,2683322.7388767614,0.1890259703820238,,3785798.553553602,0.11804122275553489,,-1102475.8146768422,0.0709847476264889,,0,,,0,,,0,,,0,,,0,,,0,,,2565566.0710213524,0.18073063263236494,,28806416.223773837,0.18590647375871394,,36588619.627995834,0.09907848447484449,,-7782203.404222002,0.08682798928386945,,43141546.77514567,0.07605924640532596,,35603685.81043476,0.06887038132296754,,,2565566.0710213524,0.18073063263236494,,666203.5127,0.16487619357966773,,3950638.567300001,0.38873634356387726,
,,,,,,,,,,,,,,,,,,,,,,,,,,,,,0,,,,,,,,,,,,,,,,,,,,,,,,,,,,,,0,,,,,,,,,,,,,,,,,,,,,,,,,,,,,,0,,,,,,,,,,,,,,,,,,,,,,,,,,,,,,0,,,,,,,,,,,,,,,,,,,,,,,,,,
MARGEN DE OPERACIÓN,-3087462.237995413,-0.14116590715822103,,-420455.7209182773,-0.012106419859411388,,-2667006.5170771345,-0.12905948729880964,,-2871647.3267650614,-0.1732944009319626,,-810207.4232971612,-0.024270034874906657,,-2061439.9034678997,-0.14902436605705593,,-2476148.878367448,-0.1338980666241375,,-1590108.707492691,-0.05353976959675981,,-886040.1708747563,-0.08035829702737769,,-8435258.443127923,-0.14815628043231918,,-1303485.8243862204,-0.06913100234088557,,2760240.819844034,0.05506407621089776,,-4063726.6442302503,-0.12419507855178333,,-3412343.443407102,-0.24149656251271157,,-2607028.440286911,-0.07992117947327508,,-805315.0031201919,-0.16157538303943647,,-2965634.705150048,-0.21004742426283574,,802938.2157138935,0.019233387741450766,,-3768572.9208639436,-0.22928081200428652,,-7681463.97294337,-0.16307397027915116,,-2545506.74174651,-0.1668601063280984,,2914848.6763065136,0.05699426603666588,,-5460355.418053012,-0.22385437236476427,,-3267691.863421187,-0.3061115754375478,,-2579671.064854513,-0.08036836953029565,,-688020.7985666736,-0.22574320590725216,,-2481933.9236581,-0.2300988220611667,,-2156167.167089491,-0.06808447261086913,,-325766.7565686053,-0.16201434945029758,,-8295132.528825797,-0.2259234893243621,,-2271706.898876745,-0.16002979990527205,,-3478087.1095890426,-0.10844677799371495,,1206380.210712301,-0.0515830219115571,,0,,,0,,,0,,,0,,,0,,,0,,,-2153950.231021336,-0.1517344621556132,,-26683561.84377384,-0.17220631859108382,,-7163697.921663687,-0.019398609199537856,,-19519863.922110237,-0.15280770939154598,,-16441819.935145758,-0.03710644624674555,,-16270882.3304348,-0.040862135755280096,,,-2153950.231021336,-0.1517344621556132,,489369.5473000001,0.12111222272849656,,-4694595.787299981,-0.46194051158484367,2051276.0089786453
,,,,,,,,,,,,,,,,,,,,,,,,,,,,,0,,,,,,,,,,,,,,,,,,,,,,,,,,,,,,0,,,,,,,,,,,,,,,,,,,,,,,,,,,,,,0,,,,,,,,,,,,,,,,,,,,,,,,,,,,,,0,,,,,,,,,,,,,,,,,,,,,,,,,,
MANTENIMIENTO MAYORES FABRIC,0,0,,0,0,,0,,,0,0,,0,0,,0,,,0,0,,0,0,,0,,,0,0,,0,0,,0,0,,0,,,0,0,,0,0,,0,,,0,0,,0,0,,0,,,0,0,,0,0,,0,0,,0,,,0,0,,0,0,,0,,,0,0,,0,0,,0,,,0,0,,0,0,,0,0,,0,,,0,,,0,,,0,,,0,,,0,,,0,,,0,0,,0,0,,0,0,,0,,,71723.26,0,,71723.26,0,,,2683322.7388767614,0.1890259703820238,,0,0,,0,0,
FLETES ACTIVOS FIJOS FABRIC,0,0,,0,0,,0,,,0,0,,0,0,,0,,,0,0,,0,0,,0,,,0,0,,0,0,,0,0,,0,,,0,0,,0,0,,0,,,0,0,,0,0,,0,,,0,0,,0,0,,0,0,,0,,,0,0,,0,0,,0,,,0,0,,0,0,,0,,,0,0,,0,0,,0,0,,0,,,0,,,0,,,0,,,0,,,0,,,0,,,0,0,,0,0,,0,0,,0,,,0,0,,0,0,,,0,0,,0,0,,0,0,
GASTOS DE IMPORTACION ACTIVOS FIJOS,0,0,,0,0,,0,,,0,0,,0,0,,0,,,0,0,,0,0,,0,,,0,0,,0,0,,0,0,,0,,,0,0,,0,0,,0,,,0,0,,0,0,,0,,,0,0,,0,0,,0,0,,0,,,0,0,,0,0,,0,,,0,0,,0,0,,0,,,0,0,,0,0,,0,0,,0,,,0,,,0,,,0,,,0,,,0,,,0,,,0,0,,0,0,,0,0,,0,,,0,0,,0,0,,,-2271706.898876745,-0.16002979990527205,,0,0,,0,0,
MANTENIMIENTO MAYORES ADMON,0,0,,0,0,,0,,,0,0,,0,0,,0,,,0,0,,0,0,,0,,,0,0,,0,0,,0,0,,0,,,0,0,,0,0,,0,,,0,0,,0,0,,0,,,0,0,,0,0,,0,0,,0,,,0,0,,0,0,,0,,,0,0,,0,0,,0,,,0,0,,0,0,,0,0,,0,,,0,,,0,,,0,,,0,,,0,,,0,,,0,0,,0,0,,0,0,,0,,,24805.4,0,,24805.4,0,,,0,0,,0,0,,0,0,
MANTENIMIENTO MAYORES VENTA,0,0,,0,0,,0,,,0,0,,0,0,,0,,,0,0,,0,0,,0,,,0,0,,0,0,,0,0,,0,,,0,0,,0,0,,0,,,0,0,,0,0,,0,,,0,0,,0,0,,0,0,,0,,,0,0,,0,0,,0,,,0,0,,0,0,,0,,,0,0,,0,0,,0,0,,0,,,0,,,0,,,0,,,0,,,0,,,0,,,0,0,,0,0,,0,0,,0,,,0,0,,0,0,,,0,0,,0,0,,0,0,
MTTO MAYORES,0,0,,0,0,,0,,,0,0,,0,0,,0,,,0,0,,0,0,,0,,,0,0,,0,0,,0,0,,0,,,0,0,,0,0,,0,,,0,0,,0,0,,0,,,0,0,,0,0,,0,0,,0,,,0,0,,0,0,,0,,,0,0,,0,0,,0,,,0,0,,0,0,,0,0,,0,,,0,0,,0,0,,0,,,0,0,,0,0,,0,,,0,0,,0,0,,0,0,,0,,,96528.66,0,,96528.66,0,,,411615.8400000166,0.028996170476751744,,0,0,,0,0,
,,,,,,,,,,,,,,,,,,,,,,,,,,,,,0,,,,,,,,,,,,,,,,,,,,,,,,,,,,,,0,,,,,,,,,,,,,,,,,,,,,,,,,,,,,,0,,,,,,,,,,,,,,,,,,,,,,,,,,,,,,0,,,,,,,,,,,,,,,,,,,,,,,,,,
MARGEN,-3087462.237995413,-0.14116590715822103,,-420455.7209182773,-0.012106419859411388,,-2667006.5170771345,-0.12905948729880964,,-2871647.3267650614,-0.1732944009319626,,-810207.4232971612,-0.024270034874906657,,-2061439.9034678997,-0.14902436605705593,,-2476148.878367448,-0.1338980666241375,,-1590108.707492691,-0.05353976959675981,,-886040.1708747563,-0.08035829702737769,,-8435258.443127923,-0.14815628043231918,,-1303485.8243862204,-0.06913100234088557,,2760240.819844034,0.05506407621089776,,-4063726.6442302503,-0.12419507855178333,,-3412343.443407102,-0.24149656251271157,,-2607028.440286911,-0.07992117947327508,,-805315.0031201919,-0.16157538303943647,,-2965634.705150048,-0.21004742426283574,,802938.2157138935,0.019233387741450766,,-3768572.9208639436,-0.22928081200428652,,-7681463.97294337,-0.16307397027915116,,-2545506.74174651,-0.1668601063280984,,2914848.6763065136,0.05699426603666588,,-5460355.418053012,-0.22385437236476427,,-3267691.863421187,-0.3061115754375478,,-2579671.064854513,-0.08036836953029565,,-688020.7985666736,-0.22574320590725216,,-2481933.9236581,-0.2300988220611667,,-2156167.167089491,-0.06808447261086913,,-325766.7565686053,-0.16201434945029758,,-8295132.528825797,-0.2259234893243621,,-2271706.898876745,-0.16002979990527205,,-3478087.1095890426,-0.10844677799371495,,1206380.210712301,-0.0515830219115571,,0,,,0,,,0,,,0,,,0,,,0,,,-2153950.231021336,-0.1517344621556132,,-26683561.84377384,-0.17220631859108382,,-7163697.921663687,-0.019398609199537856,,-19519863.922110237,-0.15280770939154598,,-16538348.595145758,-0.037324295338128914,,-16367410.9904348,-0.041104554520844966,,,-2565566.0710213524,-0.18073063263236494,,489369.5473000001,0.12111222272849656,,-4694595.787299981,-0.46194051158484367,1639660.1689786287
,,,,,,,,,,,,,,,,,,,,,,,,,,,,,,,,,,,,,,,,,,,,,,,,,,,,,,,,,,,,,,,,,,,,,,,,,,,,,,,,,,,,,,,,,,,,,,,,,,,,,,,,,,,,,,,,,,,,,,,,,,,,,,,,,,,,,,,,,,,,,,,,,
OTROS INGRESOS 16%,81727.38,0.008269719590054807,,53100.14763356415,0.008030429157673631,,28627.232366435856,0.539117754699816,,56557.03,0.007268833895990457,,52017.76579331727,0.008185164423704547,,4539.264206682732,0.08726372879447837,,113252.38,0.009548152153119972,,50237.133751902584,0.00889041350384908,,63015.24624809742,1.2543559224397611,,251536.79,0.004417974321657689,,20868.21,0.0032140130173456006,,90018.77544680811,0.009442660203328079,,-69150.56544680812,-0.7681793615118552,,105111.31,0.016943250869007397,,50170.183960250724,0.008078414027296242,,54941.12603974927,1.0950951681436631,,182015.51,0.02467683409487779,,48456.73895086089,0.00608691114166677,,133558.77104913912,2.756247612629869,,307995.03,0.006538593755729192,,17080,0.003443628243169462,,18982.93721630594,0.0019399767372568289,,-1902.9372163059415,-0.10024461413017574,,98409.45,0.025041083535597856,,17346.761052708018,0.002826622798777291,,81062.68894729199,4.673073474695567,,91791,0.020262757485953794,,16832.10829029701,0.0027798182842191867,,74958.89170970299,4.453327558076227,,207280.45,0.0056454218627599,,48020,0.010485183823875881,,77345.44930394771,0.012714204504068205,,-29325.44930394771,-0.3791489941277119,,0,,,0,,,0,,,0,,,0,,,0,,,48020,0.010485183823875881,,814832.27,0.01205428825992394,,474508.00139996246,0.006741782070958358,,340324.26860003755,0.717215026081675,,512792.31000000006,0.001157286745738272,,419749.89,,,,,,,,,,,,
OTROS INGRESOS 0%,,,,,,,,,,,,,,,,,,,,,,,,,,,,,0,,,,,,,,,,,,,,,,,,,,,,,,,,,,,,0,,,,,,,,,,,,,,,,,,,,,,,,,,,,,,0,,,,,,,,,,,,,,,,,,,,,,,,,,,,,,,,,,,,,,,,,0,0,,0,,,,,,,,,,,,
,,,,,,,,,,,,,,,,,,,,,,,,,,,,,,,,,,,,,,,,,,,,,,,,,,,,,,,,,,,,,,,,,,,,,,,,,,,,,,,,,,,,,,,,,,,,,,,,,,,,,,,,,,,,,,,,,,,,,,,,,,,,,,,,,,,,,,,,,,,,,,,,,
UTILIDAD O (PERDIDA) TOTAL,-3005734.8579954132,-0.13742914251203855,,-367355.57328471314,-0.010577477214881153,,-2638379.2847106988,-0.1268516652971574,,-2815090.2967650616,-0.16988137157386873,,-758189.657503844,-0.0227118252688025,,-2056900.6392612169,-0.14716954630506623,,-2362896.4983674483,-0.1277739297214404,,-1539871.5737407885,-0.0518482597310478,,-823024.9246266589,-0.07592566999039259,,-8183721.653127923,-0.1437383061106615,,-1282617.6143862205,-0.06802424671119593,,2850259.595290842,0.05685986180901626,,-4132877.2096770583,-0.1248841085202122,,-3307232.133407102,-0.23405768056334278,,-2556858.2563266605,-0.07838316008900893,,-750373.8770804426,-0.15567452047433383,,-2783619.1951500475,-0.1971557862654135,,851394.9546647544,0.02039410874175779,,-3635014.1498148046,-0.21754989500717128,,-7373468.94294337,-0.15653537652342195,,-2528426.74174651,-0.16574049797297438,,2933831.6135228197,0.057365440905076,,-5462258.355269318,-0.22310593887805039,,-3169282.4134211866,-0.29689275278335076,,-2562324.303801805,-0.07982793981371998,,-606958.1096193816,-0.21706481296963076,,-2390142.9236581,-0.2215889254944255,,-2139335.058799194,-0.06755297151328918,,-250807.86485890232,-0.15403595398113631,,-8087852.078825797,-0.2202780674616022,,-2223686.898876745,-0.15664704353152908,,-3400741.6602850948,-0.10603514639703522,,1177054.7614083535,-0.05061189713449386,,0,,,0,,,0,,,0,,,0,,,0,,,-48020,-0.0033827563737429604,,-25868729.573773842,-0.16694767784786319,,-6689189.920263724,-0.01811368688959853,,-19179539.653510198,-0.14883399095826466,,-16025556.285145758,-0.03616700859239064,,-15947661.100434799,-0.04005040904550334,,,,,,,,,,,
,,,,,,,,,,,,,,,,,,,,,,,,,,,,,,,,,,,,,,,,,,,,,,,,,,,,,,,,,,,,,,,,,,,,,,,,,,,,,,,,,,,,,,,,,,,,,,,,,,,,,,,,,,,,,,,,,,,,,,,,,,,,,,,,,,,,,,,,,,,,,,,,,
,,,,,,,,,,,,,,,,,,,,,,,,,,,,-8183721.653127923,,,,,,,,,,,,,,,,,,,,,,,,,,,,,,-7373468.94294337,,,,,,,,,,,,,,,,,,,,,,,,,,,,,,-8087852.078825797,,,,,,,,,,,,0,,,,,,,,,0,,,,,,,,,1727531.4499999797,,,-25868729.573773835,,,-6689189.920263683,,,-19179539.65351013,,,,,,,,,,,,,2019780.749499999,,,-2682802.869500015,,
,,,,,,,,,,,,,,,,,,,,,,,,,,,,,0,,,,,,,,,,,,,,,,,,,,,,,,,,,,,,0,,,,,,,,,,,,,,,,,,,,,,,,,,,,,,0,,,,,,,,,,,,,,,,,,,,,,,,,,,,,,0,,,,,,,,,,,,,,,,,,,,,,,,,,
Manode Obra Directa,2998495.29,0.1370981327361361,,,,,,,,2408868.63,0.14536724000502582,,,,,,,,2239311.14,0.12109103569474412,,,,,,,,7646675.06,0.1343056578766878,,2290565.83,0.12148126875890287,,,,,,,,2765559.36,0.19572270199098346,,,,,,,,2182389.08,0.15457237676551486,,,,,,,,7238514.27,0.1536703504812355,,2667822.21,0.17487798807385452,,,,,,,,2334394.69,0.2186819523126009,,,,,,,,1665043.76,0.1543653536479376,,,,,,,,6667260.66,0.18158730885948482,,2601746.62,0.18327936196728872,,,,,,,,0,,,,,,,,,0,,,,,,,,,2601746.62,0.18327936196728872,,24154196.610000003,0.15588268541832195,,,,,,,,52853674.1,0.11928193014341457,,41724472.980000004,0.10478541019482106,,,,,,,,,,,
Semanal,599699.058,,,,,,,,,602217.1575,,,,,,,,,559827.785,,,,,,,,,588205.7738461539,,,572641.4575,,,,,,,,,553111.872,,,,,,,,,545597.27,,,,,,,,,556808.7899999999,,,666955.5525,,,,,,,,,466878.93799999997,,,,,,,,,416260.94,,,,,,,,,512866.20461538463,,,520349.324,,,,,,,,,0,,,,,,,,,0,,,,,,,,,520349.324,,,548959.0138636364,,,,,,,,,1016416.8096153847,,,948283.4768181819,,,,,,,,,,,,
Mano de Obra Directa Total,2998495.29,0.1370981327361361,,,,,,,,2408868.63,0.14536724000502582,,,,,,,,2239311.14,0.12109103569474412,,,,,,,,7646675.06,0.1343056578766878,,2290565.83,0.12148126875890287,,,,,,,,2765559.36,0.19572270199098346,,,,,,,,2182389.08,0.15457237676551486,,,,,,,,7238514.27,0.1536703504812355,,2667822.21,0.17487798807385452,,,,,,,,2334394.69,0.2186819523126009,,,,,,,,1665043.76,0.1543653536479376,,,,,,,,6667260.66,0.18158730885948482,,2601746.62,0.18327936196728872,,,,,,,,0,,,,,,,,,0,,,,,,,,,2601746.62,0.18327936196728872,,24154196.610000003,0.15588268541832195,,,,,,,,53222424.1,0.12011413741167681,,42070722.980000004,0.10565497056763506,,,,,,,,,,,
Semanal,599699.058,,,,,,,,,602217.1575,,,,,,,,,559827.785,,,,,,,,,588205.7738461539,,,572641.4575,,,,,,,,,553111.872,,,,,,,,,545597.27,,,,,,,,,556808.7899999999,,,666955.5525,,,,,,,,,466878.93799999997,,,,,,,,,416260.94,,,,,,,,,512866.20461538463,,,520349.324,,,,,,,,,0,,,,,,,,,0,,,,,,,,,520349.324,,,548959.0138636364,,,,,,,,,1023508.1557692308,,,956152.795,,,,,,,,,,,,
Mano de Obra Indirecta,2620653.28,0.11982232302817139,,,,,,,,2521807.65,0.1521827356372108,,,,,,,,2400598.32,0.12981266053803614,,,,,,,,7543059.25,0.13248575714607197,,2419643.4,0.12832696023240053,,,,,,,,2687085.6500000004,0.19016900215774005,,,,,,,,2906646.8599999994,0.2058694838998281,,,,,,,,8013375.91,0.17012030904341777,,2320602.87,0.15211746851152147,,,,,,,,2309262.77,0.2163276386421204,,,,,,,,2184344.9699999997,0.20250950268306678,,,,,,,,6814210.609999999,0.18558958915394322,,2494365.0600000005,0.17571489598410545,,,,,,,,0,,,,,,,,,0,,,,,,,,,2494365.0600000005,0.17571489598410545,,24865010.830000002,0.16047003026924764,,,,,,,,45703090.53999999,0.10314425526626597,,36222179.33,0.0909671386637708,,,,,,,,,,,
Mantenimiento Instalaciones,24798.33,0.001133836944587799,,,,,,,,12985.49,0.0007836312939211063,,,,,,,,46284.16,0.0025028218591639072,,,,,,,,84067.98000000001,0.0014765640322977494,,39122.03,0.002074855818845364,,,,,,,,25739.22,0.0018216024426755974,,,,,,,,31530.15,0.002233190346275559,,,,,,,,96391.4,0.0020463453781900142,,10934.890000000001,0.0007167912298806866,,,,,,,,16876.73,0.001580982119631467,,,,,,,,23601.690000000002,0.002188100583938402,,,,,,,,51413.31,0.0014002759271839295,,19393.26,0.001366153141871187,,,,,,,,0,,,,,,,,,0,,,,,,,,,19393.26,0.001366153141871187,,251265.95000000004,0.0016215820245484795,,,,,,,,972224.7699999999,0.002194149206721606,,652996.6,0.0016399132619271607,,,,,,,,,,,
Mantenimiento Equipo,279038.17000000004,0.012758269855114069,,,,,,,,133993.13,0.008086041407635677,,,,,,,,172991.36,0.009354529870575433,,,,,,,,586022.66,0.010292860395449646,,81864.58,0.004341727670326203,,,,,,,,81706.48999999999,0.005782488426861779,,,,,,,,65506.18,0.004639615377579526,,,,,,,,229077.25,0.004863205345974625,,109290.54,0.007164086751757389,,,,,,,,9783.42,0.0009164934254944463,,,,,,,,82541.73999999999,0.0076524024124243525,,,,,,,,201615.69999999998,0.0054911386030647895,,131203.23000000004,0.009242577312331607,,,,,,,,0,,,,,,,,,0,,,,,,,,,131203.23000000004,0.009242577312331607,,1147918.84,0.007408264257789572,,,,,,,,4429586.71,0.00999683865887419,,4132213.65,0.010377499616003268,,,,,,,,,,,
Combustible,18079.3,0.0008266273685480512,,,,,,,,14360.43,0.0008666043670407103,,,,,,,,16657.48,0.0009007553569641448,,,,,,,,49097.21,0.0008623399107742255,,17166.36,0.0009104262210931873,,,,,,,,17071.15,0.0012081503844825728,,,,,,,,14240.28,0.0010085983042979788,,,,,,,,48477.79,0.0010291613309005377,,16836.43,0.001103642136912222,,,,,,,,12233.35,0.0011459985206372092,,,,,,,,17085.97,0.0015840315220712591,,,,,,,,46155.75,0.001257082759816858,,23536.11,0.0016579951294380555,,,,,,,,0,,,,,,,,,0,,,,,,,,,23536.11,0.0016579951294380555,,167266.86,0.0010794814557191972,,,,,,,,247667.2,0.0005589435768139926,,209185.13,0.0005253403599420842,,,,,,,,,,,
Fletes,1081851.91,0.04946476896350982,,,,,,,,1227515.6800000002,0.07407650389987955,,,,,,,,1637620.89,0.08855455863335214,,,,,,,,3946988.48,0.06932462544552116,,1092018.3,0.05791571971190203,,,,,,,,1010533.39,0.07151693375437376,,,,,,,,1353563.6199999999,0.09586903992698413,,,,,,,,3456115.3100000005,0.0733717488397331,,1153325.19,0.0756014355327284,,,,,,,,761746.1,0.07135902297417826,,,,,,,,971897.45,0.09010411448812537,,,,,,,,2886968.74,0.07862852691558901,,1013971.22,0.07142893809343868,,,,,,,,0,,,,,,,,,0,,,,,,,,,1013971.22,0.07142893809343868,,11304043.75,0.07295232063759367,,,,,,,,25706082.65,0.05801434256238661,,23005566.75,0.057775391191126464,,,,,,,,,,,
Gastos de importación,446,2.0392150491027355e-05,,,,,,,,61547.7,0.003714199755948222,,,,,,,,0,0,,,,,,,,61993.7,0.0010888529455454618,,107366.78,0.0056942492052097,,,,,,,,417168.76,0.029523646490606556,,,,,,,,276785,0.019603889927383173,,,,,,,,801320.54,0.017011668919402836,,396983.07,0.026022573888453443,,,,,,,,9049.129999999997,0.000847706441249027,,,,,,,,6687.4,0.0006199854266804482,,,,,,,,412719.6,0.011240694686978539,,57997.9,0.004085646936457869,,,,,,,,0,,,,,,,,,0,,,,,,,,,57997.9,0.004085646936457869,,1334031.7399999998,0.00860937142402753,,,,,,,,7430832.290000001,0.01677014953484964,,7157526.92,0.01797516758695017,,,,,,,,,,,
$ MOD / Ventas,7.294045367668392,,,,,,,,,6.879129024981328,,,,,,,,,8.258249624033931,,,,,,,,,7.445702703888662,,,8.231721731394199,,,,,,,,,5.109269337831172,,,,,,,,,6.4694612383232775,,,,,,,,,6.507436189664373,,,5.718272556850779,,,,,,,,,4.572851071726864,,,,,,,,,6.478137589609056,,,,,,,,,5.506992786449719,,,5.456151687053983,,,,,,,,,,,,,,,,,,,,,,,,,,,5.456151687053983,,,6.415080657075101,,,,,,,,,8.383499485610972,,,9.543313311850968,,,,,,,,,,,,
$ MOI / Ventas,8.345690308181474,,,,,,,,,6.571047601509182,,,,,,,,,7.703408865169911,,,,,,,,,7.547981168250799,,,7.792594776569139,,,,,,,,,5.25848055494621,,,,,,,,,4.857446480443793,,,,,,,,,5.878192942529759,,,6.573866958115066,,,,,,,,,4.62261783227034,,,,,,,,,4.938039878380566,,,,,,,,,5.388233276223906,,,5.691037145140253,,,,,,,,,,,,,,,,,,,,,,,,,,,5.691037145140253,,,6.23169322223054,,,,,,,,,9.695159438773484,,,10.992980703682031,,,,,,,,,,,,
