UREBLOCK SA DE CV,20.564370967741933,Unnamed: 2,Unnamed: 3,18,Unnamed: 5,Unnamed: 6,Unnamed: 7,Unnamed: 8,Unnamed: 9,20.459935714285706,Unnamed: 11,Unnamed: 12,18.1,Unnamed: 14,Unnamed: 15,Unnamed: 16,Unnamed: 17,Unnamed: 18,20.374246666666668,Unnamed: 20,Unnamed: 21,18.2,Unnamed: 23,Unnamed: 24,Unnamed: 25,Unnamed: 26,Unnamed: 27,T1,Unnamed: 29,Unnamed: 30,20.098163333333336,Unnamed: 32,Unnamed: 33,18.3,Unnamed: 35,Unnamed: 36,Unnamed: 37,Unnamed: 38,Unnamed: 39,19.46746774193548,Unnamed: 41,Unnamed: 42,18.4,Unnamed: 44,Unnamed: 45,Unnamed: 46,Unnamed: 47,Unnamed: 48,19.07029,Unnamed: 50,Unnamed: 51,19,Unnamed: 53,Unnamed: 54,Unnamed: 55,Unnamed: 56,Unnamed: 57,T2,Unnamed: 59,Unnamed: 60,18.68416129032258,Unnamed: 62,Unnamed: 63,19.1,Unnamed: 65,Unnamed: 66,Unnamed: 67,Unnamed: 68,Unnamed: 69,18.72754193548387,Unnamed: 71,Unnamed: 72,19.2,Unnamed: 74,Unnamed: 75,Unnamed: 76,Unnamed: 77,Unnamed: 78,18.525080000000003,Unnamed: 80,Unnamed: 81,19.3,Unnamed: 83,Unnamed: 84,Unnamed: 85,Unnamed: 86,Unnamed: 87,T3,Unnamed: 89,Unnamed: 90,18.4134709677419,Unnamed: 92,Unnamed: 93,19.4,Unnamed: 95,Unnamed: 96,Unnamed: 97,Unnamed: 98,Unnamed: 99,20.29187,Unnamed: 101,Unnamed: 102,19.5,Unnamed: 104,Unnamed: 105,Unnamed: 106,Unnamed: 107,Unnamed: 108,20.26635333333333,Unnamed: 110,Unnamed: 111,19.6,Unnamed: 113,Unnamed: 114,Unnamed: 115,Unnamed: 116,Unnamed: 117,T4,Unnamed: 119,Unnamed: 120,19.422780776721552,Unnamed: 122,Unnamed: 123,19.99607645352084,Unnamed: 125,Unnamed: 126,Unnamed: 127,Unnamed: 128,Unnamed: 129,Unnamed: 130,Unnamed: 131,Unnamed: 132,16.94872393510507,Unnamed: 134,Unnamed: 135,Unnamed: 136,Unnamed: 137,Unnamed: 138,Unnamed: 139,Unnamed: 140,Unnamed: 141,Unnamed: 142,Unnamed: 143,Unnamed: 144,Unnamed: 145,Unnamed: 146,Unnamed: 147,Unnamed: 148,Unnamed: 149,Unnamed: 150,Unnamed: 151,Unnamed: 152,Unnamed: 153,Unnamed: 154,Unnamed: 155,Unnamed: 156,Unnamed: 157,Unnamed: 158,Unnamed: 159,Unnamed: 160,Unnamed: 161,Unnamed: 162,Unnamed: 163,Unnamed: 164,Unnamed: 165,Unnamed: 166,Unnamed: 167,Unnamed: 168,Unnamed: 169,Unnamed: 170,Unnamed: 171,Unnamed: 172,Unnamed: 173,Unnamed: 174,Unnamed: 175,Unnamed: 176,Unnamed: 177,Unnamed: 178,Unnamed: 179,Unnamed: 180,Unnamed: 181,Unnamed: 182,Unnamed: 183,Unnamed: 184,Unnamed: 185,Unnamed: 186,Unnamed: 187,Unnamed: 188,Unnamed: 189,Unnamed: 190,Unnamed: 191,Unnamed: 192,Unnamed: 193,Unnamed: 194,Unnamed: 195,Unnamed: 196,Unnamed: 197,Unnamed: 198,Unnamed: 199,Unnamed: 200,Unnamed: 201,Unnamed: 202,Unnamed: 203,Unnamed: 204,Unnamed: 205,Unnamed: 206,Unnamed: 207,Unnamed: 208,Unnamed: 209,Unnamed: 210,Unnamed: 211,Unnamed: 212,Unnamed: 213,Unnamed: 214,Unnamed: 215,Unnamed: 216,Unnamed: 217,Unnamed: 218,Unnamed: 219,Unnamed: 220,Unnamed: 221,Unnamed: 222,Unnamed: 223,Unnamed: 224,Unnamed: 225,Unnamed: 226,Unnamed: 227,Unnamed: 228,Unnamed: 229,Unnamed: 230,Unnamed: 231,Unnamed: 232,Unnamed: 233,Unnamed: 234,Unnamed: 235,Unnamed: 236,Unnamed: 237,Unnamed: 238,Unnamed: 239,Unnamed: 240,Unnamed: 241,Unnamed: 242,Unnamed: 243,Unnamed: 244,Unnamed: 245,Unnamed: 246,Unnamed: 247,Unnamed: 248,Unnamed: 249,Unnamed: 250,Unnamed: 251,Unnamed: 252,Unnamed: 253,Unnamed: 254,Unnamed: 255,Unnamed: 256,Unnamed: 257,Unnamed: 258,Unnamed: 259,Unnamed: 260,Unnamed: 261,Unnamed: 262,Unnamed: 263,Unnamed: 264,Unnamed: 265,Unnamed: 266,Unnamed: 267,Unnamed: 268,Unnamed: 269
ESTADOS DE RESULTADOS 2025,ENE 25,,,ENE 25 PPTO,,,ENE 25 DELTA,,,FEB 25,,,FEB 25 PPTO,,,FEB 25 DELTA,,,MZO 25,,,MZO 25 PPTO,,,MZO 25 DELTA,,,T1,,,ABR 25,,,ABR 25 PPTO,,,ABR 25 DELTA,,,MAY 25,,,MAY 25 PPTO,,,MAY 25 DELTA,,,JUN 25,,,JUN 25 PPTO,,,JUN 25 DELTA,,,T2,,,JUL 25,,,JUL 25 PPTO,,,JUL 25 DELTA,,,AGO 25,,,AGO 25 PPTO,,,AGO 25 DELTA,,,SEP 25,,,SEP 25 PPTO,,,SEP 25 DELTA,,,,,,OCT 25,,,OCT 25 PPTO,,,OCT 25 DELTA,,,NOV 25,,,NOV 25 PPTO,,,NOV 25 DELTA,,,DIC 25,,,DIC 25 PPTO,,,DIC 25 DELTA,,,,,,2025,,,2025 PPTO,,,2025 DELTA,,,2024,,,2024 Ene-Oct,,,,OCT 25,,,,,,,,,,,,,,,,,,,,,,,,,,,,,,,,,,,,,,,,,,,,,,,,,,,,,,,,,,,,,,,,,,,,,,,,,,,,,,,,,,,,,,,,,,,,,,,,,,,,,,,,,,,,,,,,,,,,,,,,,,,,,,,,,,,,
,TECATE,,,TECATE,,,TECATE,,,TECATE,,,TECATE,,,TECATE,,,TECATE,,,TECATE,,,TECATE,,,RESULTADO,,,TECATE,,,TECATE,,,TECATE,,,TECATE,,,TECATE,,,TECATE,,,TECATE,,,TECATE,,,TECATE,,,RESULTADO,,,TECATE,,,TECATE,,,TECATE,,,TECATE,,,TECATE,,,TECATE,,,TECATE,,,TECATE,,,TECATE,,,,,,TECATE,,,TECATE,,,TECATE,,,TECATE,,,TECATE,,,TECATE,,,TECATE,,,TECATE,,,TECATE,,,,,,GUADALAJARA,,,TECATE,,,TECATE,,,GUADALAJARA,,,GUADALAJARA,,,,TECATE,,,TKT ESPUMA,,,TKT ENSAMBLE,,,,,,,,,,,,,,,,,,,,,,,,,,,,,,,,,,,,,,,,,,,,,,,,,,,,,,,,,,,,,,,,,,,,,,,,,,,,,,,,,,,,,,,,,,,,,,,,,,,,,,,,,,,,,,,,,,,,,,,,,,,,,,
,,,,,,,,,,,,,,,,,,,,,,,,,,,,,,,,,,,,,,,,,,,,,,,,,,,,,,,,,,,,,,,,,,,,,,,,,,,,,,,,,,,,,,,,,,,,,,,,,,,,,,,,,,,,,,,,,,,,,,,,,,,,,,,,,,,,,,,,,,,,,,,,,,,,,,,,,,,,,,,,,,,,,,,,,,,,,,,,,,,,,,,,,,,,,,,,,,,,,,,,,,,,,,,,,,,,,,,,,,,,,,,,,,,,,,,,,,,,,,,,,,,,,,,,,,,,,,,,,,,,,,,,,,,,,
TRADICIONAL USD,2898804.342885558,,,3901694.0413029147,,,-1002889.6984173567,-0.2570395545629344,,2660350.5851680175,,,3576171.1257990017,,,-915820.5406309841,-0.2560896859840196,,2986917.166020372,,,3361375.8947013235,,,-374458.7286809515,-0.11140043256430392,,8546072.094073948,0.9152009919102887,,2897142.560456187,,,3826315.4673134405,,,-929172.9068572535,-0.24283750641962903,,2537792.7039363445,,,3808058.976527556,,,-1270266.2725912114,-0.3335731616608327,,2695737.6159670358,,,3558576.001591865,,,-862838.3856248292,-0.24246731986020645,,8130672.880359568,0.9039682014493309,,3139067.5572030134,,,4412832.321178755,,,-1273764.7639757413,-0.288650161906785,,2581963.6355149173,,,3842424.9777192594,,,-1260461.3422043421,-0.3280379836986464,,2948953.728674855,,,3535365.4629148385,,,-586411.7342399834,-0.16587018807286152,,8669984.921392785,0.9231811114857861,,3334566.6027641813,,,3868508.9994455785,,,-533942.3966813972,-0.13802278778669508,,0,,,0,,,0,,,0,,,0,,,0,,,3334566.6027641813,0.9273656168736615,,28681296.498590484,,,37691323.26849453,,,-9010026.769904047,-0.23904776984668402,,39488865.148151144,,,34298467.54507694,,,,3334566.6027641813,0.9273656168736615,,2840206.3750837445,0.9962692899428347,,494360.2276804369,0.6636607530672829,0,,,,,,,,,,,,,,,,,,,,,,,,,,,,,,,,,,,,,,,,,,,,,,,,,,,,,,,,,,,,,,,,,,,,,,,,,,,,,,,,,,,,,,,,,,,,,,,,,,,,,,,,,,,,,,,,,,,,,,,,,,,,
AUTOMOTRIZ USD,0,,,0,,,0,,,13522.036621397014,,,0,,,13522.036621397014,,,0,,,0,,,0,,,13522.036621397014,0.0014480782741267985,,0,,,0,,,0,,,0,,,0,,,0,,,0,,,0,,,0,,,0,0,,0,,,0,,,0,,,0,,,0,,,0,,,0,,,0,,,0,,,0,0,,0,,,0,,,0,,,0,,,0,,,0,,,0,,,0,,,0,,,0,0,,13522.036621397014,,,0,,,13522.036621397014,,,5569.673408973704,,,5569.673408973704,,,,0,0,,0,0,,0,0,,,,,,,,,,,,,,,,,,,,,,,,,,,,,,,,,,,,,,,,,,,,,,,,,,,,,,,,,,,,,,,,,,,,,,,,,,,,,,,,,,,,,,,,,,,,,,,,,,,,,,,,,,,,,,,,,,,,,,,,,,,,,
EMPAQUE USD,127478.0266370508,,,198002.6933647087,,,-70524.66672765791,-0.3561803404247428,,142897.20020765328,,,143562.3599934168,,,-665.1597857635061,-0.004633246387103191,,186849.89105527662,,,196406.61059204943,,,-9556.719536772813,-0.04865783034473724,,457225.1178999807,0.04896435190600912,,151807.96122498089,,,219522.73463198732,,,-67714.77340700643,-0.30846360182477206,,168330.69680351758,,,221461.9899867348,,,-53131.29318321723,-0.23991156760760482,,163218.2782747404,,,253693.01201758956,,,-90474.73374284914,-0.35663076812133937,,483356.93630323885,0.053739623620028674,,177150.4515813808,,,184600.2700057032,,,-7449.81842432241,-0.040356487149733035,,158645.29953985315,,,230291.31986454234,,,-71646.02032468919,-0.31111038126331236,,141603.3652756155,,,181167.82096227,,,-39564.45568665449,-0.21838566847306828,,477399.11639684945,0.05083351942286602,,127081.70306942206,,,136348.81265139903,,,-9267.109581976969,-0.06796619201716153,,0,,,0,,,0,,,0,,,0,,,0,,,127081.70306942206,0.03534228462032745,,1545062.8736694914,,,1965057.624070401,,,-419994.7504009097,-0.21373151873833435,,1551039.0978073422,,,1279272.778535692,,,,127081.70306942206,0.03534228462032745,,10635.665070593499,0.003730710057165324,,116446.03799882856,0.15632460085352898,,,,,,,,,,,,,,,,,,,,,,,,,,,,,,,,,,,,,,,,,,,,,,,,,,,,,,,,,,,,,,,,,,,,,,,,,,,,,,,,,,,,,,,,,,,,,,,,,,,,,,,,,,,,,,,,,,,,,,,,,,,,,
PROD HOGAR USD,86460.7267972872,,,2164200.061770692,,,-2077739.3349734049,-0.960049568279493,,149072.4732761694,,,1710775.6705499461,,,-1561703.1972737769,-0.9128626412905156,,85565.85519562768,,,2593678.4766653418,,,-2508112.621469714,-0.9670098449112172,,321099.0552690843,0.034386577909575465,,130832.5609852575,,,2103364.8619147567,,,-1972532.3009294993,-0.9377984469769279,,120470.25484203179,,,1709430.206669468,,,-1588959.9518274362,-0.9295260757812702,,129090.91838666324,,,1680368.7264533502,,,-1551277.8080666868,-0.9231770287351589,,380393.73421395256,0.0422921749306405,,57758.31482245612,,,1701799.672171317,,,-1644041.357348861,-0.966060450141724,,84052.68109518877,,,1655034.9440341014,,,-1570982.2629389127,-0.9492139538212331,,102228.61385753799,,,1626646.8423413604,,,-1524418.2284838224,-0.9371537747490462,,244039.60977518288,0.025985369091347715,,134092.72886820615,,,1626646.8423413604,,,-1492554.1134731541,-0.9175649407248128,,0,,,0,,,0,,,0,,,0,,,0,,,134092.72886820615,0.0372920985060111,,1079625.1281264257,,,18571946.304911695,,,-17492321.176785268,-0.9418679598572337,,44587771.29226615,,,42948656.18805871,,,,134092.72886820615,0.0372920985060111,,0,0,,134092.72886820615,0.18001464607918807,,,,,,,,,,,,,,,,,,,,,,,,,,,,,,,,,,,,,,,,,,,,,,,,,,,,,,,,,,,,,,,,,,,,,,,,,,,,,,,,,,,,,,,,,,,,,,,,,,,,,,,,,,,,,,,,,,,,,,,,,,,,,
OTROS INGRESOS USD,0,,,2463.151660088693,,,-2463.151660088693,,,0,,,1049.0985443638763,,,-1049.0985443638763,,,0,,,1208.3547374429227,,,-1208.3547374429227,,,0,0,,0,,,902.6419693304572,,,-902.6419693304572,,,0,,,1494.9589617093673,,,-1494.9589617093673,,,0,,,949.7362713579186,,,-949.7362713579186,,,0,0,,0,,,665.3672055393166,,,-665.3672055393166,,,0,,,1642.70416583941,,,-1642.70416583941,,,0,,,1049.305280950934,,,-1049.305280950934,,,0,0,,0,,,,,,0,,,0,,,0,,,0,,,0,,,0,,,0,,,0,0,,0,,,11425.318796622894,,,-11425.318796622894,,,0,,,-7743.764259791171,,,,0,0,,0,0,,0,0,,,,,,,,,,,,,,,,,,,,,,,,,,,,,,,,,,,,,,,,,,,,,,,,,,,,,,,,,,,,,,,,,,,,,,,,,,,,,,,,,,,,,,,,,,,,,,,,,,,,,,,,,,,,,,,,,,,,,,,,,,,,,
TOTAL VENTAS USD,3112743.096319896,,,6266359.948098404,,,-3153616.8517785086,-0.5032613635186258,,2965842.2952732374,,,5431558.254886729,,,-2465715.9596134913,-0.45396106308813067,,3259332.912271276,,,6152669.336696158,,,-2893336.4244248816,-0.4702570975443542,,9337918.303864408,,,3179783.0826664255,,,6150105.705829515,,,-2970322.62316309,-0.48297098704297114,,2826593.655581894,,,5740446.132145468,,,-2913852.4765635743,-0.5076003518692603,,2988046.8126284396,,,5493587.476334163,,,-2505540.6637057234,-0.4560846030939431,,8994423.550876759,,,3373976.3236068506,,,6299897.6305613145,,,-2925921.306954464,-0.46443950021673086,,2824661.6161499596,,,5729393.945783743,,,-2904732.3296337835,-0.5069877123341071,,3192785.7078080084,,,5344229.43149942,,,-2151443.7236914113,-0.40257323366594033,,9391423.64756482,,,3595741.0347018093,,,5631504.654438338,,,-2035763.6197365285,-0.36149550513681805,,0,,,0,,,0,,,0,,,0,,,0,,,3595741.0347018093,,,31319506.537007794,,,58239752.516273245,,,-26920245.97926545,-0.4622314624661814,,85633245.21163361,,,78524222.42082053,,,,3595741.0347018093,1,,2850842.040154338,1,,744898.9945474716,1,0,,,,,,,,,,,,,,,,,,,,,,,,,,,,,,,,,,,,,,,,,,,,,,,,,,,,,,,,,,,,,,,,,,,,,,,,,,,,,,,,,,,,,,,,,,,,,,,,,,,,,,,,,,,,,,,,,,,,,,,,,,,,
,,,,,,,,,,,,,,,,,,,,,,,,,,,,,,,,,,,,,,,,,,,,,,,,,,,,,,,,,,,,,,,,,,,,,,,,,,,,,,,,,,,,,,,,,,,,,,,,,,,,,,,,,,,,,,,,,,,,,,,,,0,,,0,,,,,,0,,,0,,,,,,,,,,,,,,,,,,,,,,,,,,,,,,,,,,,,,,,,,,,,,,,,,,,,,,,,,,,,,,,,,,,,,,,,,,,,,,,,,,,,,,,,,,,,,,,,,,,,,,,,,,,,,,,,,,,,,,,,,,,,,,,,,,,,,,,,
TRADICIONAL,59612087.870000005,0.9312700255645024,,78033880.8260583,0.6228860672674937,,-18421792.956058294,-0.23607428928366972,,54430601.949999996,0.8969966438903066,,71523422.51598004,0.6585333019137521,,-17092820.56598004,-0.23898213990194744,,60856187.11340001,0.9164197847893143,,67227517.89402647,0.5464353760122547,,-6371330.780626461,-0.09477266125859136,,174898876.9334,0.9152265458258493,,58227244.379999995,0.9111132694079155,,76526309.3462688,0.6222457491770416,,-18299064.966268808,-0.23912122670738747,,49404397.5996,0.897827212951097,,76161179.53055112,0.6635461535761743,,-26756781.93095112,-0.3513178511136105,,51408498.10039999,0.902173822904644,,71171520.0318373,0.6478810673487407,,-19763021.931437306,-0.2776816052628449,,159040140.07999998,0.9040617612949986,,58650844.54,0.9303762848718764,,88256646.42357509,0.7005349440517243,,-29605801.88357509,-0.3354512445610759,,48353832.260000005,0.9140789186048269,,76848499.55438519,0.6708435502226698,,-28494667.29438518,-0.3707901580332052,,54629603.739999995,0.9236303336810677,,70707309.25829676,0.6616594199336724,,-16077705.518296763,-0.22738392518324,,161634280.54,0.9231734380426112,,61400945.33,0.9273656168736615,,77370179.98891157,0.6869405668335379,,-15969234.65891157,-0.20640038140276043,,0,,,0,,,0,,,0,,,0,,,0,,,61400945.33,0.9273656168736615,,556974242.8834,0.9156063430322943,,753826465.3698907,0.6473021823324494,,-196852222.48649073,-0.2611373194358445,,718030766.7199999,0.46435949931513826,,612769424.5199999,0.4369886377635801,,,61400945.33,0.9273656168736615,,52298057.629999995,0.9962692899428347,,9102887.700000001,0.6636607530672829,,,,,,,,,,,,,,,,,,,,,,,,,,,,,,,,,,,,,,,,,,,,,,,,,,,,,,,,,,,,,,,,,,,,,,,,,,,,,,,,,,,,,,,,,,,,,,,,,,,,,,,,,,,,,,,,,,,,,,,,,,,,,
AUTOMOTRIZ,0,0,,0,0,,0,,,276660,0.0045592567895290795,,0,0,,276660,,,0,0,,0,0,,0,,,276660,0.0014477312868315237,,0,0,,0,0,,0,,,0,0,,0,0,,0,,,0,0,,0,0,,0,,,0,0,,0,0,,0,0,,0,,,0,0,,0,0,,0,,,0,0,,0,0,,0,,,0,0,,0,0,,0,0,,0,,,0,,,0,,,0,,,0,,,0,,,0,,,0,0,,276660,0.00045479957843642005,,0,0,,276660,,,94460.79999999999,6.108898368419403e-05,,94460.79999999999,6.736350519837453e-05,,,0,0,,0,0,,0,0,,,,,,,,,,,,,,,,,,,,,,,,,,,,,,,,,,,,,,,,,,,,,,,,,,,,,,,,,,,,,,,,,,,,,,,,,,,,,,,,,,,,,,,,,,,,,,,,,,,,,,,,,,,,,,,,,,,,,,,,,,,,,
EMPAQUE,2621505.43,0.04095359709825211,,3960053.867294174,0.03161014617566721,,-1338548.437294174,-0.3380126842084543,,2923667.5300000003,0.04818098401098176,,2871247.1998683354,0.026436261473889305,,52420.33013166487,0.018256989552856567,,3806925.7699999996,0.05732764835153636,,3928132.211840989,0.031928449382688066,,-121206.44184098952,-0.030855998552091493,,9352098.73,1.0015185853714017,,3051061.1999999997,0.04774160918476283,,4390454.692639747,0.03569937963541265,,-1339393.492639747,-0.30506942592646163,,3276972.41,0.05955249226258678,,4429239.799734696,0.03858927934803736,,-1152267.3897346957,-0.26015014806913694,,3112619.9,0.0546237353393956,,5073860.240351791,0.046187828876311204,,-1961240.3403517907,-0.38653810854983467,,9440653.51,0.05366528120343197,,3309907.6100000003,0.05250494804658361,,3692005.4001140636,0.029305201378201213,,-382097.7901140633,-0.1034932912346928,,2971036.5,0.05616435562858259,,4605826.397290846,0.04020623629588573,,-1634789.8972908463,-0.3549395388094593,,2623213.67,0.044351039573160896,,3623356.4192453995,0.033906365999771745,,-1000142.7492453996,-0.2760265989658532,,8904157.780000001,0.05085605555439227,,2340015.25,0.035342284620327444,,2726976.2530279807,0.02421179081223682,,-386961.0030279807,-0.14190112678770372,,0,,,0,,,0,,,0,,,0,,,0,,,2340015.25,0.035342284620327444,,30036925.269999996,0.04937750650734566,,39301152.48140802,0.03374745108864399,,-9264227.211408027,-0.23572405963897886,,28438211.800000004,0.01839134812173785,,22927317.660000004,0.01635032185175432,,,2340015.25,0.035342284620327444,,195839.51,0.003730710057165324,,2144175.7399999998,0.15632460085352898,,,,,,,,,,,,,,,,,,,,,,,,,,,,,,,,,,,,,,,,,,,,,,,,,,,,,,,,,,,,,,,,,,,,,,,,,,,,,,,,,,,,,,,,,,,,,,,,,,,,,,,,,,,,,,,,,,,,,,,,,,,,,
PROD HOGAR,1778010.46,0.02777637733724545,,43284001.23541384,0.3455037865568391,,-41505990.77541384,-0.9589222250889023,,3050013.2199999997,0.050263115309182566,,34215513.410998926,0.3150304366123586,,-31165500.190998927,-0.9108587621245647,,1743339.84,0.026252566859149364,,51873569.53330684,0.4216361746050573,,-50130229.69330683,-0.9663925221324774,,6571363.52,0.7037289582283562,,2629494.1799999997,0.04114512140732163,,42067297.23829514,0.3420548711875457,,-39437803.05829514,-0.9374931513877651,,2345250.8000000003,0.04262029478631633,,34188604.13338936,0.2978645670757884,,-31843353.33338936,-0.9314025576812135,,2461801.25,0.04320244175596039,,33607374.529067,0.3059311037749481,,-31145573.279067002,-0.9267481829658908,,7436546.23,0.04227295750156939,,1079165.6699999997,0.01711876708153995,,34035993.44342634,0.27015985457007446,,-32956827.773426343,-0.9682933988163513,,1574100.11,0.029756725766590542,,33100698.88068203,0.2889502134814444,,-31526598.77068203,-0.9524451095224862,,1893793.25,0.032018626745771335,,32532936.84682721,0.30443421406655596,,-30639143.59682721,-0.941788432476403,,4547059.03,0.02597050640299649,,2469112.5700000003,0.0372920985060111,,32532936.84682721,0.2888476423542254,,-30063824.27682721,-0.9241042214656129,,0,,,0,,,0,,,0,,,0,,,0,,,2469112.5700000003,0.0372920985060111,,21024081.35,0.034561350881923664,,371438926.0982339,0.31895036657890674,,-350414844.74823385,-0.9433982819979406,,799718628.3,0.5171880635794397,,766463619.15,0.5465936768794674,,,2469112.5700000003,,,0,,,2469112.5700000003,,,,,,,,,,,,,,,,,,,,,,,,,,,,,,,,,,,,,,,,,,,,,,,,,,,,,,,,,,,,,,,,,,,,,,,,,,,,,,,,,,,,,,,,,,,,,,,,,,,,,,,,,,,,,,,,,,,,,,,,,,,,,,
OTROS INGRESOS,,0,,,0,,0,,,,0,,,0,,0,,,,0,,,0,,0,,,0,0,,,0,,,0,,0,,,,0,,,0,,0,,,,0,,,0,,0,,,0,0,,,0,,,0,,0,,,,0,,,0,,0,,,,0,,,0,,0,,,0,0,,,0,,,0,,0,,,0,,,0,,,0,,,0,,,0,,,0,,,0,0,,0,0,,0,0,,0,,,0,0,,0,,,,0,0,,0,0,,0,0,,,,,,,,,,,,,,,,,,,,,,,,,,,,,,,,,,,,,,,,,,,,,,,,,,,,,,,,,,,,,,,,,,,,,,,,,,,,,,,,,,,,,,,,,,,,,,,,,,,,,,,,,,,,,,,,,,,,,,,,,,,,,
TOTAL VENTAS,64011603.760000005,,,125277935.92876631,,,-61266332.168766305,-0.48904327577365786,,60680942.699999996,,,108610183.1268473,,,-47929240.4268473,-0.44129600970168786,,66406452.72340001,,,123029219.6391743,,,-56622766.915774286,-0.4602383651773141,,191098999.18340003,,,63907799.76,,,122984061.2772037,,,-59076261.51720369,-0.480357055245126,,55026620.809599996,,,114779023.46367517,,,-59752402.654075176,-0.5205864351423533,,56982919.25039999,,,109852754.80125609,,,-52869835.5508561,-0.4812791053488589,,175917339.82,,,63039917.82,,,125984645.26711549,,,-62944727.447115496,-0.4996222143869886,,52898968.870000005,,,114555024.83235806,,,-61656055.96235806,-0.538222186696626,,59146610.66,,,106863602.52436936,,,-47716991.86436937,-0.4465223961871199,,175085497.35,,,66210073.15,,,112630093.08876675,,,-46420019.93876676,-0.4121458010532044,,0,,,0,,,0,,,0,,,0,,,0,,,66210073.15,,,608311909.5034,1,,1164566543.9495325,,,-556254634.4461327,-0.47764950602104733,,1546282067.62,1.0110295378634697,,1402254822.1299996,1,,,66210073.15,1,,52493897.13999999,1,,13716176.010000002,1,0,,,,,,,,,,,,,,,,,,,,,,,,,,,,,,,,,,,,,,,,,,,,,,,,,,,,,,,,,,,,,,,,,,,,,,,,,,,,,,,,,,,,,,,,,,,,,,,,,,,,,,,,,,,,,,,,,,,,,,,,,,,,
,,,,,,,,,,,,,,,,,,,,,,,,,,,,,,,,,,,,,,,,,,,,,,,,,,,,,,,,,,,,,,,,,,,,,,,,,,,,,,,,,,,,,,,,,,,,,,,,,,,,,,,,,,,,,,,,,,,,,,,,,,,,,,,,,,,,,,,,,,,,,,,,,,,,,,,,,,,,,,,,,,,,,,,,,,,,,,,,,,,,,,,,,,,,,,,,,,,,,,,,,,,,,,,,,,,,,,,,,,,,,,,,,,,,,,,,,,,,,,,,,,,,,,,,,,,,,,,,,,,,,,,,,,,,,
(+)TRANSFERENCIAS ENVIADAS,2269887.12,0.03424616872468274,,792776.786717439,0.006288350161917278,,1477110.333282561,1.8632108785609938,,1134663.9099999997,0.01835562202210022,,722682.7922134562,0.0066099318456397105,,411981.11778654344,0.5700718520289024,,1307027.09,0.019302317553341112,,722857.4689020299,0.00584117443354698,,584169.6210979702,0.8081394275212831,,4711578.12,0.504564075919379,,7514730.239999999,0.10521512245505724,,744189.1284343334,0.006014706633242931,,6770541.111565666,9.097876941322575,,554320.67,0.009973214833063841,,792790.0584767325,0.006859718077581059,,-238469.38847673242,-0.3007976524515554,,482084.46,0.00838918348338595,,816011.4365792837,0.007373457429042035,,-333926.97657928366,-0.4092185006365892,,8551135.37,0.04635553777518054,,1490697.9100000001,0.023100630501298333,,935779.8593292228,0.00737296505583676,,554918.0506707773,0.5930006348593019,,0,0,,851037.8699835336,0.007374290830617394,,-851037.8699835336,,,0,0,,793825.9570078177,0.007373629188487774,,-793825.9570078177,,,1490697.9100000001,0.008442235986595015,,1162062.5999999996,0.017248415640437813,,836675.658494727,0.007373750638465415,,325386.94150527264,0.38890451538972715,,,,,,,,0,,,,,,,,,0,,,1162062.5999999996,0.017248415640437813,,15915474,0.025496276550183276,,8008627.016138576,0.006829947635291555,,7906846.983861424,0.9872912008422855,,14924992.749999998,0.0069140144120821605,,14200198.169999998,0.007109457303326433,,,1162062.5999999996,,,9247981.740000036,,,1062708.57,,,,,,,,,,,,,,,,,,,,,,,,,,,,,,,,,,,,,,,,,,,,,,,,,,,,,,,,,,,,,,,,,,,,,,,,,,,,,,,,,,,,,,,,,,,,,,,,,,,,,,,,,,,,,,,,,,,,,,,,,,,,,,
(+)P.T. PENDIENTE TRANSFERIR,0,,,0,,,0,,,0,,,0,,,0,,,0,,,0,,,0,,,0,,,0,,,0,,,0,,,0,,,0,,,0,,,0,,,0,,,0,,,0,,,0,,,0,,,0,,,0,,,0,,,0,,,0,,,0,,,0,,,0,,,0,,,0,,,0,,,0,,,0,,,0,,,0,,,0,,,0,,,0,,,0,,,0,,,0,,,-4159543.780000001,,,-4159543.780000001,,,,0,,,0,,,0,,,,,,,,,,,,,,,,,,,,,,,,,,,,,,,,,,,,,,,,,,,,,,,,,,,,,,,,,,,,,,,,,,,,,,,,,,,,,,,,,,,,,,,,,,,,,,,,,,,,,,,,,,,,,,,,,,,,,,,,,,,,,,
,,,,,,,,,,,,,,,,,,,,,,,,,,,,,,,,,,,,,,,,,,,,,,,,,,,,,,,,,,,,,,,,,,,,,,,,,,,,,,,,,,,,,,,,,,,,,,,,,,,,,,,,,,,,,,,,,,,,,,,,,,,,,,,,,,,,,,,,,,,,,,,,,,,,,,,,,,,,,,,,,,,,,,,,,,,,,,,,,,,,,,,,,,,,,,,,,,,,,,,,,,,,,,,,,,,,,,,,,,,,,,,,,,,,,,,,,,,,,,,,,,,,,,,,,,,,,,,,,,,,,,,,,,,,,
TOTAL VENTAS C/TRANSFERENC,66281490.88,,,126070712.71548375,,,-59789221.835483745,-0.474251477981377,,61815606.60999999,,,109332865.91906075,,,-47517259.30906076,-0.4346109370647783,,67713479.81340002,,,123752077.10807633,,,-56038597.29467632,-0.45282954924252433,,195810577.3034,,,71422530,,,123728250.40563802,,,-52305720.405638024,-0.42274678769121726,,55580941.4796,,,115571813.5221519,,,-59990872.042551905,-0.5190787460564796,,57465003.71039999,,,110668766.23783538,,,-53203762.527435385,-0.480747769547702,,184468475.19,,,64530615.730000004,,,126920425.12644471,,,-62389809.396444716,-0.4915663443002869,,52898968.870000005,,,115406062.7023416,,,-62507093.83234159,-0.5416274705910518,,59146610.66,,,107657428.48137717,,,-48510817.82137719,-0.4506035348017688,,176576195.26,,,67372135.75,,,113466768.74726148,,,-46094632.99726149,-0.4062390557708904,,0,,,0,,,0,,,0,,,0,,,0,,,67372135.75,,,624227383.5034,1,,1172575170.965671,,,-548347787.4622712,-0.4676440377043638,,1557047516.59,1,,1412295476.5199997,1,,,67372135.75,1,,61741878.880000025,1,,14778884.580000002,1,-9148627.710000027,,,,,,,,,,,,,,,,,,,,,,,,,,,,,,,,,,,,,,,,,,,,,,,,,,,,,,,,,,,,,,,,,,,,,,,,,,,,,,,,,,,,,,,,,,,,,,,,,,,,,,,,,,,,,,,,,,,,,,,,,,,,
,0.10929773485710441,,,,,,,,,0.11525158919093578,,,,,,,,,0.11689761237688427,,,,,,,,,0.1869463321454706,,,0.12772545383205117,,,,,,,,,0.09866540578376674,,,,,,,,,0.11318075969789143,,,,,,,,,0.1869463321454706,,,0.10815147983132603,,,,,,,,,0.10453748806490357,,,,,,,,,0.11190507535801485,,,,,,,,,0.1869463321454706,,,0.1066802757524423,,,,,,,,,,,,,,,,,,,,,,,,,,,0.1869463321454706,,,,,,,,,,,,,,,,,,,,,,,,,,,,,,,,,,,,,,,,,,,,,,,,,,,,,,,,,,,,,,,,,,,,,,,,,,,,,,,,,,,,,,,,,,,,,,,,,,,,,,,,,,,,,,,,,,,,,,,,,,,,,,,,,,,,,,,,,,,,,,,,,,,,,,,
INVENTARIO INICIAL,170130317.23,,,,,,,,,152304909.88,,,,,,,,,148875540.47000003,,,,,,,,,170130317.23,,,144163552.35,,,,,,,,,134027672.14999999,,,,,,,,,136710956.72,,,,,,,,,144163552.35,,,134645627.81,,,,,,,,,136199867.87,,,,,,,,,134477790.97,,,,,,,,,134645627.81,,,132327063.34,,,,,,,,,0,,,,,,,,,0,,,,,,,,,132327063.34,,,,,,,,,,,,,,,,,,,,,,,,,,,,,,,,,,,,,,,,,,,,,,,,,,,,,,,,,,,,,,,,,,,,,,,,,,,,,,,,,,,,,,,,,,,,,,,,,,,,,,,,,,,,,,,,,,,,,,,,,,,,,,,,,,,,,,,,,,,,,,,,,,,,,,,
(+) COMPRAS,25570453.4,,,,,,,,,32548103.990000002,,,,,,,,,39255060.25,,,,,,,,,97373617.64000002,,,38303312,,,,,,,,,33517669.240000002,,,,,,,,,34377319.15,,,,,,,,,106198300.39,,,37725729.11,,,,,,,,,31710881.81,,,,,,,,,38684508.01,,,,,,,,,108121118.92999999,,,47031170.01,,,,,,,,,0,,,,,,,,,0,,,,,,,,,47031170.01,,,,,,,,,,,,,,,,,,,,,,,,,,,,,,,,,,,,,,,,,,,,,,,,,,,,,,,,,,,,,,,,,,,,,,,,,,,,,,,,,,,,,,,,,,,,,,,,,,,,,,,,,,,,,,,,,,,,,,,,,,,,,,,,,,,,,,,,,,,,,,,,,,,,,,,
(+)TRANSFERENCIAS RECIBIDAS,1101332.7,,,,,,,,,419022.6999999998,,,,,,,,,550310.11,,,,,,,,,2070665.5099999998,,,50942,,,,,,,,,1009686.7399999998,,,,,,,,,822904.38,,,,,,,,,1883533.1199999996,,,1982381.7799999996,,,,,,,,,1390277.1300000001,,,,,,,,,4437.09,,,,,,,,,3377096,,,2181837.5900000003,,,,,,,,,,,,,,,,,,,,,,,,,,,2181837.5900000003,,,,,,,,,,,,,,,,,,,,,,,,,,,,,,,,,,,,,,,,,,,,,,,,,,,,,,,,,,,,,,,,,,,,,,,,,,,,,,,,,,,,,,,,,,,,,,,,,,,,,,,,,,,,,,,,,,,,,,,,,,,,,,,,,,,,,,,,,,,,,,,,,,,,,,,
(--) INVENTARIO FINAL,152320854.57,,,,,,,,,148875540.47000003,,,,,,,,,144163552.34,,,,,,,,,144163552.34,,,134027672.14999999,,,,,,,,,136710956.72,,,,,,,,,134645627.81,,,,,,,,,134645627.81,,,136199867.87,,,,,,,,,134470985.25,,,,,,,,,132327063.34,,,,,,,,,132327063.34,,,132898545.5,,,,,,,,,0,,,,,,,,,0,,,,,,,,,0,,,,,,,,,,,,,,,,,,,,,,,,,,,,,,,,,,,,,,,,,,,,,,,,,,,,,,,,,,,,,,,,,,,,,,,,,,,,,,,,,,,,,,,,,,,,,,,,,,,,,,,,,,,,,,,,,,,,,,,,,,,,,,,,,,,,,,,,,,,,,,,,,,,,,,,
MATERIALES,44481248.760000005,0.6710960808128401,,88283983.02407986,0.7002735300094564,,-43802734.264079854,-0.029177449196616245,,36396496.09999998,0.5887913764177487,,76547693.52296361,0.7001343363635227,,-40151197.422963634,-0.11134295994577403,,44517358.490000024,0.6574371692708423,,86643370.94197762,0.7001367004636974,,-42126012.451977596,-0.04269953119285508,,125395103.35000001,0.6403898353034613,,48490134.2,0.6789193017945458,,86622412.27151725,0.7001021350219468,,-38132278.071517244,-0.021182833227401,,31844071.409999985,0.5729314862665251,,80921198.89097026,0.7001810945491472,,-49077127.48097028,-0.1272496082826221,,37265552.440000005,0.6484912561357009,,77481432.67428377,0.7001201450802337,,-40215880.23428377,-0.05162888894453277,,117599758.05,0.637505990814278,,38153870.83000001,0.5912522358323391,,88853612.72938885,0.7000733935524426,,-50699741.899388835,-0.10882115772010348,,34830041.56000001,0.6584257180058717,,80807241.74996087,0.7001992777310241,,-45977200.18996086,-0.0417735597251524,,40839672.72999999,0.6904820457889614,,75374890.21089733,0.7001364538809864,,-34535217.48089734,-0.009654408092025002,,113823585.12,0.6446145526717246,,48641525.44,0.7219828330883811,,79443529.58535118,0.7001479857270418,,-30802004.145351186,0.021834847361339227,,0,,,,,,0,,,0,,,,,,0,,,48641525.44,0.7219828330883811,,405459971.96,0.6495389062946989,,820979365.6013906,0.700150733129779,,-415519393.6413906,-0.05061182683508014,,1088338965.2199998,0.6989760772384829,,996906398.5999999,0.7058766491672485,,,48641525.44,0.7219828330883811,,49090538.10999999,0.7950930389632479,,8699615.040000034,0.5886516667010897,-9148627.710000029,,,,,,,,,,,,,,,,,,,,,,,,,,,,,,,,,,,,,,,,,,,,,,,,,,,,,,,,,,,,,,,,,,,,,,,,,,,,,,,,,,,,,,,,,,,,,,,,,,,,,,,,,,,,,,,,,,,,,,,,,,,,
(+) VARIACION EN COMPRAS,1239669.3299999998,0.0187030996669096,,0,0,,1239669.3299999998,,,1480713.2200000002,0.02395371171137975,,0,0,,1480713.2200000002,,,3244055.71,0.04790856590061148,,0,0,,3244055.71,,,5964438.26,0.6387331807702444,,1201755.17,0.01682599552270131,,0,0,,1201755.17,,,-176389.62,-0.0031735630110681138,,0,0,,-176389.62,,,-498220.06,-0.008669973511370927,,0,0,,-498220.06,,,527145.49,0.0028576454023217105,,-2699243.4000000004,-0.041828880283643934,,0,0,,-2699243.4000000004,,,-1877992.8,-0.035501501071130426,,0,0,,-1877992.8,,,-2453612.6,-0.04148357061581118,,0,0,,-2453612.6,,,-7030848.800000001,-0.03981764806772177,,-3438826.65,-0.051042268613252326,,0,0,,-3438826.65,,,0,,,0,,,0,,,0,,,0,,,0,,,-3438826.65,-0.051042268613252326,,-3978091.7,-0.006372824719212807,,0,0,,-3978091.7,,,-3955314.9799999986,-0.0025402660727158193,,-12971982.009999998,-0.009185034028405953,,,-3438826.65,-0.051042268613252326,,-3319590.56,-0.053765622624667345,,-119236.09,-0.008068003329653177,,,,,,,,,,,,,,,,,,,,,,,,,,,,,,,,,,,,,,,,,,,,,,,,,,,,,,,,,,,,,,,,,,,,,,,,,,,,,,,,,,,,,,,,,,,,,,,,,,,,,,,,,,,,,,,,,,,,,,,,,,,,,
(+) VARIACION STD,15944.78,0,,0,0,,15944.78,,,0,0,,0,0,,0,,,0,0,,0,0,,0,,,15944.78,0,,0,0,,0,0,,0,,,0,0,,0,0,,0,,,0,0,,0,0,,0,,,0,0,,0,0,,0,0,,0,,,-6805.72,0,,0,0,,-6805.72,,,0,0,,0,0,,0,,,-6805.72,0,,2840.45,0,,0,0,,2840.45,,,0,,,0,,,0,,,0,,,0,,,0,,,2840.45,0,,11979.510000000002,0,,0,0,,11979.510000000002,,,-6967050.37,-0.004474526496955042,,5786500.8,0.004097230994648772,,,2840.45,4.216060495009615e-05,,2840.45,4.600524071385368e-05,,0,0,,,,,,,,,,,,,,,,,,,,,,,,,,,,,,,,,,,,,,,,,,,,,,,,,,,,,,,,,,,,,,,,,,,,,,,,,,,,,,,,,,,,,,,,,,,,,,,,,,,,,,,,,,,,,,,,,,,,,,,,,,,,,
FLETES MERCANCIAS,23557.13,0,,626635.9948098403,0.0049705120349722446,,-603078.8648098403,-0.0049705120349722446,,46850.97,0,,543155.8254886728,0.004967909886225535,,-496304.85548867285,-0.004967909886225535,,52018.009999999995,0,,615266.9336696158,0.004971770559715818,,-563248.9236696158,-0.004971770559715818,,122426.11,0,,0,0,,615010.5705829515,0.004970656002704835,,-615010.5705829515,,,0,0,,574044.6132145469,0.004966994942106005,,-574044.6132145469,,,77100,0.0013416861571705855,,549358.7476334163,0.004963990891999317,,-472258.7476334163,-0.0036223047348287315,,77100,0,,177813.85,0.0027554959454281964,,595646.7630561315,0.004693072548903908,,-417832.91305613157,-0.0019375766034757116,,75000,0.0014177970119665963,,572939.3945783742,0.004964551958211371,,-497939.3945783742,-0.0035467549462447744,,0,0,,534422.943149942,0.004964106524636037,,-534422.943149942,,,252813.85,0.0014317549974827792,,67041.78,0.0009950965522122401,,563270.4044600349,0.004964188287715115,,-496228.6244600349,-0.003969091735502875,,0,,,0,,,0,,,0,,,0,,,0,,,67041.78,0.0009950965522122401,,519381.74,0,,5789752.190643527,0.004937638399656196,,-5270370.450643526,-0.004937638399656196,,5386345.45,0.00345933273879549,,5366212.6899999995,0.003799638800247908,,,67041.78,0.0009950965522122401,,0,0,,67041.78,0.004536322050361394,,,,,,,,,,,,,,,,,,,,,,,,,,,,,,,,,,,,,,,,,,,,,,,,,,,,,,,,,,,,,,,,,,,,,,,,,,,,,,,,,,,,,,,,,,,,,,,,,,,,,,,,,,,,,,,,,,,,,,,,,,,,,
FLETES INTERPLANTAS,224138.14,0.0033816098133005665,,1127944.7906577126,0.00894692166295004,,-903806.6506577126,-0.005565311849649474,,37250,0,,977680.485879611,0.008942237795205962,,-940430.485879611,-0.008942237795205962,,145000,0.002141375696531631,,1107480.4806053084,0.008949187007488472,,-962480.4806053084,-0.006807811310956841,,406388.14,0.043520207264162954,,0,0,,1107019.0270493128,0.008947180804868704,,-1107019.0270493128,,,3000,0,,1033280.3037861843,0.008940590895790808,,-1030280.3037861843,-0.008940590895790808,,80542.4,0.0014015904428702484,,988845.7457401492,0.008935183605598768,,-908303.3457401491,-0.00753359316272852,,83542.4,0,,192181.04,0.0029781373976671337,,1072163.5735010365,0.008447525860655537,,-879982.5335010365,-0.005469388462988403,,74565.12,0.001409576057772409,,1031290.9102410736,0.008936193524780468,,-956725.7902410736,-0.007526617467008058,,3417.0099999999998,0,,961961.2976698953,0.008935391744344866,,-958544.2876698953,-0.008935391744344866,,270163.17,0.0015300090117028383,,152442.71,0.002262696711377448,,1013886.7280280627,0.008935538917887207,,-861444.0180280628,-0.006672842206509759,,0,,,0,,,0,,,0,,,0,,,0,,,152442.71,0.002262696711377448,,912536.42,0.0014618654101306815,,10421553.343158346,0.008887748607686877,,-9509016.923158346,-0.007425883197556196,,28131093.610000003,0.018066946133800908,,27631549.040000003,0.019564991532852728,,,152442.71,0.002262696711377448,,150000,0.0024294693119322826,,2442.71,0.00016528378625445627,,,,,,,,,,,,,,,,,,,,,,,,,,,,,,,,,,,,,,,,,,,,,,,,,,,,,,,,,,,,,,,,,,,,,,,,,,,,,,,,,,,,,,,,,,,,,,,,,,,,,,,,,,,,,,,,,,,,,,,,,,,,,
GASTOS DE IMPORTACION MERCANCIAS,82937.91,0.0012512981965079179,,501308.7958478724,0.003976409627977797,,-418370.88584787236,-0.0027251114314698786,,117384.92000000001,0.0018989528120397106,,434524.6603909383,0.003974327908980429,,-317139.74039093824,-0.0020753750969407184,,133812.37000000002,0.0019761555656089545,,492213.5469356926,0.003977416447772654,,-358401.17693569255,-0.0020012608821636997,,334135.20000000007,0.035782621899971154,,59583.04,0,,492008.45646636124,0.003976524802163868,,-432425.41646636126,-0.003976524802163868,,133641.5,0.0024044482954476538,,459235.6905716375,0.003973595953684804,,-325594.1905716375,-0.00156914765823715,,108008.29,0.0018795489954950215,,439486.9981067331,0.003971192713599454,,-331478.7081067331,-0.0020916437181044325,,301232.82999999996,0.0016329772861717118,,244527.33000000002,0.0037893227460143435,,476517.8104449052,0.0037544611907041237,,-231990.48044490517,,,-1831.6299999999933,0,,458351.5156626994,0.003971641566569097,,-460183.1456626994,-0.003971641566569097,,62722.84,0.0010604638084937394,,427538.3545199536,0.00397128521970883,,-364815.51451995363,-0.0029108214112150907,,305418.54000000004,0.0017296699566455482,,156070.09,0.0023165376644601918,,450616.32356802793,0.003971350630172092,,-294546.23356802796,-0.0016548129657119,,0,,,0,,,0,,,0,,,0,,,0,,,156070.09,0.0023165376644601918,,1096856.6600000001,0.00175714281203754,,4631802.152514821,0.003950111060854472,,-3534945.492514821,-0.0021929682488169315,,3073437.4400000004,0.0019738880202776077,,2737893.3600000003,0.0019386122844111712,,,156070.09,0.0023165376644601918,,91045.09,0.001474608347714085,,65025,0.004399858436407113,,,,,,,,,,,,,,,,,,,,,,,,,,,,,,,,,,,,,,,,,,,,,,,,,,,,,,,,,,,,,,,,,,,,,,,,,,,,,,,,,,,,,,,,,,,,,,,,,,,,,,,,,,,,,,,,,,,,,,,,,,,,,
(+) GTOS S/COMPRA,330633.18000000005,0.004988318391911223,,2255889.581315425,0.01789384332590008,,-1925256.4013154253,-0.012905524933988857,,201485.89,0.0032594663556598565,,1955360.971759222,0.017884475590411925,,-1753875.081759222,-0.014625009234752068,,330830.38,0.004885738864871201,,2214960.961210617,0.017898374014976945,,-1884130.5812106167,-0.013012635150105744,,862949.4500000001,0.09241347181661214,,59583.04,0,,2214038.0540986257,0.017894361609737407,,-2154455.0140986256,-0.017894361609737407,,136641.5,0.0024584236315995447,,2066560.6075723688,0.01788118179158162,,-1929919.1075723688,-0.015422758159982074,,265650.69,0.0046228255955358556,,1977691.4914802983,0.017870367211197537,,-1712040.8014802986,-0.013247541615661681,,461875.23,0.0025038165980624865,,614522.22,0.009522956089109674,,2144328.147002073,0.01689505960026357,,-1529805.927002073,-0.007372103511153895,,147733.49,0.0027927480091919604,,2062581.8204821474,0.017872387049560935,,-1914848.3304821472,-0.015079639040368974,,66139.84999999999,0.00111823567338795,,1923922.595339791,0.017870783488689732,,-1857782.7453397908,-0.016752547815301784,,828395.5599999999,0.004691433965831165,,375554.57999999996,0.00557433092804988,,2027773.4560561255,0.017871077835774414,,-1652218.8760561259,-0.012296746907724535,,0,,,0,,,0,,,0,,,0,,,0,,,375554.57999999996,0.00557433092804988,,2528774.8200000003,0.0040510475618797115,,20843107.68631669,0.017775498068197546,,-18314332.86631669,-0.013724450506317834,,36590876.5,0.023500166892874003,,35735655.09,0.025303242617511806,,,375554.57999999996,0.00557433092804988,,241045.09,0.0039040776596463676,,134509.49,0.009101464273022962,,,,,,,,,,,,,,,,,,,,,,,,,,,,,,,,,,,,,,,,,,,,,,,,,,,,,,,,,,,,,,,,,,,,,,,,,,,,,,,,,,,,,,,,,,,,,,,,,,,,,,,,,,,,,,,,,,,,,,,,,,,,,
TOTAL MATERIALES,46067496.050000004,0.6950280604490833,,90539872.60539529,0.7181673733353564,,-44472376.55539528,-0.023139312886273133,,38078695.20999998,0.6160045544847883,,78503054.49472283,0.7180188119539346,,-40424359.28472286,-0.10201425746914627,,48092244.58000003,0.7102314740363249,,88858331.90318824,0.7180350744786743,,-40766087.32318821,-0.007803600442349401,,132238435.84,0.6753385729265394,,49751472.410000004,0.6965795304366844,,88836450.32561587,0.7179964966316843,,-39084977.91561587,-0.021416966194999887,,31804323.289999984,0.5722163468870566,,82987759.49854262,0.7180622763407288,,-51183436.208542645,-0.14584592945367225,,37032983.07,0.6444441082198658,,79459124.16576406,0.7179905122914312,,-42426141.09576407,-0.07354640407156543,,118588778.76999998,0.6428674528146621,,36069149.65000001,0.5589463116378048,,90997940.87639092,0.7169684531527061,,-54928791.226390906,-0.15802214151490124,,33092976.53000001,0.6255883098841961,,82869823.57044302,0.718071664780585,,-49776847.040443,-0.09248335489638893,,38452199.97999999,0.6501167108465382,,77298812.80623712,0.7180072373696762,,-38846612.82623713,-0.06789052652313798,,107614326.16,0.609449795888642,,45581093.82,0.6765570560081287,,81471303.04140732,0.7180190635628163,,-35890209.22140731,-0.04146200755468765,,0,,,0,,,0,,,0,,,0,,,0,,,45581093.82,0.6765570560081287,,404022634.59,0.6472363200769442,,841822473.2877073,0.7179262311979766,,-437799838.6977073,-0.0706899111210324,,1114007476.37,0.7154614515616862,,1025456572.4799999,0.7260920887510032,,,45581093.82,0.6765570560081287,,46014833.089999996,0.7452774992389408,,8714888.440000035,0.5896851276444595,,,,,,,,,,,,,,,,,,,,,,,,,,,,,,,,,,,,,,,,,,,,,,,,,,,,,,,,,,,,,,,,,,,,,,,,,,,,,,,,,,,,,,,,,,,,,,,,,,,,,,,,,,,,,,,,,,,,,,,,,,,,,
,,,,,,,,,,,,,,,,,,,,,,,,,,,,,,,,,,,,,,,,,,,,,,,,,,,,,,,,,,,,,,,,,,,,,,,,,,,,,,,,,,,,,,,,,,,,,,,,,,,,,,,,,,,,,,,,,,,,,,,,,,,,,,,,,,,,,,,,,,,,,,,,,,,,,,,,,,,,,,,,,,,,,,,,,,,,,,,,,,,,,,,,,,,,,,,,,,,,,,,,,,,,,,,,,,,,,,,,,,,,,,,,,,,,,,,,,,,,,,,,,,,,,,,,,,,,,,,,,,,,,,,,,,,,,
MANO DE OBRA,1719145.1099999999,0.025937031397082536,,1698420.2563649998,0.0134719652152518,,20724.853635000065,0.012465066181830737,,1643709.78,0.02659053061422348,,1613499.2435467497,0.014757678123440258,,30210.53645325033,0.011832852490783221,,1602508.6400000001,0.02366602107019281,,1613499.2435467497,0.013038158883891971,,-10990.603546749568,0.010627862186300838,,4965363.529999999,0.02535799443717682,,1621236.57,0.022699231881032497,,1726444.1905950224,0.013953516556929767,,-105207.62059502234,0.00874571532410273,,2164862.05,0.03894971895707406,,2158055.238243778,0.018672850866272326,,6806.811756222043,0.020276868090801734,,1506035.55,0.026207873536209975,,1760973.0744069228,0.015912105413938213,,-254937.52440692275,0.010295768122271762,,5292134.17,0.028688555941871228,,1472925.74,0.022825223707190558,,1813802.2666391307,0.014290861891079601,,-340876.52663913066,0.008534361816110957,,1947223.88,0.03681024264925336,,2267252.833298913,0.019645872844190795,,-320028.9532989133,0.017164369805062564,,1136714.68,0.019218593716795063,,1813802.2666391307,0.01684790629150952,,-677087.5866391307,0.0023706874252855427,,4556864.3,0.02580678722457597,,1391585.47,0.020655207891342526,,2335270.4182978803,0.020581095628972354,,-943684.9482978804,,,0,,,0,,,0,,,0,,,0,,,0,,,1391585.47,0.020655207891342526,,16205947.47,0.0259616093402473,,18801019.031579275,0.016033956284521825,,-2595071.561579274,0.009927653055725474,,62074879.67999999,0.03986704260377783,,50567261.879999995,0.03580501582048642,,,1391585.47,0.020655207891342526,,455407.27,0.0073759865793057286,,936178.2,0.06334566014994887,0,,,,,,,,,,,,,,,,,,,,,,,,,,,,,,,,,,,,,,,,,,,,,,,,,,,,,,,,,,,,,,,,,,,,,,,,,,,,,,,,,,,,,,,,,,,,,,,,,,,,,,,,,,,,,,,,,,,,,,,,,,,,
,,,,,,,,,,,,,,,,,,,,,,,,,,,,,,,,,,,,,,,,,,,,,,,,,,,,,,,,,,,,,,,,,,,,,,,,,,,,,,,,,,,,,,,,,,,,,,,,,,,,,,,,,,,,,,,,,,,,,,,,,,,,,,,,,,,,,,,,,,,,,,,,,,,,,,,,,,,,,,,,,,,,,,,,,,,,,,,,,,,,,,,,,,,,,,,,,,,,,,,,,,,,,,,,,,,,,,,,,,,,,,,,,,,,,,,,,,,,,,,,,,,,,,,,,,,,,,,,,,,,,,,,,,,,,
GASTOS DE FABRICACION:,,,,,,,,,,,,,,,,,,,,,,,,,,,,,,,,,,,,,,,,,,,,,,,,,,,,,,,,,,,,,,,,,,,,,,,,,,,,,,,,,,,,,,,,,,,,,,,,,,,,,,,,,,,,,,,,,,,,,,,,,,,,,,,,,,,,,,,,,,,,,,,,,,,,,,,,,,,,,,,,,,,,,,,,,,,,,,,,,,,,,,,,,,,,,,,,,,,,,,,,,,,,,,,,,,,,,,,,,,,,,,,,,,,,,,,,,,,,,,,,,,,,,,,,,,,,,,,,,,,,,,,,,,,,,
MANO DE OBRA INDIRECTA,1869296.31,0.028202387803622078,,3333396.4570368,0.02644068860433593,,-1464100.1470368002,0.0017616991992861486,,1503423.5,0.024321099192396976,,3111172.248831985,0.028455965392283684,,-1607748.748831985,-0.004134866199886709,,1513459.83,0.022350938604406168,,3111172.248831985,0.02514036387538697,,-1597712.418831985,-0.002789425270980802,,4886179.640000001,0.024953604178537692,,1375353.52,0.019256578001367358,,3266730.8612735844,0.02640246548838879,,-1891377.3412735844,-0.007145887487021434,,2050510.1400000001,0.036892324696453795,,3538955.7107706647,0.030621270039102963,,-1488445.5707706646,0.006271054657350832,,1053954.6,0.018340808003972264,,3266730.8612735844,0.029518092342812767,,-2212776.2612735843,-0.011177284338840503,,4479818.26,0.024285007264172636,,1005903.0800000001,0.015587997551561561,,3397400.0957245277,0.026767953954927756,,-2391497.0157245276,-0.011179956403366194,,1196281.6099999999,0.022614459895047852,,3680513.9392014914,0.0318918595177653,,-2484232.3292014915,-0.009277399622717446,,799402.61,0.01351561147933409,,3397400.0957245277,0.03155750739775674,,-2597997.485724528,-0.018041895918422653,,3001587.3,0.016998821928291673,,973605.29,0.014451156686093331,,3680513.9392014914,0.032436932679378166,,-2706908.6492014914,-0.017985775993284835,,0,,,0,,,0,,,0,,,0,,,0,,,973605.29,0.014451156686093331,,13341190.489999998,0.02137232496133732,,33783986.45787064,0.028811787333044014,,-20442795.96787064,-0.007439462371706694,,46422456.8,0.02981441240898489,,37763430.45999999,0.026739043697181466,,,973605.29,0.014451156686093331,,428955.18,0.0069475563066959236,,544650.11,0.03685326230486062,,,,,,,,,,,,,,,,,,,,,,,,,,,,,,,,,,,,,,,,,,,,,,,,,,,,,,,,,,,,,,,,,,,,,,,,,,,,,,,,,,,,,,,,,,,,,,,,,,,,,,,,,,,,,,,,,,,,,,,,,,,,,
MANTENIMIENTO INSTALACIONES,0,0,,0,0,,0,,,0,0,,0,0,,0,,,0,0,,0,0,,0,,,0,0,,0,0,,0,0,,0,,,9072.73,0,,0,0,,9072.73,,,0,0,,0,0,,0,,,9072.73,0,,0,0,,0,0,,0,,,0,0,,0,0,,0,,,0,0,,0,0,,0,,,0,0,,0,0,,0,0,,0,,,0,,,0,,,0,,,0,,,0,,,0,,,0,0,,9072.73,0,,0,0,,9072.73,,,0,0,,0,0,,,0,0,,0,0,,0,0,,,,,,,,,,,,,,,,,,,,,,,,,,,,,,,,,,,,,,,,,,,,,,,,,,,,,,,,,,,,,,,,,,,,,,,,,,,,,,,,,,,,,,,,,,,,,,,,,,,,,,,,,,,,,,,,,,,,,,,,,,,,,
MANTENIMIENTO ACTIVO FIJO,315721.97000000003,0.004763350458902653,,918758.59,0.007287644927283415,,-603036.6199999999,-0.002524294468380762,,678400.61,0.0109745846915341,,748546.2,0.006846488415973195,,-70145.58999999997,0.004128096275560905,,223456.96,0.0033000365749299367,,599035.3700000001,0.004840608610365746,,-375578.41000000015,-0.0015405720354358097,,1217579.54,0.006218149993569618,,467833,0.006550216017270741,,750650.21,0.006066926571248069,,-282817.20999999996,,,395701.20000000007,0.007119368428568904,,795703.93,0.006884930726188576,,-400002.73,,,346253.42,0.006025465894772668,,803023.2700000001,0.007256096704595438,,-456769.85000000015,-0.0012306308098227695,,1209787.62,0.006558235052108148,,674416.31,0.010451106073771225,,908669.29,0.007159362168025647,,-234252.97999999998,0.003291743905745578,,412470.81999999995,0.007797331948258822,,1078389.39,0.009344304491016305,,-665918.57,-0.0015469725427574828,,652595.4500000001,0.0110335223391142,,664795.9199999999,0.0061751049544620865,,-12200.469999999856,0.004858417384652114,,1739482.58,0.009851172619495483,,391598.84,0.005812474781163517,,975608.7300000001,0.008598189062500702,,-584009.8900000001,-0.0027857142813371844,,0,,,0,,,0,,,0,,,0,,,0,,,391598.84,0.005812474781163517,,4558448.58,0.007302545034817704,,8243180.9,0.007029980767212862,,-3684732.3200000003,,,8727417.280000001,0.00560510657960742,,7843180.620000001,0.005553498365176512,,,391598.84,0.005812474781163517,,162231.08000000002,0.0026275695353442075,,229367.76,0.015519964227232633,,,,,,,,,,,,,,,,,,,,,,,,,,,,,,,,,,,,,,,,,,,,,,,,,,,,,,,,,,,,,,,,,,,,,,,,,,,,,,,,,,,,,,,,,,,,,,,,,,,,,,,,,,,,,,,,,,,,,,,,,,,,,
DEPRECIACIONES Y AMORT.,1702070.72,0.025679427203614522,,1704110.14,0.01351709769298944,,-2039.4199999999255,0.012162329510625082,,1696637.58,0.027446751282475205,,1704110.14,0.015586439865772427,,-7472.559999999823,0.011860311416702778,,1701794.02,0.02513227830986803,,1704110.14,0.013770355858445514,,-2316.119999999879,0.011361922451422517,,5100502.32,0.02604814505039221,,1587557.53,0.022227685437634315,,1704110.14,0.013773007655189047,,-116552.60999999987,0.008454677782445267,,1424756.56,0.025633904753537357,,1704110.14,0.014745032444034196,,-279353.57999999984,0.01088887230950316,,1352015.52,0.0235276330410349,,1704110.14,0.015398293465545112,,-352094.6199999999,0.008129339575489789,,4364329.61,0.023658945548852187,,1228600.42,0.019039031413252562,,1704110.14,0.013426602836401446,,-475509.72,0.005612428576851116,,1227124.77,0.023197517762882622,,1704110.14,0.014766209851516087,,-476985.3699999999,0.008431307911366535,,1214497.31,0.020533675496326405,,1704110.14,0.015829006544539385,,-489612.82999999984,0.004704668951787019,,3670222.5,0.02078548863619908,,1147968.76,0.017039221737897778,,1704110.14,0.015018583492015838,,-556141.3799999999,0.0020206382458819398,,0,,,0,,,0,,,0,,,0,,,0,,,1147968.76,0.017039221737897778,,14283023.19,0.02288112243624795,,17041101.400000002,0.014533056661916054,,-2758078.2100000028,0.008348065774331897,,20504828.790000003,0.013169044985156553,,17096608.05,0.0121055461369368,,,1147968.76,0.017039221737897778,,172553.04,0.0027947487690708245,,975415.72,0.06600063182846778,,,,,,,,,,,,,,,,,,,,,,,,,,,,,,,,,,,,,,,,,,,,,,,,,,,,,,,,,,,,,,,,,,,,,,,,,,,,,,,,,,,,,,,,,,,,,,,,,,,,,,,,,,,,,,,,,,,,,,,,,,,,,
FLETES REFACCIONES,0,0,,59772.46000000001,0,,-59772.46000000001,,,0,0,,11960.640000000001,0,,-11960.640000000001,,,0,0,,29147,0,,-29147,,,0,0,,171121.51,0.0023959037855421812,,31634.27,0,,139487.24000000002,0.0023959037855421812,,465385.10000000003,0.00837310573752716,,32922,0,,432463.10000000003,0.00837310573752716,,49116.64,0,,30293,0,,18823.64,,,685623.25,0.0037167502430635775,,31348.14,0,,35530,0,,-4181.860000000001,,,3668.7,0,,29102,0,,-25433.3,,,46048.12,0,,34341,0,,11707.120000000003,,,81064.95999999999,0,,6900.32,0,,36596,0,,-29695.68,,,0,,,0,,,0,,,0,,,0,,,0,,,6900.32,0,,773588.53,0.001239273621189652,,331298.37,0,,442290.16000000003,0.001239273621189652,,373288.28,0,,370165.98000000004,0,,,6900.32,0.00010242097750329964,,0,0,,6900.32,0.00046690397794553983,,,,,,,,,,,,,,,,,,,,,,,,,,,,,,,,,,,,,,,,,,,,,,,,,,,,,,,,,,,,,,,,,,,,,,,,,,,,,,,,,,,,,,,,,,,,,,,,,,,,,,,,,,,,,,,,,,,,,,,,,,,,,
GASTOS DE IMPORTACION REFACCIONES,0,0,,95850,0,,-95850,,,0,0,,18058,0,,-18058,,,0,0,,50452,0,,-50452,,,0,0,,113883.80000000002,0.0015945080634920104,,100185,0,,13698.800000000017,0.0015945080634920104,,34169.08,0,,68770,0,,-34600.92,,,92769.28,0.0016143613331605973,,81325,0,,11444.279999999999,0.0016143613331605973,,240822.16000000003,0.0013054922243595092,,56769.899999999994,0,,62813,0,,-6043.100000000006,,,10258.96,0,,45924,0,,-35665.04,,,48529.36,0,,61870,0,,-13340.64,,,115558.22,0,,9635,0,,64115,0,,-54480,,,0,,,0,,,0,,,0,,,0,,,0,,,9635,0,,366015.38,0,,649362,0,,-283346.62,,,1213992.8999999997,0,,1158227.2599999998,0,,,9635,0.0001430116455822762,,0,0,,9635,0.0006519436529762788,,,,,,,,,,,,,,,,,,,,,,,,,,,,,,,,,,,,,,,,,,,,,,,,,,,,,,,,,,,,,,,,,,,,,,,,,,,,,,,,,,,,,,,,,,,,,,,,,,,,,,,,,,,,,,,,,,,,,,,,,,,,,
HONORARIOS,0,0,,0,0,,0,,,0,0,,0,0,,0,,,0,0,,0,0,,0,,,0,0,,267055.01,0.0037390863919270294,,0,0,,267055.01,,,32243.75,0,,0,0,,32243.75,,,31350.18,0,,0,0,,31350.18,,,330648.94,0.0017924414437720923,,32020.69,0,,0,0,,32020.69,,,1150.000000000001,0,,0,0,,1150.000000000001,,,29150,0,,0,0,,29150,,,62320.69,0,,16900,0,,0,0,,16900,,,0,,,0,,,0,,,0,,,0,,,0,,,16900,0,,409869.63,0,,0,0,,409869.63,,,0,0,,0,0,,,16900,0.00025084554336694007,,10400,0.00016844320562730492,,6500,0.00043981668337787365,,,,,,,,,,,,,,,,,,,,,,,,,,,,,,,,,,,,,,,,,,,,,,,,,,,,,,,,,,,,,,,,,,,,,,,,,,,,,,,,,,,,,,,,,,,,,,,,,,,,,,,,,,,,,,,,,,,,,,,,,,,,,
MATERIALES INDIRECTOS,0,0,,2356.9601504446514,0,,-2356.9601504446514,,,5226.27,0,,38420.393734290614,0,,-33194.12373429061,,,51706.09,0,,86072.70721604991,0,,-34366.61721604991,,,56932.36,0,,63945.92,0,,255658.58139321257,0.0020662910899899283,,-191712.66139321256,-0.0020662910899899283,,66084.78,0.0011889827383412576,,94951.03354914261,0,,-28866.25354914261,0.0011889827383412576,,40481.189999999995,0,,167670.35735342468,0.001515064846689342,,-127189.16735342468,-0.001515064846689342,,170511.89,0,,8.33,0,,142120.22334204536,0.0011197584880483801,,-142111.89334204537,-0.0011197584880483801,,0,0,,304914.9476085381,0.0026421051066873574,,-304914.9476085381,,,0,0,,85276.28518886665,0,,-85276.28518886665,,,8.33,0,,44553.11,0,,14394.5676941489,0,,30158.5423058511,,,0,,,0,,,0,,,0,,,0,,,0,,,44553.11,0,,272005.69,0,,1191836.057230164,0.0010164261420004576,,-919830.3672301641,-0.0010164261420004576,,1302209.2800000003,0,,1302205.2000000002,0,,,44553.11,0.0006612987625229025,,-0.18,-2.9153631743187394e-09,,44553.29,0.0030146584986727055,,,,,,,,,,,,,,,,,,,,,,,,,,,,,,,,,,,,,,,,,,,,,,,,,,,,,,,,,,,,,,,,,,,,,,,,,,,,,,,,,,,,,,,,,,,,,,,,,,,,,,,,,,,,,,,,,,,,,,,,,,,,,
COMBUSTIBLE,0,0,,1637.2370775241673,0,,-1637.2370775241673,,,0,0,,0,0,,0,,,0,0,,2659.982664514411,0,,-2659.982664514411,,,0,0,,0,0,,2370.0994242209404,0,,-2370.0994242209404,,,0,0,,3845.5618639631716,0,,-3845.5618639631716,,,0,0,,8057.824625225185,0,,-8057.824625225185,,,0,0,,0,0,,7536.318421875733,0,,-7536.318421875733,,,0,0,,5034.433322602429,0,,-5034.433322602429,,,0,0,,1789.4764525304204,0,,-1789.4764525304204,,,0,0,,0,0,,8871.920663820878,0,,-8871.920663820878,,,0,,,0,,,0,,,0,,,0,,,0,,,0,0,,0,0,,41802.85451627734,0,,-41802.85451627734,,,38223.34,0,,36048.99,0,,,0,0,,0,0,,0,0,,,,,,,,,,,,,,,,,,,,,,,,,,,,,,,,,,,,,,,,,,,,,,,,,,,,,,,,,,,,,,,,,,,,,,,,,,,,,,,,,,,,,,,,,,,,,,,,,,,,,,,,,,,,,,,,,,,,,,,,,,,,,
HERRAMIENTAS Y EQ MENORES,750.46,0,,12146.032210118803,0,,-11395.572210118804,,,2755.52,0,,3002.5982402715013,0,,-247.07824027150127,,,3554.74,0,,2482.673573421624,0,,1072.0664265783757,,,7060.72,0,,1479.99,0,,2546.7852618418506,0,,-1066.7952618418506,,,2609.12,0,,5605.365812706611,0,,-2996.245812706611,,,11096.38,0,,12150.245033061858,0,,-1053.8650330618584,,,15185.49,0,,5623.24,0,,3654.2218051994205,0,,1969.0181948005793,,,216,0,,6683.132796931454,0,,-6467.132796931454,,,2762,0,,1564.6225301000177,0,,1197.3774698999823,,,8601.24,0,,6009.18,0,,1502.0308774411303,0,,4507.14912255887,,,0,,,0,,,0,,,0,,,0,,,0,,,6009.18,0,,36856.63,0,,51337.70814109427,0,,-14481.078141094273,,,65548.44,0,,46619.350000000006,0,,,6009.18,8.919384747276622e-05,,0,0,,6009.18,0.00040660578729548476,,,,,,,,,,,,,,,,,,,,,,,,,,,,,,,,,,,,,,,,,,,,,,,,,,,,,,,,,,,,,,,,,,,,,,,,,,,,,,,,,,,,,,,,,,,,,,,,,,,,,,,,,,,,,,,,,,,,,,,,,,,,,
EQ PROTECCION Y SEGURIDAD,0,0,,0,0,,0,,,0,0,,0,0,,0,,,0,0,,0,0,,0,,,0,0,,0,0,,0,0,,0,,,0,0,,0,0,,0,,,0,0,,0,0,,0,,,0,0,,0,0,,0,0,,0,,,0,0,,0,0,,0,,,0,0,,0,0,,0,,,0,0,,0,0,,0,0,,0,,,0,,,0,,,0,,,0,,,0,,,0,,,0,0,,0,0,,0,0,,0,,,0,0,,0,0,,,0,0,,0,0,,0,0,,,,,,,,,,,,,,,,,,,,,,,,,,,,,,,,,,,,,,,,,,,,,,,,,,,,,,,,,,,,,,,,,,,,,,,,,,,,,,,,,,,,,,,,,,,,,,,,,,,,,,,,,,,,,,,,,,,,,,,,,,,,,
MAQUILA,0,0,,0,0,,0,,,0,0,,0,0,,0,,,0,0,,0,0,,0,,,0,0,,0,0,,0,0,,0,,,0,0,,0,0,,0,,,0,0,,0,0,,0,,,0,0,,0,0,,0,0,,0,,,0,0,,0,0,,0,,,0,0,,0,0,,0,,,0,0,,0,0,,0,0,,0,,,0,,,0,,,0,,,0,,,0,,,0,,,0,0,,0,0,,0,0,,0,,,0,0,,0,0,,,0,0,,0,0,,0,0,,,,,,,,,,,,,,,,,,,,,,,,,,,,,,,,,,,,,,,,,,,,,,,,,,,,,,,,,,,,,,,,,,,,,,,,,,,,,,,,,,,,,,,,,,,,,,,,,,,,,,,,,,,,,,,,,,,,,,,,,,,,,
DIVERSOS,0,0,,0,0,,0,,,0,0,,0,0,,0,,,0.94,0,,0,0,,0.94,,,0.94,0,,0,0,,0,0,,0,,,0,0,,0,0,,0,,,0,0,,0,0,,0,,,0,0,,0,0,,0,0,,0,,,0,0,,0,0,,0,,,0,0,,0,0,,0,,,0,0,,0,0,,0,0,,0,,,0,,,0,,,0,,,0,,,0,,,0,,,0,0,,0.94,0,,0,0,,0.94,,,0,0,,0,0,,,0,0,,0,0,,0,0,,,,,,,,,,,,,,,,,,,,,,,,,,,,,,,,,,,,,,,,,,,,,,,,,,,,,,,,,,,,,,,,,,,,,,,,,,,,,,,,,,,,,,,,,,,,,,,,,,,,,,,,,,,,,,,,,,,,,,,,,,,,,
RECOLECCION DE BASURA ,60077.89,0,,35535,0,,24542.89,,,16178.59,0,,35535,0,,-19356.41,,,17675,0,,35535,0,,-17860,,,93931.48,0,,58155,0,,35535,0,,22620,,,21495,0,,35535,0,,-14040,,,55847.96,0,,35535,0,,20312.96,,,135497.96,0,,38669.32,0,,35535,0,,3134.3199999999997,,,51437.04,0,,35535,0,,15902.04,,,41902.28,0,,35535,0,,6367.279999999999,,,132008.64,0,,46211.76,0,,35535,0,,10676.760000000002,,,0,,,0,,,0,,,0,,,0,,,0,,,46211.76,0,,407649.83999999997,0,,355350,0,,52299.83999999997,,,550839.8500000001,0,,512177.74000000005,0,,,46211.76,0.0006859179909551851,,46211.76,0.0007484670184691986,,0,0,,,,,,,,,,,,,,,,,,,,,,,,,,,,,,,,,,,,,,,,,,,,,,,,,,,,,,,,,,,,,,,,,,,,,,,,,,,,,,,,,,,,,,,,,,,,,,,,,,,,,,,,,,,,,,,,,,,,,,,,,,,,,
ARRENDAMIENTO DE EQUIPOS,8143,0,,9170.296478003995,0,,-1027.2964780039947,,,8143,0,,36900.558802229425,0,,-28757.558802229425,,,8610.88,0,,4573.455399564619,0,,4037.42460043538,,,24896.879999999997,0,,8143,0,,59691.10711401702,0,,-51548.10711401702,,,8143,0,,1939.8680702213453,0,,6203.131929778655,,,48920.08,0,,2120.297424543454,0,,46799.78257545655,,,65206.08,0,,8143,0,,2192.7759621590326,0,,5950.224037840968,,,8143,0,,1644.587950483424,0,,6498.412049516576,,,8143,0,,3432.06783794725,0,,4710.93216205275,,,24429,0,,8143,0,,2416.856576746429,0,,5726.143423253571,,,0,,,0,,,0,,,0,,,0,,,0,,,8143,0,,122674.95999999999,0,,124081.87161591601,0,,-1406.9116159160185,,,85535.59999999999,0,,58058.49999999999,0,,,8143,0.00012086599169449664,,8143,0.00013188779071376385,,0,0,,,,,,,,,,,,,,,,,,,,,,,,,,,,,,,,,,,,,,,,,,,,,,,,,,,,,,,,,,,,,,,,,,,,,,,,,,,,,,,,,,,,,,,,,,,,,,,,,,,,,,,,,,,,,,,,,,,,,,,,,,,,,
GASTOS DE FABRICACION,3956060.35,0.05968574782305802,,6172733.172952892,0.048962467491426895,,-2216672.8229528917,0.010723280331631127,,3910765.07,0.06326501161225118,,5707705.779608775,0.05220484921555241,,-1796940.709608776,0.01106016239669877,,3520258.46,0.05198755801209563,,5625240.577685535,0.04545572655538417,,-2104982.1176855355,0.006531831456711462,,11387083.879999999,0.05815356880520405,,4114528.2799999993,0.057608268427343574,,6209112.054466876,0.05018346282365228,,-2094583.7744668766,0.007424805603691291,,4510170.460000001,0.08114598889360986,,6282338.610066699,0.054358743871943734,,-1772168.1500666977,0.02678724502166612,,3081805.25,0.053629253476272835,,6111015.995709839,0.0552189764416169,,-3029210.7457098393,-0.0015897229653440634,,11706503.99,0.06346072941700451,,3081502.43,0.047752565121851505,,6299561.065255807,0.04963394236175822,,-3218058.6352558075,-0.001881377239906716,,2910750.9,0.055024719047987745,,6891851.570880046,0.05971828004093419,,-3981100.670880046,-0.004693560992946447,,2843030.13,0.04806750713651121,,5990114.607733971,0.055640513545892056,,-3147084.4777339716,-0.007573006409380849,,8835283.459999999,0.05003666234279466,,2651525.26,0.039356407964252486,,6523664.185013648,0.05749405096345529,,-3872138.9250136493,-0.018137642999202806,,0,,,0,,,0,,,0,,,0,,,0,,,2651525.26,0.039356407964252486,,34580396.589999996,0.055397115704732054,,61813337.6193741,0.05271588478926079,,-27232941.029374097,0.002681230915471261,,79284340.56,0.050919666686624995,,66186722.15,0.046864642173243355,,,2651525.26,0.039356407964252486,,828493.88,0.013418669710558048,,1823031.38,0.12335378696082892,0,,,,,,,,,,,,,,,,,,,,,,,,,,,,,,,,,,,,,,,,,,,,,,,,,,,,,,,,,,,,,,,,,,,,,,,,,,,,,,,,,,,,,,,,,,,,,,,,,,,,,,,,,,,,,,,,,,,,,,,,,,,,
,,,,,,,,,,,,,,,,,,,,,,,,,,,,,,,,,,,,,,,,,,,,,,,,,,,,,,,,,,,,,,,,,,,,,,,,,,,,,,,,,,,,,,,,,,,,,,,,,,,,,,,,,,,,,,,,,,,,,,,,,,,,,,,,,,,,,,,,,,,,,,,,,,,,,,,,,,,,,,,,,,,,,,,,,,,,,,,,,,,,,,,,,,,,,,,,,,,,,,,,,,,,,,,,,,,,,,,,,,,,,,,,,,,,,,,,,,,,,,,,,,,,,,,,,,,,,,,,,,,,,,,,,,,,,
COSTO DE VENTAS DIRECTO,51742701.510000005,0.7806508396692239,,98411026.03471318,0.7806018060420351,,-46668324.52471317,,,43633170.05999998,0.7058600967112629,,85824259.51787835,0.7849813392929272,,-42191089.45787839,-0.07912124258166431,,53215011.68000003,0.7858850531186135,,96097071.72442053,0.7765289599179506,,-42882060.04442049,0.009356093200662885,,148590883.25,0.7588501361689204,,55487237.260000005,0.7768870307450605,,96772006.57067776,0.7821334760122662,,-41284769.310677774,-0.005246445267205746,,38479355.79999998,0.6923120547377405,,91428153.34685309,0.7910938710789448,,-52948797.54685312,-0.09878181634120431,,41620823.87,0.7242812352323486,,87331113.23588082,0.7891215941469862,,-45710289.36588083,-0.06484035891463769,,135587416.93,0.735016738173538,,40623577.820000015,0.6295241004668469,,99111304.20828585,0.7808932574055439,,-58487726.388285846,-0.151369156938697,,37950951.31000001,0.7174232715814373,,92028927.97462197,0.7974358176657099,,-54077976.664621964,-0.08001254608427266,,42431944.78999999,0.7174028116998444,,85102729.68061021,0.7904956572070777,,-42670784.890610225,-0.07309284550723327,,121006473.92000002,0.6852932454560128,,49624204.55,0.7365686718637237,,90330237.64471886,0.7960942101552441,,-40706033.094718836,-0.05952553829152041,,0,,,0,,,0,,,0,,,0,,,0,,,49624204.55,0.7365686718637237,,454808978.65,0.7285950451219235,,922436829.9386606,0.7866760722717592,,-467627851.2886607,-0.05808102714983565,,1255366696.61,0.806248160852089,,1142210556.51,0.808761746744733,,,49624204.55,0.7365686718637237,,47298734.24,0.7660721555288047,,11474098.020000033,0.7763845747552371,,,,,,,,,,,,,,,,,,,,,,,,,,,,,,,,,,,,,,,,,,,,,,,,,,,,,,,,,,,,,,,,,,,,,,,,,,,,,,,,,,,,,,,,,,,,,,,,,,,,,,,,,,,,,,,,,,,,,,,,,,,,,
,,,,,,,,,,,,,,,,,,,,,,,,,,,,,,,,,,,,,,,,,,,,,,,,,,,,,,,,,,,,,,,,,,,,,,,,,,,,,,,,,,,,,,,,,,,,,,,,,,,,,,,,,,,,,,,,,,,,,,,,,,,,,,,,,,,,,,,,,,,,,,,,,,,,,,,,,,,,,,,,,,,,,,,,,,,,,,,,,,,,,,,,,,,,,,,,,,,,,,,,,,,,,,,,,,,,,,,,,,,,,,,,,,,,,,,,,,,,,,,,,,,,,,,,,,,,,,,,,,,,,,,,,,,,,
MARGEN DE BRUTO,14538789.369999997,0.21934916033077614,,27659686.680770576,0.2193981939579649,,-13120897.310770571,,,18182436.550000012,0.29413990328873707,,23508606.4011824,0.2150186607070727,,-5326169.851182371,0.07912124258166436,,14498468.133399986,0.21411494688138658,,27655005.3836558,0.22347104008204946,,-13156537.25025583,-0.009356093200662885,,47219694.053399995,0.24114986383107959,,15935292.739999995,0.2231129692549395,,26956243.834960267,0.21786652398773376,,-11020951.09496025,0.005246445267205746,,17101585.679600015,0.30768794526225957,,24143660.17529881,0.20890612892105515,,-7042074.495698787,0.09878181634120442,,15844179.840399995,0.2757187647676515,,23337653.001954556,0.21087840585301376,,-7493473.161554553,0.06484035891463774,,48881058.260000005,0.26498326182646215,,23907037.90999999,0.3704758995331531,,27809120.91815886,0.2191067425944561,,-3902083.00815887,0.15136915693869699,,14948017.559999995,0.28257672841856274,,23377134.727719635,0.20256418233429005,,-8429117.167719625,0.08001254608427269,,16714665.870000005,0.2825971883001555,,22554698.80076696,0.20950434279292232,,-5840032.9307669625,0.07309284550723319,,55569721.33999999,0.3147067545439873,,17747931.200000003,0.26343132813627634,,23136531.102542624,0.20390578984475596,,-5388599.902542651,0.05952553829152038,,0,,,0,,,0,,,0,,,0,,,0,,,17747931.200000003,0.26343132813627634,,169418404.8534,0.2714049548780765,,250138341.02701044,0.21332392772824083,,-80719936.17361051,0.05808102714983565,,301680819.98,0.19375183914791105,,270084920.00999975,0.19123825325526703,,,17747931.200000003,0.26343132813627634,,14443144.640000023,0.2339278444711953,,3304786.559999969,0.22361542524476286,1.1175870895385742e-08,,,,,,,,,,,,,,,,,,,,,,,,,,,,,,,,,,,,,,,,,,,,,,,,,,,,,,,,,,,,,,,,,,,,,,,,,,,,,,,,,,,,,,,,,,,,,,,,,,,,,,,,,,,,,,,,,,,,,,,,,,,,
,,,,,,,,,,,,,,,,,,,,,,,,,,,,,,,,,,,,,,,,,,,,,,,,,,,,,,,,,,,,,,,,,,,,,,,,,,,,,,,,,,,,,,,,,,,,,,,,,,,,,,,,,,,,,,,,,,,,,,,,,,,,,,,,,,,,,,,,,,,,,,,,,,,,,,,,,,,,,,,,,,,,,,,,,,,,,,,,,,,,,,,,,,,,,,,,,,,,,,,,,,,,,,,,,,,,,,,,,,,,,,,,,,,,,,,,,,,,,,,,,,,,,,,,,,,,,,,,,,,,,,,,,,,,,
GASTOS DE ADMINISTRACION:,,,,,,,,,,,,,,,,,,,,,,,,,,,,,,,,,,,,,,,,,,,,,,,,,,,,,,,,,,,,,,,,,,,,,,,,,,,,,,,,,,,,,,,,,,,,,,,,,,,,,,,,,,,,,,,,,,,,,,,,,,,,,,,,,,,,,,,,,,,,,,,,,,,,,,,,,,,,,,,,,,,,,,,,,,,,,,,,,,,,,,,,,,,,,,,,,,,,,,,,,,,,,,,,,,,,,,,,,,,,,,,,,,,,,,,,,,,,,,,,,,,,,,,,,,,,,,,,,,,,,,,,,,,,,
LABOR INDIRECTA,1995475.92,0.03010608080033579,,1833089.16,0.014540166550314612,,162386.76,0.01556591425002118,,2107673.17,0.034096133413322176,,1833089.16,0.0167661310676429,,274584.01,0.017330002345679277,,1973459.09,0.029144257471899512,,1888081.8348,0.015256970864020994,,85377.25520000001,0.013887286607878519,,6076608.18,0.031033094655476955,,2019429.25,0.028274400948832254,,1982485.9265400001,0.01602290438958363,,36943.32345999987,0.012251496559248624,,2293595.33,0.0412658596443859,,1982485.9265400001,0.017153714786694186,,311109.40345999994,0.024112144857691715,,2137852.54,0.03720268688702951,,1982485.9265400001,0.01791368959765478,,155366.6134599999,0.01928899728937473,,6450877.12,0.03497007883518138,,1840283.8399999999,0.028517995980386405,,1982485.9265400001,0.015619912433833599,,-142202.08654000028,0.012898083546552806,,1962621.24,0.03710131372925568,,1982485.9265400001,0.017178351640444407,,-19864.68654000014,0.019922962088811273,,1918379.5300000003,0.03243431041260616,,1982485.9265400001,0.018414762032728054,,-64106.39653999987,0.014019548379878104,,5721284.61,0.032401222608606346,,1910817.3199999998,0.028362130704755042,,1982485.9265400001,0.01747195190651666,,-71668.6065400003,0.010890178798238382,,,,,,,,0,,,,,,,,,0,,,1910817.3199999998,0.028362130704755042,,20159587.23,0.03229526253215099,,19431661.64058,0.016571783303732338,,727925.589420002,0.01572347922841865,,30087111.499999996,0.019323181328397766,,24904061.069999997,0.017633746963040226,,,1910817.3199999998,0.028362130704755042,,38620.27,0.0006255117385569265,,325138.03,0.022000173845325478,,,,,,,,,,,,,,,,,,,,,,,,,,,,,,,,,,,,,,,,,,,,,,,,,,,,,,,,,,,,,,,,,,,,,,,,,,,,,,,,,,,,,,,,,,,,,,,,,,,,,,,,,,,,,,,,,,,,,,,,,,,,,
MANTENIMIENTO INSTALACIONES,88036.94999999998,0.001328228270534641,,175250.37229697694,0.0013900958321103633,,-87213.42229697696,,,72322,0.0011699634439614214,,124729.48514124373,0.0011408233388264157,,-52407.48514124373,,,117287.30000000002,0.0017321115429780305,,79839.33981849437,0,,37447.96018150565,0.0017321115429780305,,277646.25,0.0014179328503270748,,42727,0,,265721.3742231155,0.0021476208816657376,,-222994.3742231155,-0.0021476208816657376,,96181.08,0.0017304687081506449,,114547.69033563157,0.0009911386422406185,,-18366.610335631573,,,82337.17000000001,0.0014328228431854894,,246355.03041961542,0.002226057439640921,,-164017.8604196154,,,221245.25,0.0011993661777283107,,32963.82000000001,0,,324565.43699432944,0.002557235659043692,,-291601.61699432944,-0.002557235659043692,,91971.87999999999,0.0017386327553193378,,169731.50361198268,0.0014707329895636307,,-77759.6236119827,,,60500.31,0.001022887183642384,,49595.93246400274,0,,10904.377535997257,0.001022887183642384,,185436.01,0.001050175589789747,,13141.949999999999,0,,140326.52109679513,0.001236719108564391,,-127184.57109679513,-0.001236719108564391,,,,,,,,0,,,,,,,,,0,,,13141.949999999999,0,,697469.46,0.0011173323670703738,,1690662.6864021874,0.001441837357864099,,-993193.2264021875,,,1772507.1300000001,0.0011383770316026488,,1314914.6700000002,0,,,13141.949999999999,0.0001950650644172283,,0,0,,0,0,,,,,,,,,,,,,,,,,,,,,,,,,,,,,,,,,,,,,,,,,,,,,,,,,,,,,,,,,,,,,,,,,,,,,,,,,,,,,,,,,,,,,,,,,,,,,,,,,,,,,,,,,,,,,,,,,,,,,,,,,,,,,
MANTENIMIENTO ACTIVO FIJO,39999.22,0,,30006.280592221603,0,,9992.939407778398,,,4390.58,0,,8620.454072410892,0,,-4229.874072410892,,,284,0,,27355.648301340574,0,,-27071.648301340574,,,44673.8,0,,2323.98,0,,5158.029712663339,0,,-2834.0497126633386,,,14441,0,,33505.875381430196,0,,-19064.875381430196,,,2467.28,0,,83520.30186332187,0,,-81053.02186332188,,,19232.26,0,,5550,0,,138957.23449887242,0.0010948374492162,,-133407.23449887242,-0.0010948374492162,,64213.99,0.0012138987086460385,,120448.04519555878,0.0010436890608270866,,-56234.05519555878,,,89644.42,0.0015156307183063194,,2130.2562940555795,0,,87514.16370594442,0.0015156307183063194,,159408.41,0,,8320.6,0,,10792.318418262554,0,,-2471.7184182625533,,,,,,,,,0,,,,,,,,,0,,,8320.6,0,,231635.06999999998,0,,460494.44433013775,0,,-228859.37433013777,,,542373.62,0,,520806.45,0,,,8320.6,0.00012350209633958355,,0,0,,0,0,,,,,,,,,,,,,,,,,,,,,,,,,,,,,,,,,,,,,,,,,,,,,,,,,,,,,,,,,,,,,,,,,,,,,,,,,,,,,,,,,,,,,,,,,,,,,,,,,,,,,,,,,,,,,,,,,,,,,,,,,,,,,
ARRENDAMIENTO,7353692.529999999,0.11094639592995224,,7334775.82802047,0.058179855337009034,,18916.701979529113,0.05276654059294321,,7336023.2299999995,0.11867590778949408,,7334775.82802047,0.06708665108486604,,1247.4019795292988,0.051589256704628036,,7336023.2299999995,0.10833918519940328,,7334775.82802047,0.059269920953446256,,1247.4019795292988,0.04906926424595702,,22025738.99,0.11248492953407757,,7336023.2299999995,0.10271301268661302,,7334775.82802047,0.05928133473134637,,1247.4019795292988,0.04343167795526665,,7336023.2299999995,0.13198810661911076,,7334775.82802047,0.06346509243462375,,1247.4019795292988,0.068523014184487,,7336023.2299999995,0.1276607109775985,,7334775.82802047,0.06627683742545294,,1247.4019795292988,0.06138387355214557,,22008069.689999998,0.11930531581253646,,7336023.2299999995,0.11368283328791351,,7334775.82802047,0.057790350297938144,,1247.4019795292988,0.055892482989975366,,7336023.2299999995,0.13867989086948718,,7334775.82802047,0.06355624354795397,,1247.4019795292988,0.0751236473215332,,7336023.2299999995,0.12403116844971214,,7334775.82802047,0.06813069874959216,,1247.4019795292988,0.055900469700119984,,22008069.689999998,0.12463780668506402,,7336023.2299999995,0.10888809072673639,,7334775.82802047,0.06464250202064113,,1247.4019795292988,0.044245588706095254,,,,,,,,0,,,,,,,,,0,,,7336023.2299999995,0.10888809072673639,,73377901.59999998,0.117549956216556,,73347758.2802047,0.06255271311927861,,30143.319795280695,0.054997243097277396,,0,0,,61540081.50000001,0.043574508679755396,,,7336023.2299999995,0.10888809072673639,,2701469.58,0.04375424961152395,,4599799.56,0.31124132102803115,,,,,,,,,,,,,,,,,,,,,,,,,,,,,,,,,,,,,,,,,,,,,,,,,,,,,,,,,,,,,,,,,,,,,,,,,,,,,,,,,,,,,,,,,,,,,,,,,,,,,,,,,,,,,,,,,,,,,,,,,,,,,
ENERGIA ELECTRICA,194328.3,0.0029318637438591057,,306372.39968895185,0.002430163144872297,,-112044.09968895186,,,211972.47,0.0034291092755483685,,319709.7436616016,0.002924186985990865,,-107737.27366160162,,,213837.17,0.003157970474848985,,322831.17573522637,0.0026086929874582095,,-108994.00573522635,,,620137.94,0.0031670298333226557,,210445.98,0.0029464929343723896,,290782.58910294477,0.0023501713484966116,,-80336.60910294476,,,207291.33,0.003729539739374199,,356404.8574273972,0.003083838927205934,,-149113.52742739723,,,443799,0.007722943902284678,,398712.8194140854,0.003602758329818388,,45086.18058591458,0.00412018557246629,,861536.3099999999,0.004670371504467793,,43112.97,0,,369379.5103301936,0.002910323613887982,,-326266.5403301936,-0.002910323613887982,,238113.05,0.004501279610670037,,457224.5460146662,0.003961876311420068,,-219111.49601466622,,,237639.85,0.004017810105232496,,444730.430770574,0.00413097764867665,,-207090.58077057402,,,518865.87,0.0029384814257436844,,235811.39,0.0035001323228794927,,398039.62273851293,0.0035079841184612885,,-162228.23273851292,,,,,,,,,0,,,,,,,,,0,,,235811.39,0.0035001323228794927,,2236351.5100000002,0.003582591166457246,,3664187.694884154,0.0031249064329637154,,-1427836.1848841538,,,4118095.53,0.0026448104416355923,,3499501.59,0.002477882035438526,,,235811.39,0.0035001323228794927,,0,0,,0,0,,,,,,,,,,,,,,,,,,,,,,,,,,,,,,,,,,,,,,,,,,,,,,,,,,,,,,,,,,,,,,,,,,,,,,,,,,,,,,,,,,,,,,,,,,,,,,,,,,,,,,,,,,,,,,,,,,,,,,,,,,,,,
TRANSPORTE DE PERSONAL,352809.6,0.005322897770038814,,704257.4400684871,0.005586209714367638,,-351447.8400684871,,,280690,0.004540762687502162,,627744.6918131913,0.005741591849224106,,-347054.6918131913,-0.0012008291617219436,,271548,0.004010250259598423,,583895.8825322828,0.004718271371092619,,-312347.88253228285,,,905047.6,0.004622056747208645,,258954,0.00362566265854766,,962907.0064394933,0.0077824345150169175,,-703953.0064394933,-0.004156771856469258,,329565,0.005929460552966002,,595884.4835652122,0.005155967232884148,,-266319.4835652122,,,285840,0.00497415786207056,,572903.4689777343,0.005176740361833639,,-287063.46897773433,,,874359,0.004739883056437813,,357300,0.005536906721841379,,717626.4707229807,0.005654144870756964,,-360326.4707229807,,,285840,0.005403507972007092,,576222.1171212029,0.00499299693298965,,-290382.1171212029,,,228672,0.003866189413870296,,544258.2955288475,0.005055464385562531,,-315586.2955288475,-0.0011892749716922346,,871812,0.0049373133151742144,,252350,0.0037456137792099015,,658838.9893243944,0.005806448853689556,,-406488.9893243944,-0.0020608350744796547,,,,,,,,0,,,,,,,,,0,,,252350,0.0037456137792099015,,2903568.6,0.004651459831358368,,6544538.846093827,0.005581338414921484,,-3640970.246093827,-0.0009298785835631165,,6452786,0.004144244752486343,,5848902,0.004141415233030503,,,252350,0.0037456137792099015,,0,0,,0,0,,,,,,,,,,,,,,,,,,,,,,,,,,,,,,,,,,,,,,,,,,,,,,,,,,,,,,,,,,,,,,,,,,,,,,,,,,,,,,,,,,,,,,,,,,,,,,,,,,,,,,,,,,,,,,,,,,,,,,,,,,,,,
DEPRECIACIONES Y AMORT.,254114.81,0.003833872875009175,,286869.27724893915,0.0022754632782662648,,-32754.467248939152,0.00155840959674291,,242990.73,0.003930896149463509,,286553.41559464374,0.002620926591339694,,-43562.68559464373,0.0013099695581238148,,249692.83,0.0036874907431738214,,286501.3490363597,0.0023151235577739,,-36808.51903635971,0.0013723671853999213,,746798.37,0.003813881661984318,,246925.77,0.0034572531944751885,,286631.6753631467,0.0023166227148887697,,-39705.90536314671,0.0011406304795864189,,181982.63999999998,0.0032741913892695303,,286631.45530723094,0.002480115579845008,,-104648.81530723095,,,181929.29,0.003165914526288885,,286280.03701261955,0.00258681872713194,,-104350.74701261954,,,610837.7,0.0033113392376168636,,180050.28,0.002790152828439469,,286554.24459542375,0.002257747279919237,,-106503.96459542375,,,179937.34999999998,0.0034015284956158344,,286102.046326689,0.0024790902629146187,,-106164.69632668904,0.0009224382327012158,,179936.94999999998,0.0030422191228226835,,280760.53315280186,0.002607906738190096,,-100823.58315280188,,,539924.58,0.003057742745022832,,179847.19999999998,0.00266945968088892,,279891.1531563507,0.0024667235724301515,,-100043.95315635073,,,,,,,,,0,,,,,,,,,0,,,179847.19999999998,0.00266945968088892,,2077407.85,0.0033279665469669118,,2852775.186794205,0.002432914543504115,,-775367.336794205,,,3206363.24,0.0020592584399877992,,2695422.16,0.0019085398238630057,,,179847.19999999998,0.00266945968088892,,0,0,,4741.93,0.00032085845006308314,,,,,,,,,,,,,,,,,,,,,,,,,,,,,,,,,,,,,,,,,,,,,,,,,,,,,,,,,,,,,,,,,,,,,,,,,,,,,,,,,,,,,,,,,,,,,,,,,,,,,,,,,,,,,,,,,,,,,,,,,,,,,
COMBUSTIBLE,139351.58,0.002102420723340253,,33661.77083240218,0,,105689.8091675978,0.002102420723340253,,31298.56,0,,32112.678054192245,0,,-814.118054192244,,,31565.76,0,,41643.60149202461,0,,-10077.84149202461,,,202215.9,0.00103271183193886,,35384.69,0,,38806.89965357893,0,,-3422.209653578924,,,30598.25,0,,36932.47862938675,0,,-6334.228629386751,,,36166.66,0,,30396.795463407296,0,,5769.864536592708,,,102149.6,0,,37400.16,0,,31427.067227361196,0,,5973.092772638807,,,28204.99,0,,35093.99671521307,0,,-6889.006715213069,,,30618.23,0,,19389.092841679685,0,,11229.137158320314,,,96223.38,0,,43487.97,0,,31445.093795668716,0,,12042.876204331285,,,,,,,,,0,,,,,,,,,0,,,43487.97,0,,444076.85,0,,330909.4747049147,0,,113167.37529508525,,,366556.85,0,,319224.13999999996,0,,,43487.97,0.0006454889624008988,,0,0,,0,0,,,,,,,,,,,,,,,,,,,,,,,,,,,,,,,,,,,,,,,,,,,,,,,,,,,,,,,,,,,,,,,,,,,,,,,,,,,,,,,,,,,,,,,,,,,,,,,,,,,,,,,,,,,,,,,,,,,,,,,,,,,,,
DIVERSOS,61787.05,0,,85481.92007591546,0,,-23694.87007591546,,,32319.87,0,,68562.25629347078,0,,-36242.38629347079,,,37816.62,0,,92662.15381525671,0,,-54845.533815256706,,,131923.54,0,,35249.38,0,,55643.55243426488,0,,-20394.17243426488,,,50713.76,0,,104233.82544072211,0,,-53520.06544072211,,,38297.12,0,,145526.52497271248,0.0013149737719128918,,-107229.40497271248,-0.0013149737719128918,,124260.26000000001,0,,40318.98,0,,63603.91264985071,0,,-23284.932649850707,,,35253.119999999995,0,,162234.88293293215,0.0014057743513126576,,-126981.76293293215,-0.0014057743513126576,,33214.12,0,,156995.76059687947,0.0014582900856120388,,-123781.64059687947,-0.0014582900856120388,,108786.22,0,,62536.96,0,,188758.81077211967,0.0016635602904368013,,-126221.85077211968,-0.0016635602904368013,,,,,,,,0,,,,,,,,,0,,,62536.96,0,,427506.98000000004,0,,1123703.5999841243,0,,-696196.6199841243,,,920101.08,0,,1027802.8799999999,0,,,62536.96,0.0009282318172613371,,0,0,,0,0,,,,,,,,,,,,,,,,,,,,,,,,,,,,,,,,,,,,,,,,,,,,,,,,,,,,,,,,,,,,,,,,,,,,,,,,,,,,,,,,,,,,,,,,,,,,,,,,,,,,,,,,,,,,,,,,,,,,,,,,,,,,,
SEGUROS,365234.13,0.005510348743682333,,365234.13,0.0028970577077981623,,0,0.0026132910358841704,,319643.09,0.005170912452847966,,325122.23000000004,0.002973691645846807,,-5479.140000000014,0.002197220807001159,,319643.09,0.004720523755105331,,325122.23000000004,0.002627206246534846,,-5479.140000000014,0.0020933175085704847,,1004520.31,0.005130061531066012,,319643.09,0.004475381787791612,,325122.23000000004,0.0026277121751427024,,-5479.140000000014,0.0018476696126489096,,319643.09,0.0057509477437930655,,325122.23000000004,0.0028131619647699235,,-5479.140000000014,0.002937785779023142,,319643.09,0.005562395708018569,,325122.23000000004,0.0029377957399587184,,-5479.140000000014,0.00262459996805985,,958929.27,0.005198336837838097,,319643.09,0.004953355649625382,,325122.23000000004,0.0025616226046839695,,-5479.140000000014,0.002391733044941412,,341224.52,0.006450494731543148,,325122.23000000004,0.0028172023409078948,,16102.289999999979,0.0036332923906352535,,341224.52,0.005769130575571007,,325122.23000000004,0.003019970238804658,,16102.289999999979,0.0027491603367663484,,1002092.1300000001,0.005675125848784246,,341823.12,0.005073657175845134,,325122.23000000004,0.002865351975644824,,16700.889999999956,0.00220830520020031,,,,,,,,0,,,,,,,,,0,,,341823.12,0.005073657175845134,,3307364.8300000005,0.005298333455731819,,3291334.2,0.00280692810277522,,16030.630000000354,0.002491405352956599,,3470303.61,0.0022287718088399204,,2896845.69,0.0020511612039840568,,,341823.12,0.005073657175845134,,0,0,,51184.03,0.0034633215871559364,,,,,,,,,,,,,,,,,,,,,,,,,,,,,,,,,,,,,,,,,,,,,,,,,,,,,,,,,,,,,,,,,,,,,,,,,,,,,,,,,,,,,,,,,,,,,,,,,,,,,,,,,,,,,,,,,,,,,,,,,,,,,
TELEFONO,37626.75,0,,24974.438978060352,0,,12652.311021939648,,,41800.84,0,,48449.978949731965,0,,-6649.138949731969,,,42907.83,0,,40535.70179453507,0,,2372.1282054649346,,,122335.42,0,,42073.34,0,,76398.30003077819,0,,-34324.960030778195,,,42654.35,0,,49589.57711108517,0,,-6935.2271110851725,,,41263.64,0,,49269.517697724616,0,,-8005.877697724616,,,125991.32999999999,0,,41063.5,0,,49263.749544587285,0,,-8200.249544587285,,,43293.78,0,,49288.362580099194,0,,-5994.582580099195,,,30754.15,0,,49290.74630030408,0,,-18536.59630030408,,,115111.43,0,,32847.98,0,,49467.602597959034,0,,-16619.62259795903,,,,,,,,,0,,,,,,,,,0,,,32847.98,0,,396286.16000000003,0,,486527.97558486497,0,,-90241.81558486493,,,521693.1600000001,0,,432701.50000000006,0,,,32847.98,0.0004875603190299634,,0,0,,0,0,,,,,,,,,,,,,,,,,,,,,,,,,,,,,,,,,,,,,,,,,,,,,,,,,,,,,,,,,,,,,,,,,,,,,,,,,,,,,,,,,,,,,,,,,,,,,,,,,,,,,,,,,,,,,,,,,,,,,,,,,,,,,
DERECHOS Y CONTRIB,33245.19,0,,38731.463480413404,0,,-5486.273480413402,,,32137.8,0,,135719.1205706434,0.0012413387267385491,,-103581.3205706434,-0.0012413387267385491,,38983.88,0,,73063.17726216932,0,,-34079.297262169326,,,104366.87,0,,180190.53,0.0025228808052585087,,82043.84166280081,0,,98146.68833719919,0.0025228808052585087,,159905.16999999998,0.002876978434391766,,200034.10350993555,0.001730820841290983,,-40128.93350993557,0.0011461575931007832,,174168.63,0.003030864330536518,,158484.76252649576,0.0014320640584887362,,15683.867473504244,0.001598800272047782,,514264.32999999996,0.0027878168856240327,,168179.15,0.002606191620790846,,100627.32824875116,0,,67551.82175124883,0.002606191620790846,,185398.63,0.0035047683151560073,,59297.4082578414,0,,126101.22174215861,0.0035047683151560073,,159529.4,0.0026971858272157503,,153341.792685219,0.0014243493909177332,,6187.607314780995,0.001272836436298017,,513107.18000000005,0.002905868366030168,,224450.62999999998,0.00333150533972793,,116371.86665822065,0.001025603072538622,,108078.76334177933,0.0023059022671893083,,,,,,,,0,,,,,,,,,0,,,224450.62999999998,0.00333150533972793,,1356189.0099999998,0.002172588139899526,,1117714.8648624904,0,,238474.14513750933,0.002172588139899526,,1232360.6900000002,0,,848762.52,0,,,224450.62999999998,0.00333150533972793,,0,0,,26888.77,0.0018194045602323797,,,,,,,,,,,,,,,,,,,,,,,,,,,,,,,,,,,,,,,,,,,,,,,,,,,,,,,,,,,,,,,,,,,,,,,,,,,,,,,,,,,,,,,,,,,,,,,,,,,,,,,,,,,,,,,,,,,,,,,,,,,,,
GASTOS DE VIAJE,1023.15,0,,11874.759329879222,0,,-10851.609329879222,,,16175.83,0,,57496.560237244725,0,,-41320.73023724472,,,4697,0,,17601.125829334185,0,,-12904.125829334185,,,21895.980000000003,0,,11626.25,0,,35590.30675539041,0,,-23964.05675539041,,,6262.35,0,,12594.095260708269,0,,-6331.745260708269,,,38587.21,0,,31672.50272798175,0,,6914.707272018248,,,56475.81,0,,21453.75,0,,23519.508418351903,0,,-2065.758418351903,,,34207.18,0,,19501.158843090823,0,,14706.021156909177,,,15349.68,0,,3565.0868132398487,0,,11784.593186760152,,,71010.61,0,,9248.08,0,,4798.601926561205,0,,4449.478073438795,,,,,,,,,0,,,,,,,,,0,,,9248.08,0,,158630.47999999998,0,,218213.70614178234,0,,-59583.22614178236,,,413476.27999999997,0,,310974.94999999995,0,,,9248.08,0.00013726861850301369,,5200,8.422160281365246e-05,,0,0,,,,,,,,,,,,,,,,,,,,,,,,,,,,,,,,,,,,,,,,,,,,,,,,,,,,,,,,,,,,,,,,,,,,,,,,,,,,,,,,,,,,,,,,,,,,,,,,,,,,,,,,,,,,,,,,,,,,,,,,,,,,,
ARRENDAM MAQ Y EQUIPO,13282.55,0,,15383.797898201714,0,,-2101.2478982017146,,,9961.91,0,,17186.279429794617,0,,-7224.369429794617,,,9961.91,0,,0,0,,9961.91,,,33206.369999999995,0,,9961.88,0,,33240.40801144662,0,,-23278.528011446622,,,9961.88,0,,18150.711518722965,0,,-8188.8315187229655,,,9961.88,0,,15383.797898201714,0,,-5421.917898201715,,,29885.64,0,,9961.88,0,,15383.832644163844,0,,-5421.9526441638445,,,9961.88,0,,0,0,,9961.88,,,9961.88,0,,15383.797898201714,0,,-5421.917898201715,,,29885.64,0,,9961.88,0,,30767.630542365554,0,,-20805.750542365553,,,,,,,,,0,,,,,,,,,0,,,9961.88,0,,102939.53,0,,160880.25584109873,0,,-57940.72584109873,,,166587.72,0,,138905.57,0,,,9961.88,0.00014786350305066585,,0,0,,0,0,,,,,,,,,,,,,,,,,,,,,,,,,,,,,,,,,,,,,,,,,,,,,,,,,,,,,,,,,,,,,,,,,,,,,,,,,,,,,,,,,,,,,,,,,,,,,,,,,,,,,,,,,,,,,,,,,,,,,,,,,,,,,
PAPELERIA,7131.780000000001,0,,28757.8490799345,0,,-21626.069079934503,,,7777.63,0,,1893.1374914148164,0,,5884.492508585184,,,12946.81,0,,21455.252898404655,0,,-8508.442898404655,,,27856.22,0,,5467.66,0,,25121.24398173875,0,,-19653.58398173875,,,10290.72,0,,21790.48095946457,0,,-11499.760959464571,,,4387.02,0,,21893.97618797176,0,,-17506.95618797176,,,20145.4,0,,11758.43,0,,15032.804083221914,0,,-3274.3740832219137,,,5962.96,0,,26538.233576326526,0,,-20575.273576326526,,,11330.36,0,,12703.531644743733,0,,-1373.171644743732,,,29051.75,0,,9652.939999999999,0,,20493.75901360703,0,,-10840.81901360703,,,,,,,,,0,,,,,,,,,0,,,9652.939999999999,0,,86706.31000000001,0,,195680.26891682824,0,,-108973.95891682823,,,203149.11999999997,0,,178523.41999999995,0,,,9652.939999999999,0.0001432779277744657,,0,0,,2480,0.00016780698073494256,,,,,,,,,,,,,,,,,,,,,,,,,,,,,,,,,,,,,,,,,,,,,,,,,,,,,,,,,,,,,,,,,,,,,,,,,,,,,,,,,,,,,,,,,,,,,,,,,,,,,,,,,,,,,,,,,,,,,,,,,,,,,
MENSAJERIA Y PAQUETERIA,0,0,,4734.327373086208,0,,-4734.327373086208,,,0,0,,9845.122327115034,0,,-9845.122327115034,,,0,0,,23746.69668506963,0,,-23746.69668506963,,,0,0,,0,0,,59846.903694858585,0,,-59846.903694858585,,,0,0,,46968.12322585123,0,,-46968.12322585123,,,0,0,,89759.0219350393,0,,-89759.0219350393,,,0,0,,0,0,,53041.59937245515,0,,-53041.59937245515,,,0,0,,2797.050516430339,0,,-2797.050516430339,,,0,0,,3126.4748467851095,0,,-3126.4748467851095,,,0,0,,0,0,,2999.407413431322,0,,-2999.407413431322,,,,,,,,,0,,,,,,,,,0,,,0,0,,0,0,,296864.72739012196,0,,-296864.72739012196,,,439523.8,0,,439523.8,0,,,0,0,,0,0,,0,0,,,,,,,,,,,,,,,,,,,,,,,,,,,,,,,,,,,,,,,,,,,,,,,,,,,,,,,,,,,,,,,,,,,,,,,,,,,,,,,,,,,,,,,,,,,,,,,,,,,,,,,,,,,,,,,,,,,,,,,,,,,,,
EQUIPOS MENORES,0,0,,6456.368746907616,0,,-6456.368746907616,,,0,0,,9886.5163890393,0,,-9886.5163890393,,,0,0,,1858.8873356285774,0,,-1858.8873356285774,,,0,0,,0,0,,2449.66661373027,0,,-2449.66661373027,,,3550,0,,2891.8705054722354,0,,658.1294945277646,,,0,0,,3153.9304773394397,0,,-3153.9304773394397,,,3550,0,,0,0,,0,0,,0,,,287.5,0,,26308.128647433237,0,,-26020.628647433237,,,0,0,,69.71164997335175,0,,-69.71164997335175,,,287.5,0,,0,0,,0,0,,0,,,,,,,,,0,,,,,,,,,0,,,0,0,,3837.5,0,,53075.08036552403,0,,-49237.58036552403,,,61213.54,0,,61213.54,0,,,0,0,,0,0,,0,0,,,,,,,,,,,,,,,,,,,,,,,,,,,,,,,,,,,,,,,,,,,,,,,,,,,,,,,,,,,,,,,,,,,,,,,,,,,,,,,,,,,,,,,,,,,,,,,,,,,,,,,,,,,,,,,,,,,,,,,,,,,,,
HONORARIOS,199351.07,0.003007643119568888,,465931.07566342055,0.003695791557194836,,-266580.00566342054,,,232363.65,0.0037589803407738496,,379017.78343667975,0.003466640888360752,,-146654.13343667975,,,222803.15,0.0032903810380737345,,378857.04548481404,0.003061419689577792,,-156053.89548481404,,,654517.87,0.003342607324965152,,222835.93,0.0031199669068009772,,415119.4824469008,0.0033550905398399195,,-192283.5524469008,,,222457.97999999998,0.004002414750056893,,378839.963755129,0.003277961573930965,,-156381.98375512904,,,239931.41999999998,0.0041752615419491795,,379614.3252783916,0.003430184849649198,,-139682.9052783916,,,685225.33,0.003714593126517836,,226989.61,0.0035175491111031428,,510643.4645759582,0.00402333559840529,,-283653.8545759582,,,222087.7,0.004198337032727118,,392168.13923439063,0.003398158901286505,,-170080.43923439062,,,306416.48000000004,0.00518062618602802,,380505.92818870244,0.0035344140535041968,,-74089.4481887024,0.0016462121325238233,,755493.79,0.004278571009458957,,264035.19,0.00391905625464753,,380187.8256965785,0.0033506534987650673,,-116152.63569657848,,,,,,,,,0,,,,,,,,,0,,,264035.19,0.00391905625464753,,2359272.18,0.0037795076639523134,,4060885.033760966,0.0034632193605264854,,-1701612.8537609656,,,4692379.620000001,0.003013639320575464,,3951873.5400000005,0.0027981917422391727,,,264035.19,0.00391905625464753,,32580.92,0.000527695635296805,,182702.68,0.012362413347976765,,,,,,,,,,,,,,,,,,,,,,,,,,,,,,,,,,,,,,,,,,,,,,,,,,,,,,,,,,,,,,,,,,,,,,,,,,,,,,,,,,,,,,,,,,,,,,,,,,,,,,,,,,,,,,,,,,,,,,,,,,,,,
NO DEDUCIBLES,3569.12,0,,0,0,,3569.12,,,2844,0,,0,0,,2844,,,39.21,0,,0,0,,39.21,,,6452.33,0,,14750.39,0,,0,0,,14750.39,,,-1686.4,0,,0,0,,-1686.4,,,6557.4800000000005,0,,0,0,,6557.4800000000005,,,19621.47,0,,29186.2,0,,0,0,,29186.2,,,397.91,0,,0,0,,397.91,,,17332.58,0,,0,0,,17332.58,,,46916.69,0,,58380,0,,0,0,,58380,,,,,,,,,0,,,,,,,,,0,,,58380,0,,131370.49,0,,0,0,,131370.49,,,90716.87000000001,0,,59517.48000000001,0,,,58380,0.0008665303444829564,,0,0,,58380,0.0039502304577846556,,,,,,,,,,,,,,,,,,,,,,,,,,,,,,,,,,,,,,,,,,,,,,,,,,,,,,,,,,,,,,,,,,,,,,,,,,,,,,,,,,,,,,,,,,,,,,,,,,,,,,,,,,,,,,,,,,,,,,,,,,,,,
COMEDOR,226904,0.0034233388082775726,,412040.39244684175,0.003268327620045538,,-185136.39244684175,,,173904,0.0028132701357632124,,556464.195235576,0.005089633300635576,,-382560.195235576,-0.0022763631648723636,,181764,0.0026843104283060374,,406884.6260572464,0.003287901387722988,,-225120.6260572464,,,582572,0.002975181463753768,,234112,0.003277845240150412,,649340.0615943766,0.005248114795655331,,-415228.0615943766,-0.0019702695555049187,,160752,0.002892214412362935,,552926.7199117088,0.004784269650711401,,-392174.71991170885,-0.001892055238348466,,166464,0.002896789162999278,,471916.3838210438,0.004264223772106219,,-305452.3838210438,-0.0013674346091069414,,561328,0.003042948121199787,,197812,0.0030653976839095627,,579167.3630615118,0.004563232139228301,,-381355.3630615118,-0.0014978344553187384,,146132,0.0027624735060360352,,447239.47980514995,0.0038753551532096017,,-301107.47980514995,-0.0011128816471735665,,134336,0.0022712374978208095,,386567.2486224804,0.003590715978222995,,-252231.24862248037,-0.0013194784804021857,,478280,0.0027086323798955775,,180812,0.002683780141258176,,488169.78440333786,0.004302315028382439,,-307357.78440333786,-0.001618534887124263,,,,,,,,0,,,,,,,,,0,,,180812,0.002683780141258176,,1802992,0.0028883577485513813,,4950716.254959274,0.004222088594014937,,-3147724.254959274,-0.0013337308454635555,,6201398.4,0.003982793289174197,,5708219.4,0.004041802508682867,,,180812,0.002683780141258176,,35632,0.000577112336818474,,91664,0.006202362533099909,,,,,,,,,,,,,,,,,,,,,,,,,,,,,,,,,,,,,,,,,,,,,,,,,,,,,,,,,,,,,,,,,,,,,,,,,,,,,,,,,,,,,,,,,,,,,,,,,,,,,,,,,,,,,,,,,,,,,,,,,,,,,
CAPACITACION Y ADIESTRAMIENTO,24875,0,,10806.918094256695,0,,14068.081905743305,,,1483.33,0,,3133.739145622009,0,,-1650.409145622009,,,1483.33,0,,3133.739145622009,0,,-1650.409145622009,,,27841.66,0,,1483.33,0,,15489.610798792612,0,,-14006.280798792612,,,1483.33,0,,15489.610798792612,0,,-14006.280798792612,,,1483.33,0,,15489.610798792612,0,,-14006.280798792612,,,4449.99,0,,1483.33,0,,15489.610798792612,0,,-14006.280798792612,,,1483.33,0,,15489.610798792612,0,,-14006.280798792612,,,1483.33,0,,15489.610798792612,0,,-14006.280798792612,,,4449.99,0,,1483.33,0,,15489.610798792612,0,,-14006.280798792612,,,,,,,,,0,,,,,,,,,0,,,1483.33,0,,38224.970000000016,0,,125501.67197704897,0,,-87276.70197704896,,,17800.000000000015,0,,116808.37,0,,,1483.33,2.2016965671152855e-05,,0,0,,0,0,,,,,,,,,,,,,,,,,,,,,,,,,,,,,,,,,,,,,,,,,,,,,,,,,,,,,,,,,,,,,,,,,,,,,,,,,,,,,,,,,,,,,,,,,,,,,,,,,,,,,,,,,,,,,,,,,,,,,,,,,,,,,
EQUIPO DE TRABAJO,39300.33,0,,36373.190315553176,0,,2927.1396844468254,,,4439.36,0,,36373.190315553176,0,,-31933.830315553176,,,4439.36,0,,36373.190315553176,0,,-31933.830315553176,,,48179.05,0,,4439.36,0,,36373.190315553176,0,,-31933.830315553176,,,4439.36,0,,36373.190315553176,0,,-31933.830315553176,,,4439.36,0,,36373.190315553176,0,,-31933.830315553176,,,13318.079999999998,0,,4439.36,0,,36373.190315553176,0,,-31933.830315553176,,,4439.36,0,,36373.190315553176,0,,-31933.830315553176,,,4439.36,0,,36373.190315553176,0,,-31933.830315553176,,,13318.079999999998,0,,4439.36,0,,36373.190315553176,0,,-31933.830315553176,,,,,,,,,0,,,,,,,,,0,,,4439.36,0,,79254.57,0,,363731.9031555317,0,,-284477.33315553167,,,284066.97,0,,304835,0,,,4439.36,6.589311665097392e-05,,0,0,,0,0,,,,,,,,,,,,,,,,,,,,,,,,,,,,,,,,,,,,,,,,,,,,,,,,,,,,,,,,,,,,,,,,,,,,,,,,,,,,,,,,,,,,,,,,,,,,,,,,,,,,,,,,,,,,,,,,,,,,,,,,,,,,,
DONATIVOS,0,0,,0,0,,0,,,0,0,,0,0,,0,,,0,0,,0,0,,0,,,0,0,,0,0,,0,0,,0,,,0,0,,0,0,,0,,,0,0,,0,0,,0,,,0,0,,0,0,,0,0,,0,,,0,0,,0,0,,0,,,0,0,,0,0,,0,,,0,0,,0,0,,0,0,,0,,,,,,,,,0,,,,,,,,,0,,,0,0,,0,0,,0,0,,0,,,218975.38,0,,218975.38,0,,,0,0,,0,0,,0,0,,,,,,,,,,,,,,,,,,,,,,,,,,,,,,,,,,,,,,,,,,,,,,,,,,,,,,,,,,,,,,,,,,,,,,,,,,,,,,,,,,,,,,,,,,,,,,,,,,,,,,,,,,,,,,,,,,,,,,,,,,,,,
RECLUTAMIENTO,0,0,,0,0,,0,,,0,0,,0,0,,0,,,0,0,,0,0,,0,,,0,0,,0,0,,0,0,,0,,,0,0,,0,0,,0,,,0,0,,0,0,,0,,,0,0,,0,0,,0,0,,0,,,0,0,,0,0,,0,,,0,0,,0,0,,0,,,0,0,,0,0,,0,0,,0,,,,,,,,,0,,,,,,,,,0,,,0,0,,0,0,,0,0,,0,,,0,0,,0,0,,,0,0,,0,0,,0,0,,,,,,,,,,,,,,,,,,,,,,,,,,,,,,,,,,,,,,,,,,,,,,,,,,,,,,,,,,,,,,,,,,,,,,,,,,,,,,,,,,,,,,,,,,,,,,,,,,,,,,,,,,,,,,,,,,,,,,,,,,,,,
ARTICULOS DE LIMPIEZA,24804.03,0,,52799.77952187281,0,,-27995.749521872815,,,19965.21,0,,34194.35267477645,0,,-14229.142674776449,,,25789.72,0,,52472.720917419305,0,,-26683.000917419304,,,70558.95999999999,0,,32184.23,0,,76569.32306452352,0,,-44385.09306452352,,,17380.66,0,,54009.04740236988,0,,-36628.38740236987,,,26595.91,0,,29093.326957163037,0,,-2497.4169571630373,,,76160.8,0,,29843.79,0,,60085.41984019494,0,,-30241.62984019494,,,25589.06,0,,69406.74611473965,0,,-43817.686114739656,,,16058.27,0,,67850.21477948305,0,,-51791.94477948305,,,71491.12,0,,35220.71,0,,81840.94859771621,0,,-46620.23859771621,,,,,,,,,0,,,,,,,,,0,,,35220.71,0,,253431.58999999997,0,,578321.8798702587,0,,-324890.28987025877,,,604224.9600000001,0,,541327.29,0,,,35220.71,0.0005227785880307349,,9438,0.00015286220910677923,,0,0,,,,,,,,,,,,,,,,,,,,,,,,,,,,,,,,,,,,,,,,,,,,,,,,,,,,,,,,,,,,,,,,,,,,,,,,,,,,,,,,,,,,,,,,,,,,,,,,,,,,,,,,,,,,,,,,,,,,,,,,,,,,,
,,0,,0,0,,0,,,,0,,,0,,0,,,,0,,,0,,0,,,0,0,,,0,,,0,,0,,,,0,,0,0,,0,,,,0,,,0,,0,,,0,0,,,0,,,0,,0,,,,0,,,0,,0,,,,0,,,0,,0,,,0,0,,,0,,,0,,0,,,,,,,,,0,,,,,,,,,0,,,0,0,,0,0,,0,0,,0,,,0,0,,0,0,,,,0,,996948.4668899998,0.016147038039247948,,2051823.6031099996,0.13883480799942746,,,,,,,,,,,,,,,,,,,,,,,,,,,,,,,,,,,,,,,,,,,,,,,,,,,,,,,,,,,,,,,,,,,,,,,,,,,,,,,,,,,,,,,,,,,,,,,,,,,,,,,,,,,,,,,,,,,,,,,,,,,,,
GASTOS DE ADMON PLANTA,11455943.06,0.17283773958465312,,12263862.939752797,0.09727765216517709,,-807919.8797527932,0.07556008741947604,,11182177.260000004,0.1808956972718771,,12250679.918854415,0.1120493807225689,,-1068502.6588544163,0.0688463165493082,,11096973.290000001,0.16388130281563212,,12038691.207277253,0.09728072036127126,,-941717.9172772523,0.06660058245436086,,33735093.61000001,0.17228432740754826,,11266231.27,0.15774057947821227,,13055617.450460568,0.10551848432074533,,-1789386.1804605688,0.05222209515746694,,11497486.110000001,0.20686022589631647,,12560182.144922275,0.10867859352674117,,-1062696.0349222755,0.0981816323695753,,11578195.26,0.2014825461136198,,12708183.30930567,0.11483080313730834,,-1129988.0493056658,0.08665174297631145,,34341912.64,0.18616683747522877,,10934817.369999997,0.16945161992180477,,13033125.732483026,0.1026873784853679,,-2098308.3624830246,0.06676424143643687,,11242644.66,0.21253050674066945,,12593848.631168565,0.10912640407506974,,-1351203.971168563,0.10340410266559971,,11162844.649999999,0.18873177220870357,,12264511.62075279,0.11392164752360152,,-1101666.9707527899,0.07481012468510205,,33340306.679999996,0.1888154098626261,,11214691.840000002,0.16645890344956152,,12577436.721826695,0.11084687491050327,,-1362744.8818266983,0.05561202853905825,,0,,,0,,,0,,,0,,,0,,,0,,,11214691.840000002,0.16645890344956152,,112632004.76999998,0.18043425800686058,,125346139.67680407,0.10689816975535615,,-12714134.906804055,0.07353608825150443,,66083765.06999998,0.04244171379864259,11578195.26,117879723.91000001,0.08346675739588456,,,11214691.840000002,0.16645890344956152,,3819889.23689,0.061868691173364534,,7394802.603109999,0.5003627007898317,0,,,,,,,,,,,,,,,,,,,,,,,,,,,,,,,,,,,,,,,,,,,,,,,,,,,,,,,,,,,,,,,,,,,,,,,,,,,,,,,,,,,,,,,,,,,,,,,,,,,,,,,,,,,,,,,,,,,,,,,,,,,,
,,,,,,,,,,,,,,,,,,,,,,,,,,,,,,,,,,,,,,,,,,,,,,,,,,,,,,,,,,,,,,,,,,,,,,,,,,,,,,,,,,,,,,,,,,,,,,,,,,,,,,,,,,,,,,,,,,,,,,,,,,,,,,,,,,,,,,,,,,,,,,,,,,,,,,,,,,,,,,,,,,,,,,,,,,,,,,,,,,,,,,,,,,,,,,,,,,,,,,,,,,,,,,,,,,,,,,,,,,,,,,,,,,,,,,,,,,,,,,,,,,,,,,,,,,,,,,,,,,,,,,,,,,,,,
GASTOS DE VENTA:,,,,,,,,,,,,,,,,,,,,,,,,,,,,,,,,,,,,,,,,,,,,,,,,,,,,,,,,,,,,,,,,,,,,,,,,,,,,,,,,,,,,,,,,,,,,,,,,,,,,,,,,,,,,,,,,,,,,,,,,,,,,,,,,,,,,,,,,,,,,,,,,,,,,,,,,,,,,,,,,,,,,,,,,,,,,,,,,,,,,,,,,,,,,,,,,,,,,,,,,,,,,,,,,,,,,,,,,,,,,,,,,,,,,,,,,,,,,,,,,,,,,,,,,,,,,,,,,,,,,,,,,,,,,,
LABOR INDIRECTA,525328.45,0.007925718673876635,,455092.25,0.0036098173810364003,,70236.19999999995,0.004315901292840235,,454666.11,0.007355199357154703,,455092.25,0.004162446910857576,,-426.14000000001397,0.003192752446297127,,426039.73000000004,0.006291800852268263,,468745.0175,0.0037877749485419237,,-42705.28749999998,0.0025040259037263394,,1406034.29,0.007180583957021948,,494433.82999999996,0.006922659138509935,,516791.38179375004,0.00417682606922405,,-22357.551793750084,0.002745833069285885,,417404.23,0.007509844541823762,,516791.38179375004,0.0044716039840864445,,-99387.15179375006,0.0030382405577373175,,368074.18999999994,0.006405188658038598,,516791.38179375004,0.0046697130487849394,,-148717.1917937501,0.0017354756092536582,,1279912.25,0.006938379301296376,,340502.37,0.005276601906677638,,516791.38179375004,0.004071774746096979,,-176289.01179375005,0.0012048271605806593,,445043.51999999996,0.008413084971347948,,516791.38179375004,0.004478026281224689,,-71747.86179375008,0.003935058690123259,,382629.62,0.006469172379116001,,516791.38179375004,0.004800331840390798,,-134161.76179375005,0.001668840538725203,,1168175.5099999998,0.006615702123833381,,456192.31999999995,0.006771231384036982,,516791.38179375004,0.004554561546957094,,-60599.061793750094,0.002216669837079888,,0,,,0,,,0,,,0,,,0,,,0,,,456192.31999999995,0.006771231384036982,,4310314.37,0.006905038907150928,,4996469.19005625,0.004261107785474787,,-686154.8200562503,0.002643931121676141,,5675795.58,0.003645229525448416,,4661904.25,0.0033009411468818664,,,456192.31999999995,0.006771231384036982,,0,0,,456192.31999999995,0.030867845102285782,,,,,,,,,,,,,,,,,,,,,,,,,,,,,,,,,,,,,,,,,,,,,,,,,,,,,,,,,,,,,,,,,,,,,,,,,,,,,,,,,,,,,,,,,,,,,,,,,,,,,,,,,,,,,,,,,,,,,,,,,,,,,
MANTENIMIENTO INSTALACIONES,0,0,,0,0,,0,,,0,0,,0,0,,0,,,0,0,,0,0,,0,,,0,0,,0,0,,0,0,,0,,,0,0,,0,0,,0,,,0,0,,0,0,,0,,,0,0,,0,0,,0,0,,0,,,0,0,,0,0,,0,,,0,0,,0,0,,0,,,0,0,,0,0,,0,0,,0,,,0,,,0,,,0,,,0,,,0,,,0,,,0,0,,0,0,,0,0,,0,,,0,0,,0,0,,,0,0,,0,0,,0,0,,,,,,,,,,,,,,,,,,,,,,,,,,,,,,,,,,,,,,,,,,,,,,,,,,,,,,,,,,,,,,,,,,,,,,,,,,,,,,,,,,,,,,,,,,,,,,,,,,,,,,,,,,,,,,,,,,,,,,,,,,,,,
MANTENIMIENTO ACTIVO FIJO,52444.450000000004,0,,104692.08847204092,0,,-52247.63847204092,,,39137.06,0,,85304.39403541987,0,,-46167.33403541987,,,75518.74,0.0011152689273702839,,54282.17769144292,0,,21236.562308557084,0.0011152689273702839,,167100.25,0,,64860.42,0,,52133.10576068779,0,,12727.31423931221,,,124256.24999999999,0.0022355909542411414,,72136.24829928299,0,,52120.001700716995,0.0022355909542411414,,69767.8,0.0012140919776426197,,115044.81600712203,0.0010395418682077127,,-45277.01600712203,,,258884.46999999997,0.0014034076539818118,,132567.49,0.002054334806825188,,213117.5034146476,0.0016791426848935377,,-80550.0134146476,,,114667.95,0.0021676783583778007,,150334.35386874777,0.0013026556001350998,,-35666.40386874777,,,106908.98000000001,0.0018075250433969672,,116809.98922018269,0.0010850155987181948,,-9901.009220182677,,,354144.42,0.002005618138269087,,161208.87,0.0023928122243029827,,85198.37984707173,0,,76010.49015292827,0.0023928122243029827,,0,,,0,,,0,,,0,,,0,,,0,,,161208.87,0.0023928122243029827,,941338.0099999999,0.0015080049912531157,,1049053.0566166465,0,,-107715.04661664658,0.0015080049912531157,,1257257.3900000001,0,,1105941.9000000001,0,,,161208.87,0.0023928122243029827,,0,0,,161208.87,0.010908053928383813,,,,,,,,,,,,,,,,,,,,,,,,,,,,,,,,,,,,,,,,,,,,,,,,,,,,,,,,,,,,,,,,,,,,,,,,,,,,,,,,,,,,,,,,,,,,,,,,,,,,,,,,,,,,,,,,,,,,,,,,,,,,,
FLETES,1119499.3399999999,0.0168900748178222,,1990448.9869170575,0.015788353567962297,,-870949.6469170577,0.0011017212498599036,,1035860.26,0.016757261099698204,,1045366.1311955225,0.009561316466078995,,-9505.871195522486,0.0071959446336192084,,1242657.26,0.018351696935741988,,1088381.5142839688,0.008794854516530282,,154275.74571603118,0.009556842419211706,,3398016.86,0.017353591960126445,,940321.87,0.013165619728116603,,1327263.4977838448,0.010727246958010524,,-386941.62778384483,0.002438372770106079,,1005467.61,0.01809015074652953,,1078848.252916777,0.009334873443947402,,-73380.64291677705,0.008755277302582127,,1142581.3199999998,0.019883080940151683,,1064672.5959720092,0.009620352988158817,,77908.7240279906,0.010262727951992866,,3088370.8,0.016741997768556498,,1472219.74,0.022814283163821905,,1058007.179980202,0.0083359883086285,,414212.5600197979,0.014478294855193405,,991149.23,0.018736645556093234,,1320778.6235313648,0.011444620781647775,,-329629.39353136485,0.0072920247744454585,,1067633.09,0.018050621634724116,,1300754.8327019368,0.012082350944569928,,-233121.74270193675,0.0059682706901541885,,3531002.06,0.019997044645801598,,1108950.85,0.01646008157014675,,1420181.6253076205,0.012516278034416985,,-311230.7753076204,0.003943803535729765,,0,,,0,,,0,,,0,,,0,,,0,,,1108950.85,0.01646008157014675,,11126340.57,0.017824178919474458,,12694703.240590304,0.010826344915810913,,-1568362.6705903038,0.006997834003663545,,13539860.879999999,0.008695855929723242,,11483006.399999999,0.00813073934662382,,,1108950.85,0.01646008157014675,,1089591.83,0.017647532756780913,,19359.02,0.0013099107645916806,,,,,,,,,,,,,,,,,,,,,,,,,,,,,,,,,,,,,,,,,,,,,,,,,,,,,,,,,,,,,,,,,,,,,,,,,,,,,,,,,,,,,,,,,,,,,,,,,,,,,,,,,,,,,,,,,,,,,,,,,,,,,
HONORARIOS,140462.26,0.0021191777392922757,,158146.93080633017,0.0012544303700672812,,-17684.670806330163,,,107129.06,0.0017330422829284278,,170918.0847648897,0.0015632818487665051,,-63789.024764889706,,,114227.09,0.001686918030424354,,159164.35204693972,0.0012861549944566733,,-44937.26204693972,,,361818.41000000003,0.001847798086205415,,97243.69,0.0013615268179382612,,178193.04639697217,0.0014401969300687073,,-80949.35639697217,,,103222.39000000001,0.001857154399550536,,173803.41700784775,0.0015038564483072204,,-70581.02700784773,,,123967.40000000001,0.00215726776291088,,136620.40701632373,0.0012344983292098546,,-12653.007016323725,0.0009227694337010253,,324433.48000000004,0.0017587475565450303,,122282.65,0.0018949555744460582,,141484.73584639613,0.001114751512260077,,-19202.085846396134,,,103194.84999999999,0.0019507913330712146,,165933.8149072377,0.0014378258041366392,,-62738.96490723772,,,100602.65,0.0017009030420746683,,160906.4256086752,0.0014946151684879707,,-60303.775608675205,,,326080.15,0.001846682388415169,,120716.52,0.0017917870445423724,,230111.9878017937,0.002028012169046168,,-109395.4678017937,,,0,,,0,,,0,,,0,,,0,,,0,,,120716.52,0.0017917870445423724,,1133048.56,0.001815121524533101,,1675283.202203406,0.0014287213678793242,,-542234.642203406,,,1735464.3499999999,0.001114586633682664,,1517242.5599999998,0.001074309579846986,,,120716.52,0.0017917870445423724,,110131.41,0.0017837392058322142,,10585.11,0.0007162319959061484,,,,,,,,,,,,,,,,,,,,,,,,,,,,,,,,,,,,,,,,,,,,,,,,,,,,,,,,,,,,,,,,,,,,,,,,,,,,,,,,,,,,,,,,,,,,,,,,,,,,,,,,,,,,,,,,,,,,,,,,,,,,,
GASTOS DE VIAJE,92526.98,0.0013959701082692363,,155823.7218691899,0.0012360025458161145,,-63296.74186918991,,,175619.34,0.0028410194387963805,,130018.78274467753,0.001189201267631003,,45600.55725532246,0.0016518181711653774,,148015.41,0.0021859075978356204,,132109.5186757886,0.0010675337478207615,,15905.891324211407,0.0011183738500148588,,416161.73,0.00212532813973157,,175974.14,0.002463846352124463,,172032.2865899161,0.0013904042611603677,,3941.853410083917,0.0010734420909640952,,165553.51,0.0029786021177918244,,154613.5365417016,0.001337813536274279,,10939.973458298424,0.0016407885815175453,,167153.98,0.0029087961229827355,,186542.8073359736,0.0016855957979605492,,-19388.82733597359,0.0012232003250221863,,508681.63,0.0027575531779945863,,141018.02,0.002185288616957072,,205393.53410297135,0.0016182858976271758,,-64375.514102971356,,,162555.08,0.0030729347560532133,,214271.64798505927,0.0018566758363268525,,-51716.567985059286,0.0012162589197263608,,185829.12,0.0031418388632313225,,191723.53314704585,0.001780866734897078,,-5894.413147045852,0.0013609721283342445,,489402.22,0.0027716205985715042,,174597.93,0.0025915451255380455,,206297.19521932554,0.0018181287569652813,,-31699.26521932555,,,0,,,0,,,0,,,0,,,0,,,0,,,174597.93,0.0025915451255380455,,1588843.51,0.002545296076379748,,1748826.5642116494,0.0014914408965110595,,-159983.05421164935,0.0010538551798686883,,2144234.23,0.001377115474738988,,1732202.7299999997,0.0012265158097569462,,,174597.93,0.0025915451255380455,,0,0,,174597.93,0.011814012691883407,,,,,,,,,,,,,,,,,,,,,,,,,,,,,,,,,,,,,,,,,,,,,,,,,,,,,,,,,,,,,,,,,,,,,,,,,,,,,,,,,,,,,,,,,,,,,,,,,,,,,,,,,,,,,,,,,,,,,,,,,,,,,
COMBUSTIBLE ,299594.19,0.004520027929703684,,273290.44292852975,0.002167755198983378,,26303.74707147025,0.002352272730720306,,402393.76,0.006509581998260359,,257526.7142653311,0.0023554373344240186,,144867.0457346689,0.00415414466383634,,562628.34,0.008308956230730588,,318164.77697842015,0.0025709853475878023,,244463.56302157982,0.0057379708831427866,,1264616.29,0.006458365566434809,,469114.03,0.006568151954292295,,407633.223042128,0.0032945848802170817,,61480.806957872,0.003273567074075213,,271372.4,0.004882472170781822,,398646.38022091484,0.0034493391430991554,,-127273.98022091482,0.001433133027682667,,266437.84,0.004636523497722845,,384984.80836618977,0.0034787123906200317,,-118546.96836618974,0.001157811107102813,,1006924.27,0.005458516795148232,,178425.61,0.0027649760967188583,,560422.0864163545,0.004415538995067444,,-381996.47641635453,-0.001650562898348586,,214209.2,0.004049402182610067,,540223.3363624129,0.004681065480552537,,-326014.1363624129,,,190582.94,0.0032222123613397263,,404023.2046010644,0.0037528595128106116,,-213440.26460106438,,,583217.75,0.0033029239821440247,,302342,0.004487641613766118,,477232.1954768016,0.004205920383084141,,-174890.1954768016,,,0,,,0,,,0,,,0,,,0,,,0,,,302342,0.004487641613766118,,3157100.31,0.0050576126479443435,,4022147.168658147,0.0034301827876380146,,-865046.858658147,0.001627429860306329,,4436440.26,0.002849264529650317,,3687001.67,0.0026106446783254198,,,302342,0.004487641613766118,,0,0,,302342,0.02045770087474355,,,,,,,,,,,,,,,,,,,,,,,,,,,,,,,,,,,,,,,,,,,,,,,,,,,,,,,,,,,,,,,,,,,,,,,,,,,,,,,,,,,,,,,,,,,,,,,,,,,,,,,,,,,,,,,,,,,,,,,,,,,,,
GASTOS EXPORTACION,24183.989999999998,0,,576308.5067816251,0.004571311562918166,,-552124.5167816251,-0.004571311562918166,,31312.4,0,,740245.5962408271,0.00677056793506933,,-708933.1962408271,-0.00677056793506933,,32331.2,0,,67452.65071134758,0,,-35121.450711347585,,,87827.59,0,,25759.309999999998,0,,65407.06481812951,0,,-39647.75481812951,,,29253.67,0,,37842.163983221384,0,,-8588.493983221386,,,24292,0,,86460.28767223922,0,,-62168.287672239225,,,79304.98,0,,29671.23,0,,36692.904957585706,0,,-7021.674957585707,,,26498.38,0,,52410.28242309145,0,,-25911.902423091447,,,34272.759999999995,0,,85166.8581400061,0,,-50894.0981400061,,,90442.37,0,,36111.65,0,,39959.16094154944,0,,-3847.510941549437,,,0,,,0,,,0,,,0,,,0,,,0,,,36111.65,0,,293686.59,0,,1787945.4766696224,0.0015248024356486797,,-1494258.8866696223,-0.0015248024356486797,,754843.7199999999,0,,659011.1399999999,0,,,36111.65,0.0005360027494749563,,14468,0.00023433041336690845,,21643.65,0.001464498209106387,,,,,,,,,,,,,,,,,,,,,,,,,,,,,,,,,,,,,,,,,,,,,,,,,,,,,,,,,,,,,,,,,,,,,,,,,,,,,,,,,,,,,,,,,,,,,,,,,,,,,,,,,,,,,,,,,,,,,,,,,,,,,
TELEFONO,0,0,,0,0,,0,,,0,0,,0,0,,0,,,0,0,,0,0,,0,,,0,0,,0,0,,0,0,,0,,,0,0,,0,0,,0,,,0,0,,0,0,,0,,,0,0,,0,0,,0,0,,0,,,0,0,,0,0,,0,,,0,0,,0,0,,0,,,0,0,,559.48,0,,0,0,,559.48,,,0,,,0,,,0,,,0,,,0,,,0,,,559.48,0,,559.48,0,,0,0,,559.48,,,0,0,,0,0,,,559.48,8.304323349286134e-06,,0,0,,559.48,3.7856713540961964e-05,,,,,,,,,,,,,,,,,,,,,,,,,,,,,,,,,,,,,,,,,,,,,,,,,,,,,,,,,,,,,,,,,,,,,,,,,,,,,,,,,,,,,,,,,,,,,,,,,,,,,,,,,,,,,,,,,,,,,,,,,,,,,
DEPRECIACIONES Y AMORT.,502.74,0,,503,0,,-0.2599999999999909,,,502.74,0,,508.03000000000003,0,,-5.2900000000000205,,,502.74,0,,513.1103,0,,-10.370300000000043,,,1508.22,0,,502.74,0,,518.2414030000001,0,,-15.501403000000096,,,502.74,0,,523.4238170300001,0,,-20.683817030000114,,,502.74,0,,528.6580552003002,0,,-25.91805520030016,,,1508.22,0,,502.74,0,,528.6580552003002,0,,-25.91805520030016,,,502.74,0,,528.6580552003002,0,,-25.91805520030016,,,502.74,0,,528.6580552003002,0,,-25.91805520030016,,,1508.22,0,,502.74,0,,528.6580552003002,0,,-25.91805520030016,,,0,,,0,,,0,,,0,,,0,,,0,,,502.74,0,,5027.399999999999,0,,5209.095796031501,0,,-181.69579603150214,,,2513.7,0,,1508.22,0,,,502.74,7.462135412561862e-06,,0,0,,502.74,3.40174522155988e-05,,,,,,,,,,,,,,,,,,,,,,,,,,,,,,,,,,,,,,,,,,,,,,,,,,,,,,,,,,,,,,,,,,,,,,,,,,,,,,,,,,,,,,,,,,,,,,,,,,,,,,,,,,,,,,,,,,,,,,,,,,,,,
SERVICIOS CALIDAD,0,0,,209906.32681483944,0.0016649888169392349,,-209906.32681483944,,,1332.17,0,,209906.32681483944,0.0019198831481307126,,-208574.15681483943,-0.0019198831481307126,,0,0,,209906.32681483944,0.0016961842719740538,,-209906.32681483944,,,1332.17,0,,0,0,,209906.32681483944,0.0016965109110220998,,-209906.32681483944,,,0,0,,209906.32681483944,0.001816241524795371,,-209906.32681483944,,,0,0,,209906.32681483944,0.0018967079326043556,,-209906.32681483944,,,0,0,,0,0,,209906.32681483944,0.0016538419770160703,,-209906.32681483944,,,0,0,,209906.32681483944,0.001818850083779701,,-209906.32681483944,,,0,0,,209906.32681483944,0.0019497616632293006,,-209906.32681483944,,,0,0,,0,0,,209906.32681483944,0.0018499365861240809,,-209906.32681483944,,,0,,,0,,,0,,,0,,,0,,,0,,,0,0,,1332.17,0,,2099063.2681483943,0.0017901310893524349,,-2097731.0981483944,-0.0017901310893524349,,1478518.130000001,0,,2180476.650000001,0.0015439238362306847,,,0,0,,0,0,,0,0,,,,,,,,,,,,,,,,,,,,,,,,,,,,,,,,,,,,,,,,,,,,,,,,,,,,,,,,,,,,,,,,,,,,,,,,,,,,,,,,,,,,,,,,,,,,,,,,,,,,,,,,,,,,,,,,,,,,,,,,,,,,,
DIVERSOS,0,0,,0,0,,0,,,0,0,,0,0,,0,,,0,0,,0,0,,0,,,0,0,,0,0,,0,0,,0,,,0,0,,0,0,,0,,,0,0,,0,0,,0,,,0,0,,0,0,,0,0,,0,,,0,0,,0,0,,0,,,0,0,,0,0,,0,,,0,0,,0,0,,0,0,,0,,,0,,,0,,,0,,,0,,,0,,,0,,,0,0,,0,0,,0,0,,0,,,0,0,,0,0,,,0,0,,0,0,,0,0,,,,,,,,,,,,,,,,,,,,,,,,,,,,,,,,,,,,,,,,,,,,,,,,,,,,,,,,,,,,,,,,,,,,,,,,,,,,,,,,,,,,,,,,,,,,,,,,,,,,,,,,,,,,,,,,,,,,,,,,,,,,,
EQUIPOS MENORES,0,0,,0,0,,0,,,0,0,,0,0,,0,,,0,0,,0,0,,0,,,0,0,,0,0,,0,0,,0,,,0,0,,0,0,,0,,,0,0,,0,0,,0,,,0,0,,0,0,,0,0,,0,,,0,0,,0,0,,0,,,0,0,,0,0,,0,,,0,0,,0,0,,0,0,,0,,,0,,,0,,,0,,,0,,,0,,,0,,,0,0,,0,0,,0,0,,0,,,0,0,,0,0,,,0,0,,0,0,,0,0,,,,,,,,,,,,,,,,,,,,,,,,,,,,,,,,,,,,,,,,,,,,,,,,,,,,,,,,,,,,,,,,,,,,,,,,,,,,,,,,,,,,,,,,,,,,,,,,,,,,,,,,,,,,,,,,,,,,,,,,,,,,,
ARRENDAM MAQ Y EQUIPO,0,0,,16644.911401201054,0,,-16644.911401201054,,,0,0,,15812.01540510863,0,,-15812.01540510863,,,0,0,,16978.519799953687,0,,-16978.519799953687,,,0,0,,0,0,,18568.543407466128,0,,-18568.543407466128,,,0,0,,18982.47093387552,0,,-18982.47093387552,,,0,0,,18574.898480326483,0,,-18574.898480326483,,,0,0,,0,0,,20367.674467621076,0,,-20367.674467621076,,,0,0,,19441.87237207958,0,,-19441.87237207958,,,0,0,,19116.316976598846,0,,-19116.316976598846,,,0,0,,0,0,,20741.524074767876,0,,-20741.524074767876,,,0,,,0,,,0,,,0,,,0,,,0,,,0,0,,0,0,,185228.7473189989,0,,-185228.7473189989,,,102091.61,0,,102091.61,0,,,0,0,,0,0,,0,0,,,,,,,,,,,,,,,,,,,,,,,,,,,,,,,,,,,,,,,,,,,,,,,,,,,,,,,,,,,,,,,,,,,,,,,,,,,,,,,,,,,,,,,,,,,,,,,,,,,,,,,,,,,,,,,,,,,,,,,,,,,,,
GASTOS DE VENTA,2254542.4000000004,0.03401466035339729,,3940857.165990814,0.031259101190968405,,-1686314.765990814,0.0027555591624288875,,2247952.9,0.036365458874852256,,3110698.325466616,0.02845163070882519,,-862745.4254666159,0.007913828166027065,,2601920.5100000002,0.03842544375462888,,2515697.9648027015,0.020328531234313493,,86222.54519729908,0.018096912520315384,,7104415.8100000005,0.036282083980540114,,2268210.0300000007,0.03175762648004769,,2948446.7178107346,0.023830020291601733,,-680236.687810734,0.00792760618844596,,2117032.8000000003,0.038089185674859784,,2662093.6023292406,0.02303410772228638,,-545060.8023292406,0.015055077952573402,,2162777.27,0.0376364244384201,,2720126.987513974,0.024578994417162107,,-557349.7175139742,0.013057430021257994,,6548020.1000000015,0.035496689031855606,,2417189.85,0.037458031705658416,,2962711.9858495677,0.02334306698782296,,-545522.1358495682,0.014114964717835455,,2057820.95,0.03890096525429683,,3190620.2981137834,0.02764690366695133,,-1132799.3481137834,0.011254061587345498,,2068961.9,0.03498022755510501,,3005727.5270593,0.027919369517350467,,-936765.6270592994,0.007060858037754546,,6543972.699999999,0.03706033358779938,,2361182.3600000003,0.03504686817057006,,3206948.43533272,0.028263327410653172,,-845766.07533272,0.0067835407599168875,,0,,,0,,,0,,,0,,,0,,,0,,,2361182.3600000003,0.03504686817057006,,22557590.97,0.03613681739400517,,30263929.01026945,0.025809798603654274,,-7706338.04026945,0.010327018790350896,,31127019.850000005,0.01999105327123831,,27130387.13,0.019210135259266903,,,2361182.3600000003,0.03504686817057006,,1214191.24,0.019665602375980033,,1146991.1199999999,0.07761012773265732,0,,,,,,,,,,,,,,,,,,,,,,,,,,,,,,,,,,,,,,,,,,,,,,,,,,,,,,,,,,,,,,,,,,,,,,,,,,,,,,,,,,,,,,,,,,,,,,,,,,,,,,,,,,,,,,,,,,,,,,,,,,,,
,,,,,,,,,,,,,,,,,,,,,,,,,,,,,0,,,,,,,,,,,,,,,,,,,,,,,,,,,,,,0,,,,,,,,,,,,,,,,,,,,,,,,,,,,,,0,,,,,,,,,,,,,,,,,,,,,,,,,,,,,,0,,,,,,,,,,,,,,,,,,,,,,,,,,,,,,,,,,,,,,,,,,,,,,,,,,,,,,,,,,,,,,,,,,,,,,,,,,,,,,,,,,,,,,,,,,,,,,,,,,,,,,,,,,,,,,,,,,,,,,,,,,,,,,,,,,,,,,,,,,,,,,,,,,,,,,
GASTOS DE ADMON CORPORATIVO,1830044.8922817037,0.027610195063278328,,3000561.330267141,0.023800621616527264,,-1170516.4379854375,0.0038095734467510634,,1805310.3249507253,0.029204765979901876,,2680031.200716367,0.024512585288859044,,-874720.8757656417,0.004692180691042831,,1997900.5125417768,0.02950521104582793,,3039917.7227349775,0.024564579389484736,,-1042017.2101932007,0.004940631656343196,,5633255.729774206,0.028768904148858722,,1933375.0273811463,0.027069539925022906,,2988176.600268592,0.02415112628257473,,-1054801.5728874458,0.002918413642448176,,1637038.658532765,0.029453237295982312,,2977110.2670135098,0.025759829981753125,,-1340071.6084807448,0.003693407314229187,,1596029.1971500423,0.027773933596060892,,2858488.8799724774,0.025829228762064383,,-1262459.6828224352,0.0019447048339965092,,5166442.883063953,0.02800718593105184,,1484805.1857700835,0.023009313780339522,,3043523.7966624405,0.02397977940611469,,-1558718.610892357,-0.000970465625775168,,1461891.0757264795,0.02763553065314181,,2986353.135602476,0.02587691725784769,,-1524462.0598759966,0.0017586133952941195,,1471931.7017175485,0.024886154680592625,,2963531.589014543,0.027527423149691727,,-1491599.8872969947,-0.002641268469099102,,4418627.9632141115,0.02502391648380402,,1385367.8538282816,0.02056292024003828,,2799475.0940086814,0.024672202486388746,,-1414107.2401803997,-0.004109282246350467,,,,,,,,,,,,,,,,,,,,1385367.8538282816,0.02056292024003828,,16603694.429880552,0.02659879215277988,,29337169.616261203,0.025019436145915196,,-12733475.18638065,0.001579356006864683,,39097471.74210281,0.025110005523613005,,33379215.304712076,0.018567502800001977,,,1385367.8538282816,0.02056292024003828,,5034080.47689,0.08153429354934456,,8541793.723109998,0.577972828522489,-12190506.346171716,,,,,,,,,,,,,,,,,,,,,,,,,,,,,,,,,,,,,,,,,,,,,,,,,,,,,,,,,,,,,,,,,,,,,,,,,,,,,,,,,,,,,,,,,,,,,,,,,,,,,,,,,,,,,,,,,,,,,,,,,,,,
,,,,,,,,,,,,,,,,,,,,,,,,,,,,,0,,,,,,,,,,,,,,,,,,,,,,,,,,,,,,0,,,,,,,,,,,,,,,,,,,,,,,,,,,,,,0,,,,,,,,,,,,,,,,,,,,,,,,,,,,,,0,,,,,,,,,,,,,,,,,,,,,,,,,,,,,,,,,,,,,,,,,,,,,,,,,,,,,,,,,,,,,,,,,,,,,,,,,,,,,,,,,,,,,,,,,,,,,,,,,,,,,,,,,,,,,,,,,,,,,,,,,,,,,,,,,,,,,,,,,,,,,,,,,,,,,,
GASTOS MONTERREY IV,363958.3526242638,0.005491100875856819,,,,,363958.3526242638,,,385238.9746536683,0.006232066556980898,,,,,385238.9746536683,,,396319.7094013591,0.005852892370817579,,,,,396319.7094013591,,,1145517.0366792912,0.005850128488740228,,427347.2129028104,0.005983367053824759,,,,,427347.2129028104,,,333849.20923027757,0.0060065410974157575,,,,,333849.20923027757,,,375782.9970306627,0.006539336513827696,,,,,375782.9970306627,,,1136979.4191637507,0.006163543217846179,,368583.72960667417,0.005711765267339936,,,,,368583.72960667417,,,355930.45424425876,0.006728495126605645,,,,,355930.45424425876,,,377217.70330965926,0.006377672348430376,,,,,377217.70330965926,,,1101731.8871605922,0.006239413447199634,,365978.5819052362,0.005432195043708944,,,,,365978.5819052362,,,,,,,,,,,,,,,,,,,,,365978.5819052362,0.005432195043708944,,3750206.9249088704,0.0060077577882938936,,0,0,,3750206.9249088704,,,0,0,,0,,,,,,,,,,,,,,,,,,,,,,,,,,,,,,,,,,,,,,,,,,,,,,,,,,,,,,,,,,,,,,,,,,,,,,,,,,,,,,,,,,,,,,,,,,,,,,,,,,,,,,,,,,,,,,,,,,,,,,,,,,,,,,,,,,,,,,,,
,,,,,,,,,,,,,,,,,,,,,,,,,,,,,0,,,,,,,,,,,,,,,,,,,,,,,,,,,,,,0,,,,,,,,,,,,,,,,,,,,,,,,,,,,,,0,,,,,,,,,,,,,,,,,,,,,,,,,,,,,,0,,,,,,,,,,,,,,,,,,,,,,,,,,,,,,,,,,,,,,,,,,,,,,,,,,,,,,,,,,,,,,,,,,,,,,,,,,,,,,,,,,,,,,,,,,,,,,,,,,,,,,,,,,,,,,,,,,,,,,,,,,,,,,,,,,,,,,,,,,,,,,,,,,,,,,
GASTOS HACIENDA SAN JOSE,264886.33605611435,0.003996384700152272,,,,,264886.33605611435,,,283782.6256587641,0.004590792539644126,,,,,283782.6256587641,,,281703.8028476299,0.004160232255437605,,,,,281703.8028476299,,,830372.7645625083,0.004240694123871979,,316825.953160208,0.004435938535924281,,,,,316825.953160208,,,257414.04998646697,0.0046313366260797555,,,,,257414.04998646697,,,286812.0897182152,0.0049910740659416,,,,,286812.0897182152,,,861052.0928648901,0.0046677465728386285,,271214.5470373682,0.004202881747977521,,,,,271214.5470373682,,,261085.4632114403,0.00493554919478793,,,,,261085.4632114403,,,284816.65305393364,0.00481543489771851,,,,,284816.65305393364,,,817116.6633027422,0.004627558443535251,,268435.0078610463,0.003984362450036272,,,,,268435.0078610463,,,,,,,,,,,,,,,,,,,,,268435.0078610463,0.003984362450036272,,2776976.5285911867,0.004448661820962972,,0,0,,2776976.5285911867,,,0,0,,0,,,,,,,,,,,,,,,,,,,,,,,,,,,,,,,,,,,,,,,,,,,,,,,,,,,,,,,,,,,,,,,,,,,,,,,,,,,,,,,,,,,,,,,,,,,,,,,,,,,,,,,,,,,,,,,,,,,,,,,,,,,,,,,,,,,,,,,,
,,,,,,,,,,,,,,,,,,,,,,,,,,,,,,,,,,,,,,,,,,,,,,,,,,,,,,,,,,,,,,,,,,,,,,,,,,,,,,,,,,,,,,,,,,,,,,,,,,,,,,,,,,,,,,,,,,,,,,,,,,,,,,,,,,,,,,,,,,,,,,,,,,,,,,,,,,,,,,,,,,,,,,,,,,,,,,,,,,,,,,,,,,,,,,,,,,,,,,,,,,,,,,,,,,,,,,,,,,,,,,,,,,,,,,,,,,,,,,,,,,,,,,,,,,,,,,,,,,,,,,,,,,,,,
TOTAL DE GASTOS,16169375.040962083,0.24395008057733783,,19205281.436010752,0.15233737497267275,,-3035906.3950486667,0.09161270560466508,,15904462.085263161,0.25728878122325627,,18041409.4450374,0.16501359672025312,,-2136947.3597742417,0.09227518450300315,,16374817.824790766,0.2418250822423441,,17594306.89481493,0.14217383098506947,,-1219489.070024165,0.09965125125727464,,48448654.95101602,0.24742613814955933,,16211989.493444165,0.22698705147303191,,18992240.768539894,0.1534996308949218,,-2780251.27509573,0.07348742057811011,,15842820.827749511,0.2850405265906541,,18199386.014265027,0.15747253123078067,,-2356565.1865155166,0.12756799535987343,,15999596.81389892,0.2784233147278701,,18286799.176792122,0.16523902631653484,,-2287202.362893197,0.11318428841133524,,48054407.135092594,0.26050200222882103,,15476610.682414124,0.23983361242312018,,19039361.51499503,0.15001022487930551,,-3562750.8325809077,0.08982338754381466,,15379372.603182176,0.29073104696950164,,18770822.064884827,0.16265022499986878,,-3391449.461702644,0.12808082196963286,,15365772.60808114,0.2597912616905501,,18233770.736826632,0.1693684401906437,,-2867998.1287454907,0.09042282149990641,,46221755.89367744,0.2617666318249644,,15595655.643594567,0.2314852493539151,,18583860.251168095,0.16378240480754516,,-2988204.6075735358,0.06770284454636993,,,,,,,,,,,,,,,,,,,,15595655.643594567,0.2314852493539151,,158320473.6233806,0.25362628716290253,,184947238.30333474,0.15772740450492564,,-26626764.6799541,0.09589888265797689,,136308256.6621028,0.0875427725934939,,178389326.3447121,0.12631161772483798,,,14961242.053828284,0.22206869186016986,,10068160.95378,0.16306858709868913,,17083587.446219996,1.155945657044978,,,,,,,,,,,,,,,,,,,,,,,,,,,,,,,,,,,,,,,,,,,,,,,,,,,,,,,,,,,,,,,,,,,,,,,,,,,,,,,,,,,,,,,,,,,,,,,,,,,,,,,,,,,,,,,,,,,,,,,,,,,,,
,,,,,,,,,,,,,,,,,,,,,,,,,,,,,0,,,,,,,,,,,,,,,,,,,,,,,,,,,,,,0,,,,,,,,,,,,,,,,,,,,,,,,,,,,,,0,,,,,,,,,,,,,,,,,,,,,,,,,,,,,,0,,,,,,,,,,,,,,,,,,,,,,,,,,,,,,,,,,,,,,,,,,,,,,,,,,,,,,,,,,,,,,,,,,,,,,,,,,,,,,,,,,,,,,,,,,,,,,,,,,,,,,,,,,,,,,,,,,,,,,,,,,,,,,,,,,,,,,,,,,,,,,,,,,,,,,
MARGEN DE OPERACIÓN,-1630585.670962086,-0.02460092024656169,,8454405.244759824,0.06706081898529213,,-10084990.915721904,-0.09166173923185382,,2277974.464736851,0.03685112206548079,,5467196.956145,0.05000506398681959,,-3189222.4914081297,-0.0131539419213388,,-1876349.6913907807,-0.027710135360957545,,10060698.48884087,0.08129720909697997,,-11937048.180231666,-0.10900734445793753,,-1228960.8976160157,-0.0062762743184797114,,-276696.7534441706,-0.0038740822180923945,,7964003.066420373,0.06436689309281197,,-8240699.81986452,-0.06824097531090437,,1258764.851850504,0.02264741867160547,,5944274.161033783,0.05143359769027447,,-4685509.309183271,-0.028786179018668995,,-155416.9734989237,-0.002704549960218595,,5050853.825162433,0.04563937953647892,,-5206270.798661355,-0.04834392949669751,,826651.1249074098,0.004481259597641117,,8430427.227585865,0.1306422871100329,,8769759.403163828,0.06909651771515056,,-339332.1755779623,0.061545769394882335,,-431355.0431821812,-0.008154318550938915,,4606312.662834808,0.03991395733442127,,-5037667.706016981,-0.04806827588536018,,1348893.2619188651,0.022805926609605415,,4320928.063940328,0.040135902602278596,,-2972034.802021472,-0.01732997599267318,,9347965.44632255,0.0529401227190229,,2152275.5564054362,0.03194607878236124,,4552670.851374529,0.0401233850372108,,-2400395.294969115,-0.00817730625484956,,,,,,,,,,,,,,,,,,,,2152275.5564054362,0.03194607878236124,,11097931.23001939,0.01777866771517393,,65191102.7236757,0.05559652322331518,,-54093171.49365641,-0.03781785550814125,,165372563.31789723,0.10620906655441714,,91695593.66528764,0.06492663553042906,,,2786689.146171719,0.04136263627610646,,4374983.686220024,0.07085925737250616,,-13778800.886220027,-0.9323302318002151,12190506.346171722,,,,,,,,,,,,,,,,,,,,,,,,,,,,,,,,,,,,,,,,,,,,,,,,,,,,,,,,,,,,,,,,,,,,,,,,,,,,,,,,,,,,,,,,,,,,,,,,,,,,,,,,,,,,,,,,,,,,,,,,,,,,
,,,,,,,,,,,,,,,,,,,,,,,,,,,,,0,,,,,,,,,,,,,,,,,,,,,,,,,,,,,,0,,,,,,,,,,,,,,,,,,,,,,,,,,,,,,0,,,,,,,,,,,,,,,,,,,,,,,,,,,,,,0,,,,,,,,,,,,,,,,,,,,,,,,,,,,,,,,,,,,,,,,,,,,,,,,,,,,,,,,,,,,,,,,,,,,,,,,,,,,,,,,,,,,,,,,,,,,,,,,,,,,,,,,,,,,,,,,,,,,,,,,,,,,,,,,,,,,,,,,,,,,,,,,,,,,,,
MANTENIMIENTO MAYORES FABRIC,0,0,,0,0,,0,,,0,0,,0,0,,0,,,0,0,,0,0,,0,,,0,0,,0,0,,0,0,,0,,,0,0,,0,0,,0,,,0,0,,0,0,,0,,,0,0,,0,0,,0,0,,0,,,0,0,,0,0,,0,,,0,0,,0,0,,0,,,0,0,,0,0,,0,0,,0,,,,,,,,,,,,,,,,,,,,,0,0,,0,0,,0,0,,0,,,90885.11,0,,90885.11,0,,,15595655.643594567,0.2314852493539151,,0,0,,0,0,,,,,,,,,,,,,,,,,,,,,,,,,,,,,,,,,,,,,,,,,,,,,,,,,,,,,,,,,,,,,,,,,,,,,,,,,,,,,,,,,,,,,,,,,,,,,,,,,,,,,,,,,,,,,,,,,,,,,,,,,,,,,
FLETES ACTIVOS FIJOS FABRIC,0,0,,0,0,,0,,,0,0,,0,0,,0,,,0,0,,0,0,,0,,,0,0,,0,0,,0,0,,0,,,0,0,,0,0,,0,,,0,0,,0,0,,0,,,0,0,,0,0,,0,0,,0,,,0,0,,0,0,,0,,,0,0,,0,0,,0,,,0,0,,0,0,,0,0,,0,,,,,,,,,,,,,,,,,,,,,0,0,,0,0,,0,0,,0,,,126474.18,0,,126474.18,0,,,0,0,,0,0,,0,0,,,,,,,,,,,,,,,,,,,,,,,,,,,,,,,,,,,,,,,,,,,,,,,,,,,,,,,,,,,,,,,,,,,,,,,,,,,,,,,,,,,,,,,,,,,,,,,,,,,,,,,,,,,,,,,,,,,,,,,,,,,,,
GASTOS DE IMPORTACION ACTIVOS FIJOS,0,0,,0,0,,0,,,0,0,,0,0,,0,,,0,0,,0,0,,0,,,0,0,,0,0,,0,0,,0,,,0,0,,0,0,,0,,,0,0,,0,0,,0,,,0,0,,0,0,,0,0,,0,,,0,0,,0,0,,0,,,0,0,,0,0,,0,,,0,0,,0,0,,0,0,,0,,,,,,,,,,,,,,,,,,,,,0,0,,0,0,,0,0,,0,,,76368.18,0,,76368.18,0,,,2152275.5564054362,0.03194607878236124,,0,0,,0,0,,,,,,,,,,,,,,,,,,,,,,,,,,,,,,,,,,,,,,,,,,,,,,,,,,,,,,,,,,,,,,,,,,,,,,,,,,,,,,,,,,,,,,,,,,,,,,,,,,,,,,,,,,,,,,,,,,,,,,,,,,,,,
MANTENIMIENTO MAYORES ADMON,0,0,,0,0,,0,,,0,0,,0,0,,0,,,0,0,,0,0,,0,,,0,0,,0,0,,0,0,,0,,,0,0,,0,0,,0,,,0,0,,0,0,,0,,,0,0,,0,0,,0,0,,0,,,0,0,,0,0,,0,,,0,0,,0,0,,0,,,0,0,,0,0,,0,0,,0,,,,,,,,,,,,,,,,,,,,,0,0,,0,0,,0,0,,0,,,0,0,,0,0,,,0,0,,0,0,,0,0,,,,,,,,,,,,,,,,,,,,,,,,,,,,,,,,,,,,,,,,,,,,,,,,,,,,,,,,,,,,,,,,,,,,,,,,,,,,,,,,,,,,,,,,,,,,,,,,,,,,,,,,,,,,,,,,,,,,,,,,,,,,,
MANTENIMIENTO MAYORES VENTA,0,0,,0,0,,0,,,0,0,,0,0,,0,,,0,0,,0,0,,0,,,0,0,,0,0,,0,0,,0,,,0,0,,0,0,,0,,,0,0,,0,0,,0,,,0,0,,0,0,,0,0,,0,,,0,0,,0,0,,0,,,0,0,,0,0,,0,,,0,0,,0,0,,0,0,,0,,,,,,,,,,,,,,,,,,,,,0,0,,0,0,,0,0,,0,,,0,0,,0,0,,,0,0,,0,0,,0,0,,,,,,,,,,,,,,,,,,,,,,,,,,,,,,,,,,,,,,,,,,,,,,,,,,,,,,,,,,,,,,,,,,,,,,,,,,,,,,,,,,,,,,,,,,,,,,,,,,,,,,,,,,,,,,,,,,,,,,,,,,,,,
MTTO MAYORES,0,0,,0,0,,0,,,0,0,,0,0,,0,,,0,0,,0,0,,0,,,0,0,,0,0,,0,0,,0,,,0,0,,0,0,,0,,,0,0,,0,0,,0,,,0,0,,0,0,,0,0,,0,,,0,0,,0,0,,0,,,0,0,,0,0,,0,,,0,0,,0,0,,0,0,,0,,,,,,,,,,,,,,,,,,,,,0,0,,0,0,,0,0,,0,,,293727.47,0,,293727.47,0,,,17747931.200000003,0.26343132813627634,,0,0,,0,0,,,,,,,,,,,,,,,,,,,,,,,,,,,,,,,,,,,,,,,,,,,,,,,,,,,,,,,,,,,,,,,,,,,,,,,,,,,,,,,,,,,,,,,,,,,,,,,,,,,,,,,,,,,,,,,,,,,,,,,,,,,,,
,,,,,,,,,,,,,,,,,,,,,,,,,,,,,0,,,,,,,,,,,,,,,,,,,,,,,,,,,,,,0,,,,,,,,,,,,,,,,,,,,,,,,,,,,,,0,,,,,,,,,,,,,,,,,,,,,,,,,,,,,,0,,,,,,,,,,,,,,,,,,,,,,,,,,,,,,,,,,,,,,,,,,,,,,,,,,,,,,,,,,,,,,,,,,,,,,,,,,,,,,,,,,,,,,,,,,,,,,,,,,,,,,,,,,,,,,,,,,,,,,,,,,,,,,,,,,,,,,,,,,,,,,,,,,,,,,
MARGEN,-1630585.670962086,-0.02460092024656169,,8454405.244759824,0.06706081898529213,,-10084990.915721904,-0.09166173923185382,,2277974.464736851,0.03685112206548079,,5467196.956145,0.05000506398681959,,-3189222.4914081297,-0.0131539419213388,,-1876349.6913907807,-0.027710135360957545,,10060698.48884087,0.08129720909697997,,-11937048.180231666,-0.10900734445793753,,-1228960.8976160157,-0.0062762743184797114,,-276696.7534441706,-0.0038740822180923945,,7964003.066420373,0.06436689309281197,,-8240699.81986452,-0.06824097531090437,,1258764.851850504,0.02264741867160547,,5944274.161033783,0.05143359769027447,,-4685509.309183271,-0.028786179018668995,,-155416.9734989237,-0.002704549960218595,,5050853.825162433,0.04563937953647892,,-5206270.798661355,-0.04834392949669751,,826651.1249074098,0.004481259597641117,,8430427.227585865,0.1306422871100329,,8769759.403163828,0.06909651771515056,,-339332.1755779623,0.061545769394882335,,-431355.0431821812,-0.008154318550938915,,4606312.662834808,0.03991395733442127,,-5037667.706016981,-0.04806827588536018,,1348893.2619188651,0.022805926609605415,,4320928.063940328,0.040135902602278596,,-2972034.802021472,-0.01732997599267318,,9347965.44632255,0.0529401227190229,,2152275.5564054362,0.03194607878236124,,4552670.851374529,0.0401233850372108,,-2400395.294969115,-0.00817730625484956,,,,,,,,,,,,,,,,,,,,2152275.5564054362,0.03194607878236124,,11097931.23001939,0.01777866771517393,,65191102.7236757,0.05559652322331518,,-54093171.49365641,-0.03781785550814125,,165078835.84789723,0.10602042268396977,,91401866.19528764,0.06471865676473636,,,-14961242.053828284,-0.22206869186016986,,4374983.686220024,0.07085925737250616,,-13778800.886220027,-0.9323302318002151,-5557424.853828281,,,,,,,,,,,,,,,,,,,,,,,,,,,,,,,,,,,,,,,,,,,,,,,,,,,,,,,,,,,,,,,,,,,,,,,,,,,,,,,,,,,,,,,,,,,,,,,,,,,,,,,,,,,,,,,,,,,,,,,,,,,,
,,,,,,,,,,,,,,,,,,,,,,,,,,,,,,,,,,,,,,,,,,,,,,,,,,,,,,,,,,,,,,,,,,,,,,,,,,,,,,,,,,,,,,,,,,,,,,,,,,,,,,,,,,,,,,,,,,,,,,,,,,,,,,,,,,,,,,,,,,,,,,,,,,,,,,,,,,,,,,,,,,,,,,,,,,,,,,,,,,,,,,,,,,,,,,,,,,,,,,,,,,,,,,,,,,,,,,,,,,,,,,,,,,,,,,,,,,,,,,,,,,,,,,,,,,,,,,,,,,,,,,,,,,,,,
OTROS INGRESOS 16%,16784.079999999998,0.0002622037101730631,,49263.03320177387,0.00039322992382142283,,-32478.95320177387,-0.6592966589926575,,55773.979999999996,0.0009191350285334311,,20981.970887277526,0.00019318603728687577,,34792.00911272247,1.6581859397116359,,21187.77,0.00031906191538723686,,24167.09474885845,0.00019643378068833408,,-2979.3247488584493,-0.12328021964655805,,93745.83,0.010039264314531879,,35948.09,0.000562499258854159,,18052.839386609143,0.00014679007343820264,,17895.250613390854,0.9912706932220766,,15324.4,0.0002784906609661644,,29899.179234187348,0.0002604934101364761,,-14574.779234187348,-0.48746419157627713,,15152.56,0.00026591407037984693,,18994.72542715837,0.00017291077917457176,,-3842.16542715837,-0.20227538649571108,,66425.04999999999,0.000377592396906221,,18874.08,0.00029939886745873937,,13307.344110786333,0.00010562671413307393,,5566.735889213669,0.41832057868718703,,0,0,,32854.0833167882,0.00028679740033112885,,-32854.0833167882,,,19363.06,0.0003273739574243256,,20986.105619018683,0.0001963821649586722,,-1623.0456190186815,-0.07733905701626673,,38237.14,0.00021839124644094915,,33005.11,0.0004984907647696807,,23987.80324021424,0.00021297863281804108,,9017.306759785759,0.37591215291730995,,,,,,,,,,,,,,,,,,,,33005.11,0.0004984907647696807,,231413.13,0.00038041854250217766,,252494.1791726722,0.0002168138699196688,,-21081.04917267218,-0.08349122835919147,,246750.03,0.00015957633808674488,,225257.82,0.0001606397185768543,,,,,,,,,,,,,,,,,,,,,,,,,,,,,,,,,,,,,,,,,,,,,,,,,,,,,,,,,,,,,,,,,,,,,,,,,,,,,,,,,,,,,,,,,,,,,,,,,,,,,,,,,,,,,,,,,,,,,,,,,,,,,,,,,,,,,,,
OTROS INGRESOS 0%,,,,,,,,,,,,,,,,,,,,,,,,,,,,,,,,,,,,,,,,,,,,,,,,,,,,,,,,,,,,,,,,,,,,,,,,,,,,,,,,,,,,,,,,,,,,,,,,,,,,,,,,,,,,,,,,,,,,,,,,,,,,,,,,,,0,,,0,,,,,,,,,,,,,,,,,,,,,,,,,,,,,,,,,,,,,,,,,,,,,,,,,,,,,,,,,,,,,,,,,,,,,,,,,,,,,,,,,,,,,,,,,,,,,,,,,,,,,,,,,,,,,,,,,,,,,,,,,,,,,,,,,,,,,,,,
,,,,,,,,,,,,,,,,,,,,,,,,,,,,,,,,,,,,,,,,,,,,,,,,,,,,,,,,,,,,,,,,,,,,,,,,,,,,,,,,,,,,,,,,,,,,,,,,,,,,,,,,,,,,,,,,,,,,,,,,,,,,,,,,,,,,,,,,,,,,,,,,,,,,,,,,,,,,,,,,,,,,,,,,,,,,,,,,,,,,,,,,,,,,,,,,,,,,,,,,,,,,,,,,,,,,,,,,,,,,,,,,,,,,,,,,,,,,,,,,,,,,,,,,,,,,,,,,,,,,,,,,,,,,,
UTILIDAD O (PERDIDA) DE OPERACIÓN,-1613801.5909620859,-0.02434769600888745,,8503668.277961599,0.06745157614165843,,-10117469.868923679,-0.09179927215054588,,2333748.444736851,0.037753385798843186,,5488178.927032277,0.050196973077566466,,-3154430.482295407,-0.01244358727872328,,-1855161.9213907807,-0.02739723207998029,,10084865.583589729,0.08149249547369067,,-11940027.504980525,-0.10888972755367096,,-1135215.0676160157,-0.005797516575711072,,-240748.66344417058,-0.0033707663876394547,,7982055.905806982,0.06451280026702177,,-8222804.569251129,-0.06788356665466123,,1274089.251850504,0.022923131885380817,,5974173.34026797,0.051692304189056335,,-4700084.088417458,-0.028769172303675518,,-140264.4134989237,-0.0024408666917659786,,5069848.550589591,0.045811015365384226,,-5210112.9640885135,-0.048251882057150204,,893076.1749074098,0.004841348495928931,,8449301.307585865,0.13093476967488196,,8783066.747274615,0.06920136564721138,,-333765.4396887486,0.06173340402767058,,-431355.0431821812,-0.008154318550938915,,4639166.746151596,0.04019863980731289,,-5070521.789333769,-0.048352958358251805,,1368256.3219188652,0.02313330056702974,,4341914.1695593465,0.040330836717973634,,-2973657.8476404906,-0.017197536150943892,,9386202.58632255,0.05315667025502399,,2185280.666405436,0.03243597137122725,,4576658.654614744,0.04033479321869912,,-2391377.988209329,-0.00789882184747187,,,,,,,,,,,,,,,,,,,,2185280.666405436,0.03243597137122725,,11329344.360019391,0.01814938700131165,,65443596.90284837,0.05581185626585669,,-54114252.54282908,-0.03766246926454504,,165325585.87789723,0.10617889570895517,,91627124.01528764,0.06487815442209277,,,,,,,,,,,,,,,,,,,,,,,,,,,,,,,,,,,,,,,,,,,,,,,,,,,,,,,,,,,,,,,,,,,,,,,,,,,,,,,,,,,,,,,,,,,,,,,,,,,,,,,,,,,,,,,,,,,,,,,,,,,,,,,,,,,,,,,
,,,,,,,,,,,,,,,,,,,,,,,,,,,,,,,,,,,,,,,,,,,,,,,,,,,,,,,,,,,,,,,,,,,,,,,,,,,,,,,,,,,,,,,,,,,,,,,,,,,,,,,,,,,,,,,,,,,,,,,,,,,,,,,,,,,,,,,,,,,,,,,,,,,,,,,,,,,,,,,,,,,,,,,,,,,,,,,,,,,,,,,,,,,,,,,,,,,,,,,,,,,,,,,,,,,,,,,,,,,,,,,,,,,,,,,,,,,,,,,,,,,,,,,,,,,,,,,,,,,,,,,,,,,,,
,,,,,,,,,,,,,,,,,,,,,,,,,,,,-1135215.0676160157,,,1656678.2739369757,,,,,,,,,2895803.510383269,,,,,,,,,1440612.2236511186,,,,,,,,,893076.1749074096,,,9915232.413355948,,,,,,,,,,,,,,,,,,,,,,,,,,,9386202.58632255,,,,,,,,,,,,0,,,,,,,,,0,,,,,,,,,2185280.666405436,,,11329344.360019378,,,65443596.90284845,,,-54114252.542829074,,,,,,85358556.45249468,,,,,,,9149094.271589963,,,ENE 25,0,0,ENE 25 PPTO,0,0,ENE 25 DELTA,0,0,FEB 25,0,0,FEB 25 PPTO,0,0,FEB 25 DELTA,0,0,MZO 25,0,0,MZO 25 PPTO,0,0,MZO 25 DELTA,0,0,T1,0,0,ABR 25,0,0,ABR 25 PPTO,0,0,ABR 25 DELTA,0,0,MAY 25,0,0,MAY 25 PPTO,0,0,MAY 25 DELTA,0,0,JUN 25,0,0,JUN 25 PPTO,0,0,JUN 25 DELTA,0,0,T1,0,0,JUL 25,0,0,JUL 25 PPTO,0,0,JUL 25 DELTA,0,0,AGO 25,0,0,AGO 25 PPTO,0,0,AGO 25 DELTA,0,0,SEP 25,0,0,SEP 25 PPTO,0,0,SEP 25 DELTA,0,0,T1,0,0,OCT 25,0,0,OCT 25 PPTO,0,0,OCT 25 DELTA,0,0,NOV 25,0,0,NOV 25 PPTO,0,0,NOV 25 DELTA,0,0,DIC 25,0,0,DIC 25 PPTO,0,0,DIC 25 DELTA,0,0,T1,0,0,2025,0,0,2025 PPTO,0,0,2025 DELTA
,,,,,,,,,,,,,,,,,,,,,,,,,,,,,0,,,,,,,,,,,,,,,,,,,,,,,,,,,,,,0,,,,,,,,,,,,,,,,,,,,,,,,,,,,,,0,,,,,,,,,,,,,,,,,,,,,,,,,,,,,,0,,,,,,,,,,,,,,,,,,,,,,,,TKT ENSAMBLE,0,0,TKT ENSAMBLE,0,0,TKT ENSAMBLE,0,0,TKT ENSAMBLE,0,0,TKT ENSAMBLE,0,0,TKT ENSAMBLE,0,0,TKT ENSAMBLE,0,0,TKT ENSAMBLE,0,0,TKT ENSAMBLE,0,0,RESULTADO,0,0,TKT ENSAMBLE,0,0,TKT ENSAMBLE,0,0,TKT ENSAMBLE,0,0,TKT ENSAMBLE,0,0,TKT ENSAMBLE,0,0,TKT ENSAMBLE,0,0,TKT ENSAMBLE,0,0,TKT ENSAMBLE,0,0,TKT ENSAMBLE,0,0,RESULTADO,0,0,TKT ENSAMBLE,0,0,TKT ENSAMBLE,0,0,TKT ENSAMBLE,0,0,TKT ENSAMBLE,0,0,TKT ENSAMBLE,0,0,TKT ENSAMBLE,0,0,TKT ENSAMBLE,0,0,TKT ENSAMBLE,0,0,TKT ENSAMBLE,0,0,RESULTADO,0,0,TKT ENSAMBLE,0,0,TKT ENSAMBLE,0,0,TKT ENSAMBLE,0,0,TKT ENSAMBLE,0,0,TKT ENSAMBLE,0,0,TKT ENSAMBLE,0,0,TKT ENSAMBLE,0,0,TKT ENSAMBLE,0,0,TKT ENSAMBLE,0,0,RESULTADO,0,0,TKT ENSAMBLE,0,0,TKT ENSAMBLE,0,0,TKT ENSAMBLE
Manode Obra Directa,1719145.1099999999,0.025937031397082536,,,,,,,,1643709.78,0.02659053061422348,,,,,,,,1602508.6400000001,0.02366602107019281,,,,,,,,4965363.529999999,0.02535799443717682,,1621236.57,0.022699231881032497,,,,,,,,2164862.05,0.03894971895707406,,,,,,,,1506035.55,0.026207873536209975,,,,,,,,5292134.17,0.028688555941871228,,1472925.74,0.022825223707190558,,,,,,,,1947223.88,0.03681024264925336,,,,,,,,1136714.68,0.019218593716795063,,,,,,,,4556864.3,0.02580678722457597,,1391585.47,0.020655207891342526,,,,,,,,0,,,,,,,,,0,,,,,,,,,1391585.47,0.020655207891342526,,16205947.47,0.0259616093402473,,,,,,,,62074879.67999999,0.03986704260377783,,50567261.879999995,0.03580501582048642,,,,,,,,,0,0,0,0,0,0,0,0,0,0,0,0,0,0,0,0,0,0,0,0,0,0,0,0,0,0,0,0,0,0,0,0,0,0,0,0,0,0,0,0,0,0,0,0,0,0,0,0,0,0,0,0,0,0,0,0,0,0,0,0,0,0,0,0,0,0,0,0,0,0,0,0,0,0,0,0,0,0,0,0,0,0,0,0,0,0,0,0,0,0,0,0,0,0,0,0,0,0,0,0,0,0,0,0,0,0,0,0,0,0,0,0,0,0,0,0,0,0,0,0,0,0,0,0,0,0,0
Semanal,343829.022,,,,,,,,,410927.445,,,,,,,,,400627.16000000003,,,,,,,,,381951.0407692307,,,405309.1425,,,,,,,,,432972.41,,,,,,,,,376508.8875,,,,,,,,,407087.24384615384,,,368231.435,,,,,,,,,389444.77599999995,,,,,,,,,284178.67,,,,,,,,,350528.02307692304,,,278317.094,,,,,,,,,0,,,,,,,,,0,,,,,,,,,278317.094,,,368316.9879545455,,,,,,,,,1193747.686153846,,,1149255.9518181817,,,,,,,,,,380444.51212596806,0,0,972476.1759656591,0,0,-592031.6638396911,-0.6087878330302637,0,390665.63461482746,0,0,0,0,0,390665.63461482746,,0,398884.92188013834,0,0,0,0,0,398884.92188013834,,0,1169995.068620934,0.6191638159177344,0,431409.7346208584,0,0,0,0,0,431409.7346208584,,0,369740.8140296924,0,0,0,0,0,369740.8140296924,,0,328507.40130328375,0,0,0,0,0,328507.40130328375,,0,1129657.9499538345,0.5903209233704981,0,467412.02852510917,0,0,0,0,0,467412.02852510917,,0,421082.73777555156,0,0,0,0,0,421082.73777555156,,0,339279.8978465949,0,0,0,0,0,339279.8978465949,,0,1227774.6641472557,0.6535957293650789,0,494360.2276804369,0,0,0,0,0,494360.2276804369,,0,0,0,0,0,0,0,0,0,0,0,0,0,0,0,0,0,0,0,494360.2276804369,0.6636607530672829,0,4021787.9104024614,0,0,972476.1759656591,0,0,3049311.7344368026
Mano de Obra Directa Total,2298858.71,0.034683267975398925,,,,,,,,2098303.7800000003,0.033944563437488855,,,,,,,,2055820.6400000001,0.03036058175809727,,,,,,,,6452983.129999999,0.03295523264813923,,2114302.5700000003,0.029602739779730575,,,,,,,,2655179.05,0.047771393922403,,,,,,,,1958339.55,0.03407882056127981,,,,,,,,6727821.17,0.03647138711950883,,2028037.74,0.0314275281129415,,,,,,,,2379195.88,0.04497622412729649,,,,,,,,1499722.68,0.02535602062848617,,,,,,,,5906956.3,0.03345273291964576,,1824747.47,0.027084601811810605,,,,,,,,0,,,,,,,,,0,,,,,,,,,1824747.47,0.027084601811810605,,20912508.07,0.03350142692015705,,,,,,,,74729064.08,0.04799408064543837,,62124383.279999994,0.04398823356219979,,,,,,,,,0,0,0,0,0,0,0,,0,13522.036621397014,0,0,0,0,0,13522.036621397014,,0,0,0,0,0,0,0,0,,0,13522.036621397014,0.007155889813580127,0,0,0,0,0,0,0,0,,0,0,0,0,0,0,0,0,,0,0,0,0,0,0,0,0,,0,0,0,0,0,0,0,0,0,0,0,,0,0,0,0,0,0,0,0,,0,0,0,0,0,0,0,0,,0,0,0,0,0,0,0,0,0,0,0,,0,0,0,0,0,0,0,0,0,0,0,0,0,0,0,0,0,0,0,0,0,0,13522.036621397014,0,0,0,0,0,13522.036621397014
Semanal,459771.74199999997,,,,,,,,,524575.9450000001,,,,,,,,,513955.16000000003,,,,,,,,,496383.31769230764,,,528575.6425000001,,,,,,,,,531035.8099999999,,,,,,,,,489584.8875,,,,,,,,,517524.7053846154,,,507009.435,,,,,,,,,475839.176,,,,,,,,,374930.67,,,,,,,,,454381.25384615385,,,364949.494,,,,,,,,,0,,,,,,,,,0,,,,,,,,,364949.494,,,475284.27431818185,,,,,,,,,1437097.386153846,,,1411917.8018181818,,,,,,,,,,100650.07693387642,0,0,273213.2668797493,0,0,-172563.18994587287,-0.6316061877837871,0,133076.16543970435,0,0,0,0,0,133076.16543970435,,0,151294.94112992968,0,0,0,0,0,151294.94112992968,,0,385021.1835035105,0.203754008526024,0,101795.26785946774,0,0,0,0,0,101795.26785946774,,0,149090.80053323042,0,0,0,0,0,149090.80053323042,,0,152695.84101762477,0,0,0,0,0,152695.84101762477,,0,403581.9094103229,0.2108982151884708,0,155552.78263977251,0,0,0,0,0,155552.78263977251,,0,127278.52316184994,0,0,0,0,0,127278.52316184994,,0,123846.90268544047,0,0,0,0,0,123846.90268544047,,0,406678.20848706295,0.2164917945082355,0,116446.03799882856,0,0,0,0,0,116446.03799882856,,0,0,0,0,0,0,0,0,0,0,0,0,0,0,0,0,0,0,0,116446.03799882856,0.15632460085352898,0,1311727.339399725,0,0,273213.2668797493,0,0,1038514.0725199757
Mano de Obra Indirecta,4390100.68,0.0662341872778345,,,,,,,,4065762.78,0.06577243196287386,,,,,,,,3912958.65,0.05778699692857393,,,,,,,,12368822.11,0.06316728279103659,,3889216.6,0.054453638088709545,,,,,,,,4761509.700000001,0.08566802888266348,,,,,,,,3559881.33,0.06194868354904037,,,,,,,,12210607.629999999,0.06619346540065038,,3186689.29,0.04938259543862561,,,,,,,,3603946.3699999996,0.06812885859565147,,,,,,,,3100411.7600000002,0.052419094271056246,,,,,,,,9891047.42,0.0560157466607314,,3340614.9299999997,0.04958451877488535,,,,,,,,0,,,,,,,,,0,,,,,,,,,3340614.9299999997,0.04958451877488535,,37811092.089999996,0.060572626400639235,,,,,,,,82185363.88,0.05278282326283107,,67329395.77999999,0.047673731807103555,,,,,,,,,86460.7267972872,0,0,8307185.516673614,0,0,-8220724.789876327,-0.9895920553810013,0,149072.4732761694,0,0,0,0,0,149072.4732761694,,0,85565.85519562768,0,0,0,0,0,85565.85519562768,,0,321099.0552690843,0.16992628574266155,0,130832.5609852575,0,0,0,0,0,130832.5609852575,,0,120470.25484203179,0,0,0,0,0,120470.25484203179,,0,129090.91838666324,0,0,0,0,0,129090.91838666324,,0,380393.73421395256,0.19878086144103102,0,57758.31482245612,0,0,0,0,0,57758.31482245612,,0,84052.68109518877,0,0,0,0,0,84052.68109518877,,0,102228.61385753799,0,0,0,0,0,102228.61385753799,,0,244039.60977518288,0.1299124761266857,0,134092.72886820615,0,0,0,0,0,134092.72886820615,,0,0,0,0,0,0,0,0,0,0,0,0,0,0,0,0,0,0,0,134092.72886820615,0.18001464607918807,0,1079625.1281264257,0,0,8307185.516673614,0,0,-7227560.388547189
Mantenimiento Instalaciones,88036.94999999998,0.001328228270534641,,,,,,,,72322,0.0011699634439614214,,,,,,,,117287.30000000002,0.0017321115429780305,,,,,,,,277646.25,0.0014179328503270748,,42727,0.0005982285981748336,,,,,,,,105253.81,0.0018937032586724273,,,,,,,,82337.17000000001,0.0014328228431854894,,,,,,,,230317.98,0.0012485492698022015,,32963.82000000001,0.0005108245075162869,,,,,,,,91971.87999999999,0.0017386327553193378,,,,,,,,60500.31,0.001022887183642384,,,,,,,,185436.01,0.001050175589789747,,13141.949999999999,0.0001950650644172283,,,,,,,,0,,,,,,,,,0,,,,,,,,,13141.949999999999,0.0001950650644172283,,706542.19,0.0011318667022177371,,,,,,,,1772507.1300000001,0.0011383770316026488,,1314914.6700000002,0.0009310478521393037,,,,,,,,,0,0,0,310.74492143241275,0,0,-310.74492143241275,,0,0,0,0,0,0,0,0,,0,0,0,0,0,0,0,0,,0,0,0,0,0,0,0,0,0,0,0,,0,0,0,0,0,0,0,0,,0,0,0,0,0,0,0,0,,0,0,0,0,0,0,0,0,0,0,0,,0,0,0,0,0,0,0,0,,0,0,0,0,0,0,0,0,,0,0,0,0,0,0,0,0,0,0,0,,0,0,0,0,0,0,0,0,0,0,0,0,0,0,0,0,0,0,0,0,0,0,0,0,0,310.74492143241275,0,0,-310.74492143241275
Mantenimiento Equipo,408165.6400000001,0.0061580636551909745,,,,,,,,721928.25,0.011678737613216477,,,,,,,,299259.7,0.004419499645043772,,,,,,,,1429353.59,0.007299675072124825,,535017.4,0.007490877178391748,,,,,,,,534398.4500000001,0.009614778659266533,,,,,,,,418488.5,0.007282493221596401,,,,,,,,1487904.35,0.008065900411804668,,812533.8,0.012591446568551129,,,,,,,,591352.7599999999,0.011178909015282661,,,,,,,,849148.8500000001,0.014356678100817487,,,,,,,,2253035.41,0.01275956482515955,,561128.31,0.008328789101806084,,,,,,,,0,,,,,,,,,0,,,,,,,,,561128.31,0.008328789101806084,,5731421.66,0.009181624855726604,,,,,,,,10617933.4,0.006819273841593303,,9560814.08,0.006769698153787585,,,,,,,,,567555.3158571317,0,0,9553185.704440456,0,0,-8985630.388583323,-0.9405899420971872,0,686336.3099520982,0,0,0,0,0,686336.3099520982,,0,635745.7182056956,0,0,0,0,0,635745.7182056956,,0,1889637.3440149256,0,0,664037.5634655836,0,0,0,0,0,664037.5634655836,,0,639301.8694049546,0,0,0,0,0,639301.8694049546,,0,610294.1607075718,0,0,0,0,0,610294.1607075718,,0,1913633.59357811,0,0,680723.1259873378,0,0,0,0,0,680723.1259873378,,0,632413.9420325903,0,0,0,0,0,632413.9420325903,,0,565355.4143895734,0,0,0,0,0,565355.4143895734,,0,1878492.4824095014,0,0,744898.9945474716,0,0,0,0,0,744898.9945474716,,0,0,0,0,0,0,0,0,0,0,0,0,0,0,0,0,0,0,0,744898.9945474716,0,0,6426662.414550009,0,0,9553185.704440456,0,0,-3126523.289890446
Combustible,438945.77,0.006622448653043937,,,,,,,,433692.32,0.00701590332577665,,,,,,,,594194.1,0.008775122791465417,,,,,,,,1466832.19,0.007491077398373669,,504498.72000000003,0.007063579517555595,,,,,,,,301970.65,0.0054329891139183566,,,,,,,,302604.5,0.005265891942250667,,,,,,,,1109073.87,0.006012267781026917,,215825.77,0.0033445484373344284,,,,,,,,242414.19,0.004582588189870704,,,,,,,,221201.17,0.00373987904854868,,,,,,,,679441.13,0.003847863688531489,,345829.97,0.0051331305761670165,,,,,,,,0,,,,,,,,,0,,,,,,,,,345829.97,0.0051331305761670165,,3601177.16,0.0057690150338949135,,,,,,,,4841220.449999999,0.003109231027581276,,4042274.8,0.0028622019026503316,,,,,,,,,0,0,0,0,0,0,0,0,0,0,0,0,0,0,0,0,0,0,0,0,0,0,0,0,0,0,0,0,0,0,0,0,0,0,0,0,0,0,0,0,0,0,0,0,0,0,0,0,0,0,0,0,0,0,0,0,0,0,0,0,0,0,0,0,0,0,0,0,0,0,0,0,0,0,0,0,0,0,0,0,0,0,0,0,0,0,0,0,0,0,0,0,0,0,0,0,0,0,0,0,0,0,0,0,0,0,0,0,0,0,0,0,0,0,0,0,0,0,0,0,0,0,0,0,0,0,0
Fletes,1367194.6099999999,0.020627095013225506,,,,,,,,1119961.23,0.01811777464331835,,,,,,,,1439675.27,0.021261280235004235,,,,,,,,3926831.11,0.0200542338625331,,1111443.38,0.015561523513658783,,,,,,,,1473852.71,0.02651723182020858,,,,,,,,1349340.3599999996,0.023481080185779168,,,,,,,,3934636.4499999997,0.02132958732351085,,1873562.77,0.029033703596430878,,,,,,,,1144383.0499999998,0.021633371584469596,,,,,,,,1117098.2200000002,0.018886935490210224,,,,,,,,4135044.04,0.02341790202190814,,1335335.6600000001,0.01982029581123974,,,,,,,,0,,,,,,,,,0,,,,,,,,,1335335.6600000001,0.01982029581123974,,13331847.26,0.021357357290506283,,,,,,,,47996586.2,0.030825383097565683,,45416932.09,0.032158236604928225,,,,,,,,,7823602.080000002,0.6703214673470449,0,17504571,0.10179600791820119,0,-9680968.919999998,-0.5530537663562276,0,7992993.769999999,0.5692043812195997,0,0,0,0,7992993.769999999,,0,8126979.790000003,0.6274284048753578,0,0,0,0,8126979.790000003,,0,23943575.640000004,0.6192305926007422,0,8670543.31,0.6496767025789165,0,0,0,0,8670543.31,,0,7197917.370000001,0.5783509038912047,0,0,0,0,7197917.370000001,,0,6264731.409999999,0.538277149698457,0,0,0,0,6264731.409999999,,0,22133192.090000004,0.5913220904525441,0,8733201.729999999,0.6866404426133799,0,0,0,0,8733201.729999999,,0,7885844.63,0.6658340523331661,0,0,0,0,7885844.63,,0,6285187.25,0.6001178890502409,0,0,0,0,6285187.25,,0,22904233.61,0.6537425920130131,0,9102887.700000001,0.6636607530672829,0,0,0,0,9102887.700000001,,0,0,0,0,0,0,0,0,0,0,0,0,0,0,0,0,0,0,0,9102887.700000001,0.6636607530672829,0,78083889.04,0.6254296580762607,0,17504571,0.10179931923470513,0,60579318.04000001
Gastos de importación,82937.91,0.0012512981965079179,,,,,,,,117384.92000000001,0.0018989528120397106,,,,,,,,133812.37000000002,0.0019761555656089545,,,,,,,,334135.20000000007,0.001706420585657495,,173466.84000000003,0.0024287411829292524,,,,,,,,167810.58000000002,0.003019210821781274,,,,,,,,200777.57,0.003493910328655619,,,,,,,,542054.99,0.002938469510531221,,301297.23,0.0046690586567567525,,,,,,,,8427.330000000005,0.0001593099105714195,,,,,,,,111252.2,0.001880956470008488,,,,,,,,420976.76,0.002384108228066257,,165705.09,0.002459549310042468,,,,,,,,0,,,,,,,,,0,,,,,,,,,165705.09,0.002459549310042468,,1462872.04,0.002343492257244162,,,,,,,,4363798.52,0.0028026110144389834,,3972488.8,0.0028127887301519264,,,,,,,,,0,0,0,0,0,0,0,,0,276660,0.01970176490056422,0,0,0,0,276660,,0,0,0,0,0,0,0,0,,0,276660,0.007155002173640315,0,0,0,0,0,0,0,0,,0,0,0,0,0,0,0,0,,0,0,0,0,0,0,0,0,,0,0,0,0,0,0,0,0,0,0,0,,0,0,0,0,0,0,0,0,,0,0,0,0,0,0,0,0,,0,0,0,0,0,0,0,0,0,0,0,,0,0,0,0,0,0,0,0,0,0,0,0,0,0,0,0,0,0,0,0,0,0,276660,0.0022159676129187107,0,0,0,0,276660
$ MOD / Ventas,38.5549134243822,,,,,,,,,37.607372884281304,,,,,,,,,42.254673780354786,,,,,,,,,39.43529534551522,,,44.05435414030908,,,,,,,,,25.674126201066716,,,,,,,,,38.15647227610264,,,,,,,,,34.85710476422029,,,43.811180684506205,,,,,,,,,27.166351755094546,,,,,,,,,52.032943447163014,,,,,,,,,38.7494960646513,,,48.41394021597538,,,,,,,,,,,,,,,,,,,,,,,,,,,48.41394021597538,,,38.518413357747356,,,,,,,,,25.083375507398166,,,27.92904784663812,,,,,,,,,,2069805.5200000003,0.17733967795169525,0,4917838.803835488,0.02859917891250659,0,-2848033.2838354874,-0.5791229435202855,0,2722729.79,0.19389352349578037,0,0,0,0,2722729.79,,0,3082520.4499999997,0.2379802754424186,0,0,0,0,3082520.4499999997,,0,7875055.760000001,0.20366529704452646,0,2045897.92,0.1532974540298633,0,0,0,0,2045897.92,,0,2902420.35,0.23320876673174792,0,0,0,0,2902420.35,,0,2911953.9699999997,0.2502003965441682,0,0,0,0,2911953.9699999997,,0,7860272.24,0.2099991991025503,0,2906373.2800000003,0.22851108872517722,0,0,0,0,2906373.2800000003,,0,2383613.88,0.20125824986206722,0,0,0,0,2383613.88,,0,2294273.78,0.21906025755349082,0,0,0,0,2294273.78,,0,7584260.94,0.2164732725767309,0,2144175.7399999998,0.15632460085352898,0,0,0,0,2144175.7399999998,,0,0,0,0,0,0,0,0,0,0,0,0,0,0,0,0,0,0,0,2144175.7399999998,0.15632460085352898,0,25463764.68,0.20395748512203923,0,4917838.803835488,0.028600109213557375,0,20545925.87616451
$ MOI / Ventas,15.097943238969181,,,,,,,,,15.203938339462097,,,,,,,,,17.304931094377913,,,,,,,,,15.830980150089653,,,18.36424589980409,,,,,,,,,11.672966135005455,,,,,,,,,16.142393069715048,,,,,,,,,15.10723141547707,,,20.25004945806938,,,,,,,,,14.678067717750197,,,,,,,,,19.077017905518456,,,,,,,,,17.852123012064176,,,20.167585058957993,,,,,,,,,,,,,,,,,,,,,,,,,,,20.167585058957993,,,16.50910748670206,,,,,,,,,18.945557251087514,,,20.975911935029103,,,,,,,,,,1778010.46,0.1523388547012598,0,149529339.30012506,0.8695722852847364,0,-147751328.84012505,-0.9881092869912886,0,3050013.2199999997,0.21720033038405573,0,0,0,0,3050013.2199999997,,0,1743339.84,0.13459131968222368,0,0,0,0,1743339.84,,0,6571363.52,0.16994910818109113,0,2629494.1799999997,0.19702584339122017,0,0,0,0,2629494.1799999997,,0,2345250.8000000003,0.1884403293770474,0,0,0,0,2345250.8000000003,,0,2461801.25,0.21152245375737483,0,0,0,0,2461801.25,,0,7436546.23,0.19867871044490562,0,1079165.6699999997,0.08484846866144297,0,0,0,0,1079165.6699999997,,0,1574100.11,0.13290769780476674,0,0,0,0,1574100.11,,0,1893793.25,0.18082185339626836,0,0,0,0,1893793.25,,0,4547059.03,0.12978413541025602,0,2469112.5700000003,0.18001464607918807,0,0,0,0,2469112.5700000003,,0,0,0,0,0,0,0,0,0,0,0,0,0,0,0,0,0,0,0,2469112.5700000003,0.18001464607918807,0,21024081.35,0.16839688918878148,0,149529339.30012506,0.8696005715517375,0,-128505257.95012507
,,,,,,,,,,,,,,,,,,,,,,,,,,,,,,,,,,,,,,,,,,,,,,,,,,,,,,,,,,,,,,,,,,,,,,,,,,,,,,,,,,,,,,,,,,,,,,,,,,,,,,,,,,,,,,,,,,,,,,,,,,,,,,,,,,,,,,,,,,,,,,,0,0,0,5593.40858578343,3.2527884555876546e-05,0,-5593.40858578343,,0,0,0,0,0,0,0,0,,0,0,0,0,0,0,0,0,,0,0,0,0,0,0,0,0,0,0,0,,0,0,0,0,0,0,0,0,,0,0,0,0,0,0,0,0,,0,0,0,0,0,0,0,0,0,0,0,,0,0,0,0,0,0,0,0,,0,0,0,0,0,0,0,0,,0,0,0,0,0,0,0,0,0,0,0,,0,0,0,0,0,0,0,0,0,0,0,0,0,0,0,0,0,0,0,0,0,0,0,0,0,0,0,0,0
,,,,,,,,,,,,,,,,,,,,,,,,,,,,,,,,,,,,,,,,,,,,,,,,,,,,,,,,,,,,,,,,,,,,,,,,,,,,,,,,,,,,,,,,,,,,,,,,,,,,,,,,,,,,,,,,,,,,,,,,,,,,,,,,,,,,,,,,,,,,,,,11671418.060000002,0,0,171957342.51254633,0,0,-160285924.45254633,-0.9321260849379058,0,14042396.779999997,0,0,0,0,0,14042396.779999997,,0,12952840.080000002,0,0,0,0,0,12952840.080000002,,0,38666654.92,0,0,13345935.41,0,0,0,0,0,13345935.41,,0,12445588.520000001,0,0,0,0,0,12445588.520000001,,0,11638486.629999999,0,0,0,0,0,11638486.629999999,,0,37430010.56,0,0,12718740.679999998,0,0,0,0,0,12718740.679999998,,0,11843558.62,0,0,0,0,0,11843558.62,,0,10473254.28,0,0,0,0,0,10473254.28,,0,35035553.58,0,0,13716176.010000002,0,0,0,0,0,13716176.010000002,,0,0,0,0,0,0,0,0,0,0,0,0,0,0,0,0,0,0,0,13716176.010000002,0,0,124848395.07,0,0,171951749.10396054,0,0,-47103354.03396055
,,,,,,,,,,,,,,,,,,,,,,,,,,,,,,,,,,,,,,,,,,,,,,,,,,,,,,,,,,,,,,,,,,,,,,,,,,,,,,,,,,,,,,,,,,,,,,,,,,,,,,,,,,,,,,,,,,,,,,,,,,,,,,,,,,,,,,,,,,,,,,,0,0,0,0,0,0,0,0,0,0,0,0,0,0,0,0,0,0,0,0,0,0,0,0,0,0,0,0,0,0,0,0,0,0,0,0,0,0,0,0,0,0,0,0,0,0,0,0,0,0,0,0,0,0,0,0,0,0,0,0,0,0,0,0,0,0,0,0,0,0,0,0,0,0,0,0,0,0,0,0,0,0,0,0,0,0,0,0,0,0,0,0,0,0,0,0,0,0,0,0,0,0,0,0,0,0,0,0,0,0,0,0,0,0,0,0,0,0,0,0,0,0,0,0,0,0,0
,,,,,,,,,,,,,,,,,,,,,,,,,,,,,,,,,,,,,,,,,,,,,,,,,,,,,,,,,,,,,,,,,,,,,,,,,,,,,,,,,,,,,,,,,,,,,,,,,,,,,,,,,,,,,,,,,,,,,,,,,,,,,,,,,,,,,,,,,,,,,,,2629707.62,0.1838811628428399,0,0,0,0,2629707.62,,0,999999.1599999997,0.06647871549111742,0,0,0,0,999999.1599999997,,0,1737930.4900000002,0.11830083940927,0,0,0,0,1737930.4900000002,,0,5367637.27,0.1218967537127568,0,7819266.999999999,0.3694397458871266,0,0,0,0,7819266.999999999,,0,689727.8400000001,0.05250941972744386,0,0,0,0,689727.8400000001,,0,638304.2600000001,0.05199276144060805,0,0,0,0,638304.2600000001,,0,9147299.1,0.19638959756955615,0,1955216.23,0.13324396698122784,0,0,0,0,1955216.23,,0,146522.16,0.012220281304893763,0,0,0,0,146522.16,,0,273899.61,0.02548578096149324,0,0,0,0,273899.61,,0,2375638,0.06350073065488816,0,1062708.57,0.0719072244084066,0,0,0,0,1062708.57,,0,0,0,0,0,0,0,0,0,0,0,0,0,0,0,0,0,0,0,1062708.57,0.0719072244084066,0,17953282.94,0.1257217925600481,0,0,0,0,17953282.94
,,,,,,,,,,,,,,,,,,,,,,,,,,,,,,,,,,,,,,,,,,,,,,,,,,,,,,,,,,,,,,,,,,,,,,,,,,,,,,,,,,,,,,,,,,,,,,,,,,,,,,,,,,,,,,,,,,,,,,,,,,,,,,,,,,,,,,,,,,,,,,,0,0,0,0,0,0,0,,0,0,0,0,0,0,0,0,,0,0,0,0,0,0,0,0,,0,0,0,0,0,0,0,0,0,0,0,,0,0,0,0,0,0,0,0,,0,0,0,0,0,0,0,0,,0,0,0,0,0,0,0,0,0,0,0,,0,0,0,0,0,0,0,0,,0,0,0,0,0,0,0,0,,0,0,0,0,0,0,0,0,0,0,0,,0,0,0,0,0,0,0,0,0,0,0,0,0,0,0,0,0,0,0,0,0,0,0,0,0,0,0,0,0
,,,,,,,,,,,,,,,,,,,,,,,,,,,,,,,,,,,,,,,,,,,,,,,,,,,,,,,,,,,,,,,,,,,,,,,,,,,,,,,,,,,,,,,,,,,,,,,,,,,,,,,,,,,,,,,,,,,,,,,,,,,,,,,,,,,,,,,,,,,,,,,0,0,0,0,0,0,0,0,0,0,0,0,0,0,0,0,0,0,0,0,0,0,0,0,0,0,0,0,0,0,0,0,0,0,0,0,0,0,0,0,0,0,0,0,0,0,0,0,0,0,0,0,0,0,0,0,0,0,0,0,0,0,0,0,0,0,0,0,0,0,0,0,0,0,0,0,0,0,0,0,0,0,0,0,0,0,0,0,0,0,0,0,0,0,0,0,0,0,0,0,0,0,0,0,0,0,0,0,0,0,0,0,0,0,0,0,0,0,0,0,0,0,0,0,0,0,0
,,,,,,,,,,,,,,,,,,,,,,,,,,,,,,,,,,,,,,,,,,,,,,,,,,,,,,,,,,,,,,,,,,,,,,,,,,,,,,,,,,,,,,,,,,,,,,,,,,,,,,,,,,,,,,,,,,,,,,,,,,,,,,,,,,,,,,,,,,,,,,,14301125.680000003,0,0,171957342.51254633,0,0,-157656216.83254632,-0.9168332944029036,0,15042395.939999998,0,0,0,0,0,15042395.939999998,,0,14690770.570000002,0,0,0,0,0,14690770.570000002,,0,44034292.19,0,0,21165202.41,0,0,0,0,0,21165202.41,,0,13135316.360000001,0,0,0,0,0,13135316.360000001,,0,12276790.889999999,0,0,0,0,0,12276790.889999999,,0,46577309.66,0,0,14673956.909999998,0,0,0,0,0,14673956.909999998,,0,11990080.78,0,0,0,0,0,11990080.78,,0,10747153.889999999,0,0,0,0,0,10747153.889999999,,0,37411191.58,0,0,14778884.580000002,0,0,0,0,0,14778884.580000002,,0,0,0,0,0,0,0,0,0,0,0,0,0,0,0,0,0,0,0,14778884.580000002,0,0,142801678.01,1,0,171951749.10396054,1,0,-29150071.09396055
,,,,,,,,,,,,,,,,,,,,,,,,,,,,,,,,,,,,,,,,,,,,,,,,,,,,,,,,,,,,,,,,,,,,,,,,,,,,,,,,,,,,,,,,,,,,,,,,,,,,,,,,,,,,,,,,,,,,,,,,,,,,,,,,,,,,,,,,,,,,,,,0.02358246053277019,0,0,0,0,0,,,0,0.028045668924064616,0,0,0,0,0,,,0,0.02536150864409947,0,0,0,0,0,,,0,0.1869463321454706,0,0,0.037849892509611086,0,0,0,0,0,,,0,0.023317368944411,0,0,0,0,0,,,0,0.024179873485867052,0,0,0,0,0,,,0,0.1869463321454706,0,0,0.02459313516297068,0,0,0,0,0,,,0,0.02369446802482597,0,0,0,0,0,,,0,0.02033355846640211,0,0,0,0,0,,,0,0.1869463321454706,0,0,0.023401595700607094,0,0,0,0,0,,,0,0,0,0,0,0,0,0,0,0,0,0,0,0,0,0,0,0,0,0.1869463321454706,0,0,0,0,0,0,0,0,0
,,,,,,,,,,,,,,,,,,,,,,,,,,,,,,,,,,,,,,,,,,,,,,,,,,,,,,,,,,,,,,,,,,,,,,,,,,,,,,,,,,,,,,,,,,,,,,,,,,,,,,,,,,,,,,,,,,,,,,,,,,,,,,,,,,,,,,,,,,,,,,,87594592.07,0,0,0,0,0,0,,0,87448117.19,0,0,0,0,0,0,,0,85905132.71000001,0,0,0,0,0,0,,0,87594592.07,0,0,84963863.67,0,0,0,0,0,0,,0,77706414.16,0,0,0,0,0,0,,0,77998090.28,0,0,0,0,0,0,,0,84963863.67,0,0,78468266.30000001,0,0,0,0,0,0,,0,77794047.72,0,0,0,0,0,0,,0,78857377.53999999,0,0,0,0,0,0,,0,78468266.30000001,0,0,78634283.45,0,0,0,0,0,0,,0,0,0,0,0,0,0,0,0,0,0,0,0,0,0,0,0,0,0,78634283.45,0,0,0,0,0,0,0,0,0
,,,,,,,,,,,,,,,,,,,,,,,,,,,,,,,,,,,,,,,,,,,,,,,,,,,,,,,,,,,,,,,,,,,,,,,,,,,,,,,,,,,,,,,,,,,,,,,,,,,,,,,,,,,,,,,,,,,,,,,,,,,,,,,,,,,,,,,,,,,,,,,673820.75,0,0,0,0,0,0,,0,41419.94,0,0,0,0,0,0,,0,798964.01,0,0,0,0,0,0,,0,1514204.7,0,0,401031.93,0,0,0,0,0,0,,0,539511.87,0,0,0,0,0,0,,0,679316.93,0,0,0,0,0,0,,0,1619860.73,0,0,1171218.48,0,0,0,0,0,0,,0,1222683.97,0,0,0,0,0,0,,0,653222.78,0,0,0,0,0,0,,0,3047125.23,0,0,587889.96,0,0,0,0,0,0,,0,0,0,0,0,0,0,0,0,0,0,0,0,0,0,0,0,0,0,587889.96,0,0,0,0,0,0,0,0,0
,,,,,,,,,,,,,,,,,,,,,,,,,,,,,,,,,,,,,,,,,,,,,,,,,,,,,,,,,,,,,,,,,,,,,,,,,,,,,,,,,,,,,,,,,,,,,,,,,,,,,,,,,,,,,,,,,,,,,,,,,,,,,,,,,,,,,,,,,,,,,,,7355696.329999967,0,0,26536646.6289221,0,0,0,-0.7228098774928463,0,6618906.750000002,0,0,0,0,0,0,,0,8130325.369999997,0,0,0,0,0,0,,0,22104928.449999966,0,0,7440197.449999975,0,0,0,0,0,0,,0,6681066.119999988,0,0,0,0,0,0,,0,6349668.67999998,0,0,0,0,0,0,,0,20470932.24999994,0,0,7924515.420000031,0,0,0,0,0,0,,0,6855197.410000027,0,0,0,0,0,0,,0,6592384.339999984,0,0,0,0,0,0,,0,21372097.170000043,0,0,9566780.320000036,0,0,0,0,0,0,,0,0,0,0,0,0,0,0,0,0,0,0,0,0,0,0,0,0,0,9566780.320000036,0,0,0,0,0,0,0,0,0
,,,,,,,,,,,,,,,,,,,,,,,,,,,,,,,,,,,,,,,,,,,,,,,,,,,,,,,,,,,,,,,,,,,,,,,,,,,,,,,,,,,,,,,,,,,,,,,,,,,,,,,,,,,,,,,,,,,,,,,,,,,,,,,,,,,,,,,,,,,,,,,87464061.88,0,0,0,0,0,0,,0,85905132.71000001,0,0,0,0,0,0,,0,84963863.66,0,0,0,0,0,0,,0,84963863.66,0,0,77706414.16,0,0,0,0,0,0,,0,77998090.28,0,0,0,0,0,0,,0,78468266.30000001,0,0,0,0,0,0,,0,78468266.30000001,0,0,77794047.72,0,0,0,0,0,0,,0,78850571.82,0,0,0,0,0,0,,0,78634283.45,0,0,0,0,0,0,,0,78634283.45,0,0,80089338.69,0,0,0,0,0,0,,0,0,0,0,0,0,0,0,0,0,0,0,0,0,0,0,0,0,0,0,0,0,0,0,0,0,0,0,0
,,,,,,,,,,,,,,,,,,,,,,,,,,,,,,,,,,,,,,,,,,,,,,,,,,,,,,,,,,,,,,,,,,,,,,,,,,,,,,,,,,,,,,,,,,,,,,,,,,,,,,,,,,,,,,,,,,,,,,,,,,,,,,,,,,,,,,,,,,,,,,,8160047.269999964,0.570587760193711,0,117943715.01166502,0.6858893798213915,0,-109783667.74166505,-0.11530161962768049,0,8203311.169999989,0.5453460474462148,0,0,0,0,8203311.169999989,,0,9870558.430000015,0.6718884065997645,0,0,0,0,9870558.430000015,,0,26233916.869999968,0.5957610663254304,0,15098678.889999988,0.7133727614561465,0,0,0,0,15098678.889999988,,0,6928901.869999988,0.5275017121856354,0,0,0,0,6928901.869999988,,0,6558809.589999977,0.5342446286465972,0,0,0,0,6558809.589999977,,0,28586390.34999995,0.6137406938844641,0,9769952.480000049,0.6658021786435824,0,0,0,0,9769952.480000049,,0,7021357.280000032,0.5855971622569862,0,0,0,0,7021357.280000032,,0,7468701.209999974,0.6949468935165657,0,0,0,0,7468701.209999974,,0,24260010.970000055,0.6484693468830713,0,8699615.040000034,0.5886516667010897,0,0,0,0,8699615.040000034,,0,0,0,0,0,0,0,0,0,0,0,0,0,0,0,0,0,0,0,8699615.040000034,0.5886516667010897,0,87779933.23000002,0.6146981915986522,0,117943715.01166502,0.6859116910776945,0,-30163781.781664997
,,,,,,,,,,,,,,,,,,,,,,,,,,,,,,,,,,,,,,,,,,,,,,,,,,,,,,,,,,,,,,,,,,,,,,,,,,,,,,,,,,,,,,,,,,,,,,,,,,,,,,,,,,,,,,,,,,,,,,,,,,,,,,,,,,,,,,,,,,,,,,,21608.95,0.0015109964406662005,0,0,0,0,21608.95,,0,-1371.15,0,0,0,0,0,-1371.15,,0,-1721.06,0,0,0,0,0,-1721.06,,0,18516.74,0.009799097196426779,0,18943.04,0,0,0,0,0,18943.04,,0,-29838.63,-0.00227163390528342,0,0,0,0,-29838.63,,0,-31459.05,-0.0025624815378768747,0,0,0,0,-31459.05,,0,-42354.64,-0.02213309807171881,0,-250897.68,-0.01709816115304376,0,0,0,0,-250897.68,,0,-180235.49,-0.015032049683988868,0,0,0,0,-180235.49,,0,-68510.27,-0.006374736111646021,0,0,0,0,-68510.27,,0,-499643.44,-0.26598106975606217,0,-119236.09,-0.008068003329653177,0,0,0,0,-119236.09,,0,0,0,0,0,0,0,0,0,0,0,0,0,0,0,0,0,0,0,-119236.09,-0.16007014490929242,0,-642717.43,-0.004500769451427541,0,0,0,0,-642717.43
,,,,,,,,,,,,,,,,,,,,,,,,,,,,,,,,,,,,,,,,,,,,,,,,,,,,,,,,,,,,,,,,,,,,,,,,,,,,,,,,,,,,,,,,,,,,,,,,,,,,,,,,,,,,,,,,,,,,,,,,,,,,,,,,,,,,,,,,,,,,,,,15944.78,0.0011149318142346398,0,0,0,0,15944.78,,0,0,0,0,0,0,0,0,,0,0,0,0,0,0,0,0,,0,15944.78,0,0,0,0,0,0,0,0,0,,0,0,0,0,0,0,0,0,,0,0,0,0,0,0,0,0,,0,0,0,0,0,0,0,0,0,0,0,,0,-6805.72,0,0,0,0,0,-6805.72,,0,0,0,0,0,0,0,0,,0,-6805.72,0,0,0,0,0,0,0,0,0,,0,0,0,0,0,0,0,0,0,0,0,0,0,0,0,0,0,0,0,0,0,0,9139.060000000001,0,0,0,0,0,9139.060000000001
,,,,,,,,,,,,,,,,,,,,,,,,,,,,,,,,,,,,,,,,,,,,,,,,,,,,,,,,,,,,,,,,,,,,,,,,,,,,,,,,,,,,,,,,,,,,,,,,,,,,,,,,,,,,,,,,,,,,,,,,,,,,,,,,,,,,,,,,,,,,,,,20854.54,0.0014582446491722598,0,856308.4575253483,0.004979772570414494,0,-835453.9175253483,-0.003521527921242234,0,12530.1,0,0,0,0,0,12530.1,,0,46631.24,0.003174186117590426,0,0,0,0,46631.24,,0,80015.88,0.0018171265170959482,0,0,0,0,0,0,0,0,,0,0,0,0,0,0,0,0,,0,77100,0.006280142806928595,0,0,0,0,77100,,0,77100,0.0016553124378115918,0,177813.85,0.012117648367825282,0,0,0,0,177813.85,,0,75000,0.0062551705343890105,0,0,0,0,75000,,0,0,0,0,0,0,0,0,,0,252813.85,0.00675770643282996,0,67041.78,0.004536322050361394,0,0,0,0,67041.78,,0,0,0,0,0,0,0,0,0,0,0,0,0,0,0,0,0,0,0,67041.78,0.004536322050361394,0,476971.51,0.003340097375932789,0,856308.4575253483,0.004979934557150865,0,-379336.9475253483
,,,,,,,,,,,,,,,,,,,,,,,,,,,,,,,,,,,,,,,,,,,,,,,,,,,,,,,,,,,,,,,,,,,,,,,,,,,,,,,,,,,,,,,,,,,,,,,,,,,,,,,,,,,,,,,,,,,,,,,,,,,,,,,,,,,,,,,,,,,,,,,224000,0.015663102682417652,0,1947668.0448720306,0.011326460483825662,0,-1723668.0448720306,0.00433664219859199,0,37250,0.00247633423216488,0,0,0,0,37250,,0,145000,0.009870142570744672,0,0,0,0,145000,,0,406250,0.21498834222699992,0,0,0,0,0,0,0,0,,0,-71500,-0.005443340536337108,0,0,0,0,-71500,,0,5542.4,0,0,0,0,0,5542.4,,0,-65957.6,-0.0344672042868314,0,14431.04,0,0,0,0,0,14431.04,,0,1565.12,0,0,0,0,0,1565.12,,0,3417.0099999999998,0,0,0,0,0,3417.0099999999998,,0,19413.17,0.01033444114458161,0,2442.71,0,0,0,0,0,2442.71,,0,0,0,0,0,0,0,0,0,0,0,0,0,0,0,0,0,0,0,2442.71,0.003279249962585805,0,362148.28,0.0025360225807335387,0,1947668.0448720306,0.011326828921609208,0,-1585519.7648720306
,,,,,,,,,,,,,,,,,,,,,,,,,,,,,,,,,,,,,,,,,,,,,,,,,,,,,,,,,,,,,,,,,,,,,,,,,,,,,,,,,,,,,,,,,,,,,,,,,,,,,,,,,,,,,,,,,,,,,,,,,,,,,,,,,,,,,,,,,,,,,,,48832.09,0.0034145626779779467,0,584588.8728145272,0.0033996156504446707,0,-535756.7828145273,,0,13026.68,0,0,0,0,0,13026.68,,0,104669.95000000001,0.007124878133604941,0,0,0,0,104669.95000000001,,0,166528.72,0.08812734386703815,0,19734.760000000002,0,0,0,0,0,19734.760000000002,,0,0,0,0,0,0,0,0,,0,0,0,0,0,0,0,0,,0,19734.760000000002,0.010312716115680206,0,120088.75,0.008183801461087976,0,0,0,0,120088.75,,0,4.092726157978177e-12,0,0,0,0,0,4.092726157978177e-12,,0,0,0,0,0,0,0,0,,0,120088.75,0.06392825689989708,0,65025,0.004399858436407113,0,0,0,0,65025,,0,0,0,0,0,0,0,0,0,0,0,0,0,0,0,0,0,0,3417.0099999999998,65025,0.0872937142833746,0,371377.23,0.0026006503227083474,0,584588.8728145272,0.0033997262363472083,0,-213211.64281452727
,,,,,,,,,,,,,,,,,,,,,,,,,,,,,,,,,,,,,,,,,,,,,,,,,,,,,,,,,,,,,,,,,,,,,,,,,,,,,,,,,,,,,,,,,,,,,,,,,,,,,,,,,,,,,,,,,,,,,,,,,,,,,,,,,,,,,,,,,,,,,,,293686.63,0.020535910009567858,0,3388565.375211906,0.019705848704684826,0,-3094878.7452119063,,0,62806.78,0.00417531756579996,0,0,0,0,62806.78,,0,296301.19,0.02016920682194004,0,0,0,0,296301.19,,0,652794.6,0.3454602556768923,0,19734.760000000002,0,0,0,0,0,19734.760000000002,,0,-71500,-0.005443340536337108,0,0,0,0,-71500,,0,82642.4,0.0067315962893296465,0,0,0,0,82642.4,,0,30877.159999999996,0.016135356373142423,0,312333.64,0.021284895540830646,0,0,0,0,312333.64,,0,76565.12,0.006385705101146116,0,0,0,0,76565.12,,0,3417.0099999999998,0,0,0,0,0,3417.0099999999998,,0,392315.77,0.20884606868204503,0,134509.49,0.009101464273022962,0,0,0,0,134509.49,,0,0,0,0,0,0,0,0,0,0,0,0,0,0,0,0,0,0,0,134509.49,0.18057413284832652,0,1210497.02,0.008476770279374676,0,3388565.375211906,0.019706489715107283,0,-2178068.355211906
,,,,,,,,,,,,,,,,,,,,,,,,,,,,,,,,,,,,,,,,,,,,,,,,,,,,,,,,,,,,,,,,,,,,,,,,,,,,,,,,,,,,,,,,,,,,,,,,,,,,,,,,,,,,,,,,,,,,,,,,,,,,,,,,,,,,,,,,,,,,,,,8491287.629999965,0.5937495984581798,0,121332280.38687693,0.7055952285260765,0,-112840992.75687695,-0.11184563006789672,0,8264746.799999989,0.5494302126447012,0,0,0,0,8264746.799999989,,0,10165138.560000014,0.6919404609556851,0,0,0,0,10165138.560000014,,0,26921172.98999997,0.6113683597737868,0,15137356.689999986,0.7152001855105333,0,0,0,0,15137356.689999986,,0,6827563.239999988,0.5197867377440148,0,0,0,0,6827563.239999988,,0,6609992.939999977,0.53841374339805,0,0,0,0,6609992.939999977,,0,28574912.869999953,0.6134942760453107,0,9831388.44000005,0.6699889130313693,0,0,0,0,9831388.44000005,,0,6910881.190000032,0.5763832051513528,0,0,0,0,6910881.190000032,,0,7403607.949999974,0.6888901029777638,0,0,0,0,7403607.949999974,,0,24145877.580000058,0.6454185648796182,0,8714888.440000035,0.5896851276444595,0,0,0,0,8714888.440000035,,0,0,0,0,0,0,0,0,0,0,0,0,0,0,0,0,0,0,0,8714888.440000035,0.5896851276444595,0,88356851.88000001,0.6187381906941782,0,121332280.38687693,0.7056181807928018,0,-32975428.506876905
,,,,,,,,,,,,,,,,,,,,,,,,,,,,,,,,,,,,,,,,,,,,,,,,,,,,,,,,,,,,,,,,,,,,,,,,,,,,,,,,,,,,,,,,,,,,,,,,,,,,,,,,,,,,,,,,,,,,,,,,,,,,,,,,,,,,,,,,,,,,,,,0,0,0,0,0,0,0,0,0,0,0,0,0,0,0,0,0,0,0,0,0,0,0,0,0,0,0,0,0,0,0,0,0,0,0,0,0,0,0,0,0,0,0,0,0,0,0,0,0,0,0,0,0,0,0,0,0,0,0,0,0,0,0,0,0,0,0,0,0,0,0,0,0,0,0,0,0,0,0,0,0,0,0,0,0,0,0,0,0,0,0,0,0,0,0,0,0,0,0,0,0,0,0,0,0,0,0,0,0,0,0,0,0,0,0,0,0,0,0,0,0,0,0,0,0,0,0
,,,,,,,,,,,,,,,,,,,,,,,,,,,,,,,,,,,,,,,,,,,,,,,,,,,,,,,,,,,,,,,,,,,,,,,,,,,,,,,,,,,,,,,,,,,,,,,,,,,,,,,,,,,,,,,,,,,,,,,,,,,,,,,,,,,,,,,,,,,,,,,1378074.18,0.09636123832735939,0,3421934.573538462,0.019899903799041274,0,-2043860.3935384622,0.07646133452831812,0,1147443.98,0.07628066596417486,0,0,0,0,1147443.98,,0,1117348.77,0.07605787352514619,0,0,0,0,1117348.77,,0,3642866.9299999997,0.08272795471042634,0,1153839.11,0.05451585520650828,0,0,0,0,1153839.11,,0,1558734.48,0.1186674486765083,0,0,0,0,1558734.48,,0,1022404.14,0.08327942938514937,0,0,0,0,1022404.14,,0,3734977.7300000004,0.0801887819898613,0,1014777.71,0.06915501498497995,0,0,0,0,1014777.71,,0,1271860.48,0.10607605597799817,0,0,0,0,1271860.48,,0,746568.33,0.0694666083356884,0,0,0,0,746568.33,,0,3033206.52,0.08107751696477775,0,936178.2,0.06334566014994887,0,0,0,0,936178.2,,0,0,0,0,0,0,0,0,0,0,0,0,0,0,0,0,0,0,0,936178.2,0.06334566014994887,0,11347229.379999999,0.07946145688291832,0,3421934.573538462,0.019900551121870762,0,7925294.806461537
,,,,,,,,,,,,,,,,,,,,,,,,,,,,,,,,,,,,,,,,,,,,,,,,,,,,,,,,,,,,,,,,,,,,,,,,,,,,,,,,,,,,,,,,,,,,,,,,,,,,,,,,,,,,,,,,,,,,,,,,,,,,,,,,,,,,,,,,,,,,,,,0,0,0,0,0,0,0,0,0,0,0,0,0,0,0,0,0,0,0,0,0,0,0,0,0,0,0,0,0,0,0,0,0,0,0,0,0,0,0,0,0,0,0,0,0,0,0,0,0,0,0,0,0,0,0,0,0,0,0,0,0,0,0,0,0,0,0,0,0,0,0,0,0,0,0,0,0,0,0,0,0,0,0,0,0,0,0,0,0,0,0,0,0,0,0,0,0,0,0,0,0,0,0,0,0,0,0,0,0,0,0,0,0,0,0,0,0,0,0,0,0,0,0,0,0,0,0
,,,,,,,,,,,,,,,,,,,,,,,,,,,,,,,,,,,,,,,,,,,,,,,,,,,,,,,,,,,,,,,,,,,,,,,,,,,,,,,,,,,,,,,,,,,,,,,,,,,,,,,,,,,,,,,,,,,,,,,,,,,,,,,,,,,,,,,,,,,,,,,0,0,0,0,0,0,0,0,0,0,0,0,0,0,0,0,0,0,0,0,0,0,0,0,0,0,0,0,0,0,0,0,0,0,0,0,0,0,0,0,0,0,0,0,0,0,0,0,0,0,0,0,0,0,0,0,0,0,0,0,0,0,0,0,0,0,0,0,0,0,0,0,0,0,0,0,0,0,0,0,0,0,0,0,0,0,0,0,0,0,0,0,0,0,0,0,0,0,0,0,0,0,0,0,0,0,0,0,0,0,0,0,0,0,0,0,0,0,0,0,0,0,0,0,0,0,0
,,,,,,,,,,,,,,,,,,,,,,,,,,,,,,,,,,,,,,,,,,,,,,,,,,,,,,,,,,,,,,,,,,,,,,,,,,,,,,,,,,,,,,,,,,,,,,,,,,,,,,,,,,,,,,,,,,,,,,,,,,,,,,,,,,,,,,,,,,,,,,,1511339.22,0.10567973835189731,0,2789208.318769231,0.016220350221833216,0,-1277869.098769231,0.0894593881300641,0,941835.72,0.06261208146340018,0,0,0,0,941835.72,,0,973650.45,0.06627633624530832,0,0,0,0,973650.45,,0,3426825.3899999997,0.07782174345425762,0,859663.78,0.040616846621501314,0,0,0,0,859663.78,,0,1352676.99,0.10298016073059392,0,0,0,0,1352676.99,,0,632919.15,0.051554119938260194,0,0,0,0,632919.15,,0,2845259.92,0.06108682405165778,0,604070.67,0.04116617444803442,0,0,0,0,604070.67,,0,720905.44,0.06012515288491659,0,0,0,0,720905.44,,0,424325.44,0.0394825871428924,0,0,0,0,424325.44,,0,1749301.5499999998,0.046758776615262246,0,544650.11,0.03685326230486062,0,0,0,0,544650.11,,0,0,0,0,0,0,0,0,0,0,0,0,0,0,0,0,0,0,0,544650.11,0.03685326230486062,0,8566036.97,0.0599855484149153,0,2789208.318769231,0.0162208778526754,0,5776828.651230769
,,,,,,,,,,,,,,,,,,,,,,,,,,,,,,,,,,,,,,,,,,,,,,,,,,,,,,,,,,,,,,,,,,,,,,,,,,,,,,,,,,,,,,,,,,,,,,,,,,,,,,,,,,,,,,,,,,,,,,,,,,,,,,,,,,,,,,,,,,,,,,,0,0,0,0,0,0,0,,0,0,0,0,0,0,0,0,,0,0,0,0,0,0,0,0,,0,0,0,0,0,0,0,0,0,0,0,,0,9072.73,0,0,0,0,0,9072.73,,0,0,0,0,0,0,0,0,,0,9072.73,0,0,0,0,0,0,0,0,0,,0,0,0,0,0,0,0,0,,0,0,0,0,0,0,0,0,,0,0,0,0,0,0,0,0,0,0,0,,0,0,0,0,0,0,0,0,0,0,0,0,0,0,0,0,0,0,0,0,0,0,9072.73,0,0,0,0,0,9072.73
,,,,,,,,,,,,,,,,,,,,,,,,,,,,,,,,,,,,,,,,,,,,,,,,,,,,,,,,,,,,,,,,,,,,,,,,,,,,,,,,,,,,,,,,,,,,,,,,,,,,,,,,,,,,,,,,,,,,,,,,,,,,,,,,,,,,,,,,,,,,,,,135250.40000000002,0.009457325459991341,0,1438254.33322041,0.00836401814662536,0,-1303003.9332204098,0.0010933073133659807,0,324610.58999999997,0.021579713184972846,0,0,0,0,324610.58999999997,,0,171018.22999999998,0.0116412021537683,0,0,0,0,171018.22999999998,,0,630879.22,0.014326998087714692,0,287961.79,0.013605435205474133,0,0,0,0,287961.79,,0,175298.99,0.013345623751691654,0,0,0,0,175298.99,,0,113482.73,0.009243680292089752,0,0,0,0,113482.73,,0,576743.51,0.012382499423218084,0,220791.52,0.01504648823450852,0,0,0,0,220791.52,,0,182746.22999999998,0.015241451108889026,0,0,0,0,182746.22999999998,,0,117536.88999999998,0.010936559688548389,0,0,0,0,117536.88999999998,,0,521074.64,0.013928309096643856,0,229367.76,0.015519964227232633,0,0,0,0,229367.76,,0,0,0,0,0,0,0,0,0,0,0,0,0,0,0,0,0,0,0,229367.76,0.015519964227232633,0,1958065.13,0.013711779562302358,0,1438254.33322041,0.008364290219292005,0,519810.79677958996
,,,,,,,,,,,,,,,,,,,,,,,,,,,,,,,,,,,,,,,,,,,,,,,,,,,,,,,,,,,,,,,,,,,,,,,,,,,,,,,,,,,,,,,,,,,,,,,,,,,,,,,,,,,,,,,,,,,,,,,,,,,,,,,,,,,,,,,,,,,,,,,1429244.91,0.09993932939130702,0,1375098.13,0.007996739830401079,0,54146.78000000003,0.09194258956090594,0,1427650.59,0.09490845711643994,0,0,0,0,1427650.59,,0,1428968.21,0.09726979283973664,0,0,0,0,1428968.21,,0,4285863.71,0.09733013741897506,0,1315317.32,0.06214527480155575,0,0,0,0,1315317.32,,0,1170257.18,0.08909242441725247,0,0,0,0,1170257.18,,0,1097516.15,0.08939764143852742,0,0,0,0,1097516.15,,0,3583090.6500000004,0.07692781476979794,0,1055844.7,0.0719536459372089,0,0,0,0,1055844.7,,0,1054414.88,0.08794059851196431,0,0,0,0,1054414.88,,0,1041835.91,0.09694063383324272,0,0,0,0,1041835.91,,0,3152095.49,0.08425541547532821,0,975415.72,0.06600063182846778,0,0,0,0,975415.72,,0,0,0,0,0,0,0,0,0,0,0,0,0,0,0,0,0,0,0,975415.72,0.06600063182846778,0,11996465.569999998,0.08400787537776637,0,1375098.13,0.007996999955892438,0,10621367.439999998
,,,,,,,,,,,,,,,,,,,,,,,,,,,,,,,,,,,,,,,,,,,,,,,,,,,,,,,,,,,,,,,,,,,,,,,,,,,,,,,,,,,,,,,,,,,,,,,,,,,,,,,,,,,,,,,,,,,,,,,,,,,,,,,,,,,,,,,,,,,,,,,0,0,0,57278.561890196,0,0,-57278.561890196,,0,0,0,0,0,0,0,0,,0,0,0,0,0,0,0,0,,0,0,0,0,143930.89,0.006800354998353168,0,0,0,0,143930.89,,0,417188.33,0.031760813258402555,0,0,0,0,417188.33,,0,7582.1,0,0,0,0,0,7582.1,,0,568701.3200000001,0.012209836165964596,0,10768.439999999999,0,0,0,0,0,10768.439999999999,,0,0,0,0,0,0,0,0,,0,9851.99,0,0,0,0,0,9851.99,,0,20620.43,0,0,6900.32,0,0,0,0,0,6900.32,,0,0,0,0,0,0,0,0,0,0,0,0,0,0,0,0,0,0,0,6900.32,0,0,596222.0699999998,0.00417517551830342,0,57278.561890196,0,0,538943.5081098038
,,,,,,,,,,,,,,,,,,,,,,,,,,,,,,,,,,,,,,,,,,,,,,,,,,,,,,,,,,,,,,,,,,,,,,,,,,,,,,,,,,,,,,,,,,,,,,,,,,,,,,,,,,,,,,,,,,,,,,,,,,,,,,,,,,,,,,,,,,,,,,,0,0,0,59321.838387314005,0,0,-59321.838387314005,,0,0,0,0,0,0,0,0,,0,0,0,0,0,0,0,0,,0,0,0,0,63527.02000000002,0.003001484170545195,0,0,0,0,63527.02000000002,,0,24071.73,0.0018325961355071616,0,0,0,0,24071.73,,0,8771.810000000001,0,0,0,0,0,8771.810000000001,,0,96370.56000000003,0.0020690452218789664,0,20051.78,0.001366487589065709,0,0,0,0,20051.78,,0,0,0,0,0,0,0,0,,0,13949.36,0.0012979585239753185,0,0,0,0,13949.36,,0,34001.14,0,0,9635,0,0,0,0,0,9635,,0,0,0,0,0,0,0,0,0,0,0,0,0,0,0,0,0,0,0,9635,0,0,140006.7,0,0,59321.838387314005,0,0,80684.86161268601
,,,,,,,,,,,,,,,,,,,,,,,,,,,,,,,,,,,,,,,,,,,,,,,,,,,,,,,,,,,,,,,,,,,,,,,,,,,,,,,,,,,,,,,,,,,,,,,,,,,,,,,,,,,,,,,,,,,,,,,,,,,,,,,,,,,,,,,,,,,,,,,0,0,0,0,0,0,0,,0,0,0,0,0,0,0,0,,0,0,0,0,0,0,0,0,,0,0,0,0,219442.4,0.01036807471759964,0,0,0,0,219442.4,,0,20915.75,0.0015923293681523478,0,0,0,0,20915.75,,0,6000,0,0,0,0,0,6000,,0,246358.15,0.00528923099677372,0,11200,0,0,0,0,0,11200,,0,0,0,0,0,0,0,0,,0,6000,0,0,0,0,0,6000,,0,17200,0,0,6500,0,0,0,0,0,6500,,0,0,0,0,0,0,0,0,0,0,0,0,0,0,0,0,0,0,0,6500,0,0,270058.15,0.001891141293039208,0,0,0,0,270058.15
,,,,,,,,,,,,,,,,,,,,,,,,,,,,,,,,,,,,,,,,,,,,,,,,,,,,,,,,,,,,,,,,,,,,,,,,,,,,,,,,,,,,,,,,,,,,,,,,,,,,,,,,,,,,,,,,,,,,,,,,,,,,,,,,,,,,,,,,,,,,,,,0,0,0,892759,0.005191746900455051,0,-892759,,0,3698.5,0,0,0,0,0,3698.5,,0,51706.09,0.003519630897074175,0,0,0,0,51706.09,,0,55404.59,0.0012582146151217607,0,63945.92,0.003021276090881476,0,0,0,0,63945.92,,0,66084.78,0.005031076388935941,0,0,0,0,66084.78,,0,40481.38,0.0032973910171406368,0,0,0,0,40481.38,,0,170512.08000000002,0.0036608400365904696,0,0,0,0,0,0,0,0,,0,0,0,0,0,0,0,0,,0,0,0,0,0,0,0,0,,0,0,0,0,44553.29,0.0030146584986727055,0,0,0,0,44553.29,,0,0,0,0,0,0,0,0,0,0,0,0,0,0,0,0,0,0,0,44553.29,0.0030146584986727055,0,270469.95999999996,0.0018940250826818697,0,892759,0.005191915782492248,0,-622289.04
,,,,,,,,,,,,,,,,,,,,,,,,,,,,,,,,,,,,,,,,,,,,,,,,,,,,,,,,,,,,,,,,,,,,,,,,,,,,,,,,,,,,,,,,,,,,,,,,,,,,,,,,,,,,,,,,,,,,,,,,,,,,,,,,,,,,,,,,,,,,,,,0,0,0,1499.677623099597,0,0,-1499.677623099597,,0,0,0,0,0,0,0,0,,0,0,0,0,0,0,0,0,,0,0,0,0,0,0,0,0,0,0,0,,0,0,0,0,0,0,0,0,,0,0,0,0,0,0,0,0,,0,0,0,0,0,0,0,0,0,0,0,,0,0,0,0,0,0,0,0,,0,0,0,0,0,0,0,0,,0,0,0,0,0,0,0,0,0,0,0,,0,0,0,0,0,0,0,0,0,0,0,0,0,0,0,0,0,0,0,0,0,0,0,0,0,1499.677623099597,0,0,-1499.677623099597
,,,,,,,,,,,,,,,,,,,,,,,,,,,,,,,,,,,,,,,,,,,,,,,,,,,,,,,,,,,,,,,,,,,,,,,,,,,,,,,,,,,,,,,,,,,,,,,,,,,,,,,,,,,,,,,,,,,,,,,,,,,,,,,,,,,,,,,,,,,,,,,750.46,0,0,42017.024231288684,0,0,-41266.564231288685,,0,0,0,0,0,0,0,0,,0,3554.74,0,0,0,0,0,3554.74,,0,4305.2,0,0,0,0,0,0,0,0,0,,0,2609.12,0,0,0,0,0,2609.12,,0,11096.38,0,0,0,0,0,11096.38,,0,13705.5,0,0,0,0,0,0,0,0,0,,0,216,0,0,0,0,0,216,,0,0,0,0,0,0,0,0,,0,216,0,0,6009.18,0,0,0,0,0,6009.18,,0,0,0,0,0,0,0,0,0,0,0,0,0,0,0,0,0,0,0,6009.18,0,0,24235.879999999997,0,0,42017.024231288684,0,0,-17781.144231288687
,,,,,,,,,,,,,,,,,,,,,,,,,,,,,,,,,,,,,,,,,,,,,,,,,,,,,,,,,,,,,,,,,,,,,,,,,,,,,,,,,,,,,,,,,,,,,,,,,,,,,,,,,,,,,,,,,,,,,,,,,,,,,,,,,,,,,,,,,,,,,,,0,0,0,0,0,0,0,,0,0,0,0,0,0,0,0,,0,0,0,0,0,0,0,0,,0,0,0,0,0,0,0,0,0,0,0,,0,0,0,0,0,0,0,0,,0,0,0,0,0,0,0,0,,0,0,0,0,0,0,0,0,0,0,0,,0,0,0,0,0,0,0,0,,0,0,0,0,0,0,0,0,,0,0,0,0,0,0,0,0,0,0,0,,0,0,0,0,0,0,0,0,0,0,0,0,0,0,0,0,0,0,0,0,0,0,0,0,0,0,0,0,0
,,,,,,,,,,,,,,,,,,,,,,,,,,,,,,,,,,,,,,,,,,,,,,,,,,,,,,,,,,,,,,,,,,,,,,,,,,,,,,,,,,,,,,,,,,,,,,,,,,,,,,,,,,,,,,,,,,,,,,,,,,,,,,,,,,,,,,,,,,,,,,,0,0,0,0,0,0,0,,0,0,0,0,0,0,0,0,,0,0,0,0,0,0,0,0,,0,0,0,0,0,0,0,0,0,0,0,,0,0,0,0,0,0,0,0,,0,0,0,0,0,0,0,0,,0,0,0,0,0,0,0,0,0,0,0,,0,0,0,0,0,0,0,0,,0,0,0,0,0,0,0,0,,0,0,0,0,0,0,0,0,0,0,0,,0,0,0,0,0,0,0,0,0,0,0,0,0,0,0,0,0,0,0,0,0,0,0,0,0,0,0,0,0
,,,,,,,,,,,,,,,,,,,,,,,,,,,,,,,,,,,,,,,,,,,,,,,,,,,,,,,,,,,,,,,,,,,,,,,,,,,,,,,,,,,,,,,,,,,,,,,,,,,,,,,,,,,,,,,,,,,,,,,,,,,,,,,,,,,,,,,,,,,,,,,0,0,0,0,0,0,0,,0,0,0,0,0,0,0,0,,0,0.94,0,0,0,0,0,0.94,,0,0.94,0,0,0,0,0,0,0,0,0,,0,0,0,0,0,0,0,0,,0,0,0,0,0,0,0,0,,0,0,0,0,0,0,0,0,0,0,0,,0,0,0,0,0,0,0,0,,0,0,0,0,0,0,0,0,,0,0,0,0,0,0,0,0,0,0,0,,0,0,0,0,0,0,0,0,0,0,0,0,0,0,0,0,0,0,0,0,0,0,0.94,0,0,0,0,0,0.94
,,,,,,,,,,,,,,,,,,,,,,,,,,,,,,,,,,,,,,,,,,,,,,,,,,,,,,,,,,,,,,,,,,,,,,,,,,,,,,,,,,,,,,,,,,,,,,,,,,,,,,,,,,,,,,,,,,,,,,,,,,,,,,,,,,,,,,,,,,,,,,,0,0,0,1272.3547568070087,0,0,-1272.3547568070087,,0,0,0,0,0,0,0,0,,0,0,0,0,0,0,0,0,,0,0,0,0,0,0,0,0,0,0,0,,0,0,0,0,0,0,0,0,,0,0,0,0,0,0,0,0,,0,0,0,0,0,0,0,0,0,0,0,,0,0,0,0,0,0,0,0,,0,0,0,0,0,0,0,0,,0,0,0,0,0,0,0,0,0,0,0,,0,0,0,0,0,0,0,0,0,0,0,0,0,0,0,0,0,0,0,0,0,0,0,0,0,1272.3547568070087,0,0,-1272.3547568070087
,,,,,,,,,,,,,,,,,,,,,,,,,,,,,,,,,,,,,,,,,,,,,,,,,,,,,,,,,,,,,,,,,,,,,,,,,,,,,,,,,,,,,,,,,,,,,,,,,,,,,,,,,,,,,,,,,,,,,,,,,,,,,,,,,,,,,,,,,,,,,,,0,0,0,0,0,0,0,,0,0,0,0,0,0,0,0,,0,0,0,0,0,0,0,0,,0,0,0,0,0,0,0,0,0,0,0,,0,0,0,0,0,0,0,0,,0,0,0,0,0,0,0,0,,0,0,0,0,0,0,0,0,0,0,0,,0,0,0,0,0,0,0,0,,0,0,0,0,0,0,0,0,,0,0,0,0,0,0,0,0,0,0,0,,0,0,0,0,0,0,0,0,0,0,0,0,0,0,0,0,0,0,0,0,0,0,0,0,0,0,0,0,0
,,,,,,,,,,,,,,,,,,,,,,,,,,,,,,,,,,,,,,,,,,,,,,,,,,,,,,,,,,,,,,,,,,,,,,,,,,,,,,,,,,,,,,,,,,,,,,,,,,,,,,,,,,,,,,,,,,,,,,,,,,,,,,,,,,,,,,,,,,,,,,,3076584.99,0.21512886879265572,0,6656709.238878346,0.03871139866209935,0,-3580124.248878346,0.17641747013055636,0,2697795.4000000004,0.17934612350058915,0,0,0,0,2697795.4000000004,,0,2628898.6599999997,0.17894899709130774,0,0,0,0,2628898.6599999997,,0,8403279.05,0.1908348841793885,0,2953789.12,0.1395587466059107,0,0,0,0,2953789.12,,0,3238175.5999999996,0.2465243707308774,0,0,0,0,3238175.5999999996,,0,1917849.6999999997,0.15621750970460652,0,0,0,0,1917849.6999999997,,0,8109814.419999999,0.1741151320073904,0,1922727.11,0.13102990023704522,0,0,0,0,1922727.11,,0,1958282.5499999998,0.16332521739690897,0,0,0,0,1958282.5499999998,,0,1613499.59,0.15013273342082945,0,0,0,0,1613499.59,,0,5494509.25,0.14686806321714066,0,1823031.38,0.12335378696082892,0,0,0,0,1823031.38,,0,0,0,0,0,0,0,0,0,0,0,0,0,0,0,0,0,0,0,1823031.38,0.12335378696082892,0,23830634.099999998,0.1668792302169671,0,6656709.238878346,0.03871265790296647,0,17173924.86112165
,,,,,,,,,,,,,,,,,,,,,,,,,,,,,,,,,,,,,,,,,,,,,,,,,,,,,,,,,,,,,,,,,,,,,,,,,,,,,,,,,,,,,,,,,,,,,,,,,,,,,,,,,,,,,,,,,,,,,,,,,,,,,,,,,,,,,,,,,,,,,,,0,0,0,0,0,0,0,0,0,0,0,0,0,0,0,0,0,0,0,0,0,0,0,0,0,0,0,0,0,0,0,0,0,0,0,0,0,0,0,0,0,0,0,0,0,0,0,0,0,0,0,0,0,0,0,0,0,0,0,0,0,0,0,0,0,0,0,0,0,0,0,0,0,0,0,0,0,0,0,0,0,0,0,0,0,0,0,0,0,0,0,0,0,0,0,0,0,0,0,0,0,0,0,0,0,0,0,0,0,0,0,0,0,0,0,0,0,0,0,0,0,0,0,0,0,0,0
,,,,,,,,,,,,,,,,,,,,,,,,,,,,,,,,,,,,,,,,,,,,,,,,,,,,,,,,,,,,,,,,,,,,,,,,,,,,,,,,,,,,,,,,,,,,,,,,,,,,,,,,,,,,,,,,,,,,,,,,,,,,,,,,,,,,,,,,,,,,,,,12945946.799999965,0.9052397055781949,0,131410924.19929373,0.764206530987217,0,-118464977.39929375,0.14103317459097786,0,12109986.179999989,0.8050570021094652,0,0,0,0,12109986.179999989,,0,13911385.990000013,0.946947331572139,0,0,0,0,13911385.990000013,,0,38967318.96999997,0.8849311986636016,0,19244984.919999987,0.9092747873229523,0,0,0,0,19244984.919999987,,0,11624473.319999987,0.8849785571514005,0,0,0,0,11624473.319999987,,0,9550246.779999977,0.7779106824878059,0,0,0,0,9550246.779999977,,0,40419705.01999995,0.8677981900425623,0,12768893.26000005,0.8701738282533945,0,0,0,0,12768893.26000005,,0,10141024.220000032,0.84578447852626,0,0,0,0,10141024.220000032,,0,9763675.869999975,0.9084894447342817,0,0,0,0,9763675.869999975,,0,32673593.350000057,0.8733641450615367,0,11474098.020000033,0.7763845747552371,0,0,0,0,11474098.020000033,,0,0,0,0,0,0,0,0,0,0,0,0,0,0,0,0,0,0,0,11474098.020000033,0.7763845747552371,0,123534715.36,0.8650788777940636,0,131410924.19929373,0.764231389817639,0,-7876208.839293715
,,,,,,,,,,,,,,,,,,,,,,,,,,,,,,,,,,,,,,,,,,,,,,,,,,,,,,,,,,,,,,,,,,,,,,,,,,,,,,,,,,,,,,,,,,,,,,,,,,,,,,,,,,,,,,,,,,,,,,,,,,,,,,,,,,,,,,,,,,,,,,,0,0,0,0,0,0,0,0,0,0,0,0,0,0,0,0,0,0,0,0,0,0,0,0,0,0,0,0,0,0,0,0,0,0,0,0,0,0,0,0,0,0,0,0,0,0,0,0,0,0,0,0,0,0,0,0,0,0,0,0,0,0,0,0,0,0,0,0,0,0,0,0,0,0,0,0,0,0,0,0,0,0,0,0,0,0,0,0,0,0,0,0,0,0,0,0,0,0,0,0,0,0,0,0,0,0,0,0,0,0,0,0,0,0,0,0,0,0,0,0,0,0,0,0,0,0,0
,,,,,,,,,,,,,,,,,,,,,,,,,,,,,,,,,,,,,,,,,,,,,,,,,,,,,,,,,,,,,,,,,,,,,,,,,,,,,,,,,,,,,,,,,,,,,,,,,,,,,,,,,,,,,,,,,,,,,,,,,,,,,,,,,,,,,,,,,,,,,,,1355178.880000038,0.0947602944218051,0,40546418.3132526,0.23579346901278295,0,-39191239.43325257,-0.14103317459097786,0,2932409.760000009,0.19494299789053482,0,0,0,0,2932409.760000009,,0,779384.5799999889,0.053052668427861015,0,0,0,0,779384.5799999889,,0,5066973.220000036,0.11506880133639855,0,1920217.4900000133,0.09072521267704774,0,0,0,0,1920217.4900000133,,0,1510843.040000014,0.11502144284859948,0,0,0,0,1510843.040000014,,0,2726544.1100000218,0.2220893175121941,0,0,0,0,2726544.1100000218,,0,6157604.640000049,0.13220180995743774,0,1905063.6499999482,0.1298261717466055,0,0,0,0,1905063.6499999482,,0,1849056.559999967,0.15421552147373999,0,0,0,0,1849056.559999967,,0,983478.0200000238,0.09151055526571825,0,0,0,0,983478.0200000238,,0,4737598.229999939,0.1266358549384633,0,3304786.559999969,0.22361542524476286,0,0,0,0,3304786.559999969,,0,0,0,0,0,0,0,0,0,0,0,0,0,0,0,0,0,0,0,3304786.559999969,0.22361542524476286,0,19266962.64999999,0.1349211222059364,0,40540824.90466681,0.23576861018236098,0,-21273862.254666835
,,,,,,,,,,,,,,,,,,,,,,,,,,,,,,,,,,,,,,,,,,,,,,,,,,,,,,,,,,,,,,,,,,,,,,,,,,,,,,,,,,,,,,,,,,,,,,,,,,,,,,,,,,,,,,,,,,,,,,,,,,,,,,,,,,,,,,,,,,,,,,,0,0,0,0,0,0,0,0,0,0,0,0,0,0,0,0,0,0,0,0,0,0,0,0,0,0,0,0,0,0,0,0,0,0,0,0,0,0,0,0,0,0,0,0,0,0,0,0,0,0,0,0,0,0,0,0,0,0,0,0,0,0,0,0,0,0,0,0,0,0,0,0,0,0,0,0,0,0,0,0,0,0,0,0,0,0,0,0,0,0,0,0,0,0,0,0,0,0,0,0,0,0,0,0,0,0,0,0,0,0,0,0,0,0,0,0,0,0,0,0,0,0,0,0,0,0,0
,,,,,,,,,,,,,,,,,,,,,,,,,,,,,,,,,,,,,,,,,,,,,,,,,,,,,,,,,,,,,,,,,,,,,,,,,,,,,,,,,,,,,,,,,,,,,,,,,,,,,,,,,,,,,,,,,,,,,,,,,,,,,,,,,,,,,,,,,,,,,,,0,0,0,0,0,0,0,0,0,0,0,0,0,0,0,0,0,0,0,0,0,0,0,0,0,0,0,0,0,0,0,0,0,0,0,0,0,0,0,0,0,0,0,0,0,0,0,0,0,0,0,0,0,0,0,0,0,0,0,0,0,0,0,0,0,0,0,0,0,0,0,0,0,0,0,0,0,0,0,0,0,0,0,0,0,0,0,0,0,0,0,0,0,0,0,0,0,0,0,0,0,0,0,0,0,0,0,0,0,0,0,0,0,0,0,0,0,0,0,0,0,0,0,0,0,0,0
,,,,,,,,,,,,,,,,,,,,,,,,,,,,,,,,,,,,,,,,,,,,,,,,,,,,,,,,,,,,,,,,,,,,,,,,,,,,,,,,,,,,,,,,,,,,,,,,,,,,,,,,,,,,,,,,,,,,,,,,,,,,,,,,,,,,,,,,,,,,,,,193081.51,0.01350114070181362,0,288161.34966666665,0.001675772290128535,0,-95079.83966666664,0.011825368411685085,0,262045.45,0.017420459549477865,0,0,0,0,262045.45,,0,241344.04,0.016428276437237967,0,0,0,0,241344.04,,0,696471,0.015816559444054506,0,302167.38,0.014276611872005244,0,0,0,0,302167.38,,0,337197.46,0.02567105738136938,0,0,0,0,337197.46,,0,244467.63,0.01991299128497252,0,0,0,0,244467.63,,0,883832.4700000001,0.01897560156332997,0,183429.96999999997,0.012500375401470358,0,0,0,0,183429.96999999997,,0,183638.44,0.015315863451588857,0,0,0,0,183638.44,,0,324580.15,0.030201498305706318,0,0,0,0,324580.15,,0,691648.56,0.0184877447306371,0,325138.03,0.022000173845325478,0,0,0,0,325138.03,,0,0,0,0,0,0,0,0,0,0,0,0,0,0,0,0,0,0,0,325138.03,0.022000173845325478,0,2597090.0600000005,0.018186691474438653,0,288161.34966666665,0.001675826801229261,0,2308928.710333334
,,,,,,,,,,,,,,,,,,,,,,,,,,,,,,,,,,,,,,,,,,,,,,,,,,,,,,,,,,,,,,,,,,,,,,,,,,,,,,,,,,,,,,,,,,,,,,,,,,,,,,,,,,,,,,,,,,,,,,,,,,,,,,,,,,,,,,,,,,,,,,,9843.52,0,0,2738.647117534161,0,0,7104.872882465839,,0,3369.75,0,0,0,0,0,3369.75,,0,1263.63,0,0,0,0,0,1263.63,,0,14476.900000000001,0,0,0,0,0,0,0,0,0,,0,0,0,0,0,0,0,0,,0,0,0,0,0,0,0,0,,0,0,0,0,3686.08,0,0,0,0,0,3686.08,,0,0,0,0,0,0,0,0,,0,1386.35,0,0,0,0,0,1386.35,,0,5072.43,0,0,0,0,0,0,0,0,0,,0,0,0,0,0,0,0,0,0,0,0,0,0,0,0,0,0,0,0,0,0,0,19549.33,0,0,2738.647117534161,0,0,16810.68288246584
,,,,,,,,,,,,,,,,,,,,,,,,,,,,,,,,,,,,,,,,,,,,,,,,,,,,,,,,,,,,,,,,,,,,,,,,,,,,,,,,,,,,,,,,,,,,,,,,,,,,,,,,,,,,,,,,,,,,,,,,,,,,,,,,,,,,,,,,,,,,,,,0,0,0,2639.01,0,0,-2639.01,,0,0,0,0,0,0,0,0,,0,0,0,0,0,0,0,0,,0,0,0,0,0,0,0,0,0,0,0,,0,0,0,0,0,0,0,0,,0,0,0,0,0,0,0,0,,0,0,0,0,0,0,0,0,0,0,0,,0,6101.14,0,0,0,0,0,6101.14,,0,0,0,0,0,0,0,0,,0,6101.14,0,0,0,0,0,0,0,0,0,,0,0,0,0,0,0,0,0,0,0,0,0,0,0,0,0,0,0,0,0,0,0,6101.14,0,0,2639.01,0,0,3462.13
,,,,,,,,,,,,,,,,,,,,,,,,,,,,,,,,,,,,,,,,,,,,,,,,,,,,,,,,,,,,,,,,,,,,,,,,,,,,,,,,,,,,,,,,,,,,,,,,,,,,,,,,,,,,,,,,,,,,,,,,,,,,,,,,,,,,,,,,,,,,,,,4599799.56,0.32163898583401573,0,3849344.6505168914,0.022385462547119997,0,750454.9094831082,0.29925352328689575,0,4599799.56,0.3057890231281866,0,0,0,0,4599799.56,,0,4599799.56,0.31310812037274904,0,0,0,0,4599799.56,,0,13799398.68,0.31337846014324683,0,4599799.56,0.21732839927043246,0,0,0,0,4599799.56,,0,4599799.56,0.35018566998564465,0,0,0,0,4599799.56,,0,4599799.56,0.3746744243845307,0,0,0,0,4599799.56,,0,13799398.68,0.29626869350615903,0,4599799.56,0.31346688478179535,0,0,0,0,4599799.56,,0,4599799.56,0.38363374229076713,0,0,0,0,4599799.56,,0,4599799.56,0.428001646489869,0,0,0,0,4599799.56,,0,13799398.68,0.3688575021859809,0,4599799.56,0.31124132102803115,0,0,0,0,4599799.56,,0,0,0,0,0,0,0,0,0,0,0,0,0,0,0,0,0,0,0,4599799.56,0.31124132102803115,0,45997995.6,0.32211103007332237,0,3849344.6505168914,0.022386190722547467,0,42148650.94948311
,,,,,,,,,,,,,,,,,,,,,,,,,,,,,,,,,,,,,,,,,,,,,,,,,,,,,,,,,,,,,,,,,,,,,,,,,,,,,,,,,,,,,,,,,,,,,,,,,,,,,,,,,,,,,,,,,,,,,,,,,,,,,,,,,,,,,,,,,,,,,,,0,0,0,0,0,0,0,,0,0,0,0,0,0,0,0,,0,0,0,0,0,0,0,0,,0,0,0,0,0,0,0,0,0,0,0,,0,0,0,0,0,0,0,0,,0,0,0,0,0,0,0,0,,0,0,0,0,0,0,0,0,0,0,0,,0,0,0,0,0,0,0,0,,0,0,0,0,0,0,0,0,,0,0,0,0,0,0,0,0,0,0,0,,0,0,0,0,0,0,0,0,0,0,0,0,0,0,0,0,0,0,0,0,0,0,0,0,0,0,0,0,0
,,,,,,,,,,,,,,,,,,,,,,,,,,,,,,,,,,,,,,,,,,,,,,,,,,,,,,,,,,,,,,,,,,,,,,,,,,,,,,,,,,,,,,,,,,,,,,,,,,,,,,,,,,,,,,,,,,,,,,,,,,,,,,,,,,,,,,,,,,,,,,,0,0,0,0,0,0,0,,0,0,0,0,0,0,0,0,,0,0,0,0,0,0,0,0,,0,0,0,0,0,0,0,0,0,0,0,,0,0,0,0,0,0,0,0,,0,0,0,0,0,0,0,0,,0,0,0,0,0,0,0,0,0,0,0,,0,0,0,0,0,0,0,0,,0,0,0,0,0,0,0,0,,0,0,0,0,0,0,0,0,0,0,0,,0,0,0,0,0,0,0,0,0,0,0,0,0,0,0,0,0,0,0,0,0,0,0,0,0,0,0,0,0
,,,,,,,,,,,,,,,,,,,,,,,,,,,,,,,,,,,,,,,,,,,,,,,,,,,,,,,,,,,,,,,,,,,,,,,,,,,,,,,,,,,,,,,,,,,,,,,,,,,,,,,,,,,,,,,,,,,,,,,,,,,,,,,,,,,,,,,,,,,,,,,4907.81,0,0,6414.420000000001,0,0,-1506.6100000000006,,0,3905.85,0,0,0,0,0,3905.85,,0,4907.81,0,0,0,0,0,4907.81,,0,13721.470000000001,0,0,4907.81,0,0,0,0,0,4907.81,,0,4907.81,0,0,0,0,0,4907.81,,0,4855.56,0,0,0,0,0,4855.56,,0,14671.18,0,0,4855.26,0,0,0,0,0,4855.26,,0,4742.33,0,0,0,0,0,4742.33,,0,4741.93,0,0,0,0,0,4741.93,,0,14339.52,0,0,4741.93,0,0,0,0,0,4741.93,,0,0,0,0,0,0,0,0,0,0,0,0,0,0,0,0,0,0,0,4741.93,0,0,47474.100000000006,0,0,6414.420000000001,0,0,41059.68000000001
,,,,,,,,,,,,,,,,,,,,,,,,,,,,,,,,,,,,,,,,,,,,,,,,,,,,,,,,,,,,,,,,,,,,,,,,,,,,,,,,,,,,,,,,,,,,,,,,,,,,,,,,,,,,,,,,,,,,,,,,,,,,,,,,,,,,,,,,,,,,,,,0,0,0,0,0,0,0,,0,0,0,0,0,0,0,0,,0,0,0,0,0,0,0,0,,0,0,0,0,0,0,0,0,0,0,0,,0,0,0,0,0,0,0,0,,0,0,0,0,0,0,0,0,,0,0,0,0,0,0,0,0,0,0,0,,0,0,0,0,0,0,0,0,,0,0,0,0,0,0,0,0,,0,0,0,0,0,0,0,0,0,0,0,,0,0,0,0,0,0,0,0,0,0,0,0,0,0,0,0,0,0,0,0,0,0,0,0,0,0,0,0,0
,,,,,,,,,,,,,,,,,,,,,,,,,,,,,,,,,,,,,,,,,,,,,,,,,,,,,,,,,,,,,,,,,,,,,,,,,,,,,,,,,,,,,,,,,,,,,,,,,,,,,,,,,,,,,,,,,,,,,,,,,,,,,,,,,,,,,,,,,,,,,,,0,0,0,1297.0310568400557,0,0,-1297.0310568400557,,0,0,0,0,0,0,0,0,,0,0,0,0,0,0,0,0,,0,0,0,0,0,0,0,0,0,0,0,,0,0,0,0,0,0,0,0,,0,0,0,0,0,0,0,0,,0,0,0,0,0,0,0,0,0,0,0,,0,0,0,0,0,0,0,0,,0,0,0,0,0,0,0,0,,0,0,0,0,0,0,0,0,0,0,0,,0,0,0,0,0,0,0,0,0,0,0,0,0,0,0,0,0,0,0,0,0,0,0,0,0,1297.0310568400557,0,0,-1297.0310568400557
,,,,,,,,,,,,,,,,,,,,,,,,,,,,,,,,,,,,,,,,,,,,,,,,,,,,,,,,,,,,,,,,,,,,,,,,,,,,,,,,,,,,,,,,,,,,,,,,,,,,,,,,,,,,,,,,,,,,,,,,,,,,,,,,,,,,,,,,,,,,,,,42504.95,0.0029721401623260184,0,68297.18000000001,0,0,-25792.23000000001,0.0029721401623260184,0,42504.95,0.0028256768515827276,0,0,0,0,42504.95,,0,42504.95,0.0028933097687060256,0,0,0,0,42504.95,,0,127514.84999999999,0.0028958078728686383,0,42504.95,0.0020082467994691857,0,0,0,0,42504.95,,0,42504.95,0.0032359289137060413,0,0,0,0,42504.95,,0,42504.95,0.0034622199221966223,0,0,0,0,42504.95,,0,127514.84999999999,0.002737703206364195,0,42504.95,0.0028966249703945737,0,0,0,0,42504.95,,0,47319.94,0.003946590591694079,0,0,0,0,47319.94,,0,47319.94,0.004403020602880751,0,0,0,0,47319.94,,0,137144.83000000002,0.003665877086719621,0,51184.03,0.0034633215871559364,0,0,0,0,51184.03,,0,0,0,0,0,0,0,0,0,0,0,0,0,0,0,0,0,0,0,51184.03,0.0034633215871559364,0,443358.56000000006,0.0031047153379314837,0,68297.18000000001,0,0,375061.38000000006
,,,,,,,,,,,,,,,,,,,,,,,,,,,,,,,,,,,,,,,,,,,,,,,,,,,,,,,,,,,,,,,,,,,,,,,,,,,,,,,,,,,,,,,,,,,,,,,,,,,,,,,,,,,,,,,,,,,,,,,,,,,,,,,,,,,,,,,,,,,,,,,0,0,0,0,0,0,0,,0,0,0,0,0,0,0,0,,0,0,0,0,0,0,0,0,,0,0,0,0,0,0,0,0,0,0,0,,0,0,0,0,0,0,0,0,,0,0,0,0,0,0,0,0,,0,0,0,0,0,0,0,0,0,0,0,,0,0,0,0,0,0,0,0,,0,0,0,0,0,0,0,0,,0,0,0,0,0,0,0,0,0,0,0,,0,0,0,0,0,0,0,0,0,0,0,0,0,0,0,0,0,0,0,0,0,0,0,0,0,0,0,0,0
,,,,,,,,,,,,,,,,,,,,,,,,,,,,,,,,,,,,,,,,,,,,,,,,,,,,,,,,,,,,,,,,,,,,,,,,,,,,,,,,,,,,,,,,,,,,,,,,,,,,,,,,,,,,,,,,,,,,,,,,,,,,,,,,,,,,,,,,,,,,,,,95.55,0,0,19207.51525,0,0,-19111.96525,,0,104.23,0,0,0,0,0,104.23,,0,2840.56,0,0,0,0,0,2840.56,,0,3040.34,0,0,4709.38,0,0,0,0,0,4709.38,,0,2840.56,0,0,0,0,0,2840.56,,0,9667.46,0,0,0,0,0,9667.46,,0,17217.399999999998,0,0,8306.68,0,0,0,0,0,8306.68,,0,2840.56,0,0,0,0,0,2840.56,,0,2840.56,0,0,0,0,0,2840.56,,0,13987.8,0,0,26888.77,0.0018194045602323797,0,0,0,0,26888.77,,0,0,0,0,0,0,0,0,0,0,0,0,0,0,0,0,0,0,0,26888.77,0.0018194045602323797,0,61134.31,0,0,19207.51525,0,0,41926.79475
,,,,,,,,,,,,,,,,,,,,,,,,,,,,,,,,,,,,,,,,,,,,,,,,,,,,,,,,,,,,,,,,,,,,,,,,,,,,,,,,,,,,,,,,,,,,,,,,,,,,,,,,,,,,,,,,,,,,,,,,,,,,,,,,,,,,,,,,,,,,,,,0,0,0,24404.6449392847,0,0,-24404.6449392847,,0,0,0,0,0,0,0,0,,0,0,0,0,0,0,0,0,,0,0,0,0,0,0,0,0,0,0,0,,0,-421.9,0,0,0,0,0,-421.9,,0,4624.11,0,0,0,0,0,4624.11,,0,4202.21,0,0,0,0,0,0,0,0,0,,0,8400.45,0,0,0,0,0,8400.45,,0,4715.3,0,0,0,0,0,4715.3,,0,13115.75,0,0,0,0,0,0,0,0,0,,0,0,0,0,0,0,0,0,0,0,0,0,0,0,0,0,0,0,0,0,0,0,17317.96,0,0,24404.6449392847,0,0,-7086.6849392847
,,,,,,,,,,,,,,,,,,,,,,,,,,,,,,,,,,,,,,,,,,,,,,,,,,,,,,,,,,,,,,,,,,,,,,,,,,,,,,,,,,,,,,,,,,,,,,,,,,,,,,,,,,,,,,,,,,,,,,,,,,,,,,,,,,,,,,,,,,,,,,,0,0,0,0,0,0,0,,0,0,0,0,0,0,0,0,,0,0,0,0,0,0,0,0,,0,0,0,0,0,0,0,0,0,0,0,,0,0,0,0,0,0,0,0,,0,0,0,0,0,0,0,0,,0,0,0,0,0,0,0,0,0,0,0,,0,0,0,0,0,0,0,0,,0,0,0,0,0,0,0,0,,0,0,0,0,0,0,0,0,0,0,0,,0,0,0,0,0,0,0,0,0,0,0,0,0,0,0,0,0,0,0,0,0,0,0,0,0,0,0,0,0
,,,,,,,,,,,,,,,,,,,,,,,,,,,,,,,,,,,,,,,,,,,,,,,,,,,,,,,,,,,,,,,,,,,,,,,,,,,,,,,,,,,,,,,,,,,,,,,,,,,,,,,,,,,,,,,,,,,,,,,,,,,,,,,,,,,,,,,,,,,,,,,705.6,0,0,2041.2730382227123,0,0,-1335.6730382227124,,0,3000,0,0,0,0,0,3000,,0,0,0,0,0,0,0,0,,0,3705.6,0,0,0,0,0,0,0,0,0,,0,2080,0,0,0,0,0,2080,,0,1128,0,0,0,0,0,1128,,0,3208,0,0,0,0,0,0,0,0,0,,0,0,0,0,0,0,0,0,,0,580,0,0,0,0,0,580,,0,580,0,0,2480,0,0,0,0,0,2480,,0,0,0,0,0,0,0,0,0,0,0,0,0,0,0,0,0,0,0,2480,0,0,9973.6,0,0,2041.2730382227123,0,0,7932.326961777288
,,,,,,,,,,,,,,,,,,,,,,,,,,,,,,,,,,,,,,,,,,,,,,,,,,,,,,,,,,,,,,,,,,,,,,,,,,,,,,,,,,,,,,,,,,,,,,,,,,,,,,,,,,,,,,,,,,,,,,,,,,,,,,,,,,,,,,,,,,,,,,,0,0,0,172713.038867371,0.0010043946733752853,0,-172713.038867371,,0,0,0,0,0,0,0,0,,0,0,0,0,0,0,0,0,,0,0,0,0,0,0,0,0,0,0,0,,0,0,0,0,0,0,0,0,,0,0,0,0,0,0,0,0,,0,0,0,0,0,0,0,0,0,0,0,,0,0,0,0,0,0,0,0,,0,0,0,0,0,0,0,0,,0,0,0,0,0,0,0,0,0,0,0,,0,0,0,0,0,0,0,0,0,0,0,0,0,0,0,0,0,0,0,0,0,0,0,0,0,172713.038867371,0.001004427345272017,0,-172713.038867371
,,,,,,,,,,,,,,,,,,,,,,,,,,,,,,,,,,,,,,,,,,,,,,,,,,,,,,,,,,,,,,,,,,,,,,,,,,,,,,,,,,,,,,,,,,,,,,,,,,,,,,,,,,,,,,,,,,,,,,,,,,,,,,,,,,,,,,,,,,,,,,,0,0,0,0,0,0,0,,0,0,0,0,0,0,0,0,,0,0,0,0,0,0,0,0,,0,0,0,0,0,0,0,0,0,0,0,,0,0,0,0,0,0,0,0,,0,0,0,0,0,0,0,0,,0,0,0,0,0,0,0,0,0,0,0,,0,0,0,0,0,0,0,0,,0,0,0,0,0,0,0,0,,0,0,0,0,0,0,0,0,0,0,0,,0,0,0,0,0,0,0,0,0,0,0,0,0,0,0,0,0,0,0,0,0,0,0,0,0,0,0,0,0
,,,,,,,,,,,,,,,,,,,,,,,,,,,,,,,,,,,,,,,,,,,,,,,,,,,,,,,,,,,,,,,,,,,,,,,,,,,,,,,,,,,,,,,,,,,,,,,,,,,,,,,,,,,,,,,,,,,,,,,,,,,,,,,,,,,,,,,,,,,,,,,133810.67,0.009356652965237067,0,201875.92600000006,0.0011739884034627415,0,-68065.25600000005,0.008182664561774326,0,157228.85,0.010452380766145426,0,0,0,0,157228.85,,0,157228.85,0.010702559763684335,0,0,0,0,157228.85,,0,448268.37,0.010179983547045633,0,157228.85,0.007428648540857494,0,0,0,0,157228.85,,0,157228.85,0.011969932485128208,0,0,0,0,157228.85,,0,157228.85,0.01280699910984637,0,0,0,0,157228.85,,0,471686.55000000005,0.010126959960615297,0,158728.85,0.010817044848470937,0,0,0,0,158728.85,,0,157228.85,0.013113243595678262,0,0,0,0,157228.85,,0,208176.51,0.019370385139241737,0,0,0,0,208176.51,,0,524134.20999999996,0.014010091308617975,0,182702.68,0.012362413347976765,0,0,0,0,182702.68,,0,0,0,0,0,0,0,0,0,0,0,0,0,0,0,0,0,0,0,182702.68,0.012362413347976765,0,1626791.81,0.011391965645432265,0,201875.92600000006,0.0011740265920641936,0,1424915.884
,,,,,,,,,,,,,,,,,,,,,,,,,,,,,,,,,,,,,,,,,,,,,,,,,,,,,,,,,,,,,,,,,,,,,,,,,,,,,,,,,,,,,,,,,,,,,,,,,,,,,,,,,,,,,,,,,,,,,,,,,,,,,,,,,,,,,,,,,,,,,,,0,0,0,0,0,0,0,,0,0,0,0,0,0,0,0,,0,21.21,0,0,0,0,0,21.21,,0,21.21,0,0,0,0,0,0,0,0,0,,0,936.6,0,0,0,0,0,936.6,,0,616.86,0,0,0,0,0,616.86,,0,1553.46,0,0,11365,0,0,0,0,0,11365,,0,397.91,0,0,0,0,0,397.91,,0,963.16,0,0,0,0,0,963.16,,0,12726.07,0,0,58380,0.0039502304577846556,0,0,0,0,58380,,0,0,0,0,0,0,0,0,0,0,0,0,0,0,0,0,0,0,0,58380,0.0039502304577846556,0,72680.74,0,0,0,0,0,72680.74
,,,,,,,,,,,,,,,,,,,,,,,,,,,,,,,,,,,,,,,,,,,,,,,,,,,,,,,,,,,,,,,,,,,,,,,,,,,,,,,,,,,,,,,,,,,,,,,,,,,,,,,,,,,,,,,,,,,,,,,,,,,,,,,,,,,,,,,,,,,,,,,141001,0.009859433666623086,0,459225,0.0026705751164216446,0,-318224,0.007188858550201441,0,97370,0.006473037964721996,0,0,0,0,97370,,0,129268,0.008799266136793257,0,0,0,0,129268,,0,367639,0.00834892493363364,0,148920,0.007036077289279276,0,0,0,0,148920,,0,73236,0.005575503321946636,0,0,0,0,73236,,0,108528,0.008840095182235365,0,0,0,0,108528,,0,330684,0.007099680132104908,0,61948,0.00422162886125035,0,0,0,0,61948,,0,56032,0.0046731962051051335,0,0,0,0,56032,,0,66776,0.006213365946321255,0,0,0,0,66776,,0,184756,0.004938522196089858,0,91664,0.006202362533099909,0,0,0,0,91664,,0,0,0,0,0,0,0,0,0,0,0,0,0,0,0,0,0,0,0,91664,0.006202362533099909,0,974743,0.00682585116353984,0,459225,0.0026706619874064586,0,515518
,,,,,,,,,,,,,,,,,,,,,,,,,,,,,,,,,,,,,,,,,,,,,,,,,,,,,,,,,,,,,,,,,,,,,,,,,,,,,,,,,,,,,,,,,,,,,,,,,,,,,,,,,,,,,,,,,,,,,,,,,,,,,,,,,,,,,,,,,,,,,,,0,0,0,0,0,0,0,,0,0,0,0,0,0,0,0,,0,0,0,0,0,0,0,0,,0,0,0,0,0,0,0,0,0,0,0,,0,0,0,0,0,0,0,0,,0,0,0,0,0,0,0,0,,0,0,0,0,0,0,0,0,0,0,0,,0,0,0,0,0,0,0,0,,0,0,0,0,0,0,0,0,,0,0,0,0,0,0,0,0,0,0,0,,0,0,0,0,0,0,0,0,0,0,0,0,0,0,0,0,0,0,0,0,0,0,0,0,0,0,0,0,0
,,,,,,,,,,,,,,,,,,,,,,,,,,,,,,,,,,,,,,,,,,,,,,,,,,,,,,,,,,,,,,,,,,,,,,,,,,,,,,,,,,,,,,,,,,,,,,,,,,,,,,,,,,,,,,,,,,,,,,,,,,,,,,,,,,,,,,,,,,,,,,,0,0,0,0,0,0,0,,0,0,0,0,0,0,0,0,,0,0,0,0,0,0,0,0,,0,0,0,0,0,0,0,0,0,0,0,,0,0,0,0,0,0,0,0,,0,0,0,0,0,0,0,0,,0,0,0,0,0,0,0,0,0,0,0,,0,0,0,0,0,0,0,0,,0,0,0,0,0,0,0,0,,0,0,0,0,0,0,0,0,0,0,0,,0,0,0,0,0,0,0,0,0,0,0,0,0,0,0,0,0,0,0,0,0,0,0,0,0,0,0,0,0
,,,,,,,,,,,,,,,,,,,,,,,,,,,,,,,,,,,,,,,,,,,,,,,,,,,,,,,,,,,,,,,,,,,,,,,,,,,,,,,,,,,,,,,,,,,,,,,,,,,,,,,,,,,,,,,,,,,,,,,,,,,,,,,,,,,,,,,,,,,,,,,0,0,0,0,0,0,0,,0,0,0,0,0,0,0,0,,0,0,0,0,0,0,0,0,,0,0,0,0,0,0,0,0,0,0,0,,0,0,0,0,0,0,0,0,,0,0,0,0,0,0,0,0,,0,0,0,0,0,0,0,0,0,0,0,,0,0,0,0,0,0,0,0,,0,0,0,0,0,0,0,0,,0,0,0,0,0,0,0,0,0,0,0,,0,0,0,0,0,0,0,0,0,0,0,0,0,0,0,0,0,0,0,0,0,0,0,0,0,0,0,0,0
,,,,,,,,,,,,,,,,,,,,,,,,,,,,,,,,,,,,,,,,,,,,,,,,,,,,,,,,,,,,,,,,,,,,,,,,,,,,,,,,,,,,,,,,,,,,,,,,,,,,,,,,,,,,,,,,,,,,,,,,,,,,,,,,,,,,,,,,,,,,,,,0,0,0,0,0,0,0,,0,0,0,0,0,0,0,0,,0,0,0,0,0,0,0,0,,0,0,0,0,0,0,0,0,0,0,0,,0,0,0,0,0,0,0,0,,0,0,0,0,0,0,0,0,,0,0,0,0,0,0,0,0,0,0,0,,0,0,0,0,0,0,0,0,,0,0,0,0,0,0,0,0,,0,0,0,0,0,0,0,0,0,0,0,,0,0,0,0,0,0,0,0,0,0,0,0,0,0,0,0,0,0,0,0,0,0,0,0,0,0,0,0,0
,,,,,,,,,,,,,,,,,,,,,,,,,,,,,,,,,,,,,,,,,,,,,,,,,,,,,,,,,,,,,,,,,,,,,,,,,,,,,,,,,,,,,,,,,,,,,,,,,,,,,,,,,,,,,,,,,,,,,,,,,,,,,,,,,,,,,,,,,,,,,,,0,0,0,0,0,0,0,,0,0,0,0,0,0,0,0,,0,0,0,0,0,0,0,0,,0,0,0,0,0,0,0,0,0,0,0,,0,0,0,0,0,0,0,0,,0,0,0,0,0,0,0,0,,0,0,0,0,0,0,0,0,0,0,0,,0,0,0,0,0,0,0,0,,0,0,0,0,0,0,0,0,,0,0,0,0,0,0,0,0,0,0,0,,0,0,0,0,0,0,0,0,0,0,0,0,0,0,0,0,0,0,0,0,0,0,0,0,0,0,0,0,0
,,,,,,,,,,,,,,,,,,,,,,,,,,,,,,,,,,,,,,,,,,,,,,,,,,,,,,,,,,,,,,,,,,,,,,,,,,,,,,,,,,,,,,,,,,,,,,,,,,,,,,,,,,,,,,,,,,,,,,,,,,,,,,,,,,,,,,,,,,,,,,,2303558.5330000003,0.16107532963097487,0,3285012.715455687,0.01910364900653199,0,-981454.1824556869,0.14197168062444288,0,2177711.64503,0.14477159447978205,0,0,0,0,2177711.64503,,0,2103108.58553,0.1431584936616432,0,0,0,0,2103108.58553,,0,6584378.763559999,0.14952843422915932,0,2149529.58159,0.10155960429532221,0,0,0,0,2149529.58159,,0,2322403.7511299998,0.17680607664709488,0,0,0,0,2322403.7511299998,,0,2389854.84636,0.1946644581448923,0,0,0,0,2389854.84636,,0,6861788.17908,0.14732040620570272,0,2052441.9622399998,0.13986970077861569,0,0,0,0,2052441.9622399998,,0,2302794.83952,0.1920583256921143,0,0,0,0,2302794.83952,,0,2066349.3053399995,0.19226944421654688,0,0,0,0,2066349.3053399995,,0,6421586.107099999,0.17164879908644703,0,2051823.6031099996,0.13883480799942746,0,0,0,0,2051823.6031099996,,0,0,0,0,0,0,0,0,0,0,0,0,0,0,0,0,0,0,0,2051823.6031099996,0.13883480799942746,0,21919576.65285,0.1534966322406592,0,3285012.715455687,0.019104270428035,0,18634563.93739431
,,,,,,,,,,,,,,,,,,,,,,,,,,,,,,,,,,,,,,,,,,,,,,,,,,,,,,,,,,,,,,,,,,,,,,,,,,,,,,,,,,,,,,,,,,,,,,,,,,,,,,,,,,,,,,,,,,,,,,,,,,,,,,,,,,,,,,,,,,,,,,,7429308.703,0.5194911833681611,0,8383372.401908498,0.048752628293827184,0,-954063.6989084979,0.47073855507433393,0,7347040.28503,0.4884222110849451,0,0,0,0,7347040.28503,,0,7282287.195529998,0.495704916282686,0,0,0,0,7282287.195529998,,0,22058636.18356,0.5009422222203772,0,7409767.511589998,0.3500919749337752,0,0,0,0,7409767.511589998,,0,7542713.641129998,0.5742315932411998,0,0,0,0,7542713.641129998,,0,7563275.826359999,0.616062934860333,0,0,0,0,7563275.826359999,,0,22515756.979079995,0.48340612936724087,0,7127066.312239999,0.4856949189610234,0,0,0,0,7127066.312239999,,0,7369296.01952,0.614616044273223,0,0,0,0,7369296.01952,,0,7328228.7653399985,0.6818762288459237,0,0,0,0,7328228.7653399985,,0,21824591.097099997,0.5833706486047189,0,7394802.603109999,0.5003627007898317,0,0,0,0,7394802.603109999,,0,0,0,0,0,0,0,0,0,0,0,0,0,0,0,0,0,0,0,7394802.603109999,0.5003627007898317,0,73793786.86285001,0.5167571410308108,0,8383372.401908498,0.048754214165277164,0,65410414.46094151
,,,,,,,,,,,,,,,,,,,,,,,,,,,,,,,,,,,,,,,,,,,,,,,,,,,,,,,,,,,,,,,,,,,,,,,,,,,,,,,,,,,,,,,,,,,,,,,,,,,,,,,,,,,,,,,,,,,,,,,,,,,,,,,,,,,,,,,,,,,,,,,0,0,0,0,0,0,0,0,0,0,0,0,0,0,0,0,0,0,0,0,0,0,0,0,0,0,0,0,0,0,0,0,0,0,0,0,0,0,0,0,0,0,0,0,0,0,0,0,0,0,0,0,0,0,0,0,0,0,0,0,0,0,0,0,0,0,0,0,0,0,0,0,0,0,0,0,0,0,0,0,0,0,0,0,0,0,0,0,0,0,0,0,0,0,0,0,0,0,0,0,0,0,0,0,0,0,0,0,0,0,0,0,0,0,0,0,0,0,0,0,0,0,0,0,0,0,0
,,,,,,,,,,,,,,,,,,,,,,,,,,,,,,,,,,,,,,,,,,,,,,,,,,,,,,,,,,,,,,,,,,,,,,,,,,,,,,,,,,,,,,,,,,,,,,,,,,,,,,,,,,,,,,,,,,,,,,,,,,,,,,,,,,,,,,,,,,,,,,,0,0,0,0,0,0,0,0,0,0,0,0,0,0,0,0,0,0,0,0,0,0,0,0,0,0,0,0,0,0,0,0,0,0,0,0,0,0,0,0,0,0,0,0,0,0,0,0,0,0,0,0,0,0,0,0,0,0,0,0,0,0,0,0,0,0,0,0,0,0,0,0,0,0,0,0,0,0,0,0,0,0,0,0,0,0,0,0,0,0,0,0,0,0,0,0,0,0,0,0,0,0,0,0,0,0,0,0,0,0,0,0,0,0,0,0,0,0,0,0,0,0,0,0,0,0,0
,,,,,,,,,,,,,,,,,,,,,,,,,,,,,,,,,,,,,,,,,,,,,,,,,,,,,,,,,,,,,,,,,,,,,,,,,,,,,,,,,,,,,,,,,,,,,,,,,,,,,,,,,,,,,,,,,,,,,,,,,,,,,,,,,,,,,,,,,,,,,,,525328.45,0.03673336363547011,0,457367.63261538465,0.0026597737900143125,0,67960.81738461531,0.0340735898454558,0,454666.11,0.03022564435968437,0,0,0,0,454666.11,,0,426039.73000000004,0.029000502592424596,0,0,0,0,426039.73000000004,,0,1406034.29,0.03193043921163117,0,494433.82999999996,0.02336069461666915,0,0,0,0,494433.82999999996,,0,417404.23,0.03177724986290318,0,0,0,0,417404.23,,0,368074.18999999994,0.029981303200318662,0,0,0,0,368074.18999999994,,0,1279912.25,0.027479308258526843,0,340502.37,0.02320453658739823,0,0,0,0,340502.37,,0,445043.51999999996,0.037117641504330216,0,0,0,0,445043.51999999996,,0,382629.62,0.03560287904279744,0,0,0,0,382629.62,,0,1168175.5099999998,0.031225295444064546,0,456192.31999999995,0.030867845102285782,0,0,0,0,456192.31999999995,,0,0,0,0,0,0,0,0,0,0,0,0,0,0,0,0,0,0,0,456192.31999999995,0.030867845102285782,0,4310314.37,0.03018391961541349,0,457367.63261538465,0.0026598603096433995,0,3852946.7373846155
,,,,,,,,,,,,,,,,,,,,,,,,,,,,,,,,,,,,,,,,,,,,,,,,,,,,,,,,,,,,,,,,,,,,,,,,,,,,,,,,,,,,,,,,,,,,,,,,,,,,,,,,,,,,,,,,,,,,,,,,,,,,,,,,,,,,,,,,,,,,,,,0,0,0,0,0,0,0,,0,0,0,0,0,0,0,0,,0,0,0,0,0,0,0,0,,0,0,0,0,0,0,0,0,0,0,0,,0,0,0,0,0,0,0,0,,0,0,0,0,0,0,0,0,,0,0,0,0,0,0,0,0,0,0,0,,0,0,0,0,0,0,0,0,,0,0,0,0,0,0,0,0,,0,0,0,0,0,0,0,0,0,0,0,,0,0,0,0,0,0,0,0,0,0,0,0,0,0,0,0,0,0,0,0,0,0,0,0,0,0,0,0,0
,,,,,,,,,,,,,,,,,,,,,,,,,,,,,,,,,,,,,,,,,,,,,,,,,,,,,,,,,,,,,,,,,,,,,,,,,,,,,,,,,,,,,,,,,,,,,,,,,,,,,,,,,,,,,,,,,,,,,,,,,,,,,,,,,,,,,,,,,,,,,,,52444.450000000004,0.0036671553815755286,0,89291.27426556282,0,0,-36846.82426556282,0.0036671553815755286,0,39137.06,0.0026017836623970694,0,0,0,0,39137.06,,0,75518.74,0.005140556762503438,0,0,0,0,75518.74,,0,167100.25,0.003794775428182033,0,64860.42,0.0030644838042916686,0,0,0,0,64860.42,,0,124256.24999999999,0.009459707447807521,0,0,0,0,124256.24999999999,,0,69767.8,0.005682902040534797,0,0,0,0,69767.8,,0,258884.46999999997,0.005558167096592242,0,132567.49,0.009034201941104106,0,0,0,0,132567.49,,0,103207.95,0.008607777703395924,0,0,0,0,103207.95,,0,106908.98000000001,0.009947655080986285,0,0,0,0,106908.98000000001,,0,342684.42,0.009159944004114504,0,161208.87,0.010908053928383813,0,0,0,0,161208.87,,0,0,0,0,0,0,0,0,0,0,0,0,0,0,0,0,0,0,0,161208.87,0.010908053928383813,0,929878.0099999999,0.006511674253119653,0,89291.27426556282,0,0,840586.7357344371
,,,,,,,,,,,,,,,,,,,,,,,,,,,,,,,,,,,,,,,,,,,,,,,,,,,,,,,,,,,,,,,,,,,,,,,,,,,,,,,,,,,,,,,,,,,,,,,,,,,,,,,,,,,,,,,,,,,,,,,,,,,,,,,,,,,,,,,,,,,,,,,95414.27,0.006671801376687152,0,327457.96550995513,0.0019042976631606363,0,-232043.6955099551,0.004767503713526515,0,128274.3,0.008527517857637248,0,0,0,0,128274.3,,0,152973.32,0.010412886054621706,0,0,0,0,152973.32,,0,376661.89,0.008553830918293683,0,32195.36,0.0015211458589589743,0,0,0,0,32195.36,,0,60284.48,0.004589495855888163,0,0,0,0,60284.48,,0,128773.38,0.01048917271246281,0,0,0,0,128773.38,,0,221253.22000000003,0.004750236147495,0,68556.20999999999,0.004671964789080193,0,0,0,0,68556.20999999999,,0,22435.4,0.0018711633734297495,0,0,0,0,22435.4,,0,45606.29,0.004243569085061273,0,0,0,0,45606.29,,0,136597.9,0.0036512576646456018,0,19359.02,0.0013099107645916806,0,0,0,0,19359.02,,0,0,0,0,0,0,0,0,0,0,0,0,0,0,0,0,0,0,0,19359.02,0.0013099107645916806,0,753872.03,0.005279153862234088,0,327457.96550995513,0.0019043596079501167,0,426414.0644900449
,,,,,,,,,,,,,,,,,,,,,,,,,,,,,,,,,,,,,,,,,,,,,,,,,,,,,,,,,,,,,,,,,,,,,,,,,,,,,,,,,,,,,,,,,,,,,,,,,,,,,,,,,,,,,,,,,,,,,,,,,,,,,,,,,,,,,,,,,,,,,,,13929.88,0,0,85760.38900000001,0,0,-71830.509,,0,12936.44,0,0,0,0,0,12936.44,,0,14826.31,0.0010092261620555686,0,0,0,0,14826.31,,0,41692.63,0,0,10015.74,0,0,0,0,0,10015.74,,0,13778.18,0.001048941618334954,0,0,0,0,13778.18,,0,14020.83,0.0011420598530696325,0,0,0,0,14020.83,,0,37814.75,0,0,12398.46,0,0,0,0,0,12398.46,,0,10572.06,0,0,0,0,0,10572.06,,0,11160.32,0.0010384442350252789,0,0,0,0,11160.32,,0,34130.84,0,0,10585.11,0,0,0,0,0,10585.11,,0,0,0,0,0,0,0,0,0,0,0,0,0,0,0,0,0,0,0,10585.11,0,0,124223.33,0,0,85760.38900000001,0,0,38462.94099999999
,,,,,,,,,,,,,,,,,,,,,,,,,,,,,,,,,,,,,,,,,,,,,,,,,,,,,,,,,,,,,,,,,,,,,,,,,,,,,,,,,,,,,,,,,,,,,,,,,,,,,,,,,,,,,,,,,,,,,,,,,,,,,,,,,,,,,,,,,,,,,,,92526.98,0.006469908877830376,0,148108.8446851511,0,0,-55581.8646851511,0.006469908877830376,0,175619.34,0.011674957945562496,0,0,0,0,175619.34,,0,148015.41,0.010075401374946391,0,0,0,0,148015.41,,0,416161.73,0.009450855442488719,0,175974.14,0.008314314060935078,0,0,0,0,175974.14,,0,165553.51,0.012603694152669803,0,0,0,0,165553.51,,0,167153.98,0.01361544572174431,0,0,0,0,167153.98,,0,508681.63,0.010921232542480858,0,141018.02,0.009610088189907327,0,0,0,0,141018.02,,0,162555.08,0.013557463288416643,0,0,0,0,162555.08,,0,185829.12,0.01729100763811618,0,0,0,0,185829.12,,0,489402.22,0.013081706284427308,0,174597.93,0.011814012691883407,0,0,0,0,174597.93,,0,0,0,0,0,0,0,0,0,0,0,0,0,0,0,0,0,0,0,174597.93,0.011814012691883407,0,1588843.51,0.011126224370337846,0,148108.8446851511,0,0,1440734.665314849
,,,,,,,,,,,,,,,,,,,,,,,,,,,,,,,,,,,,,,,,,,,,,,,,,,,,,,,,,,,,,,,,,,,,,,,,,,,,,,,,,,,,,,,,,,,,,,,,,,,,,,,,,,,,,,,,,,,,,,,,,,,,,,,,,,,,,,,,,,,,,,,299594.19,0.020948993576007782,0,201018.191069325,0.001169000335386425,0,98575.998930675,0.01977999324062136,0,402393.76,0.02675064275698091,0,0,0,0,402393.76,,0,562628.34,0.03829808227683729,0,0,0,0,562628.34,,0,1264616.29,0.02871889673038026,0,469114.03,0.022164400836457675,0,0,0,0,469114.03,,0,271372.4,0.020659753641441795,0,0,0,0,271372.4,,0,266437.84,0.021702563999605604,0,0,0,0,266437.84,,0,1006924.27,0.021618343295270525,0,178425.61,0.012159338554306823,0,0,0,0,178425.61,,0,214209.2,0.0178655343471339,0,0,0,0,214209.2,,0,190582.94,0.017733340561665673,0,0,0,0,190582.94,,0,583217.75,0.015589392515147469,0,302342,0.02045770087474355,0,0,0,0,302342,,0,0,0,0,0,0,0,0,0,0,0,0,0,0,0,0,0,0,0,302342,0.02045770087474355,0,3157100.31,0.022108285798846966,0,201018.191069325,0.0011690383617312967,0,2956082.118930675
,,,,,,,,,,,,,,,,,,,,,,,,,,,,,,,,,,,,,,,,,,,,,,,,,,,,,,,,,,,,,,,,,,,,,,,,,,,,,,,,,,,,,,,,,,,,,,,,,,,,,,,,,,,,,,,,,,,,,,,,,,,,,,,,,,,,,,,,,,,,,,,10133.8,0,0,63674.34977701945,0,0,-53540.54977701945,,0,13764.6,0,0,0,0,0,13764.6,,0,12911,0,0,0,0,0,12911,,0,36809.399999999994,0,0,11596.55,0,0,0,0,0,11596.55,,0,11177.87,0,0,0,0,0,11177.87,,0,10469,0,0,0,0,0,10469,,0,33243.42,0,0,14584,0.0009938696214966602,0,0,0,0,14584,,0,9748,0,0,0,0,0,9748,,0,14420.84,0.0013418287434609352,0,0,0,0,14420.84,,0,38752.84,0.001035862220991572,0,21643.65,0.001464498209106387,0,0,0,0,21643.65,,0,0,0,0,0,0,0,0,0,0,0,0,0,0,0,0,0,0,0,21643.65,0.001464498209106387,0,130449.31,0,0,63674.34977701945,0,0,66774.96022298055
,,,,,,,,,,,,,,,,,,,,,,,,,,,,,,,,,,,,,,,,,,,,,,,,,,,,,,,,,,,,,,,,,,,,,,,,,,,,,,,,,,,,,,,,,,,,,,,,,,,,,,,,,,,,,,,,,,,,,,,,,,,,,,,,,,,,,,,,,,,,,,,0,0,0,0,0,0,0,,0,0,0,0,0,0,0,0,,0,0,0,0,0,0,0,0,,0,0,0,0,0,0,0,0,0,0,0,,0,0,0,0,0,0,0,0,,0,0,0,0,0,0,0,0,,0,0,0,0,0,0,0,0,0,0,0,,0,0,0,0,0,0,0,0,,0,0,0,0,0,0,0,0,,0,0,0,0,559.48,0,0,0,0,0,559.48,,0,0,0,0,0,0,0,0,0,0,0,0,0,0,0,0,0,0,0,559.48,0,0,559.48,0,0,0,0,0,559.48
,,,,,,,,,,,,,,,,,,,,,,,,,,,,,,,,,,,,,,,,,,,,,,,,,,,,,,,,,,,,,,,,,,,,,,,,,,,,,,,,,,,,,,,,,,,,,,,,,,,,,,,,,,,,,,,,,,,,,,,,,,,,,,,,,,,,,,,,,,,,,,,502.74,0,0,0,0,0,502.74,,0,502.74,0,0,0,0,0,502.74,,0,502.74,0,0,0,0,0,502.74,,0,1508.22,0,0,502.74,0,0,0,0,0,502.74,,0,502.74,0,0,0,0,0,502.74,,0,502.74,0,0,0,0,0,502.74,,0,1508.22,0,0,502.74,0,0,0,0,0,502.74,,0,502.74,0,0,0,0,0,502.74,,0,502.74,0,0,0,0,0,502.74,,0,1508.22,0,0,502.74,0,0,0,0,0,502.74,,0,0,0,0,0,0,0,0,0,0,0,0,0,0,0,0,0,0,0,502.74,0,0,5027.399999999999,0,0,0,0,0,5027.399999999999
,,,,,,,,,,,,,,,,,,,,,,,,,,,,,,,,,,,,,,,,,,,,,,,,,,,,,,,,,,,,,,,,,,,,,,,,,,,,,,,,,,,,,,,,,,,,,,,,,,,,,,,,,,,,,,,,,,,,,,,,,,,,,,,,,,,,,,,,,,,,,,,0,0,0,343501.5375,0.001997597383635639,0,-343501.5375,,0,1332.17,0,0,0,0,0,1332.17,,0,0,0,0,0,0,0,0,,0,1332.17,0,0,0,0,0,0,0,0,0,,0,0,0,0,0,0,0,0,,0,0,0,0,0,0,0,0,,0,0,0,0,0,0,0,0,0,0,0,,0,0,0,0,0,0,0,0,,0,0,0,0,0,0,0,0,,0,0,0,0,0,0,0,0,0,0,0,,0,0,0,0,0,0,0,0,0,0,0,0,0,0,0,0,0,0,0,0,0,0,1332.17,0,0,343501.5375,0.0019976623633663764,0,-342169.3675
,,,,,,,,,,,,,,,,,,,,,,,,,,,,,,,,,,,,,,,,,,,,,,,,,,,,,,,,,,,,,,,,,,,,,,,,,,,,,,,,,,,,,,,,,,,,,,,,,,,,,,,,,,,,,,,,,,,,,,,,,,,,,,,,,,,,,,,,,,,,,,,0,0,0,0,0,0,0,,0,0,0,0,0,0,0,0,,0,0,0,0,0,0,0,0,,0,0,0,0,0,0,0,0,0,0,0,,0,0,0,0,0,0,0,0,,0,0,0,0,0,0,0,0,,0,0,0,0,0,0,0,0,0,0,0,,0,0,0,0,0,0,0,0,,0,0,0,0,0,0,0,0,,0,0,0,0,0,0,0,0,0,0,0,,0,0,0,0,0,0,0,0,0,0,0,0,0,0,0,0,0,0,0,0,0,0,0,0,0,0,0,0,0
,,,,,,,,,,,,,,,,,,,,,,,,,,,,,,,,,,,,,,,,,,,,,,,,,,,,,,,,,,,,,,,,,,,,,,,,,,,,,,,,,,,,,,,,,,,,,,,,,,,,,,,,,,,,,,,,,,,,,,,,,,,,,,,,,,,,,,,,,,,,,,,0,0,0,0,0,0,0,,0,0,0,0,0,0,0,0,,0,0,0,0,0,0,0,0,,0,0,0,0,0,0,0,0,0,0,0,,0,0,0,0,0,0,0,0,,0,0,0,0,0,0,0,0,,0,0,0,0,0,0,0,0,0,0,0,,0,0,0,0,0,0,0,0,,0,0,0,0,0,0,0,0,,0,0,0,0,0,0,0,0,0,0,0,,0,0,0,0,0,0,0,0,0,0,0,0,0,0,0,0,0,0,0,0,0,0,0,0,0,0,0,0,0
,,,,,,,,,,,,,,,,,,,,,,,,,,,,,,,,,,,,,,,,,,,,,,,,,,,,,,,,,,,,,,,,,,,,,,,,,,,,,,,,,,,,,,,,,,,,,,,,,,,,,,,,,,,,,,,,,,,,,,,,,,,,,,,,,,,,,,,,,,,,,,,0,0,0,67440.47454657913,0,0,-67440.47454657913,,0,0,0,0,0,0,0,0,,0,0,0,0,0,0,0,0,,0,0,0,0,0,0,0,0,0,0,0,,0,0,0,0,0,0,0,0,,0,0,0,0,0,0,0,0,,0,0,0,0,0,0,0,0,0,0,0,,0,0,0,0,0,0,0,0,,0,0,0,0,0,0,0,0,,0,0,0,0,0,0,0,0,0,0,0,,0,0,0,0,0,0,0,0,0,0,0,0,0,0,0,0,0,0,0,0,0,0,0,0,0,67440.47454657913,0,0,-67440.47454657913
,,,,,,,,,,,,,,,,,,,,,,,,,,,,,,,,,,,,,,,,,,,,,,,,,,,,,,,,,,,,,,,,,,,,,,,,,,,,,,,,,,,,,,,,,,,,,,,,,,,,,,,,,,,,,,,,,,,,,,,,,,,,,,,,,,,,,,,,,,,,,,,1089874.76,0.07620901909310399,0,1783620.6589689772,0.010372460011929069,0,-693745.8989689774,0.06583655908117492,0,1228626.5199999998,0.08167758147709014,0,0,0,0,1228626.5199999998,,0,1393415.59,0.09484972781791935,0,0,0,0,1393415.59,,0,3711916.87,0.08429604940585285,0,1258692.81,0.05946991602618933,0,0,0,0,1258692.81,,0,1064329.6600000001,0.0810280948573971,0,0,0,0,1064329.6600000001,,0,1025199.7599999998,0.0835071452455113,0,0,0,0,1025199.7599999998,,0,3348222.23,0.07188526461577516,0,888554.8999999999,0.06055318994391132,0,0,0,0,888554.8999999999,,0,968273.95,0.08075624908341944,0,0,0,0,968273.95,,0,937640.85,0.08724550328366053,0,0,0,0,937640.85,,0,2794469.6999999997,0.07469608911077619,0,1146991.1199999999,0.07761012773265732,0,0,0,0,1146991.1199999999,,0,0,0,0,0,0,0,0,0,0,0,0,0,0,0,0,0,0,0,1146991.1199999999,0.07761012773265732,0,11001599.920000002,0.07704111095409952,0,1783620.6589689772,0.010372797417085973,0,9217979.261031022
,,,,,,,,,,,,,,,,,,,,,,,,,,,,,,,,,,,,,,,,,,,,,,,,,,,,,,,,,,,,,,,,,,,,,,,,,,,,,,,,,,,,,,,,,,,,,,,,,,,,,,,,,,,,,,,,,,,,,,,,,,,,,,,,,,,,,,,,,,,,,,,0,0,0,0,0,0,0,0,0,0,0,0,0,0,0,0,0,0,0,0,0,0,0,0,0,0,0,0,0,0,0,0,0,0,0,0,0,0,0,0,0,0,0,0,0,0,0,0,0,0,0,0,0,0,0,0,0,0,0,0,0,0,0,0,0,0,0,0,0,0,0,0,0,0,0,0,0,0,0,0,0,0,0,0,0,0,0,0,0,0,0,0,0,0,0,0,0,0,0,0,0,0,0,0,0,0,0,0,0,0,0,0,0,0,0,0,0,0,0,0,0,0,0,0,0,0,0
,,,,,,,,,,,,,,,,,,,,,,,,,,,,,,,,,,,,,,,,,,,,,,,,,,,,,,,,,,,,,,,,,,,,,,,,,,,,,,,,,,,,,,,,,,,,,,,,,,,,,,,,,,,,,,,,,,,,,,,,,,,,,,,,,,,,,,,,,,,,,,,8519183.463,0.5957002024612651,0,11880836.848936982,0.06909176819867482,0,-3003497.799064134,0.5266084342625903,0,8575666.80503,0.5700997925620352,0,0,0,0,8972638.929653408,,0,8675702.785529999,0.5905546441006054,0,0,0,0,9061870.38528638,,0,25770553.053559996,0.58523827162623,0,8668460.321589999,0.40956189095996454,0,0,0,0,9185676.904033579,,0,8607043.301129997,0.6552596880985968,0,0,0,0,8952394.278164916,,0,8588475.58636,0.6995700801058444,0,0,0,0,8898667.370958393,,0,25863979.209079996,0.555291393983016,0,8015621.212239999,0.5462481089049348,0,0,0,0,8314861.299793808,,0,8337569.96952,0.6953722933566424,0,0,0,0,8631517.21151747,,0,8265869.615339998,0.7691217321295842,0,0,0,0,8505521.882765502,,0,24619060.797099996,0.6580667377154951,0,8541793.723109998,0.577972828522489,0,0,0,0,8809357.593186555,,0,0,0,0,0,0,0,0,0,0,0,0,0,0,0,0,0,0,0,8541793.723109998,0.577972828522489,0,84795386.78285001,0.5937982519849104,0,10166993.060877476,0.059127011582363144,0,74628393.72197253
,,,,,,,,,,,,,,,,,,,,,,,,,,,,,,,,,,,,,,,,,,,,,,,,,,,,,,,,,,,,,,,,,,,,,,,,,,,,,,,,,,,,,,,,,,,,,,,,,,,,,,,,,,,,,,,,,,,,,,,,,,,,,,,,,,,,,,,,,,,,,,,0,0,0,0,0,0,0,0,0,0,0,0,0,0,0,0,0,0,0,0,0,0,0,0,0,0,0,0,0,0,0,0,0,0,0,0,0,0,0,0,0,0,0,0,0,0,0,0,0,0,0,0,0,0,0,0,0,0,0,0,0,0,0,0,0,0,0,0,0,0,0,0,0,0,0,0,0,0,0,0,0,0,0,0,0,0,0,0,0,0,0,0,0,0,0,0,0,0,0,0,0,0,0,0,0,0,0,0,0,0,0,0,0,0,0,0,0,0,0,0,0,0,0,0,0,0,0
,,,,,,,,,,,,,,,,,,,,,,,,,,,,,,,,,,,,,,,,,,,,,,,,,,,,,,,,,,,,,,,,,,,,,,,,,,,,,,,,,,,,,,,,,,,,,,,,,,,,,,,,,,,,,,,,,,,,,,,,,,,,,,,,,,,,,,,,,,,,,,,-7164004.582999961,-0.50093990803946,0,28665581.464315616,0.16670170081410812,0,-36187741.634188436,-0.6676416088535682,0,-5643257.04502999,-0.3751567946715004,0,0,0,0,-6040229.169653399,,0,-7896318.20553001,-0.5375019756727444,0,0,0,0,-8282485.805286391,,0,-20703579.83355996,-0.4701694702898314,0,-6748242.831589986,-0.3188366782829168,0,0,0,0,-7265459.414033566,,0,-7096200.261129983,-0.5402382452499973,0,0,0,0,-7441551.238164902,,0,-5861931.476359978,-0.4774807625936503,0,0,0,0,-6172123.260958372,,0,-19706374.569079947,-0.4230895840255783,0,-6110557.562240051,-0.4164219371583293,0,0,0,0,-6409797.64979386,,0,-6488513.409520033,-0.5411567718829025,0,0,0,0,-6782460.651517503,,0,-7282391.595339974,-0.677611176863866,0,0,0,0,-7522043.862765478,,0,-19881462.567100056,-0.5314308827770318,0,-5237007.163110029,-0.35435740327772614,0,0,0,0,-5504571.033186587,,0,0,0,0,0,0,0,0,0,0,0,0,0,0,0,0,0,0,0,-5237007.163110029,-0.35435740327772614,0,-65528424.13285002,-0.458877129778974,0,30373831.843789335,0.17664159859999784,0,-95902255.97663936
,,,,,,,,,,,,,,,,,,,,,,,,,,,,,,,,,,,,,,,,,,,,,,,,,,,,,,,,,,,,,,,,,,,,,,,,,,,,,,,,,,,,,,,,,,,,,,,,,,,,,,,,,,,,,,,,,,,,,,,,,,,,,,,,,,,,,,,,,,,,,,,0,0,0,0,0,0,0,0,0,0,0,0,0,0,0,0,0,0,0,0,0,0,0,0,0,0,0,0,0,0,0,0,0,0,0,0,0,0,0,0,0,0,0,0,0,0,0,0,0,0,0,0,0,0,0,0,0,0,0,0,0,0,0,0,0,0,0,0,0,0,0,0,0,0,0,0,0,0,0,0,0,0,0,0,0,0,0,0,0,0,0,0,0,0,0,0,0,0,0,0,0,0,0,0,0,0,0,0,0,0,0,0,0,0,0,0,0,0,0,0,0,0,0,0,0,0,0
,,,,,,,,,,,,,,,,,,,,,,,,,,,,,,,,,,,,,,,,,,,,,,,,,,,,,,,,,,,,,,,,,,,,,,,,,,,,,,,,,,,,,,,,,,,,,,,,,,,,,,,,,,,,,,,,,,,,,,,,,,,,,,,,,,,,,,,,,,,,,,,0,0,0,0,0,0,0,,0,0,0,0,0,0,0,0,,0,0,0,0,0,0,0,0,,0,0,0,0,0,0,0,0,0,0,0,,0,0,0,0,0,0,0,0,,0,0,0,0,0,0,0,0,,0,0,0,0,0,0,0,0,0,0,0,,0,0,0,0,0,0,0,0,,0,0,0,0,0,0,0,0,,0,0,0,0,0,0,0,0,0,0,0,,0,0,0,0,0,0,0,0,0,0,0,0,0,0,0,0,0,0,0,0,0,0,0,0,0,0,0,0,0
,,,,,,,,,,,,,,,,,,,,,,,,,,,,,,,,,,,,,,,,,,,,,,,,,,,,,,,,,,,,,,,,,,,,,,,,,,,,,,,,,,,,,,,,,,,,,,,,,,,,,,,,,,,,,,,,,,,,,,,,,,,,,,,,,,,,,,,,,,,,,,,0,0,0,0,0,0,0,,0,0,0,0,0,0,0,0,,0,0,0,0,0,0,0,0,,0,0,0,0,0,0,0,0,0,0,0,,0,0,0,0,0,0,0,0,,0,0,0,0,0,0,0,0,,0,0,0,0,0,0,0,0,0,0,0,,0,0,0,0,0,0,0,0,,0,0,0,0,0,0,0,0,,0,0,0,0,0,0,0,0,0,0,0,,0,0,0,0,0,0,0,0,0,0,0,0,0,0,0,0,0,0,0,0,0,0,0,0,0,0,0,0,0
,,,,,,,,,,,,,,,,,,,,,,,,,,,,,,,,,,,,,,,,,,,,,,,,,,,,,,,,,,,,,,,,,,,,,,,,,,,,,,,,,,,,,,,,,,,,,,,,,,,,,,,,,,,,,,,,,,,,,,,,,,,,,,,,,,,,,,,,,,,,,,,0,0,0,0,0,0,0,,0,0,0,0,0,0,0,0,,0,0,0,0,0,0,0,0,,0,0,0,0,0,0,0,0,0,0,0,,0,0,0,0,0,0,0,0,,0,0,0,0,0,0,0,0,,0,0,0,0,0,0,0,0,0,0,0,,0,0,0,0,0,0,0,0,,0,0,0,0,0,0,0,0,,0,0,0,0,0,0,0,0,0,0,0,,0,0,0,0,0,0,0,0,0,0,0,0,0,0,0,0,0,0,0,0,0,0,0,0,0,0,0,0,0
,,,,,,,,,,,,,,,,,,,,,,,,,,,,,,,,,,,,,,,,,,,,,,,,,,,,,,,,,,,,,,,,,,,,,,,,,,,,,,,,,,,,,,,,,,,,,,,,,,,,,,,,,,,,,,,,,,,,,,,,,,,,,,,,,,,,,,,,,,,,,,,0,0,0,0,0,0,0,,0,0,0,0,0,0,0,0,,0,0,0,0,0,0,0,0,,0,0,0,0,0,0,0,0,0,0,0,,0,0,0,0,0,0,0,0,,0,0,0,0,0,0,0,0,,0,0,0,0,0,0,0,0,0,0,0,,0,0,0,0,0,0,0,0,,0,0,0,0,0,0,0,0,,0,0,0,0,0,0,0,0,0,0,0,,0,0,0,0,0,0,0,0,0,0,0,0,0,0,0,0,0,0,0,0,0,0,0,0,0,0,0,0,0
,,,,,,,,,,,,,,,,,,,,,,,,,,,,,,,,,,,,,,,,,,,,,,,,,,,,,,,,,,,,,,,,,,,,,,,,,,,,,,,,,,,,,,,,,,,,,,,,,,,,,,,,,,,,,,,,,,,,,,,,,,,,,,,,,,,,,,,,,,,,,,,0,0,0,0,0,0,0,,0,0,0,0,0,0,0,0,,0,0,0,0,0,0,0,0,,0,0,0,0,0,0,0,0,0,0,0,,0,0,0,0,0,0,0,0,,0,0,0,0,0,0,0,0,,0,0,0,0,0,0,0,0,0,0,0,,0,0,0,0,0,0,0,0,,0,0,0,0,0,0,0,0,,0,0,0,0,0,0,0,0,0,0,0,,0,0,0,0,0,0,0,0,0,0,0,0,0,0,0,0,0,0,0,0,0,0,0,0,0,0,0,0,0
,,,,,,,,,,,,,,,,,,,,,,,,,,,,,,,,,,,,,,,,,,,,,,,,,,,,,,,,,,,,,,,,,,,,,,,,,,,,,,,,,,,,,,,,,,,,,,,,,,,,,,,,,,,,,,,,,,,,,,,,,,,,,,,,,,,,,,,,,,,,,,,0,0,0,0,0,0,0,,0,0,0,0,0,0,0,0,,0,0,0,0,0,0,0,0,,0,0,0,0,0,0,0,0,0,0,0,,0,0,0,0,0,0,0,0,,0,0,0,0,0,0,0,0,,0,0,0,0,0,0,0,0,0,0,0,,0,0,0,0,0,0,0,0,,0,0,0,0,0,0,0,0,,0,0,0,0,0,0,0,0,0,0,0,,0,0,0,0,0,0,0,0,0,0,0,0,0,0,0,0,0,0,0,0,0,0,0,0,0,0,0,0,0
,,,,,,,,,,,,,,,,,,,,,,,,,,,,,,,,,,,,,,,,,,,,,,,,,,,,,,,,,,,,,,,,,,,,,,,,,,,,,,,,,,,,,,,,,,,,,,,,,,,,,,,,,,,,,,,,,,,,,,,,,,,,,,,,,,,,,,,,,,,,,,,0,0,0,0,0,0,0,0,0,0,0,0,0,0,0,0,0,0,0,0,0,0,0,0,0,0,0,0,0,0,0,0,0,0,0,0,0,0,0,0,0,0,0,0,0,0,0,0,0,0,0,0,0,0,0,0,0,0,0,0,0,0,0,0,0,0,0,0,0,0,0,0,0,0,0,0,0,0,0,0,0,0,0,0,0,0,0,0,0,0,0,0,0,0,0,0,0,0,0,0,0,0,0,0,0,0,0,0,0,0,0,0,0,0,0,0,0,0,0,0,0,0,0,0,0,0,0
,,,,,,,,,,,,,,,,,,,,,,,,,,,,,,,,,,,,,,,,,,,,,,,,,,,,,,,,,,,,,,,,,,,,,,,,,,,,,,,,,,,,,,,,,,,,,,,,,,,,,,,,,,,,,,,,,,,,,,,,,,,,,,,,,,,,,,,,,,,,,,,-7164004.582999961,-0.50093990803946,0,28665581.464315616,0.16670170081410812,0,-36187741.634188436,-0.6676416088535682,0,-5643257.04502999,-0.3751567946715004,0,0,0,0,-6040229.169653399,,0,-7896318.20553001,-0.5375019756727444,0,0,0,0,-8282485.805286391,,0,-20703579.83355996,-0.4701694702898314,0,-6748242.831589986,-0.3188366782829168,0,0,0,0,-7265459.414033566,,0,-7096200.261129983,-0.5402382452499973,0,0,0,0,-7441551.238164902,,0,-5861931.476359978,-0.4774807625936503,0,0,0,0,-6172123.260958372,,0,-19706374.569079947,-0.4230895840255783,0,-6110557.562240051,-0.4164219371583293,0,0,0,0,-6409797.64979386,,0,-6488513.409520033,-0.5411567718829025,0,0,0,0,-6782460.651517503,,0,-7282391.595339974,-0.677611176863866,0,0,0,0,-7522043.862765478,,0,-19881462.567100056,-0.5314308827770318,0,-5237007.163110029,-0.35435740327772614,0,0,0,0,-5504571.033186587,,0,0,0,0,0,0,0,0,0,0,0,0,0,0,0,0,0,0,0,-5237007.163110029,-0.35435740327772614,0,-65528424.13285002,-0.458877129778974,0,30373831.843789335,0.17664159859999784,0,-95902255.97663936
,,,,,,,,,,,,,,,,,,,,,,,,,,,,,,,,,,,,,,,,,,,,,,,,,,,,,,,,,,,,,,,,,,,,,,,,,,,,,,,,,,,,,,,,,,,,,,,,,,,,,,,,,,,,,,,,,,,,,,,,,,,,,,,,,,,,,,,,,,,,,,,0,0,0,0,0,0,0,0,0,0,0,0,0,0,0,0,0,0,0,0,0,0,0,0,0,0,0,0,0,0,0,0,0,0,0,0,0,0,0,0,0,0,0,0,0,0,0,0,0,0,0,0,0,0,0,0,0,0,0,0,0,0,0,0,0,0,0,0,0,0,0,0,0,0,0,0,0,0,0,0,0,0,0,0,0,0,0,0,0,0,0,0,0,0,0,0,0,0,0,0,0,0,0,0,0,0,0,0,0,0,0,0,0,0,0,0,0,0,0,0,0,0,0,0,0,0,0
,,,,,,,,,,,,,,,,,,,,,,,,,,,,,,,,,,,,,,,,,,,,,,,,,,,,,,,,,,,,,,,,,,,,,,,,,,,,,,,,,,,,,,,,,,,,,,,,,,,,,,,,,,,,,,,,,,,,,,,,,,,,,,,,,,,,,,,,,,,,,,,10651.13,0.0009125823396304594,0,5593.40858578343,3.2527884555876546e-05,0,5057.721414216569,0.9042288501990723,0,49663.59,0.0035366889839442356,0,0,0,0,49663.59,,0,18173.32,0.001403037471917896,0,0,0,0,18173.32,,0,78488.04000000001,0.041536033487375904,0,35948.09,0.002693560915412822,0,0,0,0,35948.09,,0,15324.4,0.0012313117997894403,0,0,0,0,15324.4,,0,15152.56,0.001301935593665755,0,0,0,0,15152.56,,0,66425.04999999999,0.03471147779957108,0,18874.08,0.0014839582372867441,0,0,0,0,18874.08,,0,0,0,0,0,0,0,0,,0,16561.18,0.0015812831004805893,0,0,0,0,16561.18,,0,35435.26,0.018863668783251113,0,15155.06,0.0011049041649036113,0,0,0,0,15155.06,,0,0,0,0,0,0,0,0,0,0,0,0,0,0,0,0,0,0,0,15155.06,0.020345120762589756,0,195503.40999999997,0.0015659264974162072,0,5593.40858578343,3.252894265356791e-05,0,189910.00141421653
,,,,,,,,,,,,,,,,,,,,,,,,,,,,,,,,,,,,,,,,,,,,,,,,,,,,,,,,,,,,,,,,,,,,,,,,,,,,,,,,,,,,,,,,,,,,,,,,,,,,,,,,,,,,,,,,,,,,,,,,,,,,,,,,,,,,,,,,,,,,,,,0,0,0,0,0,0,0,0,0,0,0,0,0,0,0,0,0,0,0,0,0,0,0,0,0,0,0,0,0,0,0,0,0,0,0,0,0,0,0,0,0,0,0,0,0,0,0,0,0,0,0,0,0,0,0,0,0,0,0,0,0,0,0,0,0,0,0,0,0,0,0,0,0,0,0,0,0,0,0,0,0,0,0,0,0,0,0,0,0,0,0,0,0,0,0,0,0,0,0,0,0,0,0,0,0,0,0,0,0,0,0,0,0,0,0,0,0,0,0,0,0,0,0,0,0,0,0
,,,,,,,,,,,,,,,,,,,,,,,,,,,,,,,,,,,,,,,,,,,,,,,,,,,,,,,,,,,,,,,,,,,,,,,,,,,,,,,,,,,,,,,,,,,,,,,,,,,,,,,,,,,,,,,,,,,,,,,,,,,,,,,,,,,,,,,,,,,,,,,0,0,0,0,0,0,0,0,0,0,0,0,0,0,0,0,0,0,0,0,0,0,0,0,0,0,0,0,0,0,0,0,0,0,0,0,0,0,0,0,0,0,0,0,0,0,0,0,0,0,0,0,0,0,0,0,0,0,0,0,0,0,0,0,0,0,0,0,0,0,0,0,0,0,0,0,0,0,0,0,0,0,0,0,0,0,0,0,0,0,0,0,0,0,0,0,0,0,0,0,0,0,0,0,0,0,0,0,0,0,0,0,0,0,0,0,0,0,0,0,0,0,0,0,0,0,0
,,,,,,,,,,,,,,,,,,,,,,,,,,,,,,,,,,,,,,,,,,,,,,,,,,,,,,,,,,,,,,,,,,,,,,,,,,,,,,,,,,,,,,,,,,,,,,,,,,,,,,,,,,,,,,,,,,,,,,,,,,,,,,,,,,,,,,,,,,,,,,,-7153353.452999962,0,0,0,0,0,0,0,0,-5593593.4550299905,0,0,0,0,0,0,0,0,-7878144.88553001,0,0,0,0,0,0,0,0,-20625091.79355996,-0.4683870403676849,0,-6712294.741589986,0,0,0,0,0,0,0,0,-7080875.861129982,0,0,0,0,0,0,0,0,-5846778.916359979,0,0,0,0,0,0,0,0,-19639949.519079946,-0.4216634593634867,0,-6091683.482240051,0,0,0,0,0,0,0,0,-6488513.409520033,0,0,0,0,0,0,0,0,-7265830.415339975,0,0,0,0,0,0,0,0,-19846027.307100054,-0.5304836993673767,0,-5221852.103110029,0,0,0,0,0,0,0,0,0,0,0,0,0,0,0,0,0,0,0,0,0,0,0,0,0,0,-5221852.103110029,-0.35333194970455806,0,-65332920.722850025,0,0,30379425.25237512,0,0,-95712345.97522515
,,,,,,,,,,,,,,,,,,,,,,,,,,,,,,,,,,,,,,,,,,,,,,,,,,,,,,,,,,,,,,,,,,,,,,,,,,,,,,,,,,,,,,,,,,,,,,,,,,,,,,,,,,,,,,,,,,,,,,,,,,,,,,,,,,,,,,,,,,,,,,,0,0,0,0,0,0,0,0,0,0,0,0,0,0,0,0,0,0,0,0,0,0,0,0,0,0,0,0,0,0,0,0,0,0,0,0,0,0,0,0,0,0,0,0,0,0,0,0,0,0,0,0,0,0,0,0,0,0,0,0,0,0,0,0,0,0,0,0,0,0,0,0,0,0,0,0,0,0,0,0,0,0,0,0,0,0,0,0,0,0,0,0,0,0,0,0,0,0,0,0,0,0,0,0,0,0,0,0,0,0,0,0,0,0,0,0,0,0,0,0,0,0,0,0,0,0,0
,,,,,,,,,,,,,,,,,,,,,,,,,,,,,,,,,,,,,,,,,,,,,,,,,,,,,,,,,,,,,,,,,,,,,,,,,,,,,,,,,,,,,,,,,,,,,,,,,,,,,,,,,,,,,,,,,,,,,,,,,,,,,,,,,,,,,,,,,,,,,,,358155.58687284717,0.025043873810138215,0,1713843.7880595056,0.009966679892918561,0,-1355688.2011866583,0.015077193917219654,0,396972.1246234088,0.026390219098528053,0,0,0,0,396972.1246234088,,0,386167.5997563812,0.02628640872963964,0,0,0,0,386167.5997563812,,0,1141295.3112526373,0.025918329885448246,0,517216.5824435796,0.024437119590182063,0,0,0,0,517216.5824435796,,0,345350.9770349183,0.02629178982598317,0,0,0,0,345350.9770349183,,0,310191.78459839313,0.025266520166199,0,0,0,0,310191.78459839313,,0,1172759.344076891,0.025178769504672398,0,299240.0875538082,0.020392596856399534,0,0,0,0,299240.0875538082,,0,293947.2419974709,0.024515868357433277,0,0,0,0,293947.2419974709,,0,239652.26742550422,0.022299137974426477,0,0,0,0,239652.26742550422,,0,832839.5969767834,0.02226177680536695,0,267563.8700765582,0.018104469835203096,0,0,0,0,267563.8700765582,,0,0,0,0,0,0,0,0,0,0,0,0,0,0,0,0,0,0,0,267563.8700765582,0.018104469835203096,0,3414458.1223828695,0.02391049019846787,0,1713843.7880595056,0.009967004098477245,0,1700614.3343233638
,,,,,,,,,,,,,,,,,,,,,,,,,,,,,,,,,,,,,,,,,,,,,,,,,,,,,,,,,,,,,,,,,,,,,,,,,,,,,,,,,,,,,,,,,,,,,,,,,,,,,,,,,,,,,,,,,,,,,,,,,,,,,,,,,,,,,,,,,,,,,,,71229.7921931809,0.004980712273076176,0,0,0,0,71229.7921931809,,0,84710.71823077527,0.0056314644667420765,0,0,0,0,84710.71823077527,,0,76603.32932241996,0.005214384702110282,0,0,0,0,76603.32932241996,,0,232543.8397463761,0.005280971447048395,0,114323.94742047439,0.005401505036703988,0,0,0,0,114323.94742047439,,0,70429.09462709162,0.00536181182826811,0,0,0,0,70429.09462709162,,0,73034.25192898631,0.0059489692854894196,0,0,0,0,73034.25192898631,,0,257787.29397655232,0.005534611076902468,0,74282.49077754037,0.0050621990532709275,0,0,0,0,74282.49077754037,,0,71568.1059315682,0.005968942765669024,0,0,0,0,71568.1059315682,,0,61416.62538126935,0.005714687442823,0,0,0,0,61416.62538126935,,0,207267.22209037794,0.005540246470021096,0,70683.49786599948,0.0047827356309186,0,0,0,0,70683.49786599948,,0,0,0,0,0,0,0,0,0,0,0,0,0,0,0,0,0,0,0,70683.49786599948,0.0047827356309186,0,768281.8536793058,0.005380061805894922,0,0,0,0,768281.8536793058
,,,,,,,,,,,,,,,,,,,,,,,,,,,,,,,,,,,,,,,,,,,,,,,,,,,,,,,,,,,,,,,,,,,,,,,,,,,,,,,,,,,,,,,,,,,,,,,,,,,,,,,,,,,,,,,,,,,,,,,,,,,,,,,,,,,,,,,,,,,,,,,51840.54311721889,0.003624927455166514,0,0,0,0,51840.54311721889,,0,62401.34467853546,0.004148364723773883,0,0,0,0,62401.34467853546,,0,54449.598818869774,0.0037063814018075546,0,0,0,0,54449.598818869774,,0,168691.48661462413,0.003830911733218077,0,84757.29457668612,0.004004558658822017,0,0,0,0,84757.29457668612,,0,54304.27265842261,0.0041342188623481775,0,0,0,0,54304.27265842261,,0,55742.56041991686,0.004540483007275272,0,0,0,0,55742.56041991686,,0,194804.12765502557,0.004182382560887171,0,54659.200802316926,0.00372491217860043,0,0,0,0,54659.200802316926,,0,52497.311948153736,0.004378395184436258,0,0,0,0,52497.311948153736,,0,46372.366751304806,0.004314850910849367,0,0,0,0,46372.366751304806,,0,153528.87950177546,0.004103822225856391,0,51844.35987081558,0.0035080022169586204,0,0,0,0,51844.35987081558,,0,0,0,0,0,0,0,0,0,0,0,0,0,0,0,0,0,0,0,51844.35987081558,0.0035080022169586204,0,568868.8536422407,0.003983628634968873,0,0,0,0,568868.8536422407
,,,,,,,,,,,,,,,,,,,,,,,,,,,,,,,,,,,,,,,,,,,,,,,,,,,,,,,,,,,,,,,,,,,,,,,,,,,,,,,,,,,,,,,,,,,,,,,,,,,,,,,,,,,,,,,,,,,,,,,,,,,,,,,,,,,,,,,,,,,,,,,0,0,0,0,0,0,0,0,0,0,0,0,0,0,0,0,0,0,0,0,0,0,0,0,0,0,0,0,0,0,0,0,0,0,0,0,0,0,0,0,0,0,0,0,0,0,0,0,0,0,0,0,0,0,0,0,0,0,0,0,0,0,0,0,0,0,0,0,0,0,0,0,0,0,0,0,0,0,0,0,0,0,0,0,0,0,0,0,0,0,0,0,0,0,0,0,0,0,0,0,0,0,0,0,0,0,0,0,0,0,0,0,0,0,0,0,0,0,0,0,0,0,0,0,0,0,0
,,,,,,,,,,,,,,,,,,,,,,,,,,,,,,,,,,,,,,,,,,,,,,,,,,,,,,,,,,,,,,,,,,,,,,,,,,,,,,,,,,,,,,,,,,,,,,,,,,,,,,,,,,,,,,,,,,,,,,,,,,,,,,,,,,,,,,,,,,,,,,,-7634579.375183209,0,0,0,0,0,0,0,0,-6137677.64256271,0,0,0,0,0,0,0,0,-8395365.41342768,0,0,0,0,0,0,0,0,-22167622.4311736,0,0,-7428592.566030726,0,0,0,0,0,0,0,0,-7550960.205450415,0,0,0,0,0,0,0,0,-6285747.513307275,0,0,0,0,0,0,0,0,-21265300.284788415,0,0,-6519865.261373716,0,0,0,0,0,0,0,0,-6906526.069397226,0,0,0,0,0,0,0,0,-7613271.674898053,0,0,0,0,0,0,0,0,-21039663.00566899,0,0,-5611943.830923403,0,0,0,0,0,0,0,0,0,0,0,0,0,0,0,0,0,0,0,0,0,0,0,0,0,0,-5611943.830923403,0,0,-70084529.55255444,0,0,28665581.464315612,0,0,-98750111.01687007
,,,,,,,,,,,,,,,,,,,,,,,,,,,,,,,,,,,,,,,,,,,,,,,,,,,,,,,,,,,,,,,,,,,,,,,,,,,,,,,,,,,,,,,,,,,,,,,,,,,,,,,,,,,,,,,,,,,,,,,,,,,,,,,,,,,,,,,,,,,,,,,0,0,0,0,0,0,0,0,0,0,0,0,0,0,0,0,0,0,0,0,0,0,0,0,0,0,0,0,0,0,0,0,0,0,0,0,0,0,0,0,0,0,0,0,0,0,0,0,0,0,0,0,0,0,0,0,0,0,0,0,0,0,0,0,0,0,0,0,0,0,0,0,0,0,0,0,0,0,0,0,0,0,0,0,0,0,0,0,0,0,0,0,0,0,0,0,0,0,0,0,0,0,0,0,0,0,0,0,0,0,0,0,0,0,0,0,0,0,0,0,0,0,0,0,0,0,0
,,,,,,,,,,,,,,,,,,,,,,,,,,,,,,,,,,,,,,,,,,,,,,,,,,,,,,,,,,,,,,,,,,,,,,,,,,,,,,,,,,,,,,,,,,,,,,,,,,,,,,,,,,,,,,,,,,,,,,,,,,,,,,,,,,,,,,,,,,,,,,,-4860446.049999962,0,0,0,0,0,0,0,0,-3465545.3999999906,0,0,0,0,0,0,0,0,-5793209.62000001,0,0,0,0,0,0,0,0,-22167622.4311736,0,0,-4598713.249999985,0,0,0,0,0,0,0,0,-4773796.509999983,0,0,0,0,0,0,0,0,-3472076.6299999785,0,0,0,0,0,0,0,0,-21265300.284788415,0,0,-4058115.6000000513,0,0,0,0,0,0,0,0,-4185718.570000033,0,0,0,0,0,0,0,0,-5216042.289999975,0,0,0,0,0,0,0,0,-21039663.005668998,0,0,-3185183.5600000294,0,0,0,0,0,0,0,0,0,0,0,0,0,0,0,0,0,0,0,0,0,0,0,0,0,0,-5611943.830923403,0,0,-70084529.55255441,0,0,28665581.464315616,0,0,-98750111.01687002
,,,,,,,,,,,,,,,,,,,,,,,,,,,,,,,,,,,,,,,,,,,,,,,,,,,,,,,,,,,,,,,,,,,,,,,,,,,,,,,,,,,,,,,,,,,,,,,,,,,,,,,,,,,,,,,,,,,,,,,,,,,,,,,,,,,,,,,,,,,,,,,0,0,0,0,0,0,0,0,0,0,0,0,0,0,0,0,0,0,0,0,0,0,0,0,0,0,0,0,0,0,0,0,0,0,0,0,0,0,0,0,0,0,0,0,0,0,0,0,0,0,0,0,0,0,0,0,0,0,0,0,0,0,0,0,0,0,0,0,0,0,0,0,0,0,0,0,0,0,0,0,0,0,0,0,0,0,0,0,0,0,0,0,0,0,0,0,0,0,0,0,0,0,0,0,0,0,0,0,0,0,0,0,0,0,0,0,0,0,0,0,0,0,0,0,0,0,0
,,,,,,,,,,,,,,,,,,,,,,,,,,,,,,,,,,,,,,,,,,,,,,,,,,,,,,,,,,,,,,,,,,,,,,,,,,,,,,,,,,,,,,,,,,,,,,,,,,,,,,,,,,,,,,,,,,,,,,,,,,,,,,,,,,,,,,,,,,,,,,,1378074.18,0.09636123832735939,0,0,0,0,0,0,0,1147443.98,0.07628066596417486,0,0,0,0,0,0,0,1117348.77,0.07605787352514619,0,0,0,0,0,0,0,3642866.9299999997,0.08272795471042634,0,1153839.11,0.05451585520650828,0,0,0,0,0,0,0,1558734.48,0.1186674486765083,0,0,0,0,0,0,0,1022404.14,0.08327942938514937,0,0,0,0,0,0,0,3734977.7300000004,0.0801887819898613,0,1014777.71,0.06915501498497995,0,0,0,0,0,0,0,1271860.48,0.10607605597799817,0,0,0,0,0,0,0,746568.33,0.0694666083356884,0,0,0,0,0,0,0,3033206.52,0.08107751696477775,0,936178.2,0.06334566014994887,0,0,0,0,0,0,0,0,0,0,0,0,0,0,0,0,0,0,0,0,0,0,0,0,0,936178.2,0.06334566014994887,0,11347229.379999999,0.07946145688291832,0,0,0,0,0
,,,,,,,,,,,,,,,,,,,,,,,,,,,,,,,,,,,,,,,,,,,,,,,,,,,,,,,,,,,,,,,,,,,,,,,,,,,,,,,,,,,,,,,,,,,,,,,,,,,,,,,,,,,,,,,,,,,,,,,,,,,,,,,,,,,,,,,,,,,,,,,275614.836,0,0,0,0,0,0,0,0,286860.995,0,0,0,0,0,0,0,0,279337.1925,0,0,0,0,0,0,0,0,280220.53307692305,0,0,288459.7775,0,0,0,0,0,0,0,0,311746.896,0,0,0,0,0,0,0,0,255601.035,0,0,0,0,0,0,0,0,287305.97923076927,0,0,253694.4275,0,0,0,0,0,0,0,0,254372.096,0,0,0,0,0,0,0,0,186642.0825,0,0,0,0,0,0,0,0,233323.57846153848,0,0,187235.63999999998,0,0,0,0,0,0,0,0,0,0,0,0,0,0,0,0,0,0,0,0,0,0,0,0,0,0,187235.63999999998,0,0,257891.57681818178,0,0,0,0,0,0
,,,,,,,,,,,,,,,,,,,,,,,,,,,,,,,,,,,,,,,,,,,,,,,,,,,,,,,,,,,,,,,,,,,,,,,,,,,,,,,,,,,,,,,,,,,,,,,,,,,,,,,,,,,,,,,,,,,,,,,,,,,,,,,,,,,,,,,,,,,,,,,1519075.18,0.10622067199398247,0,0,0,0,0,0,0,1244813.98,0.08275370392889686,0,0,0,0,0,0,0,1246616.77,0.08485713966193945,0,0,0,0,0,0,0,4010505.9299999997,0.09107687964405997,0,1302759.11,0.061551932495787554,0,0,0,0,0,0,0,1631970.48,0.12424295199845493,0,0,0,0,0,0,0,1130932.1400000001,0.09211952456738474,0,0,0,0,0,0,0,4065661.7300000004,0.08728846212196621,0,1076725.71,0.0733766438462303,0,0,0,0,0,0,0,1327892.48,0.11074925218310332,0,0,0,0,0,0,0,813344.33,0.07567997428200966,0,0,0,0,0,0,0,3217962.52,0.0860160391608676,0,1027842.2,0.06954802268304879,0,0,0,0,0,0,0,0,0,0,0,0,0,0,0,0,0,0,0,0,0,0,0,0,0,1027842.2,0.06954802268304879,0,12321972.379999999,0.08628730804645815,0,0,0,0,0
,,,,,,,,,,,,,,,,,,,,,,,,,,,,,,,,,,,,,,,,,,,,,,,,,,,,,,,,,,,,,,,,,,,,,,,,,,,,,,,,,,,,,,,,,,,,,,,,,,,,,,,,,,,,,,,,,,,,,,,,,,,,,,,,,,,,,,,,,,,,,,,303815.03599999996,0,0,0,0,0,0,0,0,311203.495,0,0,0,0,0,0,0,0,311654.1925,0,0,0,0,0,0,0,0,308500.4561538461,0,0,325689.7775,0,0,0,0,0,0,0,0,326394.096,0,0,0,0,0,0,0,0,282733.03500000003,0,0,0,0,0,0,0,0,312743.21,0,0,269181.4275,0,0,0,0,0,0,0,0,265578.496,0,0,0,0,0,0,0,0,203336.0825,0,0,0,0,0,0,0,0,247535.57846153848,0,0,205568.44,0,0,0,0,0,0,0,0,0,0,0,0,0,0,0,0,0,0,0,0,0,0,0,0,0,0,205568.44,0,0,280044.8268181818,0,0,0,0,0,0
,,,,,,,,,,,,,,,,,,,,,,,,,,,,,,,,,,,,,,,,,,,,,,,,,,,,,,,,,,,,,,,,,,,,,,,,,,,,,,,,,,,,,,,,,,,,,,,,,,,,,,,,,,,,,,,,,,,,,,,,,,,,,,,,,,,,,,,,,,,,,,,2229749.1799999997,0.15591424268918103,0,0,0,0,0,0,0,1658547.2799999998,0.1102581853725624,0,0,0,0,0,0,0,1641034.22,0.11170511527497089,0,0,0,0,0,0,0,5529330.68,0.1255687421099433,0,1656264.9900000002,0.07825415311017572,0,0,0,0,0,0,0,2107278.6799999997,0.16042846797486646,0,0,0,0,0,0,0,1245460.97,0.10144841442355138,0,0,0,0,0,0,0,5009004.640000001,0.10754173387351461,0,1128003.01,0.076871086436903,0,0,0,0,0,0,0,1349587.4,0.11255865784083566,0,0,0,0,0,0,0,1131535.21,0.10528696449139616,0,0,0,0,0,0,0,3609125.6199999996,0.09647181678996389,0,1325980.46,0.08972128125247188,0,0,0,0,0,0,0,0,0,0,0,0,0,0,0,0,0,0,0,0,0,0,0,0,0,1325980.46,0.08972128125247188,0,15473441.400000002,0.10835615950476746,0,0,0,0,0
,,,,,,,,,,,,,,,,,,,,,,,,,,,,,,,,,,,,,,,,,,,,,,,,,,,,,,,,,,,,,,,,,,,,,,,,,,,,,,,,,,,,,,,,,,,,,,,,,,,,,,,,,,,,,,,,,,,,,,,,,,,,,,,,,,,,,,,,,,,,,,,9843.52,0.0006883038594483563,0,0,0,0,0,0,0,3369.75,0.00022401683970033835,0,0,0,0,0,0,0,1263.63,8.601522935634546e-05,0,0,0,0,0,0,0,14476.900000000001,0.00032876422624291996,0,0,0,0,0,0,0,0,0,0,9072.73,0.0006907127130663185,0,0,0,0,0,0,0,0,0,0,0,0,0,0,0,0,9072.73,0.00019478862274846124,0,3686.08,0.0002511987749867258,0,0,0,0,0,0,0,0,0,0,0,0,0,0,0,0,1386.35,0.00012899694320837535,0,0,0,0,0,0,0,5072.43,0.0001355858978496616,0,0,0,0,0,0,0,0,0,0,0,0,0,0,0,0,0,0,0,0,0,0,0,0,0,0,0,0,0,0,0,28622.06,0.00020043223860433684,0,0,0,0,0
,,,,,,,,,,,,,,,,,,,,,,,,,,,,,,,,,,,,,,,,,,,,,,,,,,,,,,,,,,,,,,,,,,,,,,,,,,,,,,,,,,,,,,,,,,,,,,,,,,,,,,,,,,,,,,,,,,,,,,,,,,,,,,,,,,,,,,,,,,,,,,,187694.85000000003,0.013124480841566871,0,0,0,0,0,0,0,363747.64999999997,0.024181496847369918,0,0,0,0,0,0,0,246536.96999999997,0.016781758916271736,0,0,0,0,0,0,0,797979.47,0.018121773515896725,0,352822.20999999996,0.0166699190097658,0,0,0,0,0,0,0,299555.24,0.022805331199499176,0,0,0,0,0,0,0,183250.53,0.01492658233262455,0,0,0,0,0,0,0,835627.98,0.017940666519810324,0,353359.01,0.02408069017561263,0,0,0,0,0,0,0,292055.32,0.02435807776100738,0,0,0,0,0,0,0,224445.87,0.020884214769534674,0,0,0,0,0,0,0,869860.2,0.02325133638526036,0,390576.63,0.026428018155616448,0,0,0,0,0,0,0,0,0,0,0,0,0,0,0,0,0,0,0,0,0,0,0,0,0,390576.63,0.026428018155616448,0,2894044.28,0.020266178383403437,0,0,0,0,0
,,,,,,,,,,,,,,,,,,,,,,,,,,,,,,,,,,,,,,,,,,,,,,,,,,,,,,,,,,,,,,,,,,,,,,,,,,,,,,,,,,,,,,,,,,,,,,,,,,,,,,,,,,,,,,,,,,,,,,,,,,,,,,,,,,,,,,,,,,,,,,,299594.19,0.020948993576007782,0,0,0,0,0,0,0,402393.76,0.02675064275698091,0,0,0,0,0,0,0,562628.34,0.03829808227683729,0,0,0,0,0,0,0,1264616.29,0.02871889673038026,0,469114.03,0.022164400836457675,0,0,0,0,0,0,0,271372.4,0.020659753641441795,0,0,0,0,0,0,0,266437.84,0.021702563999605604,0,0,0,0,0,0,0,1006924.27,0.021618343295270525,0,178425.61,0.012159338554306823,0,0,0,0,0,0,0,214209.2,0.0178655343471339,0,0,0,0,0,0,0,190582.94,0.017733340561665673,0,0,0,0,0,0,0,583217.75,0.015589392515147469,0,302342,0.02045770087474355,0,0,0,0,0,0,0,0,0,0,0,0,0,0,0,0,0,0,0,0,0,0,0,0,0,302342,0.02045770087474355,0,3157100.31,0.022108285798846966,0,0,0,0,0
,,,,,,,,,,,,,,,,,,,,,,,,,,,,,,,,,,,,,,,,,,,,,,,,,,,,,,,,,,,,,,,,,,,,,,,,,,,,,,,,,,,,,,,,,,,,,,,,,,,,,,,,,,,,,,,,,,,,,,,,,,,,,,,,,,,,,,,,,,,,,,,340268.81,0.023793148708277062,0,0,0,0,0,0,0,178054.4,0.011836837742485326,0,0,0,0,0,0,0,344604.56,0.023457214742956804,0,0,0,0,0,0,0,862927.77,0.019596721715807827,0,176126.25,0.00832150085731214,0,0,0,0,0,0,0,405972.81,0.03090696857795361,0,0,0,0,0,0,0,218997.88,0.01783836525051377,0,0,0,0,0,0,0,801096.9400000001,0.017199296091761435,0,271569.54000000004,0.018506905919488628,0,0,0,0,0,0,0,99000.52,0.008256868474575865,0,0,0,0,0,0,0,58875.29,0.0054782215461511375,0,0,0,0,0,0,0,429445.35,0.011479060993865302,0,95743.83,0.006478420579153071,0,0,0,0,0,0,0,0,0,0,0,0,0,0,0,0,0,0,0,0,0,0,0,0,0,95743.83,0.006478420579153071,0,2189213.8899999997,0.015330449337203834,0,0,0,0,0
,,,,,,,,,,,,,,,,,,,,,,,,,,,,,,,,,,,,,,,,,,,,,,,,,,,,,,,,,,,,,,,,,,,,,,,,,,,,,,,,,,,,,,,,,,,,,,,,,,,,,,,,,,,,,,,,,,,,,,,,,,,,,,,,,,,,,,,,,,,,,,,48832.09,0.0034145626779779467,0,0,0,0,0,0,0,13026.68,0.0008659976809518818,0,0,0,0,0,0,0,104669.95000000001,0.007124878133604941,0,0,0,0,0,0,0,166528.72,0.003781796225574803,0,83261.78000000003,0.003933899538832713,0,0,0,0,0,0,0,24071.73,0.0018325961355071616,0,0,0,0,0,0,0,8771.810000000001,0.0007145034951393557,0,0,0,0,0,0,0,116105.32000000004,0.0024927442320634894,0,140140.53,0.009550289050153685,0,0,0,0,0,0,0,4.092726157978177e-12,3.413426675827765e-19,0,0,0,0,0,0,0,13949.36,0.0012979585239753185,0,0,0,0,0,0,0,154089.89,0.004118818019214774,0,74660,0.0050518020893833915,0,0,0,0,0,0,0,0,0,0,0,0,0,0,0,0,0,0,0,0,0,0,0,0,0,74660,0.0050518020893833915,0,511383.93,0.0035810778775595986,0,0,0,0,0
,,,,,,,,,,,,,,,,,,,,,,,,,,,,,,,,,,,,,,,,,,,,,,,,,,,,,,,,,,,,,,,,,,,,,,,,,,,,,,,,,,,,,,,,,,,,,,,,,,,,,,,,,,,,,,,,,,,,,,,,,,,,,,,,,,,,,,,,,,,,,,,10.377616740486353,0,0,0,0,0,0,0,0,13.109481771824711,0,0,0,0,0,0,0,0,13.147882706310225,0,0,0,0,0,0,0,0,12.087812438979208,0,0,18.343287401655157,0,0,0,0,0,0,0,0,8.426910759040886,0,0,0,0,0,0,0,0,12.007767192726742,0,0,0,0,0,0,0,0,12.470572256932838,0,0,14.460267273706672,0,0,0,0,0,0,0,0,9.427198162490276,0,0,0,0,0,0,0,0,14.395405561872682,0,0,0,0,0,0,0,0,12.33387549885657,0,0,15.786401114659583,0,0,0,0,0,0,0,0,0,0,0,0,0,0,0,0,0,0,0,0,0,0,0,0,0,0,15.786401114659583,0,0,12.584717663476017,0,0,0,0,0,0
,,,,,,,,,,,,,,,,,,,,,,,,,,,,,,,,,,,,,,,,,,,,,,,,,,,,,,,,,,,,,,,,,,,,,,,,,,,,,,,,,,,,,,,,,,,,,,,,,,,,,,,,,,,,,,,,,,,,,,,,,,,,,,,,,,,,,,,,,,,,,,,6.413782235363354,0,0,0,0,0,0,0,0,9.069621421947042,0,0,0,0,0,0,0,0,8.952141515976432,0,0,0,0,0,0,0,0,7.963765370241883,0,0,12.778874478292268,0,0,0,0,0,0,0,0,6.233307670535538,0,0,0,0,0,0,0,0,9.85722650947464,0,0,0,0,0,0,0,0,9.298715614685474,0,0,13.008792334694212,0,0,0,0,0,0,0,0,8.884256610575944,0,0,0,0,0,0,0,0,9.497851940462374,0,0,0,0,0,0,0,0,10.365721650885623,0,0,11.145627726671027,0,0,0,0,0,0,0,0,0,0,0,0,0,0,0,0,0,0,0,0,0,0,0,0,0,0,11.145627726671027,0,0,9.228824688604822,0,0,0,0,0,0
,,,,,,,,,,,,,,,,,,,,,,,,,,,,,,,,,,,,,,,,,,,,,,,,,,,,,,,,,,,,,,,,,,,,,,,,,,,,,,,,,,,,,,,,,,,,,,,,,,,,,,,,,,,,,,,,,,,,,,,,,,,,,,,,,,,,,,,,,,,,,,,0,0,0,0,0,0,0,0,0,0,0,0,0,0,0,0,0,0,0,0,0,0,0,0,0,0,0,0,0,0,0,0,0,0,0,0,0,0,0,0,0,0,0,0,0,0,0,0,0,0,0,0,0,0,0,0,0,0,0,0,0,0,0,0,0,0,0,0,0,0,0,0,0,0,0,0,0,0,0,0,0,0,0,0,0,0,0,0,0,0,0,0,0,0,0,0,0,0,0,0,0,0,0,0,0,0,0,0,0,0,0,0,0,0,0,0,0,0,0,0,0,0,0,0,0,0,0
,,,,,,,,,,,,,,,,,,,,,,,,,,,,,,,,,,,,,,,,,,,,,,,,,,,,,,,,,,,,,,,,,,,,,,,,,,,,,,,,,,,,,,,,,,,,,,,,,,,,,,,,,,,,,,,,,,,,,,,,,,,,,,,,,,,,,,,,,,,,,,,0,0,0,0,0,0,0,0,0,0,0,0,0,0,0,0,0,0,0,0,0,0,0,0,0,0,0,0,0,0,0,0,0,0,0,0,0,0,0,0,0,0,0,0,0,0,0,0,0,0,0,0,0,0,0,0,0,0,0,0,0,0,0,0,0,0,0,0,0,0,0,0,0,0,0,0,0,0,0,0,0,0,0,0,0,0,0,0,0,0,0,0,0,0,0,0,0,0,0,0,0,0,0,0,0,0,0,0,0,0,0,0,0,0,0,0,0,0,0,0,0,0,0,0,0,0,0
,,,,,,,,,,,,,,,,,,,,,,,,,,,,,,,,,,,,,,,,,,,,,,,,,,,,,,,,,,,,,,,,,,,,,,,,,,,,,,,,,,,,,,,,,,,,,,,,,,,,,,,,,,,,,,,,,,,,,,,,,,,,,,,,,,,,,,,,,,,,,,,0,0,0,0,0,0,0,0,0,0,0,0,0,0,0,0,0,0,0,0,0,0,0,0,0,0,0,0,0,0,0,0,0,0,0,0,0,0,0,0,0,0,0,0,0,0,0,0,0,0,0,0,0,0,0,0,0,0,0,0,0,0,0,0,0,0,0,0,0,0,0,0,0,0,0,0,0,0,0,0,0,0,0,0,0,0,0,0,0,0,0,0,0,0,0,0,0,0,0,0,0,0,0,0,0,0,0,0,0,0,0,0,0,0,0,0,0,0,0,0,0,0,0,0,0,0,0
,,,,,,,,,,,,,,,,,,,,,,,,,,,,,,,,,,,,,,,,,,,,,,,,,,,,,,,,,,,,,,,,,,,,,,,,,,,,,,,,,,,,,,,,,,,,,,,,,,,,,,,,,,,,,,,,,,,,,,,,,,,,,,,,,,,,,,,,,,,,,,,0,0,0,0,0,0,0,0,0,0,0,0,0,0,0,0,0,0,0,0,0,0,0,0,0,0,0,0,0,0,0,0,0,0,0,0,0,0,0,0,0,0,0,0,0,0,0,0,0,0,0,0,0,0,0,0,0,0,0,0,0,0,0,0,0,0,0,0,0,0,0,0,0,0,0,0,0,0,0,0,0,0,0,0,0,0,0,0,0,0,0,0,0,0,0,0,0,0,0,0,0,0,0,0,0,0,0,0,0,0,0,0,0,0,0,0,0,0,0,0,0,0,0,0,0,0,0
,,,,,,,,,,,,,,,,,,,,,,,,,,,,,,,,,,,,,,,,,,,,,,,,,,,,,,,,,,,,,,,,,,,,,,,,,,,,,,,,,,,,,,,,,,,,,,,,,,,,,,,,,,,,,,,,,,,,,,,,,,,,,,,,,,,,,,,,,,,,,,,0,0,0,0,0,0,0,0,0,0,0,0,0,0,0,0,0,0,0,0,0,0,0,0,0,0,0,0,0,0,0,0,0,0,0,0,0,0,0,0,0,0,0,0,0,0,0,0,0,0,0,0,0,0,0,0,0,0,0,0,0,0,0,0,0,0,0,0,0,0,0,0,0,0,0,0,0,0,0,0,0,0,0,0,0,0,0,0,0,0,0,0,0,0,0,0,0,0,0,0,0,0,0,0,0,0,0,0,0,0,0,0,0,0,0,0,0,0,0,0,0,0,0,0,0,0,0
,,,,,,,,,,,,,,,,,,,,,,,,,,,,,,,,,,,,,,,,,,,,,,,,,,,,,,,,,,,,,,,,,,,,,,,,,,,,,,,,,,,,,,,,,,,,,,,,,,,,,,,,,,,,,,,,,,,,,,,,,,,,,,,,,,,,,,,,,,,,,,,0,0,0,0,0,0,0,0,0,0,0,0,0,0,0,0,0,0,0,0,0,0,0,0,0,0,0,0,0,0,0,0,0,0,0,0,0,0,0,0,0,0,0,0,0,0,0,0,0,0,0,0,0,0,0,0,0,0,0,0,0,0,0,0,0,0,0,0,0,0,0,0,0,0,0,0,0,0,0,0,0,0,0,0,0,0,0,0,0,0,0,0,0,0,0,0,0,0,0,0,0,0,0,0,0,0,0,0,0,0,0,0,0,0,0,0,0,0,0,0,0,0,0,0,0,0,0
,,,,,,,,,,,,,,,,,,,,,,,,,,,,,,,,,,,,,,,,,,,,,,,,,,,,,,,,,,,,,,,,,,,,,,,,,,,,,,,,,,,,,,,,,,,,,,,,,,,,,,,,,,,,,,,,,,,,,,,,,,,,,,,,,,,,,,,,,,,,,,,0,0,0,0,0,0,0,0,0,0,0,0,0,0,0,0,0,0,0,0,0,0,0,0,0,0,0,0,0,0,0,0,0,0,0,0,0,0,0,0,0,0,0,0,0,0,0,0,0,0,0,0,0,0,0,0,0,0,0,0,0,0,0,0,0,0,0,0,0,0,0,0,0,0,0,0,0,0,0,0,0,0,0,0,0,0,0,0,0,0,0,0,0,0,0,0,0,0,0,0,0,0,0,0,0,0,0,0,0,0,0,0,0,0,0,0,0,0,0,0,0,0,0,0,0,0,0
,,,,,,,,,,,,,,,,,,,,,,,,,,,,,,,,,,,,,,,,,,,,,,,,,,,,,,,,,,,,,,,,,,,,,,,,,,,,,,,,,,,,,,,,,,,,,,,,,,,,,,,,,,,,,,,,,,,,,,,,,,,,,,,,,,,,,,,,,,,,,,,0,0,0,0,0,0,0,0,0,0,0,0,0,0,0,0,0,0,0,0,0,0,0,0,0,0,0,0,0,0,0,0,0,0,0,0,0,0,0,0,0,0,0,0,0,0,0,0,0,0,0,0,0,0,0,0,0,0,0,0,0,0,0,0,0,0,0,0,0,0,0,0,0,0,0,0,0,0,0,0,0,0,0,0,0,0,0,0,0,0,0,0,0,0,0,0,0,0,0,0,0,0,0,0,0,0,0,0,0,0,0,0,0,0,0,0,0,0,0,0,0,0,0,0,0,0,0
