UREBLOCK SA DE CV,20.564370967741933,Unnamed: 2,Unnamed: 3,18,Unnamed: 5,Unnamed: 6,Unnamed: 7,Unnamed: 8,Unnamed: 9,20.459935714285706,Unnamed: 11,Unnamed: 12,18.1,Unnamed: 14,Unnamed: 15,Unnamed: 16,Unnamed: 17,Unnamed: 18,20.374246666666668,Unnamed: 20,Unnamed: 21,18.2,Unnamed: 23,Unnamed: 24,Unnamed: 25,Unnamed: 26,Unnamed: 27,T1,Unnamed: 29,Unnamed: 30,20.098163333333336,Unnamed: 32,Unnamed: 33,18.3,Unnamed: 35,Unnamed: 36,Unnamed: 37,Unnamed: 38,Unnamed: 39,19.46746774193548,Unnamed: 41,Unnamed: 42,18.4,Unnamed: 44,Unnamed: 45,Unnamed: 46,Unnamed: 47,Unnamed: 48,19.07029,Unnamed: 50,Unnamed: 51,19,Unnamed: 53,Unnamed: 54,Unnamed: 55,Unnamed: 56,Unnamed: 57,T2,Unnamed: 59,Unnamed: 60,18.68416129032258,Unnamed: 62,Unnamed: 63,19.1,Unnamed: 65,Unnamed: 66,Unnamed: 67,Unnamed: 68,Unnamed: 69,18.72754193548387,Unnamed: 71,Unnamed: 72,19.2,Unnamed: 74,Unnamed: 75,Unnamed: 76,Unnamed: 77,Unnamed: 78,18.525080000000003,Unnamed: 80,Unnamed: 81,19.3,Unnamed: 83,Unnamed: 84,Unnamed: 85,Unnamed: 86,Unnamed: 87,T3,Unnamed: 89,Unnamed: 90,18.4134709677419,Unnamed: 92,Unnamed: 93,19.4,Unnamed: 95,Unnamed: 96,Unnamed: 97,Unnamed: 98,Unnamed: 99,20.29187,Unnamed: 101,Unnamed: 102,19.5,Unnamed: 104,Unnamed: 105,Unnamed: 106,Unnamed: 107,Unnamed: 108,20.26635333333333,Unnamed: 110,Unnamed: 111,19.6,Unnamed: 113,Unnamed: 114,Unnamed: 115,Unnamed: 116,Unnamed: 117,T4,Unnamed: 119,Unnamed: 120,19.269308793174005,Unnamed: 122,Unnamed: 123,19.886566723130805,Unnamed: 125,Unnamed: 126,Unnamed: 127,Unnamed: 128,Unnamed: 129,Unnamed: 130,Unnamed: 131,Unnamed: 132,16.94872393510507,Unnamed: 134,Unnamed: 135,Unnamed: 136,Unnamed: 137,Unnamed: 138,Unnamed: 139,Unnamed: 140,Unnamed: 141,Unnamed: 142,Unnamed: 143,Unnamed: 144,Unnamed: 145
ESTADOS DE RESULTADOS 2025,ENE 25,,,ENE 25 PPTO,,,ENE 25 DELTA,,,FEB 25,,,FEB 25 PPTO,,,FEB 25 DELTA,,,MZO 25,,,MZO 25 PPTO,,,MZO 25 DELTA,,,T1,,,ABR 25,,,ABR 25 PPTO,,,ABR 25 DELTA,,,MAY 25,,,MAY 25 PPTO,,,MAY 25 DELTA,,,JUN 25,,,JUN 25 PPTO,,,JUN 25 DELTA,,,T2,,,JUL 25,,,JUL 25 PPTO,,,JUL 25 DELTA,,,AGO 25,,,AGO 25 PPTO,,,AGO 25 DELTA,,,SEP 25,,,SEP 25 PPTO,,,SEP 25 DELTA,,,,,,OCT 25,,,OCT 25 PPTO,,,OCT 25 DELTA,,,NOV 25,,,NOV 25 PPTO,,,NOV 25 DELTA,,,DIC 25,,,DIC 25 PPTO,,,DIC 25 DELTA,,,,,,2025,,,2025 PPTO,,,2025 DELTA,,,2024,,,2024 Ene-Oct,,,,OCT 25,,,,,,,,
,PUEBLA,,,PUEBLA,,,PUEBLA,,,PUEBLA,,,PUEBLA,,,PUEBLA,,,PUEBLA,,,PUEBLA,,,PUEBLA,,,RESULTADO,,,PUEBLA,,,PUEBLA,,,PUEBLA,,,PUEBLA,,,PUEBLA,,,PUEBLA,,,PUEBLA,,,PUEBLA,,,PUEBLA,,,RESULTADO,,,PUEBLA,,,PUEBLA,,,PUEBLA,,,PUEBLA,,,PUEBLA,,,PUEBLA,,,PUEBLA,,,PUEBLA,,,PUEBLA,,,,,,PUEBLA,,,PUEBLA,,,PUEBLA,,,PUEBLA,,,PUEBLA,,,PUEBLA,,,PUEBLA,,,PUEBLA,,,PUEBLA,,,,,,GUADALAJARA,,,PUEBLA,,,PUEBLA,,,GUADALAJARA,,,GUADALAJARA,,,,PUEBLA,,,PUE ESPUMA,,,PUE CORTE,,
,,,,,,,,,,,,,,,,,,,,,,,,,,,,,,,,,,,,,,,,,,,,,,,,,,,,,,,,,,,,,,,,,,,,,,,,,,,,,,,,,,,,,,,,,,,,,,,,,,,,,,,,,,,,,,,,,,,,,,,,,,,,,,,,,,,,,,,,,,,,,,,,,
TRADICIONAL USD,572526.8600954831,,,873703.0010350288,,,-301176.1409395457,-0.34471226558997575,,622072.4545636402,,,802772.5934312078,,,-180700.13886756764,-0.2250950522553588,,632068.6251957945,,,758224.6791378984,,,-126156.05394210387,-0.16638347103861528,,1826667.939854918,1,,562141.8172705333,,,866985.6931714452,,,-304843.87590091187,-0.35161350216263537,,666380.1949986041,,,867961.845363358,,,-201581.6503647539,-0.23224713326006288,,636656.5830933878,,,817359.1115996446,,,-180702.52850625687,-0.22108094953833196,,1865178.595362525,1,,746642.0233283668,,,1012963.6555456982,,,-266321.63221733144,-0.2629133145688826,,799916.9106980267,,,892456.2960262969,,,-92539.38532827026,-0.10369066333030107,,1073788.1067180277,,,832375.873487805,,,241412.23323022272,0.29002790796742095,,2620347.040744421,1,,1147856.2682194822,,,915972.7868018358,,,231883.4814176464,0.2531554264044012,,0,,,0,,,0,,,0,,,0,,,0,,,1147856.2682194822,1,,7460049.844181347,,,8640775.535600219,,,-1180725.6914188722,-0.13664580066387003,,8678734.811989374,,,7218901.088823762,,,,1147856.2682194822,1,,0,,,1147856.2682194822,1,0
AUTOMOTRIZ USD,0,,,0,,,0,,,0,,,0,,,0,,,0,,,0,,,0,,,0,0,,0,,,0,,,0,,,0,,,0,,,0,,,0,,,0,,,0,,,0,0,,0,,,0,,,0,,,0,,,0,,,0,,,0,,,0,,,0,,,0,0,,0,,,0,,,0,,,0,,,0,,,0,,,0,,,0,,,0,,,0,0,,0,,,0,,,0,,,0,,,0,,,,0,0,,0,,,0,0,
EMPAQUE USD,0,,,0,,,0,,,0,,,0,,,0,,,0,,,0,,,0,,,0,0,,0,,,0,,,0,,,0,,,0,,,0,,,0,,,0,,,0,,,0,0,,0,,,0,,,0,,,0,,,0,,,0,,,0,,,0,,,0,,,0,0,,0,,,0,,,0,,,0,,,0,,,0,,,0,,,0,,,0,,,0,0,,0,,,0,,,0,,,0,,,0,,,,0,0,,0,,,0,0,
PROD HOGAR USD,0,,,0,,,0,,,0,,,0,,,0,,,0,,,0,,,0,,,0,0,,0,,,0,,,0,,,0,,,0,,,0,,,0,,,0,,,0,,,0,0,,0,,,0,,,0,,,0,,,0,,,0,,,0,,,0,,,0,,,0,0,,0,,,0,,,0,,,0,,,0,,,0,,,0,,,0,,,0,,,0,0,,0,,,0,,,0,,,80383.4229149374,,,80383.4229149374,,,,0,0,,0,,,0,0,
OTROS INGRESOS USD,0,,,6096.654502124558,,,-6096.654502124558,,,0,,,8682.886819432248,,,-8682.886819432248,,,0,,,3091.7047184170474,,,-3091.7047184170474,,,0,0,,0,,,6196.91040320237,,,-6196.91040320237,,,0,,,6187.795762818565,,,-6187.795762818565,,,0,,,4877.534169990566,,,-4877.534169990566,,,0,0,,0,,,1772.4121530824366,,,-1772.4121530824366,,,0,,,5456.9363263207315,,,-5456.9363263207315,,,0,,,3462.139636237739,,,-3462.139636237739,,,0,0,,0,,,3462.139636237739,,,-3462.139636237739,,,0,,,0,,,0,,,0,,,0,,,0,,,0,0,,0,,,49287.114127864006,,,-49287.114127864006,,,0,,,-37008.79876045595,,,,0,0,,0,,,0,0,
TOTAL VENTAS USD,572526.8600954831,,,879799.6555371534,,,-307272.7954416703,-0.34925314360809534,,622072.4545636402,,,811455.4802506401,,,-189383.0256869999,-0.23338683427032103,,632068.6251957945,,,761316.3838563154,,,-129247.75866052092,-0.16976878654028027,,1826667.939854918,,,562141.8172705333,,,873182.6035746476,,,-311040.7863041142,-0.3562150517323307,,666380.1949986041,,,874149.6411261766,,,-207769.44612757248,-0.23768178393335584,,636656.5830933878,,,822236.6457696352,,,-185580.06267624744,-0.22570152234280388,,1865178.595362525,,,746642.0233283668,,,1014736.0676987807,,,-268094.0443704139,-0.2642007640256621,,799916.9106980267,,,897913.2323526177,,,-97996.321654591,-0.10913785221522058,,1073788.1067180277,,,835838.0131240428,,,237950.093593985,0.28468446021570437,,2620347.040744421,,,1147856.2682194822,,,919434.9264380735,,,228421.34178140867,0.24843665953209082,,0,,,0,,,0,,,0,,,0,,,0,,,1147856.2682194822,,,7460049.844181347,,,8690062.649728082,,,-1230012.805546736,-0.14154245546034394,,8759118.234904312,,,7262275.712978243,,,,1147856.2682194822,1,,0,1,,1147856.2682194822,1,0
,,,,,,,,,,,,,,,,,,,,,,,,,,,,,,,,,,,,,,,,,,,,,,,,,,,,,,,,,,,,,,,,,,,,,,,,,,,,,,,,,,,,,,,,,,,,,,,,,,,,,,,,,,,,,,,,,,,,,,,,,0,,,0,,,,,,0,,,0,,,,,,,,,,,,
TRADICIONAL,11773654.74,1,,17474060.020700578,1,,-5700405.280700577,-0.3262209969490556,,12727562.429999994,1,,16055451.868624156,1,,-3327889.438624162,-0.20727472922313583,,12877922.08,1,,15164493.582757968,1,,-2286571.5027579684,-0.1507845606765135,,37379139.24999999,1,,11298018.06,1,,17339713.863428902,1,,-6041695.803428901,-0.3484311131668332,,12972734.950000001,1,,17359236.90726716,1,,-4386501.95726716,-0.25268979164808925,,12141225.670000002,1,,16347182.231992893,1,,-4205956.561992891,-0.25728939105856785,,36411978.68000001,1,,13950379.99,1,,20259273.110913966,1,,-6308893.120913966,-0.31140767422278703,,14980477.49,1,,17849125.92052594,1,,-2868648.430525938,-0.16071646551762414,,19892010.580000002,1,,16647517.4697561,1,,3244493.1102439016,0.19489350986645554,,48822868.06,1,,21136018.069999997,1,,18319455.736036714,1,,2816562.3339632824,0.15374705310828332,,0,,,0,,,0,,,0,,,0,,,0,,,21136018.069999997,1,,143750004.06,1,,172815510.7120044,1,,-29065506.65200439,-0.16818806675543038,,158819518.45000002,0.9915640432256269,,129213802.40000002,0.9896511833528526,,,21136018.069999997,1,,0,,,21136018.069999997,1,
AUTOMOTRIZ,0,0,,0,0,,0,,,0,0,,0,0,,0,,,0,0,,0,0,,0,,,0,0,,0,0,,0,0,,0,,,0,0,,0,0,,0,,,0,0,,0,0,,0,,,0,0,,0,0,,0,0,,0,,,0,0,,0,0,,0,,,0,0,,0,0,,0,,,0,0,,0,0,,0,0,,0,,,0,,,0,,,0,,,0,,,0,,,0,,,0,0,,0,0,,0,0,,0,,,0,0,,0,0,,,0,0,,0,,,0,0,
EMPAQUE,0,0,,0,0,,0,,,0,0,,0,0,,0,,,0,0,,0,0,,0,,,0,0,,0,0,,0,0,,0,,,0,0,,0,0,,0,,,0,0,,0,0,,0,,,0,0,,0,0,,0,0,,0,,,0,0,,0,0,,0,,,0,0,,0,0,,0,,,0,0,,0,0,,0,0,,0,,,0,,,0,,,0,,,0,,,0,,,0,,,0,0,,0,0,,0,0,,0,,,0,0,,0,0,,,0,0,,0,,,0,0,
PROD HOGAR,0,0,,0,0,,0,,,0,0,,0,0,,0,,,0,0,,0,0,,0,,,0,0,,0,0,,0,0,,0,,,0,0,,0,0,,0,,,0,0,,0,0,,0,,,0,0,,0,0,,0,0,,0,,,0,0,,0,0,,0,,,0,0,,0,0,,0,,,0,0,,0,0,,0,0,,0,,,0,,,0,,,0,,,0,,,0,,,0,,,0,0,,0,0,,0,0,,0,,,1351193.2,0.008435956774373237,,1351193.2,0.010348816647147345,,,0,,,0,,,0,,
OTROS INGRESOS,,0,,,0,,0,,,,0,,,0,,0,,,,0,,,0,,0,,,0,0,,,0,,,0,,0,,,,0,,,0,,0,,,,0,,,0,,0,,,0,0,,,0,,,0,,0,,,,0,,,0,,0,,,,0,,,0,,0,,,0,0,,,0,,,0,,0,,,0,,,0,,,0,,,0,,,0,,,0,,,0,0,,0,0,,0,0,,0,,,0,0,,0,,,,0,0,,0,,,0,0,
TOTAL VENTAS,11773654.74,,,17474060.020700578,,,-5700405.280700577,-0.3262209969490556,,12727562.429999994,,,16055451.868624156,,,-3327889.438624162,-0.20727472922313583,,12877922.08,,,15164493.582757968,,,-2286571.5027579684,-0.1507845606765135,,37379139.24999999,,,11298018.06,,,17339713.863428902,,,-6041695.803428901,-0.3484311131668332,,12972734.950000001,,,17359236.90726716,,,-4386501.95726716,-0.25268979164808925,,12141225.670000002,,,16347182.231992893,,,-4205956.561992891,-0.25728939105856785,,36411978.68000001,,,13950379.99,,,20259273.110913966,,,-6308893.120913966,-0.31140767422278703,,14980477.49,,,17849125.92052594,,,-2868648.430525938,-0.16071646551762414,,19892010.580000002,,,16647517.4697561,,,3244493.1102439016,0.19489350986645554,,48822868.06,,,21136018.069999997,,,18319455.736036714,,,2816562.3339632824,0.15374705310828332,,0,,,0,,,0,,,0,,,0,,,0,,,21136018.069999997,,,143750004.06,1,,172815510.7120044,,,-29065506.65200439,-0.16818806675543038,,160170711.65,1,,130564995.60000002,1,,,21136018.069999997,1,,0,1,,21136018.069999997,1,0
,,,,,,,,,,,,,,,,,,,,,,,,,,,,,,,,,,,,,,,,,,,,,,,,,,,,,,,,,,,,,,,,,,,,,,,,,,,,,,,,,,,,,,,,,,,,,,,,,,,,,,,,,,,,,,,,,,,,,,,,,,,,,,,,,,,,,,,,,,,,,,,,,
(+)TRANSFERENCIAS ENVIADAS,179143.0300000001,0.014987539607641173,,14548.372262867704,0.000831877067401272,,164594.6577371324,11.313613286981447,,116856.81,0.00909786638200701,,13418.232579578304,0.0008350451833307889,,103438.5774204217,7.708807907969089,,0,0,,12589.132187599762,0.0008294830056637082,,-12589.132187599762,,,295999.8400000001,0.007856635626291995,,0,0,,14438.952652815115,0.0008320171434375551,,-14438.952652815115,,,0,0,,14454.943591437643,0.0008320018402262204,,-14454.943591437643,,,0,0,,13596.509995818225,0.0008310429601326863,,-13596.509995818225,,,0,0,,0,0,,16779.681565602707,0.0008275615445145383,,-16779.681565602707,,,0,0,,14847.898475301294,0.0008311643661002313,,-14847.898475301294,,,122045.96,0.006098012152412955,,13821.42228614542,0.0008295505166602654,,108224.53771385459,7.830202671858073,,122045.96,0.002493537121142541,,0,0,,15203.692555281614,0.0008292323407748827,,-15203.692555281614,,,,,,,,,0,,,,,,,,,0,,,0,0,,418045.8000000001,0.0028997118321705795,,143698.83815244777,0.0008308250166394073,,274346.96184755233,1.9091800975906434,,133973.89,0.0008357453155451917,,98165.51999999999,0.0007512868903412305,,,0,,,12847525.409999961,,,119831.43999999999,,
(+)P.T. PENDIENTE TRANSFERIR,0,,,0,,,0,,,0,,,0,,,0,,,0,,,0,,,0,,,0,,,0,,,0,,,0,,,0,,,0,,,0,,,0,,,0,,,0,,,0,,,0,,,0,,,0,,,0,,,0,,,0,,,0,,,0,,,0,,,0,,,0,,,0,,,0,,,0,,,0,,,0,,,0,,,0,,,0,,,0,,,0,,,0,,,0,,,0,,,0,,,,0,,,0,,,0,,
,,,,,,,,,,,,,,,,,,,,,,,,,,,,,,,,,,,,,,,,,,,,,,,,,,,,,,,,,,,,,,,,,,,,,,,,,,,,,,,,,,,,,,,,,,,,,,,,,,,,,,,,,,,,,,,,,,,,,,,,,,,,,,,,,,,,,,,,,,,,,,,,,
TOTAL VENTAS C/TRANSFERENC,11952797.77,,,17488608.392963447,,,-5535810.622963445,-0.3165380857399028,,12844419.239999995,,,16068870.101203734,,,-3224450.8612037404,-0.2006644425460999,,12877922.08,,,15177082.714945568,,,-2299160.634945568,-0.15148897045157955,,37675139.08999999,,,11298018.06,,,17354152.816081718,,,-6056134.756081716,-0.3489732296508089,,12972734.950000001,,,17373691.8508586,,,-4400956.900858597,-0.25331155511665787,,12141225.670000002,,,16360778.741988711,,,-4219553.071988709,-0.2579066154815445,,36411978.68000001,,,13950379.99,,,20276052.792479567,,,-6325672.802479568,-0.311977526751448,,14980477.49,,,17863973.81900124,,,-2883496.3290012395,-0.1614140480845405,,20014056.540000003,,,16661338.892042246,,,3352717.647957756,0.2012273845266466,,48944914.02,,,21136018.069999997,,,18334659.428591996,,,2801358.6414080006,0.15279032873877219,,0,,,0,,,0,,,0,,,0,,,0,,,21136018.069999997,,,144168049.86,1,,172959209.55015683,,,-28791159.69015684,-0.16646213731572126,,160304685.54,1,,130663161.12000002,1,,,21136018.069999997,1,,12847525.409999961,1,,21255849.509999998,1,-12967356.849999962
,0.01971008352590105,,,,,,,,,0.023947669703934513,,,,,,,,,0.022231885699509592,,,,,,,,,0.1869463321454706,,,0.020204331659998746,,,,,,,,,0.023028759929098894,,,,,,,,,0.023912869681855558,,,,,,,,,0.1869463321454706,,,0.02338044078861014,,,,,,,,,0.02960400779580321,,,,,,,,,0.0378664893953582,,,,,,,,,0.1869463321454706,,,0.03346778621332637,,,,,,,,,,,,,,,,,,,,,,,,,,,0.1869463321454706,,,,,,,,,,,,,,,,,,,,,,,,,,,
INVENTARIO INICIAL,13656042.309999999,,,,,,,,,14708274.73,,,,,,,,,12528850.83,,,,,,,,,13656042.309999999,,,12781973.02,,,,,,,,,16595168.88,,,,,,,,,12565790.83,,,,,,,,,12781973.02,,,10347964.05,,,,,,,,,7559438.4,,,,,,,,,7620685.08,,,,,,,,,10347964.05,,,10946594.44,,,,,,,,,0,,,,,,,,,0,,,,,,,,,10946594.44,,,,,,,,,,,,,,,,,,,,,,,,,,,
(+) COMPRAS,8358239.22,,,,,,,,,5621646.63,,,,,,,,,8136171.100000001,,,,,,,,,22116056.95,,,9265614.6,,,,,,,,,2077199.2899999998,,,,,,,,,4163234.61,,,,,,,,,15506048.5,,,5965298.37,,,,,,,,,7369722.95,,,,,,,,,13165304.71,,,,,,,,,26500326.03,,,12949966.610000001,,,,,,,,,0,,,,,,,,,0,,,,,,,,,12949966.610000001,,,,,,,,,,,,,,,,,,,,,,,,,,,
(+)TRANSFERENCIAS RECIBIDAS,369000.51999999984,,,,,,,,,577025.1799999999,,,,,,,,,556737.1,,,,,,,,,1502762.7999999996,,,1329268.2999999998,,,,,,,,,676719.8100000004,,,,,,,,,530689.17,,,,,,,,,2536677.2800000003,,,975295.2500000005,,,,,,,,,438598.88,,,,,,,,,1279496.0500000005,,,,,,,,,2693390.180000001,,,1375397.6400000001,,,,,,,,,,,,,,,,,,,,,,,,,,,1375397.6400000001,,,,,,,,,,,,,,,,,,,,,,,,,,,
(--) INVENTARIO FINAL,14708274.73,,,,,,,,,12528850.83,,,,,,,,,12781973.02,,,,,,,,,12781973.02,,,16595168.88,,,,,,,,,12565790.83,,,,,,,,,10347964.05,,,,,,,,,10347964.05,,,7559438.4,,,,,,,,,7552739.13,,,,,,,,,10946594.44,,,,,,,,,10946594.44,,,12253547.010000002,,,,,,,,,0,,,,,,,,,0,,,,,,,,,0,,,,,,,,,,,,,,,,,,,,,,,,,,,
MATERIALES,7675007.319999997,0.6421096941222655,,9861903.230483325,0.5639044004468228,,-2186895.9104833286,0.07820529367544271,,8378095.709999999,0.6522751674057007,,9095815.589051733,0.5660519707835809,,-717719.8790517338,0.08622319662211975,,8439786.01,0.6553686190652894,,8533793.41321579,0.5622815381253852,,-94007.40321579017,0.09308708093990425,,24492889.039999995,0.650107461620522,,6781687.039999996,0.6002545759782576,,9787730.973521627,0.5639993537714817,,-3006043.933521631,0.036255222206775906,,6783297.150000002,0.5228887490682912,,9798570.749024384,0.563988980185587,,-3015273.5990243815,-0.04110023111729577,,6911750.559999999,0.5692794737419619,,9216664.478217574,0.5633389842601866,,-2304913.918217575,0.00594048948177528,,20476734.749999996,0.5623625930893792,,9729119.270000001,0.6974089076408019,,11374440.579903083,0.5609790375038818,,-1645321.3099030815,0.1364298701369201,,7815021.1000000015,0.5216803740212423,,10064943.025495486,0.5634212817077566,,-2249921.925495485,-0.041740907686514284,,11118891.4,0.5555541115704272,,9369125.743469521,0.5623273017959189,,1749765.656530479,-0.006773190225491721,,28663031.770000003,0.5856181861569445,,13018411.68,0.6159349238292926,,10306125.112628382,0.5621116199495088,,2712286.567371618,0.053823303879783846,,0,,,,,,0,,,0,,,,,,0,,,13018411.68,0.6159349238292926,,86651067.24000001,0.6010420986074646,,97409112.8950109,0.5631912469324915,,-10758045.655010894,0.03785085167497315,,82863778.96999998,0.5169142666720332,,66001371.60999999,0.5051260894368295,,,13018411.68,0.6159349238292926,,11340150.06,0.8826719308274974,,14645618.469999962,0.6890159089200271,-12967356.849999962
(+) VARIACION EN COMPRAS,549406.8400000001,0.045964706386896405,,0,0,,549406.8400000001,,,238139.96,0.018540344685915134,,0,0,,238139.96,,,135865.93,0.010550299120927744,,0,0,,135865.93,,,923412.7300000001,0.024509869168475057,,410694.73,0.03635104208711098,,0,0,,410694.73,,,83627.73999999999,0.006446423234755134,,0,0,,83627.73999999999,,,-198414.08,-0.016342178738203123,,0,0,,-198414.08,,,295908.39,0.008126677009248429,,-464253.67,-0.033278926476037876,,0,0,,-464253.67,,,-602601.95,-0.040225817261316146,,0,0,,-602601.95,,,-1506047.15,-0.07524947014064945,,0,0,,-1506047.15,,,-2572902.7699999996,-0.052567316165856436,,-1865687.42,-0.08827052540459908,,0,0,,-1865687.42,,,0,,,0,,,0,,,0,,,0,,,0,,,-1865687.42,-0.08827052540459908,,-3219269.07,-0.02232997583810141,,0,0,,-3219269.07,,,2979468.19,0.01858628261527982,,883583.7299999997,0.006762301802789873,,,-1865687.42,-0.08827052540459908,,-1838975.72,-0.14313851588638388,,-26711.7,-0.001256675250143884,
(+) VARIACION STD,0,0,,0,0,,0,,,0,0,,0,0,,0,,,0,0,,0,0,,0,,,0,0,,0,0,,0,0,,0,,,0,0,,0,0,,0,,,0,0,,0,0,,0,,,0,0,,0,0,,0,0,,0,,,-67945.95,-0.004535633129541854,,0,0,,-67945.95,,,0,0,,0,0,,0,,,-67945.95,-0.0013882126746046738,,0,0,,0,0,,0,,,0,,,0,,,0,,,0,,,0,,,0,,,0,0,,-67945.95,0,,0,0,,-67945.95,,,-1381703.6,-0.0086192340251666,,361238.18,0.002764652078700604,,,0,0,,0,0,,0,0,
FLETES MERCANCIAS,20000,0.0016732484214028495,,87979.96555371534,0.005030701332938196,,-67979.96555371534,-0.0033574529115353467,,31821.14,0.0024774292558828073,,81145.54802506401,0.005049860227508175,,-49324.40802506401,-0.002572430971625368,,14270.72,0.0011081539328587084,,76131.63838563155,0.0050162234610911915,,-61860.91838563155,-0.003908069528232483,,66091.86,0.001754256562719435,,0,0,,87318.26035746474,0.0050315484300996124,,-87318.26035746474,,,0,0,,87414.96411261766,0.005031455885313038,,-87414.96411261766,,,0,0,,82223.66457696352,0.005025657144665288,,-82223.66457696352,,,0,0,,0,0,,101473.60676987808,0.005004603598562086,,-101473.60676987808,,,0,0,,89791.32323526176,0.005026391336274469,,-89791.32323526176,,,0,0,,83583.80131240428,0.005016631727737403,,-83583.80131240428,,,0,0,,0,0,,91942.95575711984,0.00501470758784531,,-91942.95575711984,,,0,,,0,,,0,,,0,,,0,,,0,,,0,0,,66091.86,0,,869005.7280861208,0.005024339151099762,,-802913.8680861208,-0.005024339151099762,,71636.98999999999,0,,20500,0,,,0,0,,0,0,,0,0,
FLETES INTERPLANTAS,17000,0.0014222611581924222,,158363.9379966876,0.009055262399288753,,-141363.9379966876,-0.007633001241096331,,37800,0.002942912349223507,,146061.98644511518,0.009089748409514714,,-108261.98644511518,-0.006146836060291207,,54680,0.004246026622953445,,137036.94909413677,0.009029202229964143,,-82356.94909413677,-0.004783175607010698,,109480,0.0029058950449650494,,0,0,,157172.86864343652,0.009056787174179303,,-157172.86864343652,,,101160,0.0077978930726554305,,157346.93540271177,0.009056620593563467,,-56186.935402711766,-0.0012587275209080366,,100816.55,0.00830365506252879,,148002.59623853432,0.009046182860397517,,-47186.04623853431,,,201976.55,0.005546980892607727,,153780.24,0.01102337284792484,,182652.49218578055,0.009008286477411755,,-28872.252185780555,0.0020150863705130848,,72221.14,0.0048210172237974505,,161624.38182347114,0.009047504405294041,,-89403.24182347114,-0.0042264871814965905,,162276.15,0.00810810890214463,,150450.84236232768,0.009029937109927324,,11825.307637672318,-0.0009218282077826934,,388277.52999999997,0.007932949475431522,,158576.25,0.007502654921793413,,165497.3203628157,0.009026473658121557,,-6921.070362815692,-0.001523818736328144,,0,,,0,,,0,,,0,,,0,,,0,,,158576.25,0.007502654921793413,,858310.33,0.005953540544062956,,1564210.310555017,0.00904381047197957,,-705899.9805550171,-0.003090269927916613,,727400,0.004537609100755172,,710400,0.005436880555396744,,,158576.25,0.007502654921793413,,52000,0.0040474720493275254,,106576.25,0.0050139727395915315,
GASTOS DE IMPORTACION MERCANCIAS,17986.28,0.001504775730845482,,70383.97244297227,0.004024561066350557,,-52397.69244297227,-0.002519785335505075,,8025.79,0,,64916.43842005121,0.00403988818200654,,-56890.648420051206,-0.00403988818200654,,29907.49,0.0023223847616260776,,60905.31070850524,0.004012978768872953,,-30997.820708505238,-0.001690594007246875,,55919.56,0.0014842562323769252,,3747.84,0,,69854.60828597179,0.00402523874407969,,-66106.76828597179,-0.00402523874407969,,14854.689999999999,0.001145070030124989,,69931.97129009412,0.00402516470825043,,-55077.28129009412,-0.002880094678125441,,25413.329999999998,0.0020931436982342157,,65778.93166157082,0.00402052571573223,,-40365.60166157082,-0.0019273820174980144,,44015.86,0.0012088291160122142,,0,0,,81178.88541590246,0.004003682878849669,,-81178.88541590246,,,0,0,,71833.0585882094,0.0040211130690195745,,-71833.0585882094,,,6357.999999999999,0,,66867.04104992343,0.004013305382189923,,-60509.04104992343,-0.004013305382189923,,6357.999999999999,0,,13787.18,0,,73554.36460569587,0.0040117660702762474,,-59767.18460569587,-0.0040117660702762474,,0,,,0,,,0,,,0,,,0,,,0,,,13787.18,0,,120080.6,0,,695204.5824688966,0.00401947132087981,,-575123.9824688967,-0.00401947132087981,,145972.81,0,,120364.37000000001,0,,,13787.18,0.0006523073529904492,,13787.18,0.0010731389555586053,,0,0,
(+) GTOS S/COMPRA,54986.28,0.004600285310440754,,316727.8759933752,0.018110524798577506,,-261741.59599337523,-0.013510239488136752,,77646.93,0.00604518807344691,,292123.97289023036,0.018179496819029427,,-214477.0428902304,-0.012134308745582517,,98858.21,0.007676565317438231,,274073.89818827354,0.018058404459928287,,-175215.68818827355,-0.010381839142490055,,231491.42,0.0061444078400614095,,3747.84,0,,314345.73728687305,0.018113574348358606,,-310597.897286873,-0.018113574348358606,,116014.69,0.00894296310278042,,314693.87080542353,0.018113241187126934,,-198679.18080542353,-0.009170278084346515,,126229.88,0.010396798760763005,,296005.19247706863,0.018092365720795034,,-169775.31247706866,-0.007695566960032029,,245992.40999999997,0.006755810008619942,,153780.24,0.01102337284792484,,365304.9843715611,0.01801657295482351,,-211524.7443715611,-0.00699320010689867,,72221.14,0.0048210172237974505,,323248.7636469423,0.018095008810588082,,-251027.62364694232,-0.013273991586790632,,168634.15,0.008425785630362767,,300901.68472465535,0.01805987421985465,,-132267.5347246554,-0.009634088589491881,,394635.52999999997,0.008062850612808165,,172363.43,0.008154962274783862,,330994.6407256314,0.018052947316243115,,-158631.2107256314,-0.009897985041459252,,0,,,0,,,0,,,0,,,0,,,0,,,172363.43,0.008154962274783862,,1044482.7899999999,0.00724489781899863,,3128420.6211100346,0.018087620943959142,,-2083937.8311100346,-0.010842723124960513,,945009.8,0.005895085329643697,,851264.37,0.006514953126062865,,,172363.43,0.008154962274783862,,65787.18,0.00512061100488613,,106576.25,0.0050139727395915315,
TOTAL MATERIALES,8279400.439999997,0.6926746858196027,,10178631.1064767,0.5820149252454002,,-1899230.6664767037,0.11065976057420246,,8693882.6,0.6768607001650627,,9387939.561941963,0.5842314676026104,,-694056.9619419642,0.09262923256245237,,8674510.15,0.6735954835036555,,8807867.311404064,0.5803399425853135,,-133357.16140406372,0.09325554091834198,,25647793.189999998,0.6807617386290585,,7196129.609999996,0.6369373435042991,,10102076.7108085,0.5821129281198403,,-2905947.100808504,0.05482441538445881,,6982939.580000003,0.5382781354058268,,10113264.619829807,0.5821022213727138,,-3130325.0398298046,-0.04382408596688703,,6839566.3599999985,0.5633340937645217,,9512669.670694642,0.5814313499809816,,-2673103.3106946438,-0.018097256216459856,,21018635.549999997,0.5772450801072476,,9418645.840000002,0.6751533540126889,,11739745.564274644,0.5789956104587054,,-2321099.7242746428,0.09615774355398354,,7216694.340000001,0.4817399408541817,,10388191.789142428,0.5815162905183447,,-3171497.4491424276,-0.09977634966416304,,9781478.4,0.4887304270601405,,9670027.428194176,0.5803871760157736,,111450.97180582368,-0.09165674895563308,,26416818.580000006,0.5397255079292915,,11325087.69,0.5358193606994773,,10637119.753354013,0.5801645672657518,,687967.9366459867,-0.0443452065662745,,0,,,0,,,0,,,0,,,0,,,0,,,11325087.69,0.5358193606994773,,84408335.01000002,0.5854857237228915,,100537533.51612094,0.5812788678764506,,-16129198.506120928,0.004206855846440982,,85406553.35999998,0.5327764005917901,,68097457.89,0.5211679964443829,,,11325087.69,0.5358193606994773,,9566961.52,0.7446540259459996,,14725483.019999962,0.6927732064094748,-12967356.849999962
,,,,,,,,,,,,,,,,,,,,,,,,,,,,,,,,,,,,,,,,,,,,,,,,,,,,,,,,,,,,,,,,,,,,,,,,,,,,,,,,,,,,,,,,,,,,,,,,,,,,,,,,,,,,,,,,,,,,,,,,,,,,,,,,,,,,,,,,,,,,,,,,,
MANO DE OBRA,603584.54,0.05049734393690826,,386865.098655,0.022120976693071556,,216719.44134500006,0.028376367243836704,,536039.91,0.0417332928787211,,367521.84372224996,0.022871666856944632,,168518.06627775007,0.01886162602177647,,489042.5,0.03797526471755139,,367521.84372224996,0.02421557888462546,,121520.65627775004,0.013759685832925927,,1628666.9500000002,0.043229221957465654,,444031.06999999995,0.03930167819186509,,393248.37278280745,0.022660188425815447,,50782.6972171925,0.016641489766049646,,508231.94,0.039176930844486264,,491560.46597850934,0.028293380025283265,,16671.474021490663,0.010883550819203,,397255.65,0.03271956726589697,,401113.3402384636,0.02451676332551557,,-3857.690238463576,0.0082028039403814,,1349518.6600000001,0.03706249176569055,,427912.85,0.03067392073239146,,413146.7404456175,0.02037609315156521,,14766.109554382449,0.01029782758082625,,556847.11,0.037171519423977985,,516433.4255570219,0.028909213078207218,,40413.68444297806,0.008262306345770767,,460961.09,0.02303186708195439,,413146.7404456175,0.024796731110423773,,47814.3495543825,-0.0017648640284693845,,1445721.0499999998,0.02953771763516114,,518171.07,0.02451602133778835,,531926.4283237326,0.02901207030299235,,-13755.358323732566,-0.0044960489652040025,,0,,,0,,,0,,,0,,,0,,,0,,,518171.07,0.02451602133778835,,4942077.73,0.03427997905776763,,4282484.29987127,0.02476008251315107,,659593.4301287308,0.009519896544616564,,5012593.43,0.03126916355011491,,4108080.45,0.03144023468272875,,,518171.07,0.02451602133778835,,98650.86,0.0076785884325408236,,419520.21,0.01973669458859469,0
,,,,,,,,,,,,,,,,,,,,,,,,,,,,,,,,,,,,,,,,,,,,,,,,,,,,,,,,,,,,,,,,,,,,,,,,,,,,,,,,,,,,,,,,,,,,,,,,,,,,,,,,,,,,,,,,,,,,,,,,,,,,,,,,,,,,,,,,,,,,,,,,,
GASTOS DE FABRICACION:,,,,,,,,,,,,,,,,,,,,,,,,,,,,,,,,,,,,,,,,,,,,,,,,,,,,,,,,,,,,,,,,,,,,,,,,,,,,,,,,,,,,,,,,,,,,,,,,,,,,,,,,,,,,,,,,,,,,,,,,,,,,,,,,,,,,,,,,,,,,,,,,,
MANO DE OBRA INDIRECTA,463776.3,0.038800648092952715,,420063.19407359994,0.02401924639370464,,43713.10592640005,0.014781401699248076,,416591.53,0.032433660270341676,,392059.2611774893,0.02439868258989285,,24532.268822510727,0.008034977680448824,,456212.37,0.035425930298842126,,392059.2611774893,0.02583232025159951,,64153.108822510694,0.009593610047242615,,1336580.2,0.03547645031401529,,461892.78,0.040882637781869506,,411662.2242363638,0.023721251541295944,,50230.55576363625,0.017161386240573562,,511943.5,0.03946303551048809,,445967.06653754064,0.025669101902224722,,65976.43346245936,0.013793933608263368,,439538.15,0.036202123405552344,,411662.2242363638,0.025161529944773567,,27875.925763636245,0.011040593460778778,,1413374.4300000002,0.03881619404485491,,477677.92000000004,0.03424121209188654,,428128.7132058184,0.02111499302095979,,49549.206794181664,0.013126219070926749,,485717.70999999996,0.032423379716983905,,463805.7491990422,0.02596319015569254,,21911.96080095775,0.006460189561291366,,434500.68,0.021709775783415465,,428128.7132058184,0.025695936921990126,,6371.966794181615,-0.003986161138574661,,1397896.31,0.02856060405844799,,492928.26,0.023321718327808,,463805.7491990422,0.02529666564058234,,29122.510800957796,-0.001974947312774339,,0,,,0,,,0,,,0,,,0,,,0,,,492928.26,0.023321718327808,,4640779.2,0.0321900671092285,,4257342.156248569,0.02461471792870314,,383437.0437514316,0.007575349180525357,,4573790.93,0.028531860529171654,,3731045.2600000002,0.028554683875843458,,,492928.26,0.023321718327808,,167230.45,0.013016549464835853,,325697.81,0.015322737858431518,
MANTENIMIENTO INSTALACIONES,0,0,,33912.07,0.001939094823213295,,-33912.07,,,7400,0,,18354,0.0011422084990670928,,-10954,-0.0011422084990670928,,0,0,,7261,0,,-7261,,,7400,0,,2150.43,0,,12928.439999999999,0,,-10778.009999999998,,,17845.45,0.00137561201001798,,85006.14,0.0048928080876373455,,-67160.69,-0.0035171960776193656,,0,0,,4045.73,0,,-4045.73,,,19995.88,0,,4728.45,0,,0,0,,4728.45,,,19693.1,0.0013145842656314421,,694.82,0,,18998.28,0.0013145842656314421,,0,0,,7543,0,,-7543,,,24421.55,0,,1535,0,,6415,0,,-4880,,,0,,,0,,,0,,,0,,,0,,,0,,,1535,0,,53352.43,0,,176160.2,0.001018507198652032,,-122807.77000000002,-0.001018507198652032,,171616.85000000003,0.0010705666488904804,,146668.61000000002,0.0011224939664922137,,,1535,7.26248432848733e-05,,135,1.0507860128061844e-05,,1400,6.586422242693042e-05,
MANTENIMIENTO ACTIVO FIJO,13290.32,0.001111900347996936,,108426,0.006199807186695614,,-95135.68,-0.005087906838698678,,150695.52000000002,0.011732373195255505,,99891,0.006216429616449328,,50804.52000000002,0.005515943578806177,,81277.2,0.006311359821490704,,119158,0.00785117945510435,,-37880.8,-0.0015398196336136455,,245263.04000000004,0.0065099438495530215,,517349.86,0.04579120490448216,,103081,0.005939846277282811,,414268.86,0.039851358627199344,,76409.04000000001,0.0058899715668668615,,129030,0.00742674620383712,,-52620.95999999999,-0.001536774636970258,,158279.63,0.013036544604478962,,111131,0.006792525084077485,,47148.630000000005,0.006244019520401477,,752038.53,0.020653602393024356,,162437.43,0.011643943040722863,,95073,0.004688930383691977,,67364.43,0.006955012657030886,,317509.14,0.02119486112588525,,122410,0.006852338748380669,,195099.14,0.01434252237750458,,117132.79,0.0058525261865778645,,107213,0.00643483700167739,,9919.789999999994,,,597079.36,0.012199007229965095,,114123.31,0.005399470686580465,,137257.93,0.0074862546825360185,,-23134.619999999995,-0.0020867839959555533,,0,,,0,,,0,,,0,,,0,,,0,,,114123.31,0.005399470686580465,,1708504.2400000002,0.01185078276122282,,1132670.93,0.006548774898693869,,575833.3100000003,0.005302007862528951,,1323811.8,0.008258097980983072,,1132672.2000000002,0.008668642257627328,,,114123.31,0.005399470686580465,,29113.16,0.002266051949376926,,85010.15,0.0039993767343905135,
DEPRECIACIONES Y AMORT.,614428.22,0.051404552459018135,,614237.69,0.03512215930497586,,190.53000000002794,0.016282393154042278,,614067.72,0.04780813429755351,,614237.69,0.038225319274563484,,-169.96999999997206,0.009582815022990028,,614721.22,0.04773450376397991,,614237.69,0.040471393714889094,,483.53000000002794,0.007263110049090818,,1843217.16,0.04892396430433458,,614458.72,0.05438641686858836,,614237.69,0.035394276892087705,,221.03000000002794,0.018992139976500656,,614458.72,0.047365395374858864,,614237.69,0.035354471304821986,,221.03000000002794,0.012010924070036878,,614458.72,0.05060928251406103,,614237.69,0.037543304000781146,,221.03000000002794,0.013065978513279883,,1843376.16,0.05062554211074803,,614521.97,0.04405055421002908,,614237.69,0.030293750775191416,,284.28000000002794,0.013756803434837667,,614521.97,0.04102152087009344,,614237.69,0.034384157535355224,,284.28000000002794,0.006637363334738217,,614521.97,0.03070451853535135,,614237.69,0.03686604623913933,,284.28000000002794,-0.006161527703787983,,1843565.91,0.037666138492891764,,623733.9,0.029510473445578396,,614237.69,0.033501450757363216,,9496.21000000008,-0.00399097731178482,,0,,,0,,,0,,,0,,,0,,,0,,,623733.9,0.029510473445578396,,6153893.129999999,0.042685554365034246,,6142376.8999999985,0.035513442250201525,,11516.230000000447,0.007172112114832721,,6782820.630000001,0.042312054742202274,,5554345.250000001,0.042508884695502916,,,623733.9,0.029510473445578396,,389468.14,0.030314642514491917,,234265.76,0.011021237231181358,
FLETES REFACCIONES,0,0,,4647.03,0,,-4647.03,,,0,0,,4035.9,0,,-4035.9,,,0,0,,4536,0,,-4536,,,0,0,,95721.23999999999,0.008472392192299255,,4810,0,,90911.23999999999,0.008472392192299255,,3153.1399999999994,0,,5755,0,,-2601.8600000000006,,,1396.13,0,,4535,0,,-3138.87,,,100270.51,0.0027537781146476266,,6070.87,0,,7599,0,,-1528.13,,,13500.119999999999,0,,5605,0,,7895.119999999999,,,9871.06,0,,4653,0,,5218.0599999999995,,,29442.05,0,,-8201.06,0,,9089,0,,-17290.059999999998,,,0,,,0,,,0,,,0,,,0,,,0,,,-8201.06,0,,121511.49999999999,0,,55264.93,0,,66246.56999999998,,,318121.41,0.0019844797981317945,,319076.81,0.0024419798760797035,,,-8201.06,-0.00038801348356341564,,-8201.06,-0.0006383377139395768,,0,0,
GASTOS DE IMPORTACION REFACCIONES,0,0,,8811,0,,-8811,,,0,0,,8602,0,,-8602,,,0,0,,8158,0,,-8158,,,0,0,,4228.7300000000005,0,,10630.85,0,,-6402.12,,,8173.83,0,,13983,0,,-5809.17,,,4379.610000000001,0,,10519,0,,-6139.389999999999,,,16782.170000000002,0,,4054.97,0,,12497,0,,-8442.03,,,10621.35,0,,8196,0,,2425.3500000000004,,,3647.2700000000004,0,,3473,0,,174.27000000000044,,,18323.59,0,,-5038.889999999999,0,,15029,0,,-20067.89,,,0,,,0,,,0,,,0,,,0,,,0,,,-5038.889999999999,0,,30066.87000000001,0,,99898.85,0,,-69831.98,,,430731.59,0.0026869557090551904,,420568.13,0.003218720000304857,,,-5038.889999999999,-0.00023840299451447243,,-5038.889999999999,-0.00039220704681992255,,0,0,
HONORARIOS,0,0,,0,0,,0,,,0,0,,0,0,,0,,,0,0,,0,0,,0,,,0,0,,17538,0.0015523076620042153,,0,0,,17538,,,2800,0,,0,0,,2800,,,4200,0,,0,0,,4200,,,24538,0,,1400,0,,0,0,,1400,,,2800,0,,0,0,,2800,,,2800,0,,0,0,,2800,,,7000,0,,0,0,,0,0,,0,,,0,,,0,,,0,,,0,,,0,,,0,,,0,0,,31538,0,,0,0,,31538,,,0,0,,0,0,,,0,0,,0,0,,0,0,
MATERIALES INDIRECTOS,2984.1699999999996,0,,380.0079438793326,0,,2604.162056120667,,,11716.32,0,,145.5224095529711,0,,11570.79759044703,,,68226.96,0.00529797894226737,,1958.1265973928598,0,,66268.83340260715,0.00529797894226737,,82927.45,0.0022011186156977243,,3972.24,0,,1887.6316318286806,0,,2084.608368171319,,,6522.24,0,,9697.322810237965,0,,-3175.0828102379655,,,7849.55,0,,4128.988091583536,0,,3720.5619084164646,,,18344.03,0,,40486,0.0029021431695065965,,8956.154042709783,0,,31529.845957290217,0.0029021431695065965,,8008.42,0,,6645.688878831633,0,,1362.7311211683673,,,58859.15,0.002940890562708483,,7278.691512241535,0,,51580.458487758464,0.002940890562708483,,107353.57,0.0021933549613782732,,19365.25,0,,1188.8896107342475,0,,18176.360389265752,,,0,,,0,,,0,,,0,,,0,,,0,,,19365.25,0,,227990.30000000005,0.00158142043414889,,42267.02352899254,0,,185723.2764710075,0.00158142043414889,,77939,0,,44146.54,0,,,19365.25,0.0009162203559755001,,7.04,5.47965446678188e-07,,19358.21,0.0009107238923051635,
COMBUSTIBLE,0,0,,0,0,,0,,,0,0,,0,0,,0,,,0,0,,0,0,,0,,,0,0,,0,0,,0,0,,0,,,0,0,,0,0,,0,,,0,0,,0,0,,0,,,0,0,,0,0,,0,0,,0,,,0,0,,0,0,,0,,,0,0,,0,0,,0,,,0,0,,0,0,,0,0,,0,,,0,,,0,,,0,,,0,,,0,,,0,,,0,0,,0,0,,0,0,,0,,,0,0,,0,0,,,0,0,,0,0,,0,0,
HERRAMIENTAS Y EQ MENORES,0,0,,0,0,,0,,,0,0,,988.0708923732413,0,,-988.0708923732413,,,8292.41,0,,444.0506327463815,0,,7848.359367253618,,,8292.41,0,,2385.18,0,,0,0,,2385.18,,,0,0,,274.95252017063905,0,,-274.95252017063905,,,0,0,,3710.705699589289,0,,-3710.705699589289,,,2385.18,0,,3071.14,0,,28500.79147746338,0.0014056380583125324,,-25429.65147746338,-0.0014056380583125324,,0,0,,0,0,,0,,,0,0,,820.6195945102008,0,,-820.6195945102008,,,3071.14,0,,2344.75,0,,1023.2045586361629,0,,1321.5454413638372,,,0,,,0,,,0,,,0,,,0,,,0,,,2344.75,0,,16093.48,0,,35762.395375489294,0,,-19668.915375489294,,,23576.390000000003,0,,20705.5,0,,,2344.75,0.00011093622234019978,,0,0,,2344.75,0.00011031081109681794,
EQ PROTECCION Y SEGURIDAD,0,0,,0,0,,0,,,0,0,,0,0,,0,,,0,0,,0,0,,0,,,0,0,,0,0,,0,0,,0,,,0,0,,0,0,,0,,,0,0,,0,0,,0,,,0,0,,0,0,,0,0,,0,,,0,0,,0,0,,0,,,0,0,,0,0,,0,,,0,0,,0,0,,0,0,,0,,,0,,,0,,,0,,,0,,,0,,,0,,,0,0,,0,0,,0,0,,0,,,0,0,,0,0,,,0,0,,0,0,,0,0,
MAQUILA,0,0,,0,0,,0,,,0,0,,0,0,,0,,,0,0,,0,0,,0,,,0,0,,0,0,,0,0,,0,,,0,0,,0,0,,0,,,0,0,,0,0,,0,,,0,0,,0,0,,0,0,,0,,,0,0,,0,0,,0,,,0,0,,0,0,,0,,,0,0,,0,0,,0,0,,0,,,0,,,0,,,0,,,0,,,0,,,0,,,0,0,,0,0,,0,0,,0,,,0,0,,0,0,,,0,0,,0,0,,0,0,
DIVERSOS,0,0,,0,0,,0,,,0,0,,0,0,,0,,,0,0,,0,0,,0,,,0,0,,0,0,,0,0,,0,,,0,0,,0,0,,0,,,0,0,,0,0,,0,,,0,0,,0,0,,0,0,,0,,,0,0,,0,0,,0,,,0,0,,0,0,,0,,,0,0,,0,0,,0,0,,0,,,0,,,0,,,0,,,0,,,0,,,0,,,0,0,,0,0,,0,0,,0,,,0,0,,0,0,,,0,0,,0,0,,0,0,
RECOLECCION DE BASURA ,5950,0,,3084.84,0,,2865.16,,,0,0,,3084.84,0,,-3084.84,,,4920,0,,3084.84,0,,1835.1599999999999,,,10870,0,,5770,0,,3084.84,0,,2685.16,,,3970,0,,3084.84,0,,885.1599999999999,,,0,0,,3084.84,0,,-3084.84,,,9740,0,,9450,0,,3084.84,0,,6365.16,,,0,0,,3084.84,0,,-3084.84,,,7030,0,,3084.84,0,,3945.16,,,16480,0,,8650,0,,3084.84,0,,5565.16,,,0,,,0,,,0,,,0,,,0,,,0,,,8650,0,,45740,0,,30848.4,0,,14891.599999999999,,,29970,0,,25050,0,,,8650,0.0004092540028756704,,8650,0.0006732814082054441,,0,0,
ARRENDAMIENTO DE EQUIPOS,24500,0.0020497293162184908,,0,0,,24500,,,12500,0,,33456.88901180053,0.0020820934391207906,,-20956.88901180053,-0.0020820934391207906,,24500,0.0019024808387410276,,0,0,,24500,,,61500,0.0016323761898552295,,21000,0.001858733088270528,,19252.57362890191,0.0011093928832446934,,1747.4263710980886,,,21000,0.0016187797007291818,,23777.174621491944,0.0013685735205621761,,-2777.174621491944,,,24500,0.0020179181794254546,,24965.175198513363,0.0015259160699021077,,-465.1751985133633,,,66500,0.0018263220624295934,,24500,0.0017562245628837527,,25104.328091671596,0.0012381269840145044,,-604.3280916715958,,,21000,0.001401824475489399,,3352.7894936259104,0,,17647.21050637409,0.001401824475489399,,0,0,,35928.66965612307,0.002156409511199802,,-35928.66965612307,,,45500,0,,0,0,,25776.15624686031,0.001405870468838034,,-25776.15624686031,,,0,,,0,,,0,,,0,,,0,,,0,,,0,0,,173500,0.0012034566616423259,,191613.75594898863,0.0011078551783819416,,-18113.755948988633,,,298189.6,0.0018601427587442182,,156000,0.0011939095814215825,,,0,0,,0,0,,0,0,
GASTOS DE FABRICACION,1124929.0099999998,0.0941142845086385,,1193561.8320174795,0.0682479591971257,,-68632.82201747925,0.025866325311512797,,1212971.09,0.09443565079397086,,1174855.173491216,0.07311373893072957,,38115.91650878403,0.021321911863241283,,1258150.16,0.09769822741465135,,1150896.9684076286,0.07583123779606786,,107253.1915923715,0.021866989618583493,,3596050.26,0.0954488914137676,,1746467.18,0.15458173024021524,,1181575.2494970944,0.068086023098872,,564891.9305029057,0.08649570714134323,,1266275.92,0.09761055975324616,,1330813.1864894412,0.0765993317893268,,-64537.26648944116,0.021011227963919354,,1254601.79,0.10333403101962109,,1192020.35322605,0.07285841169447634,,62581.4367739501,0.030475619325144754,,4267344.89,0.11719618226470957,,1348398.75,0.09665677572701015,,1223181.5168176633,0.06032641211465695,,125217.23318233693,0.03633036361235319,,1493371.81,0.09968786448875737,,1228032.5775714999,0.06874352761675499,,265339.23242850025,0.030944336872002376,,1248362.92,0.06237430765247552,,1212361.223968693,0.07276493394823981,,36001.696031306834,-0.010390626295764288,,4090133.4799999995,0.0835660571051096,,1249440.5200000003,0.059114281406365224,,1276907.459615273,0.06964446024145934,,-27466.93961527284,-0.01053017883509412,,0,,,0,,,0,,,0,,,0,,,0,,,1249440.5200000003,0.059114281406365224,,13202969.15,0.09158041024222258,,12164205.541102039,0.07032990942048976,,1038763.608897962,0.021250500821732812,,14030568.200000001,0.08752437991900759,,11550278.3,0.08839735852856273,,,1249440.5200000003,0.059114281406365224,,581363.84,0.04525103640172538,,668076.6799999999,0.0314302507498323,0
,,,,,,,,,,,,,,,,,,,,,,,,,,,,,,,,,,,,,,,,,,,,,,,,,,,,,,,,,,,,,,,,,,,,,,,,,,,,,,,,,,,,,,,,,,,,,,,,,,,,,,,,,,,,,,,,,,,,,,,,,,,,,,,,,,,,,,,,,,,,,,,,,
COSTO DE VENTAS DIRECTO,10007913.989999996,0.8372863142651494,,11759058.03714918,0.6723838611355976,,-1751144.0471491828,0.16490245312955187,,10442893.6,0.8130296438377547,,10930316.579155428,0.6802168733902845,,-487422.9791554301,0.1328127704474702,,10421702.81,0.8092689756358582,,10326286.123533944,0.6803867592660069,,95416.68646605781,0.1288822163698513,,30872510.4,0.8194398520002918,,9386627.859999996,0.8308207519363795,,11676900.333088404,0.6728591396445278,,-2290272.473088406,0.15796161229185168,,8757447.440000003,0.6750656260035592,,11935638.272297757,0.6869949331873239,,-3178190.832297755,-0.011929307183764615,,8491423.799999999,0.6993876920500398,,11105803.364159156,0.6788065250009735,,-2614379.564159157,0.020581167049066318,,26635499.099999998,0.7315037541376478,,11194957.440000001,0.8024840504720905,,13376073.821537925,0.6596981157249275,,-2181116.381537923,0.14278593474716295,,9266913.260000002,0.6185993247669171,,12132657.79227095,0.6791690312133069,,-2865744.5322709493,-0.060569706446389704,,11490802.41,0.5741366017945705,,11295535.392608486,0.6779488410744371,,195267.017391513,-0.1038122392798666,,31952673.110000007,0.6528292826695623,,13092699.28,0.619449663443631,,12445953.641293019,0.6788210978102036,,646745.6387069813,-0.05937143436657266,,0,,,0,,,0,,,0,,,0,,,0,,,13092699.28,0.619449663443631,,102553381.89000003,0.7113461130228819,,116984223.35709424,0.6763688598100914,,-14430841.467094235,0.03497725321279044,,104449714.99,0.6515699440609127,,83755816.64,0.6410055896556743,,,13092699.28,0.619449663443631,,10246976.219999999,0.7975836507802657,,15813079.909999963,0.7439401517479018,
,,,,,,,,,,,,,,,,,,,,,,,,,,,,,,,,,,,,,,,,,,,,,,,,,,,,,,,,,,,,,,,,,,,,,,,,,,,,,,,,,,,,,,,,,,,,,,,,,,,,,,,,,,,,,,,,,,,,,,,,,,,,,,,,,,,,,,,,,,,,,,,,,
MARGEN DE BRUTO,1944883.780000003,0.1627136857348506,,5729550.355814267,0.32761613886440244,,-3784666.5758142625,-0.16490245312955185,,2401525.639999995,0.1869703561622453,,5138553.522048306,0.31978312660971553,,-2737027.8820483102,-0.13281277044747022,,2456219.2699999996,0.1907310243641418,,4850796.591411624,0.31961324073399316,,-2394577.321411626,-0.12888221636985137,,6802628.689999998,0.1805601479997084,,1911390.2000000048,0.16917924806362053,,5677252.482993314,0.32714086035547224,,-3765862.28299331,-0.1579616122918517,,4215287.509999998,0.3249343739964407,,5438053.578560842,0.3130050668126761,,-1222766.068560842,0.011929307183764615,,3649801.870000003,0.30061230794996024,,5254975.377829555,0.3211934749990265,,-1605173.507829552,-0.020581167049066262,,9776479.58000001,0.2684962458623522,,2755422.549999999,0.19751594952790952,,6899978.970941642,0.3403018842750725,,-4144556.420941645,-0.142785934747163,,5713564.229999999,0.38140067523308285,,5731316.02673029,0.32083096878669315,,-17751.796730290167,0.060569706446389704,,8523254.130000003,0.42586339820542957,,5365803.49943376,0.3220511589255629,,3157450.630566243,0.10381223927986666,,16992240.909999996,0.34717071733043764,,8043318.789999997,0.3805503365563691,,5888705.787298977,0.3211789021897964,,2154613.0027010194,0.05937143436657272,,0,,,0,,,0,,,0,,,0,,,0,,,8043318.789999997,0.3805503365563691,,41614667.969999984,0.2886538869771182,,55974986.19306259,0.32363114018990863,,-14360318.223062605,-0.03497725321279044,,55854970.55,0.3484300559390873,,46907344.48000002,0.3589944103443256,,,8043318.789999997,0.3805503365563691,,2600549.189999962,0.2024163492197343,,5442769.600000035,0.2560598482520982,0
,,,,,,,,,,,,,,,,,,,,,,,,,,,,,,,,,,,,,,,,,,,,,,,,,,,,,,,,,,,,,,,,,,,,,,,,,,,,,,,,,,,,,,,,,,,,,,,,,,,,,,,,,,,,,,,,,,,,,,,,,,,,,,,,,,,,,,,,,,,,,,,,,
GASTOS DE ADMINISTRACION:,,,,,,,,,,,,,,,,,,,,,,,,,,,,,,,,,,,,,,,,,,,,,,,,,,,,,,,,,,,,,,,,,,,,,,,,,,,,,,,,,,,,,,,,,,,,,,,,,,,,,,,,,,,,,,,,,,,,,,,,,,,,,,,,,,,,,,,,,,,,,,,,,
LABOR INDIRECTA,274230.33999999997,0.02294277417528833,,262712.09,0.015021897917601175,,11518.249999999942,0.007920876257687157,,301013.28,0.023435335952176548,,262712.09,0.016349132723421544,,38301.19,0.007086203228755004,,276163.54,0.02144472829424046,,270593.4527,0.01782908202994336,,5570.087299999956,0.0036156462642971017,,851407.16,0.022598646761890436,,192446.21999999997,0.017033626515551875,,284123.12533500005,0.0163720539023783,,-91676.90533500008,,,196700.81,0.01516263230214227,,284123.12533500005,0.01635364134312989,,-87422.31533500005,-0.001191009040987621,,159548.46999999997,0.013141051351531294,,284123.12533500005,0.017366112568090623,,-124574.65533500008,-0.004225061216559328,,548695.5,0.015069093191065218,,177708.13999999998,0.012738587775199376,,284123.12533500005,0.014012743419191625,,-106414.98533500006,-0.0012741556439922492,,192803.27,0.012870302040018619,,284123.12533500005,0.01590481088999296,,-91319.85533500006,-0.003034508849974341,,183163.07,0.009151721423087374,,284123.12533500005,0.01705283874099112,,-100960.05533500004,-0.007901117317903746,,553674.48,0.011312196396417328,,186792.94,0.008837659931088431,,284123.12533500005,0.015496504117874371,,-97330.18533500005,-0.00665884418678594,,,,,,,,0,,,,,,,,,0,,,186792.94,0.008837659931088431,,2140570.08,0.014847742492727646,,2784879.5100450004,0.01610136584971734,,-644309.4300450003,-0.0012536233569896953,,3141733.3500000006,0.019598512291869725,,2683558.6400000006,0.020537989567965844,,,186792.94,0.008837659931088431,,0,0,,26217.43,0.0012334218864160562,
MANTENIMIENTO INSTALACIONES,24675.17,0.0020643844625173476,,124624.16221091471,0.0071260193727625196,,-99948.99221091472,-0.0050616349102451715,,14910.439999999999,0.0011608496827607447,,12950.518603994273,0,,1959.921396005726,0.0011608496827607447,,9221.32,0,,0,0,,9221.32,,,48806.92999999999,0.0012954678119013153,,64736.55,0.005729903214546641,,10724.064848223972,0,,54012.48515177603,0.005729903214546641,,10890,0,,5421.147322602254,0,,5468.852677397746,,,508.91999999999996,0,,6727.89771028186,0,,-6218.97771028186,,,76135.47,0.0020909456931495706,,34042,0.0024402202681505594,,21777.9286038147,0.0010740714095936947,,12264.0713961853,0.0013661488585568647,,12066,0,,5709.7649248944235,0,,6356.2350751055765,,,7218.3,0,,5053.950463664284,0,,2164.349536335716,,,53326.3,0.0010895166753834662,,8285.19,0,,30653.87504660609,0.0016719086147192286,,-22368.685046606086,-0.0016719086147192286,,,,,,,,0,,,,,,,,,0,,,8285.19,0,,186553.89,0.0012940030067768859,,223643.30973499658,0.001293040771385705,,-37089.41973499657,,,200576.86000000002,0.0012512226908673303,,179701.86000000002,0.0013753062336748707,,,8285.19,0.0003919938927266446,,0,0,,0,0,
MANTENIMIENTO ACTIVO FIJO,5050.2,0,,0,0,,5050.2,,,0,0,,100.4964980113091,0,,-100.4964980113091,,,2950,0,,22040.853935612187,0.0014522457543113703,,-19090.853935612187,-0.0014522457543113703,,8000.2,0,,1700,0,,53145.907992813234,0.0030624317162612556,,-51445.907992813234,-0.0030624317162612556,,18402.36,0.0014185412768338414,,4690.281664633635,0,,13712.078335366365,0.0014185412768338414,,511.38,0,,62112.72087104403,0.003796440368185922,,-61601.340871044034,-0.003796440368185922,,20613.74,0,,18137.35,0.001300133043902842,,4720.467734871219,0,,13416.88226512878,0.001300133043902842,,59.48,0,,0,0,,59.48,,,0,0,,43840.986001146746,0.002631300298566401,,-43840.986001146746,,,18196.829999999998,0,,13270,0,,21069.920033975683,0.0011491852420840816,,-7799.920033975683,-0.0011491852420840816,,,,,,,,0,,,,,,,,,0,,,13270,0,,60080.770000000004,0,,211721.63473210804,0.0012241131032153013,,-151640.86473210802,-0.0012241131032153013,,185712.4,0.0011584963931304437,,180612.4,0.0013822748389970988,,,13270,0.000627838221752618,,0,0,,12320,0.0005796051573569878,
ARRENDAMIENTO,717436.47,0.06002247204421664,,717436.4700000001,0.04102307364196348,,0,0.018999398402253155,,717436.47,0.05585589014143704,,717436.4700000001,0.044647599083289385,,0,0.011208291058147656,,717436.47,0.055710577028122536,,717436.4700000001,0.04727103907086884,,0,0.008439537957253697,,2152309.41,0.05712810787130662,,717436.47,0.06350109073909552,,717436.4700000001,0.04134091001752429,,0,0.022160180721571228,,717436.47,0.055303409247561934,,717436.4700000001,0.04129441664780907,,0,0.014008992599752863,,717436.47,0.05909094266921734,,717436.4700000001,0.04385099763978552,,0,0.015239945029431823,,2152309.41,0.05910992722793717,,717436.47,0.05142773677235153,,717436.4700000001,0.03538343864768881,,0,0.016044298124662723,,717436.47,0.047891428726415046,,717436.4700000001,0.04016107934713215,,0,0.007730349379282894,,717436.47,0.0358466295209137,,717436.4700000001,0.04305995302350285,,0,-0.0072133235025891515,,2152309.41,0.043974117701392174,,717436.47,0.03394378579843824,,717436.4700000001,0.03913006798922009,,0,-0.005186282190781849,,,,,,,,0,,,,,,,,,0,,,717436.47,0.03394378579843824,,7174364.699999998,0.04976390196695415,,7174364.699999999,0.04148009648436494,,0,0.00828380548258921,,0,0,,6001690.4,0.045932536367217495,,,717436.47,0.03394378579843824,,172184.75,0.013402172364335533,,545251.72,0.025651843260533134,
ENERGIA ELECTRICA,81309.63,0.006802560502117489,,76888.4209745203,0.004396485943699008,,4421.209025479708,0.002406074558418481,,76373.19,0.005946021269856965,,81500.2254320535,0.0050719325577190544,,-5127.035432053497,,,80333.88,0.006238108873539636,,70766.54389930691,0.004662723741343246,,9567.336100693094,0.0015753851321963896,,238016.7,0.006317606404356345,,75124.62,0.006649362711321422,,66631.03021949808,0.003839486198240259,,8493.58978050192,0.002809876513081163,,84864.47,0.006541756254720982,,85495.33789985672,0.004920965482395821,,-630.8678998567193,0.0016207907723251617,,83251.24,0.0068569057410494535,,84585.0740444347,0.005169990706331934,,-1333.8340444346977,0.0016869150347175194,,243240.33000000002,0.006680228287994811,,83857.58,0.0060111323175505845,,70295.10822410227,0.003466902998505453,,13562.471775897735,0.0025442293190451317,,84688.67,0.0056532690667926095,,72559.05819066626,0.004061753500415899,,12129.611809333743,0.0015915155663767102,,86711.47,0.004332528482004577,,68021.07217359412,0.004082569390991873,,18690.397826405882,,,255257.72000000003,0.005215204176182553,,90362.47,0.004275283532628056,,78941.4715522763,0.00430558701456821,,11420.998447723701,,,,,,,,,0,,,,,,,,,0,,,90362.47,0.004275283532628056,,826877.22,0.005735509502993009,,755683.3426103091,0.004369141976167316,,71193.87738969084,0.0013663675268256927,,873776.0000000001,0.005450720277180989,,723759.7000000001,0.005539125900492372,,,90362.47,0.004275283532628056,,0,0,,0,0,
TRANSPORTE DE PERSONAL,0,0,,0,0,,0,,,0,0,,0,0,,0,,,0,0,,0,0,,0,,,0,0,,0,0,,0,0,,0,,,0,0,,0,0,,0,,,0,0,,0,0,,0,,,0,0,,0,0,,0,0,,0,,,0,0,,0,0,,0,,,0,0,,0,0,,0,,,0,0,,0,0,,0,0,,0,,,,,,,,,0,,,,,,,,,0,,,0,0,,0,0,,0,0,,0,,,0,0,,0,0,,,0,0,,0,0,,0,0,
DEPRECIACIONES Y AMORT.,84351.56999999999,0.007057056567267597,,29411.3718243712,0.0016817445484230114,,54940.19817562879,0.005375312018844586,,83879.53,0.006530426049842953,,30103.846314802,0.0018734264528373337,,53775.683685198004,0.00465699959700562,,84794.9,0.006584517243794349,,30103.846314802,0.0019835067700564985,,54691.053685198,0.00460101047373785,,253026,0.006715993785598525,,84427.4,0.007472761996983389,,30103.846314802,0.0017346768023677546,,54323.553685198,0.005738085194615634,,84427.4,0.006508064824063948,,89910.6075006191,0.00517510085204923,,-5483.207500619101,0.0013329639720147182,,84427.4,0.006953778991903046,,89910.6075006191,0.005495496817023157,,-5483.207500619101,0.0014582821748798883,,253282.19999999998,0.006956013080912853,,84427.4,0.006051978516751499,,89910.6075006191,0.004434324985283484,,-5483.207500619101,0.0016176535314680147,,84427.4,0.005635828367711128,,89910.6075006191,0.00503306870081642,,-5483.207500619101,,,84427.2,0.004218395197958204,,89910.6075006191,0.005396361485904474,,-5483.407500619098,-0.00117796628794627,,253281.99999999997,0.005174837980030023,,83998.77,0.003974200330535581,,89910.6075006191,0.0049038602462616755,,-5911.837500619091,-0.0009296599157260941,,,,,,,,0,,,,,,,,,0,,,83998.77,0.003974200330535581,,843588.97,0.005851428044002813,,659186.5557724917,0.0038112255339680695,,184402.41422750824,0.0020402025100347437,,786614.7699999999,0.004906997991669558,,617911.63,0.004729042407236075,,,83998.77,0.003974200330535581,,528.89,4.1166682541708365e-05,,0,0,
COMBUSTIBLE,0,0,,0,0,,0,,,0,0,,0,0,,0,,,1896.91,0,,0,0,,1896.91,,,1896.91,0,,0,0,,0,0,,0,,,0,0,,0,0,,0,,,0,0,,0,0,,0,,,0,0,,0,0,,0,0,,0,,,0,0,,0,0,,0,,,0,0,,0,0,,0,,,0,0,,0,0,,0,0,,0,,,,,,,,,0,,,,,,,,,0,,,0,0,,1896.91,0,,0,0,,1896.91,,,0,0,,0,0,,,0,0,,0,0,,0,0,
DIVERSOS,16816.66,0.0014069224899134222,,22184.766319229653,0.0012685266786667663,,-5368.106319229653,,,12404.44,0,,20472.5283731325,0.001274049030466609,,-8068.088373132499,-0.001274049030466609,,15601.13,0.0012114633015390941,,20164.67359596615,0.0013286264544179543,,-4563.54359596615,,,44822.229999999996,0.0011897031061498334,,13309.83,0.0011780676866788439,,13140.233527259892,0,,169.59647274010786,0.0011780676866788439,,31297.1,0.002412529055794823,,24099.151607176405,0.001387105965390162,,7197.948392823593,0.0010254230904046609,,25397.91,0.0020918736452412877,,38897.909804902345,0.0023775096783794146,,-13499.999804902345,,,70004.84,0.0019225771995316345,,14170.41,0.0010157723309442267,,20826.35109003406,0.0010271403070009069,,-6655.941090034059,,,15896.49,0.0010611470836367847,,23664.59142893524,0.0013247103734424477,,-7768.101428935241,,,14372.24,0,,22048.50365164376,0.001323333244375368,,-7676.2636516437615,-0.001323333244375368,,44439.14,0,,14729.53,0,,18804.34639348092,0.0010256174360215532,,-4074.816393480918,-0.0010256174360215532,,,,,,,,0,,,,,,,,,0,,,14729.53,0,,173995.74,0.0012068952876102945,,224303.0557917609,0.0012968552317921803,,-50307.31579176092,,,206025.93000000002,0.0012852146480059777,,201954.58000000002,0.001545612231243407,,,14729.53,0.000696892383003153,,600,4.6701600569163755e-05,,0,0,
SEGUROS,63638.84,0.005324179428495426,,63638.85,0.003638874435864499,,-0.010000000002037268,0.001685304992630927,,54808.32,0.0042670921102696754,,55850.259999999995,0.003475680595352887,,-1041.939999999995,,,54808.32,0.0042559909634117,,55850.259999999995,0.0036799074663407933,,-1041.939999999995,,,173255.47999999998,0.004598668622990876,,54808.32,0.004851144661739016,,55850.259999999995,0.0032182648494511797,,-1041.939999999995,0.0016328798122878362,,54808.32,0.004224885516527106,,55850.259999999995,0.0032146454811928706,,-1041.939999999995,0.0010102400353342355,,54808.32,0.004514232869868071,,55850.259999999995,0.0034136675815231517,,-1041.939999999995,0.001100565288344919,,164424.96,0.0045156831889038105,,54808.32,0.003928804809567054,,55850.259999999995,0.0027544937158930152,,-1041.939999999995,0.001174311093674039,,63293.93,0.004225094296376798,,55850.259999999995,0.003126418599012621,,7443.6700000000055,0.0010986756973641767,,63293.93,0.003162473828006883,,55850.259999999995,0.003352087149891362,,7443.6700000000055,,,181396.18,0.0037061293013177505,,63717.21,0.003014626964690138,,55850.259999999995,0.0030461574820912283,,7866.950000000004,,,,,,,,,0,,,,,,,,,0,,,63717.21,0.003014626964690138,,582793.83,0.004042461769899396,,566291.1900000001,0.003274131464134496,,16502.639999999898,,,445486.14,0.0027789963749302897,,370051.48,0.00283210261276434,,,63717.21,0.003014626964690138,,0,0,,4601.62,0.00021648723086015113,
TELEFONO,8686.59,0,,9218.472399000519,0,,-531.8823990005185,,,9813.3,0,,1977.5061639218573,0,,7835.793836078142,,,7743.98,0,,16707.253453635505,0.0011008211371993848,,-8963.273453635506,-0.0011008211371993848,,26243.87,0,,9666.62,0,,9292.282545153177,0,,374.3374548468237,,,9839.05,0,,2018.0638847452306,0,,7820.986115254769,,,9011.46,0,,9309.100721787008,0,,-297.64072178700917,,,28517.129999999997,0,,9358.41,0,,11238.274624133392,0,,-1879.8646241333918,,,9183.87,0,,10317.860715203273,0,,-1133.990715203272,,,9658.21,0,,9260.011268999737,0,,398.19873100026234,,,28200.49,0,,9486.65,0,,3143.612624082286,0,,6343.037375917714,,,,,,,,,0,,,,,,,,,0,,,9486.65,0,,92448.13999999998,0,,82482.43840066198,0,,9965.701599338005,,,97695.78,0,,77341.8,0,,,9486.65,0.000448838090911038,,0,0,,0,0,
DERECHOS Y CONTRIB,29027.58,0.0024285176206072464,,46148.2305580797,0.0026387594439273663,,-17120.650558079695,,,33062.05,0.0025740400855990757,,46148.2305580797,0.0028719026457636678,,-13086.180558079694,,,43455.36,0.0033744077445140123,,46148.2305580797,0.0030406522402777326,,-2692.870558079696,,,105544.99,0.002801449246089566,,49727.36,0.004401423305920968,,46148.2305580797,0.002659203883194755,,3579.129441920304,0.0017422194227262131,,44797.7,0.0034532193999693176,,46148.2305580797,0.0026562132535923317,,-1350.5305580796994,,,44258.91,0.003645341187369594,,46148.2305580797,0.0028206622243257726,,-1889.320558079693,,,138783.97,0.003811492125151381,,37727.42,0.002704400885642112,,54988.06322235,0.0027119708054195437,,-17260.64322235,,,-58604.73,-0.00391207356635466,,4283.824456932831,0,,-62888.554456932834,-0.00391207356635466,,27971.27,0.0013975812421683103,,4283.824456932831,0,,23687.44554306717,0.0013975812421683103,,7093.9599999999955,0,,29064.37,0.0013751109553248031,,4283.824456932831,0,,24780.54554306717,0.0013751109553248031,,,,,,,,0,,,,,,,,,0,,,29064.37,0.0013751109553248031,,280487.29,0.0019455579115648582,,344728.9199416267,0.0019931226607604146,,-64241.62994162674,,,212259.43000000005,0.0013240999742770217,,177177.22000000003,0.0013559844908182029,,,29064.37,0.0013751109553248031,,0,0,,1093.1,5.142584395348403e-05,
GASTOS DE VIAJE,8496.16,0,,8055.447557250075,0,,440.7124427499248,,,25897.62,0.00201625464850523,,4445.536913244294,0,,21452.083086755705,0.00201625464850523,,627.46,0,,3980.642404784168,0,,-3353.182404784168,,,35021.24,0,,9759.46,0,,10728.227532535157,0,,-968.7675325351574,,,1199.2,0,,6374.461052487452,0,,-5175.261052487453,,,28116.25,0.002315767020909018,,11335.906969491434,0,,16780.343030508564,0.002315767020909018,,39074.91,0.0010731333867736955,,22669,0.0016249736577963996,,0,0,,22669,,,10231,0,,2332.2024210779664,0,,7898.797578922034,,,15978.76,0,,6180.409254595104,0,,9798.350745404896,,,48878.76,0.0009986483984837941,,17492.59,0,,1412.9902791830352,0,,16079.599720816965,,,,,,,,,0,,,,,,,,,0,,,17492.59,0,,140467.5,0,,54845.82438464868,0,,85621.67561535133,,,139572.21000000002,0,,63170.009999999995,0,,,17492.59,0.0008276199396720143,,11916.81,0.0009275568344643605,,0,0,
ARRENDAM MAQ Y EQUIPO,1660.31,0,,2062.9444846552965,0,,-402.63448465529655,,,1660.31,0,,2062.9444846552965,0,,-402.63448465529655,,,1660.31,0,,2062.9444846552965,0,,-402.63448465529655,,,4980.93,0,,1660.31,0,,2062.9444846552965,0,,-402.63448465529655,,,1660.31,0,,2062.9444846552965,0,,-402.63448465529655,,,1660.31,0,,2062.9444846552965,0,,-402.63448465529655,,,4980.93,0,,1660.31,0,,2062.9444846552965,0,,-402.63448465529655,,,1660.31,0,,2062.9444846552965,0,,-402.63448465529655,,,1660.31,0,,2062.9444846552965,0,,-402.63448465529655,,,4980.93,0,,1660.31,0,,2062.9444846552965,0,,-402.63448465529655,,,,,,,,,0,,,,,,,,,0,,,1660.31,0,,16603.1,0,,20629.444846552968,0,,-4026.344846552969,,,19923.72,0,,16603.1,0,,,1660.31,7.855358537739934e-05,,0,0,,0,0,
PAPELERIA,3388.69,0,,4192.732963393626,0,,-804.042963393626,,,4110.41,0,,13940.451936158774,0,,-9830.041936158774,,,3329.84,0,,0,0,,3329.84,,,10828.94,0,,5629.6900000000005,0,,1869.448443673981,0,,3760.2415563260192,,,3617.31,0,,0,0,,3617.31,,,4268.68,0,,8132.983972165715,0,,-3864.303972165715,,,13515.68,0,,4968.1900000000005,0,,2004.4399278557091,0,,2963.750072144291,,,3609.52,0,,2956.555772860953,0,,652.9642271390471,,,4120.09,0,,5802.8825919611045,0,,-1682.7925919611043,,,12697.800000000001,0,,4785.860000000001,0,,3118.0592870988626,0,,1667.800712901138,,,,,,,,,0,,,,,,,,,0,,,4785.860000000001,0,,41828.28,0,,42017.55489516872,0,,-189.27489516872447,,,38969.299999999996,0,,34583.63,0,,,4785.860000000001,0.00022643148695983308,,948.28,7.381032297954434e-05,,948.28,4.46126606021497e-05,
MENSAJERIA Y PAQUETERIA,0,0,,2375.680320450266,0,,-2375.680320450266,,,0,0,,0,0,,0,,,0,0,,0,0,,0,,,0,0,,0,0,,0,0,,0,,,0,0,,0,0,,0,,,0,0,,480.81470778797024,0,,-480.81470778797024,,,0,0,,0,0,,0,0,,0,,,0,0,,3965.3231233553456,0,,-3965.3231233553456,,,0,0,,2223.609330304239,0,,-2223.609330304239,,,0,0,,0,0,,265.81542433693033,0,,-265.81542433693033,,,,,,,,,0,,,,,,,,,0,,,0,0,,0,0,,9311.242906234751,0,,-9311.242906234751,,,10854.779999999999,0,,10854.779999999999,0,,,0,0,,0,0,,0,0,
EQUIPOS MENORES,0,0,,0,0,,0,,,832.06,0,,7581.397500364494,0,,-6749.337500364494,,,1077.6,0,,0,0,,1077.6,,,1909.6599999999999,0,,824.12,0,,364.3805115170238,0,,459.7394884829762,,,0,0,,2123.92146614585,0,,-2123.92146614585,,,0,0,,5256.361437074484,0,,-5256.361437074484,,,824.12,0,,0,0,,0,0,,0,,,0,0,,0,0,,0,,,629.31,0,,0,0,,629.31,,,629.31,0,,3321.98,0,,0,0,,3321.98,,,,,,,,,0,,,,,,,,,0,,,3321.98,0,,6685.07,0,,15326.06091510185,0,,-8640.990915101851,,,43189.8,0,,42778.57,0,,,3321.98,0.00015717151589282307,,0,0,,0,0,
HONORARIOS,70323.84999999999,0.005883463549973538,,46096.122432875985,0.002635779897240011,,24227.727567124006,0.0032476836527335273,,96742.56999999999,0.007531875765836497,,34797.83322397451,0.002165543252563089,,61944.736776025486,0.005366332513273408,,96742.56999999999,0.007512281049614798,,43328.119124748766,0.0028548384388840144,,53414.45087525123,0.004657442610730784,,263808.99,0.007002203478792786,,96742.56999999999,0.008562791233491795,,43328.119124748766,0.0024967003335707367,,53414.45087525123,0.006066090899921059,,96742.56999999999,0.007457376595827234,,34797.83322397451,0.0020029037882500957,,61944.736776025486,0.005454472807577138,,96742.56999999999,0.007968105743973044,,34797.83322397451,0.0021269056792919323,,61944.736776025486,0.005841200064681112,,290227.70999999996,0.007970665712803277,,98242.56999999999,0.007042286308360264,,34797.83322397451,0.0017162035224568511,,63444.736776025486,0.005326082785903413,,96742.41999999998,0.006457899627336911,,34797.83322397451,0.001947933510010038,,61944.58677602548,0.004509966117326873,,198641.71000000002,0.009925109864809045,,34797.83322397451,0.0020885376289053563,,163843.8767760255,0.007836572235903689,,393626.7,0.008042239073893464,,169536.13999999998,0.008021195829721394,,56371.59903491522,0.003074592099976861,,113164.54096508477,0.004946603729744533,,,,,,,,0,,,,,,,,,0,,,169536.13999999998,0.008021195829721394,,1117199.5399999998,0.00774928662130687,,397910.95906113577,0.002300605790787594,,719288.580938864,0.005448680830519276,,451293.7000000001,0.0028152246360097265,,384180.4000000001,0.0029402350035536936,,,169536.13999999998,0.008021195829721394,,19910.56,0.001549758367047282,,111491.12,0.005245197090219708,
NO DEDUCIBLES,79.6,0,,0,0,,79.6,,,4918,0,,0,0,,4918,,,0,0,,0,0,,0,,,4997.6,0,,1130.32,0,,0,0,,1130.32,,,-50.18,0,,0,0,,-50.18,,,39.8,0,,0,0,,39.8,,,1119.9399999999998,0,,59.7,0,,0,0,,59.7,,,3410.17,0,,0,0,,3410.17,,,5027.0199999999995,0,,0,0,,5027.0199999999995,,,8496.89,0,,3294.8900000000003,0,,0,0,,3294.8900000000003,,,,,,,,,0,,,,,,,,,0,,,3294.8900000000003,0,,17909.32,0,,0,0,,17909.32,,,10504.240000000002,0,,4225.84,0,,,3294.8900000000003,0.00015588981751849917,,3255.09,0.00025336318832779877,,0,0,
COMEDOR,0,0,,0,0,,0,,,0,0,,0,0,,0,,,0,0,,0,0,,0,,,0,0,,0,0,,0,0,,0,,,0,0,,0,0,,0,,,0,0,,0,0,,0,,,0,0,,0,0,,0,0,,0,,,0,0,,0,0,,0,,,0,0,,0,0,,0,,,0,0,,0,0,,0,0,,0,,,,,,,,,0,,,,,,,,,0,,,0,0,,0,0,,0,0,,0,,,0,0,,0,0,,,0,0,,0,0,,0,0,
CAPACITACION Y ADIESTRAMIENTO,0,0,,0,0,,0,,,1458.33,0,,0,0,,1458.33,,,1458.33,0,,0,0,,1458.33,,,2916.66,0,,1458.33,0,,0,0,,1458.33,,,1458.33,0,,0,0,,1458.33,,,1458.33,0,,0,0,,1458.33,,,4374.99,0,,1458.33,0,,0,0,,1458.33,,,1458.33,0,,0,0,,1458.33,,,1458.33,0,,0,0,,1458.33,,,4374.99,0,,1458.33,0,,0,0,,1458.33,,,,,,,,,0,,,,,,,,,0,,,1458.33,0,,13124.97,0,,0,0,,13124.97,,,17500,0,,0,0,,,1458.33,6.899738612874872e-05,,0,0,,0,0,
EQUIPO DE TRABAJO,1200.15,0,,3868.0567858181703,0,,-2667.90678581817,,,2725.24,0,,3868.0567858181703,0,,-1142.8167858181705,,,2725.24,0,,3868.0567858181703,0,,-1142.8167858181705,,,6650.629999999999,0,,2725.24,0,,3868.0567858181703,0,,-1142.8167858181705,,,2725.24,0,,3868.0567858181703,0,,-1142.8167858181705,,,2725.24,0,,3868.0567858181703,0,,-1142.8167858181705,,,8175.719999999999,0,,2725.24,0,,3868.0567858181703,0,,-1142.8167858181705,,,2725.24,0,,3868.0567858181703,0,,-1142.8167858181705,,,2725.24,0,,3868.0567858181703,0,,-1142.8167858181705,,,8175.719999999999,0,,2725.24,0,,3868.0567858181703,0,,-1142.8167858181705,,,,,,,,,0,,,,,,,,,0,,,2725.24,0,,25727.30999999999,0,,38680.567858181705,0,,-12953.257858181714,,,97753.26999999999,0,,26834.1,0,,,2725.24,0.00012893819408056555,,0,0,,0,0,
DONATIVOS,0,0,,0,0,,0,,,0,0,,0,0,,0,,,0,0,,0,0,,0,,,0,0,,0,0,,0,0,,0,,,0,0,,0,0,,0,,,0,0,,0,0,,0,,,0,0,,0,0,,0,0,,0,,,0,0,,0,0,,0,,,0,0,,0,0,,0,,,0,0,,0,0,,0,0,,0,,,,,,,,,0,,,,,,,,,0,,,0,0,,0,0,,0,0,,0,,,0,0,,0,0,,,0,0,,0,0,,0,0,
RECLUTAMIENTO,0,0,,0,0,,0,,,0,0,,0,0,,0,,,0,0,,0,0,,0,,,0,0,,0,0,,0,0,,0,,,0,0,,0,0,,0,,,0,0,,0,0,,0,,,0,0,,0,0,,0,0,,0,,,0,0,,0,0,,0,,,0,0,,0,0,,0,,,0,0,,0,0,,0,0,,0,,,,,,,,,0,,,,,,,,,0,,,0,0,,0,0,,0,0,,0,,,0,0,,0,0,,,0,0,,0,0,,0,0,
ARTICULOS DE LIMPIEZA,8635.38,0,,17380.956875680746,0.0009938444777958426,,-8745.576875680747,-0.0009938444777958426,,0,0,,0,0,,0,,,2997.3,0,,0,0,,2997.3,,,11632.68,0,,6202.41,0,,0,0,,6202.41,,,0,0,,0,0,,0,,,5919.63,0,,8072.6055499133545,0,,-2152.9755499133544,,,12122.04,0,,4787.55,0,,0,0,,4787.55,,,0,0,,5379.928340213649,0,,-5379.928340213649,,,0,0,,0,0,,0,,,4787.55,0,,7382.89,0,,7710.516867904375,0,,-327.6268679043751,,,,,,,,,0,,,,,,,,,0,,,7382.89,0,,35925.16,0,,38544.00763371213,0,,-2618.8476337121247,,,37431.62,0,,33031.15,0,,,7382.89,0.00034930373240355585,,0,0,,0,0,
ADMON PLANTA,0,0,,0,0,,0,,,0,0,,0,0,,0,,,0,0,,0,0,,0,,,0,0,,0,0,,0,0,,0,,,0,0,,0,0,,0,,,0,0,,0,0,,0,,,0,0,,0,0,,0,0,,0,,,0,0,,0,0,,0,,,0,0,,0,0,,0,,,0,0,,0,0,,0,0,,0,,,,,,,,,0,,,,,,,,,0,,,0,0,,0,0,,0,0,,0,,,0,0,,0,0,,,,0,,282573.66228000005,0.02199440384527723,,234960.51772000003,0.011053922714754864,
GASTOS DE ADMON PLANTA,1399007.1900000002,0.11704432860993684,,1436294.7757062404,0.08212744796116166,,-37287.58570624033,0.034916880648775184,,1442045.5600000003,0.11227020335097695,,1295948.392788211,0.08064962779748466,,146097.16721178935,0.03162057555349229,,1405024.4600000002,0.1091033515556106,,1303051.3472574092,0.08585650956321368,,101973.11274259113,0.02324684199239692,,4246077.210000001,0.11270236321773862,,1389515.8400000003,0.12298757468971512,,1348816.6282237787,0.07772298898819535,,40699.21177622148,0.04526458570151977,,1360816.4600000002,0.10489819342219737,,1364419.8927857943,0.07853367634803339,,-3603.4327857943813,0.026364517074163984,,1320091.29,0.10872800867723266,,1469108.9036770295,0.0897945584892406,,-149017.6136770298,0.018933450187992057,,4070423.5900000012,0.11178803617820861,,1368244.39,0.09807936349983251,,1373899.9307572288,0.06775973335731357,,-5655.540757228478,0.03031963014251894,,1241087.84,0.08284701477829863,,1319218.4067042072,0.07384798142174862,,-78130.56670420709,0.008999033356550015,,1424492.9300000002,0.07117462305320338,,1354764.546522909,0.08131186546898514,,69728.383477091,-0.010137242415781761,,4033825.160000001,0.08241561438542294,,1428801.8299999998,0.06760033158885353,,1379027.495106885,0.0752142411195465,,49774.33489311488,-0.007613909530692964,,0,,,0,,,0,,,0,,,0,,,0,,,1428801.8299999998,0.06760033158885353,,13779127.79,0.09557684801438847,,13644550.319529692,0.07888883370256661,,134577.4704703077,0.01668801431182186,,7016873.299999999,0.04377210358114651,,11830021.290000003,0.09053830619584816,,,1428801.8299999998,0.06760033158885353,,491918.04228000005,0.03828893320554262,,936883.78772,0.04407651584469654,0
,,,,,,,,,,,,,,,,,,,,,,,,,,,,,,,,,,,,,,,,,,,,,,,,,,,,,,,,,,,,,,,,,,,,,,,,,,,,,,,,,,,,,,,,,,,,,,,,,,,,,,,,,,,,,,,,,,,,,,,,,,,,,,,,,,,,,,,,,,,,,,,,,
GASTOS DE VENTA:,,,,,,,,,,,,,,,,,,,,,,,,,,,,,,,,,,,,,,,,,,,,,,,,,,,,,,,,,,,,,,,,,,,,,,,,,,,,,,,,,,,,,,,,,,,,,,,,,,,,,,,,,,,,,,,,,,,,,,,,,,,,,,,,,,,,,,,,,,,,,,,,,
LABOR INDIRECTA,100950.88,0.008445795029961425,,82922.41,0.004741509909579992,,18028.47,0.003704285120381433,,97646.60999999999,0.007602259640973851,,82922.41,0.005160438131476849,,14724.199999999983,0.002441821509497002,,90046.31,0.006992301198952432,,85410.08230000001,0.005627569138559994,,4636.2276999999885,0.001364732060392438,,288643.8,0.007661386446655851,,91307.92,0.0080817643869123,,94164.61573575002,0.005426056617900109,,-2856.6957357500214,0.002655707769012192,,104627.87,0.008065212956501512,,94164.61573575002,0.005419954293197415,,10463.254264249976,0.0026452586633040967,,91337.93,0.0075229579354322285,,94164.61573575002,0.005755509393576945,,-2826.6857357500267,0.0017674485418552833,,287273.72,0.007889538838980775,,90536.41,0.006489888452135275,,94164.61573575002,0.004644129540374638,,-3628.205735750016,0.001845758911760637,,134363.45,0.008969236801009339,,94164.61573575002,0.005271202067906674,,40198.83426424999,0.0036980347331026647,,107850.01999999999,0.005388713666539886,,94164.61573575002,0.005651683597932501,,13685.40426424997,,,332749.88,0.006798456727578086,,140413.46000000002,0.006643326076603796,,94164.61573575002,0.005135880276505434,,46248.84426425,0.0015074458000983622,,0,,,0,,,0,,,0,,,0,,,0,,,140413.46000000002,0.006643326076603796,,1049080.86,0.007276791640164037,,910407.2124502503,0.005263710529309741,,138673.64754974982,0.002013081110854296,,969164.1599999999,0.00604576314619431,,828710.6499999999,0.0063423434952635084,,,140413.46000000002,0.006643326076603796,,0,0,,140413.46000000002,0.0066058738294106426,
MANTENIMIENTO INSTALACIONES,0,0,,0,0,,0,,,0,0,,0,0,,0,,,0,0,,0,0,,0,,,0,0,,0,0,,0,0,,0,,,0,0,,0,0,,0,,,0,0,,0,0,,0,,,0,0,,0,0,,0,0,,0,,,0,0,,0,0,,0,,,0,0,,0,0,,0,,,0,0,,0,0,,0,0,,0,,,0,,,0,,,0,,,0,,,0,,,0,,,0,0,,0,0,,0,0,,0,,,0,0,,0,0,,,0,0,,0,0,,0,0,
MANTENIMIENTO ACTIVO FIJO,10990,0,,1088.8899708675576,0,,9901.110029132442,,,42100,0.0032776880926536946,,22622.153313554227,0.0014078247674588881,,19477.846686445773,0.0018698633251948065,,12161.97,0,,5000.9441222114865,0,,7161.025877788513,,,65251.97,0.0017319636125064674,,3447.64,0,,18951.19720773216,0.0010920266410337526,,-15503.55720773216,-0.0010920266410337526,,21540,0.001660405464462218,,2286.907944070082,0,,19253.09205592992,0.001660405464462218,,2500,0,,2014.2542442559575,0,,485.7457557440425,,,27487.64,0,,5850,0,,10557.686635866787,0,,-4707.686635866787,,,9648.96,0,,3244.859785641005,0,,6404.100214358994,,,8755.7,0,,8499.078677961585,0,,256.6213220384161,,,24254.66,0,,9657.24,0,,31324.40103885233,0.0017084801144439843,,-21667.161038852333,-0.0017084801144439843,,0,,,0,,,0,,,0,,,0,,,0,,,9657.24,0,,126651.51000000001,0,,105590.37294101318,0,,21061.13705898683,,,149264.32,0,,95572.96,0,,,9657.24,0.00045690914759896406,,0,0,,9657.24,0.00045433328813589255,
FLETES,395725,0.033107311577982135,,565911.433259327,0.03235886015304807,,-170186.43325932696,,,342031.4,0.026628794467783205,,383930.31255246844,0.023892800808919843,,-41898.91255246842,0.0027359936588633622,,189875,0.014744226500242964,,333831.6247847992,0.021995770271190516,,-143956.62478479918,-0.0072515437709475515,,927631.4,0.0246218440702776,,422950,0.037435769508762845,,447848.81445210025,0.0258064348746018,,-24898.814452100254,0.011629334634161045,,477700,0.0368233839542062,,632468.506372031,0.036403805926877586,,-154768.50637203106,,,584300,0.04812528947911401,,549835.5380598921,0.033606929519117604,,34464.46194010787,0.014518359959996403,,1484950,0.04078190897150113,,486275,0.034857473441481504,,291234.13718819595,0.01436345328989355,,195040.86281180405,0.020494020151587952,,689075,0.045998200021326555,,185948.88495258332,0.010409155702791977,,503126.11504741665,0.035589044318534574,,1188700,0.05939325681549213,,628555.8534206914,0.03772541075440828,,560144.1465793086,0.02166784606108385,,2364050,0.04830021764945783,,1355425,0.0641286828725729,,833649.4015738108,0.045468496691777965,,521775.59842618916,0.01866018618079493,,0,,,0,,,0,,,0,,,0,,,0,,,1355425,0.0641286828725729,,6132056.4,0.04253408717087297,,4853214.5066158995,0.02805987908500764,,1278841.8933841009,0.014474208085865328,,5470676.5,0.03412674109662834,,4312308.51,0.03300324646240274,,,1355425,0.0641286828725729,,16000,0.0012453760151777,,1339425,0.06301441866013663,
HONORARIOS,0,0,,0,0,,0,,,0,0,,0,0,,0,,,0,0,,0,0,,0,,,0,0,,0,0,,0,0,,0,,,0,0,,0,0,,0,,,0,0,,0,0,,0,,,0,0,,0,0,,0,0,,0,,,0,0,,0,0,,0,,,0,0,,0,0,,0,,,0,0,,0,0,,0,0,,0,,,0,,,0,,,0,,,0,,,0,,,0,,,0,0,,0,0,,0,0,,0,,,0,0,,0,0,,,0,0,,0,0,,0,0,
GASTOS DE VIAJE,28001.25,0.002342652367990327,,3586.535818502382,0,,24414.714181497617,0.002342652367990327,,95381.51,0.007425910679010197,,7612.391943115921,0,,87769.11805688408,0.007425910679010197,,48245.16,0.0037463466311018403,,17375.73502663332,0.001144866596102994,,30869.424973366684,0.0026014800349988465,,171627.91999999998,0.004555468782477693,,62636.13,0.005543992731057822,,16412.513152161533,0,,46223.616847838464,0.005543992731057822,,61718.49,0.004757554227221762,,29601.97653979749,0.0017038391606061885,,32116.513460202506,0.0030537150666155735,,54558.01,0.004493616335194929,,17238.078482820572,0.0010536221261021235,,37319.93151717943,0.0034399942090928056,,178912.63,0.004913565164154929,,38762.2,0.0027785766429147996,,31659.774484220427,0.0015614367751085707,,7102.425515779571,0.001217139867806229,,56665.06,0.003782593714908349,,35069.24520260027,0.0019631267688770587,,21595.814797399726,0.0018194669460312902,,47078.66,0.0023522797542771404,,50678.48004242475,0.003041681126036618,,-3599.820042424748,,,142505.91999999998,0.002911557265005488,,53604.28,0.0025361579377188716,,35793.44441417479,0.0019522284858128685,,17810.83558582521,,,0,,,0,,,0,,,0,,,0,,,0,,,53604.28,0.0025361579377188716,,546650.75,0.003791760730139906,,245028.17510645147,0.0014166818624098488,,301622.5748935485,0.002375078867730057,,374443.14,0.00233582155592431,,235799.71,0.0018046380324707083,,,53604.28,0.0025361579377188716,,0,0,,53604.28,0.0025218601578253274,
COMBUSTIBLE ,34482.76,0.0028849111867806664,,21342.113949539616,0.0012203437500565586,,13140.646050460386,0.0016645674367241079,,68965.52,0.005369298425360338,,47063.83676143675,0.0029288827692938507,,21901.68323856325,0.002440415656066487,,34482.76,0.0026776649047716558,,26737.199882769804,0.0017616824250710882,,7745.560117230198,0.0009159824797005675,,137931.04,0.003661062529072671,,34482.76,0.0030521069993757824,,53315.82269490566,0.003072222727317409,,-18833.06269490566,,,68965.52,0.005316189706011067,,37498.46858606498,0.002158347742550287,,31467.051413935027,0.00315784196346078,,34482.76,0.0028401382971740773,,68141.79270705358,0.004164948000437949,,-33659.03270705358,-0.0013248097032638718,,137931.04,0.0037880676909151697,,34482.76,0.0024718151064500146,,35884.3288279506,0.001769788685954703,,-1401.5688279505994,,,34482.76,0.002301846521448897,,32347.774288142293,0.0018107826744425241,,2134.9857118577092,,,34482.76,0.0017229270803289136,,94441.6487726928,0.005668310895338659,,-59958.8887726928,-0.003945383815009746,,103448.28,0.00211356546581589,,34482.76,0.001631469082104168,,65371.58825112123,0.003565465096623364,,-30888.82825112123,-0.001933996014519196,,0,,,0,,,0,,,0,,,0,,,0,,,34482.76,0.001631469082104168,,413793.12000000005,0.002870213756805547,,482144.5747216772,0.0027876201329531344,,-68351.45472167718,,,534631.36,0.0033350950298118155,,431183.08,0.00329995904204403,,,34482.76,0.001631469082104168,,0,0,,34482.76,0.0016222715532388998,
GASTOS EXPORTACION,0,0,,0,0,,0,,,0,0,,0,0,,0,,,0,0,,0,0,,0,,,0,0,,0,0,,0,0,,0,,,0,0,,0,0,,0,,,0,0,,0,0,,0,,,0,0,,0,0,,0,0,,0,,,0,0,,0,0,,0,,,0,0,,0,0,,0,,,0,0,,0,0,,0,0,,0,,,0,,,0,,,0,,,0,,,0,,,0,,,0,0,,0,0,,0,0,,0,,,0,0,,0,0,,,0,0,,0,0,,0,0,
TELEFONO,0,0,,0,0,,0,,,0,0,,0,0,,0,,,0,0,,0,0,,0,,,0,0,,0,0,,0,0,,0,,,0,0,,0,0,,0,,,0,0,,0,0,,0,,,0,0,,0,0,,0,0,,0,,,0,0,,0,0,,0,,,0,0,,0,0,,0,,,0,0,,0,0,,0,0,,0,,,0,,,0,,,0,,,0,,,0,,,0,,,0,0,,0,0,,0,0,,0,,,0,0,,0,0,,,0,0,,0,0,,0,0,
DEPRECIACIONES Y AMORT.,5000.22,0,,5150,0,,-149.77999999999975,,,5000.22,0,,5201.5,0,,-201.27999999999975,,,5000.22,0,,5253.515,0,,-253.29500000000007,,,15000.66,0,,5000.22,0,,5306.05015,0,,-305.8301499999998,,,5000.22,0,,5359.1106515,0,,-358.8906514999999,,,5000.22,0,,5412.701758015,0,,-412.4817580150002,,,15000.66,0,,5000.22,0,,5412.701758015,0,,-412.4817580150002,,,5000.22,0,,5412.701758015,0,,-412.4817580150002,,,5000.22,0,,5412.701758015,0,,-412.4817580150002,,,15000.66,0,,5000.22,0,,5412.701758015,0,,-412.4817580150002,,,0,,,0,,,0,,,0,,,0,,,0,,,5000.22,0,,50002.200000000004,0,,53333.684591574995,0,,-3331.48459157499,,,60002.64000000001,0,,50002.200000000004,0,,,5000.22,0.00023657341621491153,,0,0,,5000.22,0.00023523971590256148,
SERVICIOS CALIDAD,0,0,,4895.83,0,,-4895.83,,,0,0,,4895.83,0,,-4895.83,,,1907.08,0,,4895.83,0,,-2988.75,,,1907.08,0,,1907.08,0,,4895.83,0,,-2988.75,,,1907.08,0,,4895.83,0,,-2988.75,,,1907.08,0,,4895.83,0,,-2988.75,,,5721.24,0,,1907.08,0,,4895.83,0,,-2988.75,,,1907.08,0,,4895.83,0,,-2988.75,,,1907.08,0,,4895.83,0,,-2988.75,,,5721.24,0,,1907.08,0,,4895.83,0,,-2988.75,,,0,,,0,,,0,,,0,,,0,,,0,,,1907.08,0,,15256.64,0,,48958.30000000001,0,,-33701.66000000001,,,0,0,,44062.47000000001,0,,,1907.08,9.022891604672063e-05,,1907.08,0.00014843948068906802,,0,0,
DIVERSOS,0,0,,0,0,,0,,,0,0,,0,0,,0,,,0,0,,0,0,,0,,,0,0,,0,0,,0,0,,0,,,0,0,,0,0,,0,,,0,0,,0,0,,0,,,0,0,,0,0,,0,0,,0,,,0,0,,0,0,,0,,,0,0,,0,0,,0,,,0,0,,0,0,,0,0,,0,,,0,,,0,,,0,,,0,,,0,,,0,,,0,0,,0,0,,0,0,,0,,,12000,0,,12000,0,,,0,0,,0,0,,0,0,
EQUIPOS MENORES,0,0,,0,0,,0,,,0,0,,0,0,,0,,,0,0,,0,0,,0,,,0,0,,0,0,,0,0,,0,,,0,0,,0,0,,0,,,0,0,,0,0,,0,,,0,0,,0,0,,0,0,,0,,,0,0,,0,0,,0,,,0,0,,0,0,,0,,,0,0,,0,0,,0,0,,0,,,0,,,0,,,0,,,0,,,0,,,0,,,0,0,,0,0,,0,0,,0,,,0,0,,0,0,,,0,0,,0,0,,0,0,
ARRENDAM MAQ Y EQUIPO,0,0,,0,0,,0,,,0,0,,0,0,,0,,,0,0,,0,0,,0,,,0,0,,0,0,,0,0,,0,,,0,0,,0,0,,0,,,0,0,,0,0,,0,,,0,0,,0,0,,0,0,,0,,,0,0,,0,0,,0,,,0,0,,0,0,,0,,,0,0,,0,0,,0,0,,0,,,0,,,0,,,0,,,0,,,0,,,0,,,0,0,,0,0,,0,0,,0,,,0,0,,0,0,,,0,0,,0,0,,0,0,
GASTOS DE VENTA,575150.11,0.04811845068135876,,684897.2129982365,0.03916247637369508,,-109747.10299823653,0.008955974307663678,,651125.26,0.050693242554110236,,554248.4345705752,0.03449206018094925,,96876.82542942466,0.01620118237316099,,381718.50000000006,0.02964131151195784,,478504.9311164138,0.03152812303284136,,-96786.43111641379,-0.001886811520883519,,1607993.87,0.042680502549937646,,621731.7499999999,0.05503016075015903,,640894.8433926495,0.03693034458004462,,-19163.09339264963,0.018099816170114406,,741459.1799999999,0.057155193785871646,,806275.4158292137,0.04640783448621877,,-64816.23582921362,0.010747359299652877,,774085.9999999999,0.06375682497300948,,741702.8109877872,0.04533419971533889,,32383.189012212744,0.01842262525767059,,2137276.93,0.058697082868884067,,662813.6699999999,0.04751223052527044,,473809.0746299988,0.023367914824414724,,189004.59537000125,0.024144315700855717,,931142.5299999999,0.06215706612967247,,361083.91172273195,0.020212966912135782,,570058.618277268,0.04194409921753669,,1393774.44,0.06963977728425062,,886648.2084075356,0.05321590384497939,,507126.23159246444,0.016423873439271236,,2987730.64,0.06104271914297665,,1600490.04,0.07572334744886033,,1070611.9827717242,0.05839279354718516,,529878.0572282759,0.017330553901675178,,0,,,0,,,0,,,0,,,0,,,0,,,1600490.04,0.07572334744886033,,8333491.48,0.0578040105841243,,6698676.826426866,0.0387298071253286,,1634814.6535731342,0.0190742034587957,,7570182.12,0.04722371086346726,,6009639.579999999,0.04599337356059213,,,1600490.04,0.07572334744886033,,17907.08,0.0013938154958667683,,1582582.96,0.07445399720464996,0
,,,,,,,,,,,,,,,,,,,,,,,,,,,,,0,,,,,,,,,,,,,,,,,,,,,,,,,,,,,,0,,,,,,,,,,,,,,,,,,,,,,,,,,,,,,0,,,,,,,,,,,,,,,,,,,,,,,,,,,,,,0,,,,,,,,,,,,,,,,,,,,,,,,,,
GASTOS DE ADMON CORPORATIVO,514735.9555670884,0.043064056254595896,,519898.7548876167,0.029727851593772225,,-5162.799320528342,0.013336204660823671,,583540.3069873431,0.04543142792864361,,469334.0555991406,0.02920765757910896,,114206.25138820254,0.01622377034953465,,595972.0884135364,0.046278590964539866,,444860.1585310346,0.02931130882570472,,151111.92988250183,0.016967282138835145,,1694248.3509679679,0.04496992955807475,,463507.54981401167,0.041025562833452545,,517159.978559298,0.02980035868302698,,-53652.42874528631,0.011225204150425563,,562912.3128939886,0.04339195359063345,,519048.98548998986,0.029875572212611723,,43863.3274039987,0.013516381378021726,,520636.2765733864,0.042881690096563896,,506196.9359656848,0.03093966026608308,,14439.340607701568,0.011942029830480816,,1547056.1392813867,0.04248756028551499,,469645.81557822705,0.03366544968057369,,528632.3971525973,0.02607176073977615,,-58986.58157437027,0.007593688940797538,,624739.0378562204,0.04170354638383562,,517190.1266452005,0.0289515721353714,,107548.9112110199,0.012751974248464217,,730466.204202537,0.03649765867017666,,563082.1950433096,0.033795735066180534,,167384.00915922737,0.002701923603996126,,1824851.0576369842,0.037283772873547366,,617423.522517761,0.02921191307051911,,582192.0063814009,0.03175363080229902,,35231.51613636012,-0.0025417177317799064,,0,,,0,,,0,,,0,,,0,,,0,,,617423.522517761,0.02921191307051911,,5683579.070404101,0.03942329160950267,,5167595.594255273,0.029877539378767283,,515983.47614882793,0.009545752230735387,,6010507.275353037,0.037494270707722176,,4090747.5539105544,0.018567502800001977,,,617423.522517761,0.02921191307051911,,509825.12228000007,0.039682748701409386,,2519466.74772,0.11853051304934649,-2411868.347482239
,,,,,,,,,,,,,,,,,,,,,,,,,,,,,0,,,,,,,,,,,,,,,,,,,,,,,,,,,,,,0,,,,,,,,,,,,,,,,,,,,,,,,,,,,,,0,,,,,,,,,,,,,,,,,,,,,,,,,,,,,,0,,,,,,,,,,,,,,,,,,,,,,,,,,
GASTOS MONTERREY IV,102370.41244987975,0.008564556551505995,,,,,102370.41244987975,,,124522.89582901858,0.009694708145404528,,,,,124522.89582901858,,,118221.8450862102,0.009180195714168369,,,,,118221.8450862102,,,345115.15336510853,0.00916028876603966,,102452.26961513823,0.009068163023908126,,,,,102452.26961513823,,,114797.42982617128,0.008849130909451847,,,,,114797.42982617128,,,122583.13364378855,0.010096438117173102,,,,,122583.13364378855,,,339832.8330850981,0.00933299549776343,,116583.51409259942,0.008357013513335806,,,,,116583.51409259942,,,152106.8520223254,0.010153671812120948,,,,,152106.8520223254,,,187199.43566204974,0.009353397962472716,,,,,187199.43566204974,,,455889.8017769746,0.009314344726209707,,163107.42636445956,0.007717036663399276,,,,,163107.42636445956,,,,,,,,,,,,,,,,,,,,,163107.42636445956,0.007717036663399276,,1303945.2145916407,0.00904461991306595,,0,,,1303945.2145916407,,,0,0,,0,,,,,,,,,,,,
,,,,,,,,,,,,,,,,,,,,,,,,,,,,,0,,,,,,,,,,,,,,,,,,,,,,,,,,,,,,0,,,,,,,,,,,,,,,,,,,,,,,,,,,,,,0,,,,,,,,,,,,,,,,,,,,,,,,,,,,,,0,,,,,,,,,,,,,,,,,,,,,,,,,,
GASTOS HACIENDA SAN JOSE,74504.46810433804,0.006233224182152129,,,,,74504.46810433804,,,91728.60654807885,0.007141514523476337,,,,,91728.60654807885,,,84032.01392823434,0.0065252774016034696,,,,,84032.01392823434,,,250265.08858065124,0.006642711735789675,,75955.89018530678,0.006722939349355826,,,,,75955.89018530678,,,88514.42664106806,0.006823112241344918,,,,,88514.42664106806,,,93560.17968453596,0.007705991324723969,,,,,93560.17968453596,,,258030.4965109108,0.007086417873045694,,85785.51473335689,0.006149331759769282,,,,,85785.51473335689,,,111574.85245876067,0.007448017096467107,,,,,111574.85245876067,,,141344.15286199242,0.007062244107260447,,,,,141344.15286199242,,,338704.52005411,0.006920116764649083,,119634.71482513087,0.005660229586713771,,,,,119634.71482513087,,,,,,,,,,,,,,,,,,,,,119634.71482513087,0.005660229586713771,,966634.8199708028,0.006704917080514657,,0,,,966634.8199708028,,,0,0,,0,,,,,,,,,,,,
,,,,,,,,,,,,,,,,,,,,,,,,,,,,,,,,,,,,,,,,,,,,,,,,,,,,,,,,,,,,,,,,,,,,,,,,,,,,,,,,,,,,,,,,,,,,,,,,,,,,,,,,,,,,,,,,,,,,,,,,,,,,,,,,,,,,,,,,,,,,,,,,,
TOTAL DE GASTOS,2665768.1361213066,0.22302461627954964,,2641090.7435920937,0.15101777592862897,,24677.39252921258,0.07200684035092067,,2892962.629364441,0.2252310965026117,,2319530.8829579265,0.14434934555754286,,573431.746406514,0.08088175094506883,,2584968.9074279815,0.20072872714788018,,2226416.436904858,0.1466959414217598,,358552.47052312375,0.054032785726120386,,8143699.672913729,0.21615579582758035,,2653163.299614457,0.23483440064659064,,2506871.4501757263,0.14445369225126697,,146291.84943873054,0.09038070839532367,,2868499.809361228,0.2211175839494992,,2689744.294104998,0.1548170830468639,,178755.51525623002,0.06630050090263531,,2830956.8799017114,0.23316895318870315,,2717008.6506305016,0.16606841847066256,,113948.22927120903,0.06710053471804059,,8352619.988877397,0.2293920927034168,,2703072.9044041834,0.19376338897878173,,2376341.402539825,0.11719940892150445,,326731.5018643588,0.07656398005727728,,3060651.1123373066,0.2043093162003948,,2197492.4450721396,0.1230125204692558,,863158.6672651668,0.081296795731139,,3877277.1627265792,0.19372770107736384,,2804494.949973754,0.16832350438014507,,1072782.2127528249,0.025404196697218773,,9641001.17946807,0.1969765678928057,,3929457.533707352,0.18591285835834603,,3031831.48426001,0.16536066546903067,,897626.0494473414,0.020552192889315368,,0,,,0,,,0,,,0,,,0,,,0,,,3929457.533707352,0.18591285835834603,,30066778.374966543,0.20855368720159603,,25510822.74021183,0.14749618020666247,,4555955.634754713,0.061057506994933564,,20597562.695353035,0.09099581444461376,,21930408.423910554,0.13969527701212495,,,3646715.3925177613,0.172535592108233,,1019650.2445600001,0.07936549740281877,,5038933.49544,0.23706102609869298,
,,,,,,,,,,,,,,,,,,,,,,,,,,,,,0,,,,,,,,,,,,,,,,,,,,,,,,,,,,,,0,,,,,,,,,,,,,,,,,,,,,,,,,,,,,,0,,,,,,,,,,,,,,,,,,,,,,,,,,,,,,0,,,,,,,,,,,,,,,,,,,,,,,,,,
MARGEN DE OPERACIÓN,-720884.3561213035,-0.060310930544699035,,3088459.6122221733,0.1765983629357735,,-3809343.968343475,-0.23690929348047252,,-491436.98936444614,-0.0382607403403664,,2819022.6390903792,0.17543378105217264,,-3310459.628454824,-0.21369452139253903,,-128749.63742798194,-0.009997702783738379,,2624380.1545067662,0.17291729931223337,,-2753129.7919347496,-0.18291500209597175,,-1341070.9829137316,-0.035595647827871946,,-741773.0996144521,-0.06565515258297012,,3170381.0328175877,0.18268716810420524,,-3912154.1324320408,-0.24834232068717538,,1346787.7006387701,0.10381679004694148,,2748309.284455844,0.15818798376581222,,-1401521.583817072,-0.05437119371887074,,818844.9900982915,0.0674433547612571,,2537966.727199054,0.15512505652836395,,-1719121.7371007612,-0.08768170176710685,,1423859.5911226124,0.039104153158935444,,52349.6455958155,0.003752560549127773,,4523637.568401817,0.22310247535356806,,-4471287.922806004,-0.21934991480444027,,2652913.117662692,0.17709135903268808,,3533823.58165815,0.19781844831743733,,-880910.4639954569,-0.020727089284749256,,4645976.967273423,0.2321356971280657,,2561308.5494600055,0.15372765454541787,,2084668.4178134182,0.07840804258264783,,7351239.730531927,0.15019414943763193,,4113861.2562926454,0.19463747819802305,,2856874.3030389673,0.15581823672076575,,1256986.953253678,0.038819241477257294,,0,,,0,,,0,,,0,,,0,,,0,,,4113861.2562926454,0.19463747819802305,,11547889.59503344,0.08010019977552216,,30464163.45285076,0.17613495998324616,,-18916273.85781732,-0.096034760207724,,35257407.854646966,0.2574342414944735,,24976936.056089465,0.23029615048409038,,,4396603.397482236,0.20801474444813609,,1580898.9454399622,0.12305085181691554,,403836.1045600353,0.01899882215340521,2411868.3474822384
,,,,,,,,,,,,,,,,,,,,,,,,,,,,,0,,,,,,,,,,,,,,,,,,,,,,,,,,,,,,0,,,,,,,,,,,,,,,,,,,,,,,,,,,,,,0,,,,,,,,,,,,,,,,,,,,,,,,,,,,,,0,,,,,,,,,,,,,,,,,,,,,,,,,,
MANTENIMIENTO MAYORES FABRIC,0,0,,0,0,,0,,,0,0,,0,0,,0,,,0,0,,0,0,,0,,,0,0,,0,0,,0,0,,0,,,0,0,,0,0,,0,,,0,0,,0,0,,0,,,0,0,,0,0,,0,0,,0,,,0,0,,0,0,,0,,,0,0,,0,0,,0,,,0,0,,0,0,,0,0,,0,,,,,,0,,,0,,,,,,0,,,0,,,0,0,,0,0,,0,0,,0,,,0,0,,0,0,,,3929457.533707352,0.18591285835834603,,0,0,,0,0,
FLETES ACTIVOS FIJOS FABRIC,0,0,,0,0,,0,,,0,0,,0,0,,0,,,0,0,,0,0,,0,,,0,0,,0,0,,0,0,,0,,,0,0,,0,0,,0,,,0,0,,0,0,,0,,,0,0,,0,0,,0,0,,0,,,0,0,,0,0,,0,,,0,0,,0,0,,0,,,0,0,,0,0,,0,0,,0,,,,,,0,,,0,,,,,,0,,,0,,,0,0,,0,0,,0,0,,0,,,0,0,,0,0,,,0,0,,0,0,,0,0,
GASTOS DE IMPORTACION ACTIVOS FIJOS,0,0,,0,0,,0,,,0,0,,0,0,,0,,,0,0,,0,0,,0,,,0,0,,0,0,,0,0,,0,,,0,0,,0,0,,0,,,0,0,,0,0,,0,,,0,0,,0,0,,0,0,,0,,,0,0,,0,0,,0,,,0,0,,0,0,,0,,,0,0,,0,0,,0,0,,0,,,,,,0,,,0,,,,,,0,,,0,,,0,0,,0,0,,0,0,,0,,,0,0,,0,0,,,4113861.2562926454,0.19463747819802305,,0,0,,0,0,
MANTENIMIENTO MAYORES ADMON,0,0,,0,0,,0,,,0,0,,0,0,,0,,,0,0,,0,0,,0,,,0,0,,0,0,,0,0,,0,,,0,0,,0,0,,0,,,0,0,,0,0,,0,,,0,0,,0,0,,0,0,,0,,,0,0,,0,0,,0,,,0,0,,0,0,,0,,,0,0,,0,0,,0,0,,0,,,,,,0,,,0,,,,,,0,,,0,,,0,0,,0,0,,0,0,,0,,,0,0,,0,0,,,0,0,,0,0,,0,0,
MANTENIMIENTO MAYORES VENTA,0,0,,0,0,,0,,,0,0,,0,0,,0,,,0,0,,0,0,,0,,,0,0,,0,0,,0,0,,0,,,0,0,,0,0,,0,,,0,0,,0,0,,0,,,0,0,,0,0,,0,0,,0,,,0,0,,0,0,,0,,,0,0,,0,0,,0,,,0,0,,0,0,,0,0,,0,,,,,,0,,,0,,,,,,0,,,0,,,0,0,,0,0,,0,0,,0,,,0,0,,0,0,,,0,0,,0,0,,0,0,
MTTO MAYORES,0,0,,0,0,,0,,,0,0,,0,0,,0,,,0,0,,0,0,,0,,,0,0,,0,0,,0,0,,0,,,0,0,,0,0,,0,,,0,0,,0,0,,0,,,0,0,,0,0,,0,0,,0,,,0,0,,0,0,,0,,,0,0,,0,0,,0,,,0,0,,0,0,,0,0,,0,,,0,0,,0,0,,0,,,0,0,,0,0,,0,,,0,0,,0,0,,0,0,,0,,,0,0,,0,0,,,8043318.789999997,0.3805503365563691,,0,0,,0,0,
,,,,,,,,,,,,,,,,,,,,,,,,,,,,,0,,,,,,,,,,,,,,,,,,,,,,,,,,,,,,0,,,,,,,,,,,,,,,,,,,,,,,,,,,,,,0,,,,,,,,,,,,,,,,,,,,,,,,,,,,,,0,,,,,,,,,,,,,,,,,,,,,,,,,,
MARGEN,-720884.3561213035,-0.060310930544699035,,3088459.6122221733,0.1765983629357735,,-3809343.968343475,-0.23690929348047252,,-491436.98936444614,-0.0382607403403664,,2819022.6390903792,0.17543378105217264,,-3310459.628454824,-0.21369452139253903,,-128749.63742798194,-0.009997702783738379,,2624380.1545067662,0.17291729931223337,,-2753129.7919347496,-0.18291500209597175,,-1341070.9829137316,-0.035595647827871946,,-741773.0996144521,-0.06565515258297012,,3170381.0328175877,0.18268716810420524,,-3912154.1324320408,-0.24834232068717538,,1346787.7006387701,0.10381679004694148,,2748309.284455844,0.15818798376581222,,-1401521.583817072,-0.05437119371887074,,818844.9900982915,0.0674433547612571,,2537966.727199054,0.15512505652836395,,-1719121.7371007612,-0.08768170176710685,,1423859.5911226124,0.039104153158935444,,52349.6455958155,0.003752560549127773,,4523637.568401817,0.22310247535356806,,-4471287.922806004,-0.21934991480444027,,2652913.117662692,0.17709135903268808,,3533823.58165815,0.19781844831743733,,-880910.4639954569,-0.020727089284749256,,4645976.967273423,0.2321356971280657,,2561308.5494600055,0.15372765454541787,,2084668.4178134182,0.07840804258264783,,7351239.730531927,0.15019414943763193,,4113861.2562926454,0.19463747819802305,,2856874.3030389673,0.15581823672076575,,1256986.953253678,0.038819241477257294,,0,,,0,,,0,,,0,,,0,,,0,,,4113861.2562926454,0.19463747819802305,,11547889.59503344,0.08010019977552216,,30464163.45285076,0.17613495998324616,,-18916273.85781732,-0.096034760207724,,35257407.854646966,0.2574342414944735,,24976936.056089465,0.23029615048409038,,,-3646715.3925177613,-0.172535592108233,,1580898.9454399622,0.12305085181691554,,403836.1045600353,0.01899882215340521,-5631450.442517758
,,,,,,,,,,,,,,,,,,,,,,,,,,,,,,,,,,,,,,,,,,,,,,,,,,,,,,,,,,,,,,,,,,,,,,,,,,,,,,,,,,,,,,,,,,,,,,,,,,,,,,,,,,,,,,,,,,,,,,,,,,,,,,,,,,,,,,,,,,,,,,,,,
OTROS INGRESOS 16%,104000,0.008833280939237055,,121933.09004249117,0.006977948450334015,,-17933.090042491167,-0.1470732024936123,,101241.38,0.00795449879400042,,173657.73638864496,0.010816122636075409,,-72416.35638864496,-0.41700622094127493,,52000,0.004037918514878916,,61834.09436834095,0.004077557488543259,,-9834.09436834095,-0.15904000000000007,,257241.38,0.006827881361910589,,72000,0.0063727991597846674,,123938.20806404739,0.007147650130804338,,-51938.20806404739,-0.41906534615384583,,52000,0.004008406877996069,,123755.9152563713,0.0071291103357523115,,-71755.9152563713,-0.579818064516129,,52000,0.004282928380821374,,97550.68339981131,0.005967431084783281,,-45550.683399811314,-0.46694376515151526,,176000,0.0048335741802647885,,88000,0.00630807189933756,,35448.24306164873,0.001749729265585163,,52551.75693835127,1.48249256943306,,36000,0.0024031276722675412,,109138.72652641463,0.00611451378696973,,-73138.72652641463,-0.6701445843672458,,36000,0.0018097718104069095,,69242.79272475478,0.004159346452139163,,-33242.79272475478,-0.4800902941176468,,160000,0.0032689811230359987,,36000,0.001703253653586605,,69135.41538725425,0.0037738793326297375,,-33135.41538725425,-0.47928279886148006,,0,,,0,,,0,,,0,,,0,,,0,,,36000,0.001703253653586605,,629241.38,0.004377331215499376,,985634.9052197793,0.005703393758806359,,-356393.52521977935,-0.36158776777523904,,1096603.13,0.0068407428410841445,,872603.13,0.006683285408849659,,,,,,,,,,,
OTROS INGRESOS 0%,,,,,,,,,,,,,,,,,,,,,,,,,,,,,0,,,,,,,,,,,,,,,,,,,,,,,,,,,,,,0,,,,,,,,,,,,,,,,,,,,,,,,,,,,,,0,,,,,,,,,,,,,,,,,,,,,,,,,,,,,,0,,,,,,,,,,,0,0,,0,,,,,,,,,,,,
,,,,,,,,,,,,,,,,,,,,,,,,,,,,,,,,,,,,,,,,,,,,,,,,,,,,,,,,,,,,,,,,,,,,,,,,,,,,,,,,,,,,,,,,,,,,,,,,,,,,,,,,,,,,,,,,,,,,,,,,,,,,,,,,,,,,,,,,,,,,,,,,,
UTILIDAD O (PERDIDA) TOTAL,-616884.3561213035,-0.05161003875340422,,3210392.702264664,0.18357050659081417,,-3827277.058385966,-0.2351805453442184,,-390195.60936444614,-0.030378610513529632,,2992680.3754790244,0.1862408717371385,,-3382875.9848434688,-0.21661948225066813,,-76749.63742798194,-0.005959784268859463,,2686214.248875107,0.17699147453613526,,-2762963.8863030905,-0.18295125880499472,,-1083829.6029137317,-0.02876776646596136,,-669773.0996144521,-0.059282353423185455,,3294319.240881635,0.18982887126756545,,-3964092.3404960884,-0.24911122469075092,,1398787.7006387701,0.10782519692493756,,2872065.1997122155,0.165311162668646,,-1473277.4990734432,-0.057485965743708456,,870844.9900982915,0.07172628314207848,,2635517.4105988652,0.16108752842155413,,-1764672.4205005725,-0.08936124527947566,,1599859.5911226124,0.04393772733920023,,140349.6455958155,0.010060632448465334,,4559085.811463466,0.2248507566104997,,-4418736.165867653,-0.21479012416203436,,2688913.117662692,0.17949448670495563,,3642962.3081845646,0.20392787993843128,,-954049.1905218716,-0.024433393233475653,,4681976.967273423,0.23393443292797966,,2630551.34218476,0.15788355060955866,,2051425.6250886633,0.076050882318421,,7511239.730531927,0.15346313056066793,,4149861.2562926454,0.19634073185160963,,2926009.7184262215,0.15958898663060267,,1223851.5378664238,0.036751745221006965,,0,,,0,,,0,,,0,,,0,,,0,,,4149861.2562926454,0.19634073185160963,,12177130.975033442,0.08446483799190263,,31449798.358070537,0.18183361521983793,,-19272667.383037098,-0.0973687772279353,,36354010.98464697,0.2642749843355577,,25849539.186089464,0.2374681605585119,,,,,,,,,,,
,,,,,,,,,,,,,,,,,,,,,,,,,,,,,,,,,,,,,,,,,,,,,,,,,,,,,,,,,,,,,,,,,,,,,,,,,,,,,,,,,,,,,,,,,,,,,,,,,,,,,,,,,,,,,,,,,,,,,,,,,,,,,,,,,,,,,,,,,,,,,,,,,
,,,,,,,,,,,,,,,,,,,,,,,,,,,,-1083829.6029137317,,,,,,,,,,,,,,,,,,,,,,,,,,,,,,1599859.5911226096,,,,,,,,,,,,,,,,,,,,,,,,,,,,,,7511239.730531931,,,,,,,,,,,,,,,,,,,,,,,,,,,,,,4149861.2562926454,,,12177130.975033455,,,31449798.358070523,,,,,,,,,33980733.793591574,,,,,,,-1188989.6509799962,,,1089132.2609799975,,
,,,,,,,,,,,,,,,,,,,,,,,,,,,,,0,,,,,,,,,,,,,,,,,,,,,,,,,,,,,,0,,,,,,,,,,,,,,,,,,,,,,,,,,,,,,0,,,,,,,,,,,,,,,,,,,,,,,,,,,,,,0,,,,,,,,,,,,,,,,,,,,,,,,,,
Manode Obra Directa,603584.54,0.05049734393690826,,,,,,,,536039.91,0.0417332928787211,,,,,,,,489042.5,0.03797526471755139,,,,,,,,1628666.9500000002,0.043229221957465654,,444031.06999999995,0.03930167819186509,,,,,,,,508231.94,0.039176930844486264,,,,,,,,397255.65,0.03271956726589697,,,,,,,,1349518.6600000001,0.03706249176569055,,427912.85,0.03067392073239146,,,,,,,,556847.11,0.037171519423977985,,,,,,,,460961.09,0.02303186708195439,,,,,,,,1445721.0499999998,0.02953771763516114,,518171.07,0.02451602133778835,,,,,,,,0,,,,,,,,,0,,,,,,,,,518171.07,0.02451602133778835,,4942077.73,0.03427997905776763,,,,,,,,5012593.43,0.03126916355011491,,4108080.45,0.03144023468272875,,,,,,,,,,,
Semanal,120716.90800000001,,,,,,,,,134009.9775,,,,,,,,,122260.625,,,,,,,,,125282.07307692309,,,111007.76749999999,,,,,,,,,101646.388,,,,,,,,,99313.9125,,,,,,,,,103809.12769230771,,,106978.2125,,,,,,,,,111369.42199999999,,,,,,,,,115240.2725,,,,,,,,,111209.31153846152,,,103634.214,,,,,,,,,0,,,,,,,,,0,,,,,,,,,103634.214,,,112319.94840909092,,,,,,,,,96396.0275,,,93365.46477272728,,,,,,,,,,,,
Mano de Obra Directa Total,603584.54,0.05049734393690826,,,,,,,,536039.91,0.0417332928787211,,,,,,,,489042.5,0.03797526471755139,,,,,,,,1628666.9500000002,0.043229221957465654,,444031.06999999995,0.03930167819186509,,,,,,,,508231.94,0.039176930844486264,,,,,,,,397255.65,0.03271956726589697,,,,,,,,1349518.6600000001,0.03706249176569055,,427912.85,0.03067392073239146,,,,,,,,556847.11,0.037171519423977985,,,,,,,,460961.09,0.02303186708195439,,,,,,,,1445721.0499999998,0.02953771763516114,,518171.07,0.02451602133778835,,,,,,,,0,,,,,,,,,0,,,,,,,,,518171.07,0.02451602133778835,,4942077.73,0.03427997905776763,,,,,,,,5012593.43,0.03126916355011491,,4108080.45,0.03144023468272875,,,,,,,,,,,
Semanal,120716.90800000001,,,,,,,,,134009.9775,,,,,,,,,122260.625,,,,,,,,,125282.07307692309,,,111007.76749999999,,,,,,,,,101646.388,,,,,,,,,99313.9125,,,,,,,,,103809.12769230771,,,106978.2125,,,,,,,,,111369.42199999999,,,,,,,,,115240.2725,,,,,,,,,111209.31153846152,,,103634.214,,,,,,,,,0,,,,,,,,,0,,,,,,,,,103634.214,,,112319.94840909092,,,,,,,,,96396.0275,,,93365.46477272728,,,,,,,,,,,,
Mano de Obra Indirecta,838957.5199999999,0.07018921729820247,,,,,,,,815251.42,0.06347125586349207,,,,,,,,822422.22,0.06386295979203502,,,,,,,,2476631.1599999997,0.06573648352256158,,745646.92,0.06599802868433369,,,,,,,,813272.18,0.06269088076913187,,,,,,,,690424.55,0.05686613269251587,,,,,,,,2249343.6500000004,0.06177482607490091,,745922.4700000001,0.05346968831922119,,,,,,,,812884.4299999999,0.05426291855801186,,,,,,,,725513.77,0.036250210873042726,,,,,,,,2284320.67,0.0466712571824434,,820134.6599999999,0.038802704335500225,,,,,,,,0,,,,,,,,,0,,,,,,,,,820134.6599999999,0.038802704335500225,,7830430.140000001,0.054314601242120175,,,,,,,,8684688.44,0.05417613596723568,,7243314.550000001,0.05543501693907281,,,,,,,,,,,
Mantenimiento Instalaciones,24675.17,0.0020643844625173476,,,,,,,,22310.44,0.001736975380756881,,,,,,,,9221.32,0.0007160565146081393,,,,,,,,56206.92999999999,0.0014918838087294242,,66886.98,0.0059202401381185255,,,,,,,,28735.45,0.0022150649119675415,,,,,,,,508.91999999999996,4.191669060706948e-05,,,,,,,,96131.35,0.002640102336784077,,38770.45,0.0027791680246553627,,,,,,,,31759.1,0.0021200325571197796,,,,,,,,7218.3,0.00036066151734774697,,,,,,,,77747.85,0.0015884765875414648,,9820.19,0.0004646187360115179,,,,,,,,0,,,,,,,,,0,,,,,,,,,9820.19,0.0004646187360115179,,239906.32,0.00166407411512447,,,,,,,,372193.7100000001,0.0023217893397578107,,326370.47000000003,0.0024978002001670844,,,,,,,,,,,
Mantenimiento Equipo,29330.52,0.0024538623144462353,,,,,,,,192795.52000000002,0.0150100612879092,,,,,,,,96389.17,0.007484838734169449,,,,,,,,318515.2100000001,0.008454254388792494,,522497.5,0.04624682818041096,,,,,,,,116351.40000000001,0.008968918308162922,,,,,,,,161291.01,0.013284573928852768,,,,,,,,800139.91,0.02197463414531473,,186424.78,0.013363419500661214,,,,,,,,327217.58,0.0218429339264005,,,,,,,,125888.48999999999,0.006290003715558603,,,,,,,,639530.85,0.013066339226557292,,137050.55,0.006484218055932047,,,,,,,,0,,,,,,,,,0,,,,,,,,,137050.55,0.006484218055932047,,1895236.5200000003,0.013146023143411062,,,,,,,,1658788.52,0.010347723239730827,,1408857.56,0.010782362434245076,,,,,,,,,,,
Combustible,34482.76,0.0028849111867806664,,,,,,,,68965.52,0.005369298425360338,,,,,,,,36379.670000000006,0.002824964289580482,,,,,,,,139827.95,0.003711411646443375,,34482.76,0.0030521069993757824,,,,,,,,68965.52,0.005316189706011067,,,,,,,,34482.76,0.0028401382971740773,,,,,,,,137931.04,0.0037880676909151697,,34482.76,0.0024718151064500146,,,,,,,,34482.76,0.002301846521448897,,,,,,,,34482.76,0.0017229270803289136,,,,,,,,103448.28,0.00211356546581589,,34482.76,0.001631469082104168,,,,,,,,0,,,,,,,,,0,,,,,,,,,34482.76,0.001631469082104168,,415690.03,0.0028833713877913446,,,,,,,,534631.36,0.0033350950298118155,,431183.08,0.00329995904204403,,,,,,,,,,,
Fletes,432725,0.036202821157577406,,,,,,,,411652.54000000004,0.03204913607288952,,,,,,,,258825.72,0.020098407056055118,,,,,,,,1103203.26,0.029281995677962084,,518671.24,0.0459081617010621,,,,,,,,582013.14,0.04486433602807864,,,,,,,,686512.68,0.05654393540318734,,,,,,,,1787197.06,0.04908266797875648,,646126.11,0.046316022249082836,,,,,,,,774796.26,0.051720398132649906,,,,,,,,1360847.21,0.0679945720788895,,,,,,,,2781769.5799999996,0.05683470153534861,,1505800.19,0.0712433243108029,,,,,,,,0,,,,,,,,,0,,,,,,,,,1505800.19,0.0712433243108029,,7177970.090000001,0.04978891021256407,,,,,,,,6598689.680000001,0.04116342362527803,,5373140.1,0.041122073382759736,,,,,,,,,,,
Gastos de importación,17986.28,0.001504775730845482,,,,,,,,8025.79,0.0006248464683405961,,,,,,,,29907.49,0.0023223847616260776,,,,,,,,55919.56,0.0014842562323769252,,7976.570000000001,0.0007060149804717165,,,,,,,,23028.519999999997,0.0017751476530398084,,,,,,,,29792.94,0.0024538659283482368,,,,,,,,60798.03,0.0016697260682895683,,4054.97,0.0002906709353370094,,,,,,,,10621.35,0.0007090127806066347,,,,,,,,10005.27,0.0004999121482445857,,,,,,,,24681.59,0.000504272823728213,,8748.29,0.00041390435847597675,,,,,,,,0,,,,,,,,,0,,,,,,,,,8748.29,0.00041390435847597675,,150147.47000000003,0.001041475348704561,,,,,,,,576704.4,0.0035975517375385637,,540932.5,0.004139900606745706,,,,,,,,,,,
$ MOD / Ventas,19.803021744062562,,,,,,,,,23.961684569344836,,,,,,,,,26.332930328141217,,,,,,,,,23.132500533641934,,,25.444206100262313,,,,,,,,,25.525225647959083,,,,,,,,,30.56275139195629,,,,,,,,,26.981456247518654,,,32.6009840321458,,,,,,,,,26.902317029175208,,,,,,,,,43.41810398790926,,,,,,,,,33.85501927913411,,,40.789652865027755,,,,,,,,,,,,,,,,,,,,,,,,,,,40.789652865027755,,,29.171546409489597,,,,,,,,,31.98038855108183,,,31.806378358534825,,,,,,,,,,,,
$ MOI / Ventas,14.247202611641173,,,,,,,,,15.755163284474861,,,,,,,,,15.658528875837037,,,,,,,,,15.212252715902999,,,15.15196771683842,,,,,,,,,15.95128330837531,,,,,,,,,17.585159261790444,,,,,,,,,16.187823803623782,,,18.70218494691546,,,,,,,,,18.428791273563945,,,,,,,,,27.586046423350453,,,,,,,,,21.426463746002877,,,25.771399626007756,,,,,,,,,,,,,,,,,,,,,,,,,,,25.771399626007756,,,18.41125548436347,,,,,,,,,18.45831161906368,,,18.03913943237492,,,,,,,,,,,,
