UREBLOCK SA DE CV,20.564370967741933,Unnamed: 2,Unnamed: 3,18,Unnamed: 5,Unnamed: 6,Unnamed: 7,Unnamed: 8,Unnamed: 9,20.459935714285706,Unnamed: 11,Unnamed: 12,18.1,Unnamed: 14,Unnamed: 15,Unnamed: 16,Unnamed: 17,Unnamed: 18,20.374246666666668,Unnamed: 20,Unnamed: 21,18.2,Unnamed: 23,Unnamed: 24,Unnamed: 25,Unnamed: 26,Unnamed: 27,T1,Unnamed: 29,Unnamed: 30,20.098163333333336,Unnamed: 32,Unnamed: 33,18.3,Unnamed: 35,Unnamed: 36,Unnamed: 37,Unnamed: 38,Unnamed: 39,19.46746774193548,Unnamed: 41,Unnamed: 42,18.4,Unnamed: 44,Unnamed: 45,Unnamed: 46,Unnamed: 47,Unnamed: 48,19.07029,Unnamed: 50,Unnamed: 51,19,Unnamed: 53,Unnamed: 54,Unnamed: 55,Unnamed: 56,Unnamed: 57,T2,Unnamed: 59,Unnamed: 60,18.68416129032258,Unnamed: 62,Unnamed: 63,19.1,Unnamed: 65,Unnamed: 66,Unnamed: 67,Unnamed: 68,Unnamed: 69,18.72754193548387,Unnamed: 71,Unnamed: 72,19.2,Unnamed: 74,Unnamed: 75,Unnamed: 76,Unnamed: 77,Unnamed: 78,18.525080000000003,Unnamed: 80,Unnamed: 81,19.3,Unnamed: 83,Unnamed: 84,Unnamed: 85,Unnamed: 86,Unnamed: 87,T3,Unnamed: 89,Unnamed: 90,18.4134709677419,Unnamed: 92,Unnamed: 93,19.4,Unnamed: 95,Unnamed: 96,Unnamed: 97,Unnamed: 98,Unnamed: 99,20.29187,Unnamed: 101,Unnamed: 102,19.5,Unnamed: 104,Unnamed: 105,Unnamed: 106,Unnamed: 107,Unnamed: 108,20.26635333333333,Unnamed: 110,Unnamed: 111,19.6,Unnamed: 113,Unnamed: 114,Unnamed: 115,Unnamed: 116,Unnamed: 117,T4,Unnamed: 119,Unnamed: 120,19.457127133804452,Unnamed: 122,Unnamed: 123,19.99699408018894,Unnamed: 125,Unnamed: 126,Unnamed: 127,Unnamed: 128,Unnamed: 129,Unnamed: 130,Unnamed: 131,Unnamed: 132,16.94872393510507,Unnamed: 134
ESTADOS DE RESULTADOS 2025,ENE 25,,,ENE 25 PPTO,,,ENE 25 DELTA,,,FEB 25,,,FEB 25 PPTO,,,FEB 25 DELTA,,,MZO 25,,,MZO 25 PPTO,,,MZO 25 DELTA,,,T1,,,ABR 25,,,ABR 25 PPTO,,,ABR 25 DELTA,,,MAY 25,,,MAY 25 PPTO,,,MAY 25 DELTA,,,JUN 25,,,JUN 25 PPTO,,,JUN 25 DELTA,,,T2,,,JUL 25,,,JUL 25 PPTO,,,JUL 25 DELTA,,,AGO 25,,,AGO 25 PPTO,,,AGO 25 DELTA,,,SEP 25,,,SEP 25 PPTO,,,SEP 25 DELTA,,,,,,OCT 25,,,OCT 25 PPTO,,,OCT 25 DELTA,,,NOV 25,,,NOV 25 PPTO,,,NOV 25 DELTA,,,DIC 25,,,DIC 25 PPTO,,,DIC 25 DELTA,,,,,,2025,,,2025 PPTO,,,2025 DELTA,,,2024,,,2024 Ene-Oct,
,CD JUAREZ,,,CD JUAREZ,,,CD JUAREZ,,,CD JUAREZ,,,CD JUAREZ,,,CD JUAREZ,,,CD JUAREZ,,,CD JUAREZ,,,CD JUAREZ,,,RESULTADO,,,CD JUAREZ,,,CD JUAREZ,,,CD JUAREZ,,,CD JUAREZ,,,CD JUAREZ,,,CD JUAREZ,,,CD JUAREZ,,,CD JUAREZ,,,CD JUAREZ,,,RESULTADO,,,CD JUAREZ,,,CD JUAREZ,,,CD JUAREZ,,,CD JUAREZ,,,CD JUAREZ,,,CD JUAREZ,,,CD JUAREZ,,,CD JUAREZ,,,CD JUAREZ,,,,,,CD JUAREZ,,,CD JUAREZ,,,CD JUAREZ,,,CD JUAREZ,,,CD JUAREZ,,,CD JUAREZ,,,CD JUAREZ,,,CD JUAREZ,,,CD JUAREZ,,,,,,GUADALAJARA,,,CD JUAREZ,,,CD JUAREZ,,,GUADALAJARA,,,GUADALAJARA,
,,,,,,,,,,,,,,,,,,,,,,,,,,,,,,,,,,,,,,,,,,,,,,,,,,,,,,,,,,,,,,,,,,,,,,,,,,,,,,,,,,,,,,,,,,,,,,,,,,,,,,,,,,,,,,,,,,,,,,,,,,,,,,,,,,,,,,
TRADICIONAL USD,896642.5425277512,,,1039059.3414362314,,,-142416.7989084802,-0.13706320055948465,,854685.3262002292,,,962541.4150245152,,,-107856.08882428601,-0.11205345260031122,,940304.9444445717,,,923733.9737140461,,,16570.970730525674,0.017939115808308936,,2691632.8131725523,0.9258150063299297,,805291.7140521463,,,1071626.5647765037,,,-266334.8507243574,-0.24853326660477446,,856310.0353360405,,,1092998.484503178,,,-236688.44916713738,-0.21654965905531337,,744530.213751338,,,1053825.76775348,,,-309295.55400214205,-0.2934978090937089,,2406131.9631395247,0.9340220847561537,,919476.5402126005,,,1303657.550627895,,,-384181.01041529444,-0.2946947303992963,,746479.6414905908,,,1189170.9968520626,,,-442691.3553614719,-0.3722688801975082,,841893.4908783118,,,1152357.1807130943,,,-310463.6898347825,-0.26941619753925894,,2507849.672581503,0.9354264335611221,,910544.6251482102,,,1277453.525501715,,,-366908.9003535048,-0.2872189813789138,,,,,,,,,,,,,,,,,,,,910544.6251482102,0.9438271744694713,,8516159.074041791,,,11066424.800902722,,,-2550265.726860931,-0.23045073478951378,,10885219.874091387,,,9221020.635143237,
AUTOMOTRIZ USD,51494.934693656665,,,110694.9447692073,,,-59200.010075550636,-0.5348031944817291,,29563.54108080916,,,95600.1795734063,,,-66036.63849259715,-0.6907585193591725,,22472.484381426613,,,100631.76797200664,,,-78159.28359058002,-0.7766859826245135,,103530.96015589245,0.03561054690037567,,45976.45191127745,,,90568.59117480599,,,-44592.13926352854,-0.4923576560604931,,29468.586135844504,,,105663.35637060697,,,-76194.77023476246,-0.7211087443362535,,36676.05684024732,,,105663.35637060697,,,-68987.29953035965,-0.6528971054865174,,112121.09488736928,0.04352362231005805,,44435.387122782966,,,115726.53316780765,,,-71291.14604502468,-0.6160311217622837,,32119.013379983047,,,105663.35637060697,,,-73544.34299062392,-0.6960250508480176,,40159.00390173753,,,105663.35637060697,,,-65504.35246886944,-0.6199344287258624,,116713.40440450354,0.0435340302987533,,25671.20999772962,,,115726.53316780765,,,-90055.32317007803,-0.7781735156577668,,,,,,,,,,,,,,,,,,,,25671.20999772962,0.026609553148947293,,358036.6694454949,,,1051601.9753074693,,,-693565.3058619744,-0.659532144430585,,1099415.9331721491,,,1035587.6811226584,
EMPAQUE USD,47601.88831136848,,,125897.25460844049,,,-78295.366297072,-0.6218989170223166,,36950.71825040647,,,93288.7117139531,,,-56337.993463546634,-0.6039100811713773,,27595.3344041841,,,129095.85587065252,,,-101500.52146646842,-0.7862415162897776,,112147.94096595905,0.038574446769694605,,14620.678274250267,,,143699.09794925334,,,-129078.41967500307,-0.8982549056820559,,17673.31142195044,,,145325.6136972803,,,-127652.30227532986,-0.8783881865535093,,25550.458330733305,,,165636.2657704626,,,-140085.8074397293,-0.8457435742596315,,57844.44802693401,0.022454292933788252,,16421.281920688387,,,121940.08783426396,,,-105518.80591357558,-0.8653331958969266,,25316.933831110917,,,150817.83715635753,,,-125500.90332524662,-0.8321356789856093,,14668.13746553321,,,119576.6978055386,,,-104908.5603400054,-0.8773328103658855,,56406.353217332515,0.02103953614012464,,28520.77106592374,,,91823.53252582012,,,-63302.761459896385,-0.6893958413339859,,,,,,,,,,,,,,,,,,,,28520.77106592374,0.02956327238158138,,254919.51327614932,,,1287100.9549320224,,,-1032181.4416558731,-0.8019428761206904,,382328.43144211953,,,328767.2715377724,
PROD HOGAR USD,0,,,,,,0,,,0,,,,,,0,,,0,,,,,,0,,,0,0,,0,,,,,,0,,,0,,,,,,0,,,0,,,,,,0,,,0,0,,0,,,,,,0,,,0,,,,,,0,,,0,,,,,,0,,,0,0,,0,,,,,,0,,,,,,,,,,,,,,,,,,,,,0,0,,0,,,0,,,0,,,0,,,0,
OTROS INGRESOS USD,0,,,2015.0398032409087,,,-2015.0398032409087,,,0,,,0,,,0,,,0,,,0,,,0,,,0,0,,0,,,,,,0,,,0,,,,,,0,,,0,,,,,,0,,,0,0,,0,,,,,,0,,,0,,,,,,0,,,0,,,,,,0,,,0,0,,0,,,,,,0,,,,,,,,,,,,,,,,,,,,,0,0,,0,,,2015.0398032409087,,,-2015.0398032409087,,,0,,,0,
TOTAL VENTAS USD,995739.3655327763,,,1277666.58061712,,,-281927.2150843438,-0.22065789256863186,,921199.5855314449,,,1151430.3063118747,,,-230230.72078042978,-0.19995193761911442,,990372.7632301825,,,1153461.5975567051,,,-163088.83432652277,-0.14139077943468775,,2907311.714294404,,,865888.844237674,,,1305894.253900563,,,-440005.40966288897,-0.336938008838496,,903451.9328938355,,,1343987.454571065,,,-440535.52167722967,-0.32778246566135316,,806756.7289223187,,,1325125.3898945495,,,-518368.66097223107,-0.3911846116037981,,2576097.506053828,,,980333.2092560718,,,1541324.1716299665,,,-560990.9623738946,-0.3639668881469891,,803915.5887016847,,,1445652.190379027,,,-641736.6016773424,-0.44390802016430325,,896720.6322455825,,,1377597.2348892398,,,-480876.6026436573,-0.3490690823594171,,2680969.430203339,,,964736.6062118636,,,1485003.5911953428,,,-520266.98498347925,-0.35034729078647825,,,,,,,,,,,,,,,,,,,,964736.6062118636,,,9129115.256763434,,,13407142.770945456,,,-4278027.514182019,-0.31908569836765754,,12366964.238705656,,,10585375.58780367,
,,,,,,,,,,,,,,,,,,,,,,,,,,,,,,,,,,,,,,,,,,,,,,,,,,,,,,,,,,,,,,,,,,,,,,,,,,,,,,,,,,,,,,,,,,,,,,,,,,,,,,,,,,,,,,,,,,,,,,,,,0,,,0,,,,,,0,,,0,
TRADICIONAL,18438889.869999997,0.9004791550527854,,20781186.828724626,0.8145322669961271,,-2342296.958724629,-0.1127123767294661,,17486806.83,0.9277960385828407,,19250828.300490305,0.8359528229785909,,-1764021.4704903066,-0.09163353612402113,,19158004.880000003,0.9494454808891246,,18474679.47428092,0.8008363483194632,,683325.4057190828,0.03698713185635279,,55083701.58,0.9257370254275396,,16184884.4,0.9300174259215946,,21432531.295530073,0.8206074585102681,,-5247646.895530073,-0.244844942632815,,16670187.99,0.9478202482706574,,21859969.69006356,0.8132505112199945,,-5189781.700063558,-0.23741028801254796,,14198407.090000002,0.9228683034920526,,21076515.3550696,0.7952649430687772,,-6878108.265069598,-0.3263399166890833,,47053479.480000004,0.9340496171549622,,17179647.980000004,0.9379224650671045,,26073151.012557898,0.8458036113514417,,-8893503.032557894,-0.34109812919329996,,13979728.790000003,0.9285547537349632,,23783419.937041253,0.8225844395810591,,-9803691.14704125,-0.41220695648452926,,15596144.27,0.9388581689818247,,23047143.614261888,0.8364978903327611,,-7450999.344261888,-0.32329383063552863,,46755521.04000001,0.9354118451067317,,16766287.020000001,0.9438271744694713,,25549070.5100343,0.8602359839907445,,-8782783.490034299,-0.3437613703631564,,,,,,,,,,,,,,,,,,,,16766287.020000001,0.9438271744694713,,165658989.12000003,0.9326261749210999,,221328496.01805443,0.8255366918432028,,-55669506.89805439,-0.2515243536174089,,198508616.37,0.880807961875057,,164759000,0.8706310866416377
AUTOMOTRIZ,1058960.94,0.05171527457499281,,2213898.895384146,0.08677522131050205,,-1154937.955384146,-0.521676015915689,,604868.1499999999,0.03209243853898805,,1912003.591468126,0.08302732614327435,,-1307135.4414681261,-0.683646959294907,,457859.93999999994,0.022690935388944615,,2012635.3594401327,0.08724327553268152,,-1554775.4194401328,-0.7725072562933776,,2121689.03,0.035657118806038696,,924042.2399999999,0.05309740645954964,,1811371.8234961198,0.06935369453099861,,-887329.58349612,-0.4898660628293806,,573678.75,0.03261776865256577,,2113267.1274121394,0.0786193025918754,,-1539588.3774121394,-0.7285346738429067,,699423.04,0.045461110549694345,,2113267.1274121394,0.07973838338348903,,-1413844.0874121394,-0.6690323570894239,,2197144.03,0.043615085701114026,,830237.94,0.04532682021095956,,2314530.663356153,0.0750825396097082,,-1484292.723356153,-0.6412931774271139,,601510.17,0.039953216272189625,,2113267.1274121394,0.07309044116822021,,-1511756.9574121395,-0.7153648196209837,,743948.76,0.04478429787120063,,2113267.1274121394,0.07670119661578909,,-1369318.3674121394,-0.6479627443450449,,2175696.87,0.04352796372044538,,472696.08,0.026609553148947293,,2314530.663356153,0.07793013690603565,,-1841834.5833561528,-0.7957702235344016,,,,,,,,,,,,,,,,,,,,472696.08,0.026609553148947293,,6967226.01,0.03922405525974935,,21032039.50614939,0.07844774002894678,,-14064813.49614939,-0.6687327442513167,,19908036.680000003,0.08833448912041642,,18613385.630000003,0.09835816044723959
EMPAQUE,978902.89,0.04780557037222165,,2517945.09216881,0.09869251169337101,,-1539042.2021688097,-0.6112294533170972,,756009.32,0.0401115228781713,,1865774.2342790621,0.08101985087813475,,-1109764.9142790623,-0.5948012861844869,,562234.1499999999,0.02786358372193076,,2581917.1174130505,0.11192037614785529,,-2019682.9674130506,-0.782241596289764,,2297146.36,0.03860585576642178,,293848.78,0.01688516761885559,,2873981.958985067,0.11003884695873337,,-2580133.1789850667,-0.8977555238016276,,344054.62,0.01956198307677673,,2906512.273945606,0.10813018618813007,,-2562457.6539456057,-0.8816262972346082,,487254.65,0.031670585958253,,3312725.315409252,0.12499667354773389,,-2825470.665409252,-0.8529142613383854,,1125158.05,0.022335297143923856,,306817.88,0.016750714721935938,,2438801.7566852793,0.07911384903885017,,-2131983.8766852794,-0.8741931855842952,,474123.94,0.03149202999284726,,3016356.7431271505,0.10432511925072065,,-2542232.8031271505,-0.8428156944365736,,271728.42,0.01635753314697468,,2391533.9561107717,0.0868009130514498,,-2119805.536110772,-0.8863790249326429,,1052670.24,0.021060191172822953,,525166.39,0.02956327238158138,,1836470.6505164024,0.061833879103219844,,-1311304.2605164023,-0.7140349670971724,,,,,,,,,,,,,,,,,,,,525166.39,0.02956327238158138,,5000141.039999999,0.02814976981915081,,25742019.09864045,0.09601556812785045,,-20741878.05864045,-0.8057595629604641,,6954398.260000001,0.030857549004526585,,5868502.420000001,0.0310107529111228
PROD HOGAR,0,0,,0,0,,0,,,0,0,,0,0,,0,,,0,0,,0,0,,0,,,0,0,,0,0,,0,0,,0,,,0,0,,0,0,,0,,,0,0,,0,0,,0,,,0,0,,0,0,,0,0,,0,,,0,0,,0,0,,0,,,0,0,,0,0,,0,,,0,0,,0,0,,0,0,,0,,,,,,,,,,,,,,,,,,,,,0,0,,0,0,,0,0,,0,,,0,0,,0,0
OTROS INGRESOS,0,0,,,0,,0,,,0,0,,0,0,,0,,,0,0,,0,0,,0,,,0,0,,0,0,,0,0,,0,,,0,0,,0,0,,0,,,0,0,,0,0,,0,,,0,0,,0,0,,0,0,,0,,,0,0,,0,0,,0,,,0,0,,0,0,,0,,,0,0,,,0,,0,0,,0,,,,,,,,,,,,,,,,,,,,,0,0,,0,0,,0,0,,0,,,,,,0,
TOTAL VENTAS,20476753.7,,,25513030.81627758,,,-5036277.116277585,-0.19740018943826862,,18847684.299999997,,,23028606.126237493,,,-4180921.826237495,-0.18155340376741214,,20178098.970000003,,,23069231.951134104,,,-2891132.981134101,-0.12532419749639612,,59502536.97,,,17402775.42,,,26117885.07801126,,,-8715109.65801126,-0.33368359007554327,,17587921.360000003,,,26879749.091421306,,,-9291827.731421303,-0.34568134173494935,,15385084.780000003,,,26502507.79789099,,,-11117423.01789099,-0.4194856993410898,,50375781.56,,,18316703.800000004,,,30826483.43259933,,,-12509779.632599328,-0.40581273760762804,,15055362.900000002,,,28913043.807580546,,,-13857680.90758054,-0.47928820638203706,,16611821.45,,,27551944.6977848,,,-10940123.247784799,-0.39707263381173946,,49983888.150000006,,,17764149.490000002,,,29700071.823906854,,,-11935922.333906855,-0.4018819349890972,,,,,,,,,,,,,,,,,,,,17764149.490000002,,,177626356.17000002,1,,268102554.62284425,,,-90476198.45284423,-0.33746861748528456,,225371051.31,1,,189240888.04999998,1
,,,,,,,,,,,,,,,,,,,,,,,,,,,,,,,,,,,,,,,,,,,,,,,,,,,,,,,,,,,,,,,,,,,,,,,,,,,,,,,,,,,,,,,,,,,,,,,,,,,,,,,,,,,,,,,,,,,,,,,,,,,,,,,,,,,,,,
(+)TRANSFERENCIAS ENVIADAS,144676.85000000003,0.007015849344166864,,82415.51693482824,0.003219928883517325,,62261.3330651718,0.755456440495377,,70596,0.00373162882040605,,74272.68220734523,0.0032148669792699688,,-3676.682207345235,-0.04950248325597197,,46863.68000000001,0.0023171207191327,,74403.71006745177,0.0032148669792699688,,-27540.030067451764,-0.37014323670802096,,262136.53000000003,0.004386145102926063,,139660.06000000003,0.007961269697085414,,84236.33491724644,0.0032148669792699688,,55423.72508275359,0.6579550871628225,,303522.57000000007,0.0169646771488946,,86693.52591886534,0.0032148669792699688,,216829.04408113472,2.501098459002123,,38323.62,0.0024847698385526765,,85476.83383788256,0.0032148669792699688,,-47153.213837882555,-0.5516490459545388,,481506.2500000001,0.009467792537401536,,398339.19,0.021284438951748294,,99422.67434722595,0.003214866979269969,,298916.515652774,3.0065225826538455,,370348.57999999996,0.024008525018775984,,93251.38059141142,0.003214866979269969,,277097.1994085885,2.971507742311212,,430315.11000000004,0.025250068175724092,,88861.51517444287,0.003214866979269969,,341453.5948255572,3.8425362673059777,,1199002.88,0.023425852972963644,,455514.79999999993,0.02500127295155557,,95789.73143316216,0.003214866979269969,,359725.06856683776,3.7553614900553094,,,,,,,,,,,,,,,,,,,,455514.79999999993,0.02500127295155557,,2398160.4600000004,0.013321299259083033,,864823.9054298619,0.0032153486796873795,,1533336.5545701385,1.7730043595499265,,971248.92,0.004291062337941497,,684098.73,0.0036019417012908748
(+)P.T. PENDIENTE TRANSFERIR,0,,,0,,,0,,,0,,,0,,,0,,,0,,,0,,,0,,,0,,,0,,,0,,,0,,,0,,,0,,,0,,,0,,,0,,,0,,,0,,,0,,,0,,,0,,,0,,,0,,,0,,,0,,,0,,,0,,,0,,,0,,,0,,,0,,,,,,,,,,,,,,,,,,,,,0,,,0,,,0,,,0,,,0,,,0,
,,,,,,,,,,,,,,,,,,,,,,,,,,,,,,,,,,,,,,,,,,,,,,,,,,,,,,,,,,,,,,,,,,,,,,,,,,,,,,,,,,,,,,,,,,,,,,,,,,,,,,,,,,,,,,,,,,,,,,,,,,,,,,,,,,,,,,
TOTAL VENTAS C/TRANSFERENC,20621430.55,,,25595446.333212405,,,-4974015.783212413,-0.1943320588536942,,18918280.299999997,,,23102878.80844484,,,-4184598.50844484,-0.1811288776234777,,20224962.650000002,,,23143635.661201555,,,-2918673.0112015526,-0.12611125814145413,,59764673.5,,,17542435.48,,,26202121.412928507,,,-8659685.932928506,-0.33049560363672276,,17891443.930000003,,,26966442.61734017,,,-9074998.687340168,-0.336529323356307,,15423408.400000002,,,26587984.631728873,,,-11164576.231728872,-0.41991058691998717,,50857287.81,,,18715042.990000006,,,30925906.106946554,,,-12210863.116946554,-0.39484253346432274,,15425711.480000002,,,29006295.188171957,,,-13580583.70817195,-0.46819435643438456,,17042136.56,,,27640806.21295924,,,-10598669.652959242,-0.38344285515051707,,51182891.03000001,,,18219664.290000003,,,29795861.555340014,,,-11576197.265340017,-0.3885169503771347,,,,,,,,,,,,,,,,,,,,18219664.290000003,,,180024516.63000003,1,,268967378.5282741,,,-88942861.8982741,-0.33068271098505847,,226342300.23,1,,189924986.77999997,1
,0.03400460096331636,,,,,,,,,0.03527202900540416,,,,,,,,,0.034915497633733986,,,,,,,,,0.1869463321454706,,,0.03137127084412266,,,,,,,,,0.03176028560183477,,,,,,,,,0.030377324756474634,,,,,,,,,0.1869463321454706,,,0.03136588069985529,,,,,,,,,0.030483866967162414,,,,,,,,,0.032243632470695824,,,,,,,,,0.1869463321454706,,,0.028849891560312098,,,,,,,,,,,,,,,,,,,,,,,,,,,0.1869463321454706,,,,,,,,,,,,,,,,
INVENTARIO INICIAL,5374965.44,,,,,,,,,4408919.45,,,,,,,,,3819104.21,,,,,,,,,5374965.44,,,4016537.5,,,,,,,,,4419137.25,,,,,,,,,5623170.46,,,,,,,,,4016537.5,,,3700676.1399999997,,,,,,,,,4298459.35,,,,,,,,,4022983.6500000004,,,,,,,,,3700676.1399999997,,,3952957.3200000003,,,,,,,,,,,,,,,,,,,,,,,,,,,3952957.3200000003,,,,,,,,,,,,,,,,
(+) COMPRAS,1083136.54,,,,,,,,,1178628.45,,,,,,,,,1411251.16,,,,,,,,,3673016.15,,,1339518.95,,,,,,,,,1413318.53,,,,,,,,,1048449.9,,,,,,,,,3801287.38,,,1382318.39,,,,,,,,,1095891.7,,,,,,,,,1095638.72,,,,,,,,,3573848.8099999996,,,1877837.25,,,,,,,,,,,,,,,,,,,,,,,,,,,1877837.25,,,,,,,,,,,,,,,,
(+)TRANSFERENCIAS RECIBIDAS,9778929.159999996,,,,,,,,,9380714.820000006,,,,,,,,,10265966.469999967,,,,,,,,,29425610.44999997,,,9532501.540000007,,,,,,,,,10398949.369999982,,,,,,,,,7821106.430000004,,,,,,,,,27752557.339999992,,,10574089.319999976,,,,,,,,,9474319.370000003,,,,,,,,,10524152.900000008,,,,,,,,,30572561.58999999,,,10280822.220000006,,,,,,,,,,,,,,,,,,,,,,,,,,,10280822.220000006,,,,,,,,,,,,,,,,
(--) INVENTARIO FINAL,4408919.45,,,,,,,,,3819104.21,,,,,,,,,4016537.5,,,,,,,,,4016537.5,,,4419137.25,,,,,,,,,5465946.38,,,,,,,,,3700676.1399999997,,,,,,,,,3700676.1399999997,,,4319547.09,,,,,,,,,4022983.6500000004,,,,,,,,,3952957.3200000003,,,,,,,,,3952957.3200000003,,,4197212.05,,,,,,,,,,,,,,,,,,,,,,,,,,,0,,,,,,,,,,,,,,,,
MATERIALES,11828111.689999998,0.5735834699402073,,15125090.806273561,0.5909289726527405,,-3296979.1162735634,-0.017345502712533212,,11149158.510000005,0.5893325573572354,,13630698.496982453,0.59,,-2481539.986982448,,,11479784.339999966,0.5676047238584129,,13654745.040108917,0.59,,-2174960.700108951,-0.022395276141587095,,34457054.53999997,0.576545516307388,,10469420.740000006,0.5968054294363011,,15459251.633627819,0.59,,-4989830.893627813,0.006805429436301136,,10765458.769999983,0.6017098906113824,,15910201.1442307,0.59,,-5144742.374230716,0.01170989061138239,,10792050.650000006,0.6997189188091527,,15686910.932720033,0.59,,-4894860.2827200275,0.10971891880915274,,32026930.159999993,0.6297412138777597,,11337536.759999976,0.6057980612739149,,18246284.603098467,0.59,,-6908747.843098491,0.01579806127391492,,10845686.770000003,0.703091509526924,,17113714.161021452,0.59,,-6268027.391021449,0.11309150952692404,,11689817.950000007,0.6859361740732353,,16308075.665645951,0.59,,-4618257.715645945,0.09593617407323529,,33873041.47999999,0.6618039895430264,,11914404.740000006,0.6539310796488887,,17579558.31765061,0.59,,-5665153.577650603,0.06393107964888878,,,,,,,,,,,,,,,,,,,,11914404.740000006,0.6539310796488887,,112271430.91999994,0.6236452291148137,,158714530.80135998,0.5900884028011439,,-46443099.88136004,0.03355682631366974,,130622251.08000001,0.5771004842986349,,110198437.39000002,0.5802208506543092
(+) VARIACION EN COMPRAS,4148.68,0,,0,0,,4148.68,,,48.64,0,,0,0,,48.64,,,4993.46,0,,0,0,,4993.46,,,9190.78,0,,433298.07,0.024699995077308388,,0,0,,433298.07,,,332365.62,0.018576791303171244,,0,0,,332365.62,,,231275.97,0.014995127147122679,,0,0,,231275.97,,,996939.6599999999,0.019602690252073823,,275101.62,0.01469949174826875,,0,0,,275101.62,,,15480.7,0.0010035647315244612,,0,0,,15480.7,,,-4360.67,0,,0,0,,-4360.67,,,286221.65,0.0055921352670804765,,2108.11,0,,0,0,,2108.11,,,,,,,,,,,,,,,,,,,,,2108.11,0,,1294460.2000000002,0.007190466188893996,,0,0,,1294460.2000000002,,,21541.72,0,,-1835.02,0
(+) VARIACION STD,0,0,,0,0,,0,,,0,0,,0,0,,0,,,0,0,,0,0,,0,,,0,0,,0,0,,0,0,,0,,,-157224.08,-0.008787668598193459,,0,0,,-157224.08,,,0,0,,0,0,,0,,,-157224.08,-0.0030914759077869114,,21087.74,0.0011267802062366512,,0,0,,21087.74,,,0,0,,0,0,,0,,,0,0,,0,0,,0,,,21087.74,0,,0,0,,0,0,,0,,,,,,,,,,,,,,,,,,,,,0,0,,-136136.34,0,,0,0,,-136136.34,,,-474778.72,-0.0020976137448349198,,-194240.37,-0.001022721513862727
FLETES MERCANCIAS,259151.52000000002,0.012567097096956739,,127766.65806171198,0.004991773005181909,,131384.86193828803,0.0075753240917748295,,247146.43,0.013063895136388271,,115143.03063118747,0.00498392566510365,,132003.3993688125,0.008079969471284622,,372482.55000000005,0.018416970970277665,,115346.15975567052,0.00498392566510365,,257136.39024432952,0.013433045305174016,,878780.5,0.014704012396219315,,0,0,,130589.4253900563,0.00498392566510365,,-130589.4253900563,,,0,0,,134398.74545710653,0.00498392566510365,,-134398.74545710653,,,0,0,,132512.53898945494,0.00498392566510365,,-132512.53898945494,,,0,0,,7274,0,,154132.41716299666,0.004983925665103651,,-146858.41716299666,-0.004983925665103651,,0,0,,144565.21903790275,0.004983925665103651,,-144565.21903790275,,,2429,0,,137759.723488924,0.00498392566510365,,-135330.723488924,-0.00498392566510365,,9703,0,,0,0,,148500.35911953426,0.00498392566510365,,-148500.35911953426,,,,,,,,,,,,,,,,,,,,,0,0,,888483.5,0.004935347232877611,,1340714.2770945455,0.004984672432882444,,-452230.77709454554,,,3769785.3299999996,0.016655239989031193,,3007225.4099999997,0.015833753425416455
FLETES INTERPLANTAS,24000,0.0011638377823404691,,229979.98451108154,0.008985191409327437,,-205979.98451108154,-0.007821353626986967,,74200,0.003922132393820173,,207257.45513613743,0.00897106619718657,,-133057.45513613743,-0.005048933803366398,,32650,0.0016143416709844948,,207623.0875602069,0.008971066197186569,,-174973.0875602069,-0.007356724526202074,,130850,0.0021894204776338314,,0,0,,235060.96570210133,0.008971066197186569,,-235060.96570210133,,,29150,0.0016292703995300169,,241917.74182279175,0.00897106619718657,,-212767.74182279175,-0.007341795797656554,,44768.31,0.0029026210574829873,,238522.5701810189,0.00897106619718657,,-193754.2601810189,-0.006068445139703583,,73918.31,0.0014534457731240936,,51924,0.002774452616953352,,277438.3508933939,0.008971066197186569,,-225514.35089339392,-0.0061966135802332175,,10999.07,0,,260217.3942682249,0.008971066197186569,,-249218.32426822488,-0.008971066197186569,,36337.28,0.0021322021374531224,,247967.50228006317,0.008971066197186569,,-211630.22228006317,-0.0068388640597334465,,99260.35,0.0019393267555328241,,56903.9,0.003123213418988852,,267300.64641516167,0.00897106619718657,,-210396.74641516167,-0.005847852778197719,,,,,,,,,,,,,,,,,,,,56903.9,0.003123213418988852,,360932.56000000006,0.0020049078134275226,,2413285.6987701813,0.008972410379188398,,-2052353.1387701812,-0.006967502565760875,,6216194.76,0.027463689967290036,,6114700,0.03219534250689708
GASTOS DE IMPORTACION MERCANCIAS,0,0,,102213.32644936958,0.003993418404145527,,-102213.32644936958,,,6522.14,0,,92114.42450494997,0.00398714053208292,,-85592.28450494997,-0.00398714053208292,,14903.39,0,,92276.92780453642,0.00398714053208292,,-77373.53780453642,-0.00398714053208292,,21425.53,0,,10388.45,0,,104471.54031204504,0.0039871405320829195,,-94083.09031204504,-0.0039871405320829195,,0,0,,107518.99636568522,0.00398714053208292,,-107518.99636568522,,,0,0,,106010.03119156396,0.00398714053208292,,-106010.03119156396,,,10388.45,0,,0,0,,123305.93373039732,0.00398714053208292,,-123305.93373039732,,,0,0,,115652.17523032219,0.00398714053208292,,-115652.17523032219,,,0,0,,110207.77879113921,0.00398714053208292,,-110207.77879113921,,,0,0,,0,0,,118800.28729562742,0.00398714053208292,,-118800.28729562742,,,,,,,,,,,,,,,,,,,,,0,0,,31813.98,0,,1072571.4216756364,0.003987737946305955,,-1040757.4416756365,-0.003987737946305955,,135422.15000000002,0,,85248.51000000001,0
(+) GTOS S/COMPRA,283151.52,0.013730934879297208,,459959.9690221631,0.017970382818654873,,-176808.44902216308,-0.004239447939357665,,327868.57,0.01733078085326815,,414514.91027227486,0.01794213239437314,,-86646.3402722749,,,420035.94000000006,0.02076819360652812,,415246.1751204139,0.01794213239437314,,4789.76487958619,0.002826061212154979,,1031056.03,0.017251931109437083,,10388.45,0,,470121.93140420265,0.017942132394373138,,-459733.48140420264,-0.017942132394373138,,29150,0.0016292703995300169,,483835.4836455835,0.01794213239437314,,-454685.4836455835,-0.016312861994843126,,44768.31,0.0029026210574829873,,477045.1403620378,0.01794213239437314,,-432276.83036203776,-0.015039511336890153,,84306.76,0.0016577124662047523,,59198,0.0031631239122256478,,554876.701786788,0.01794213239437314,,-495678.7017867879,-0.014779008482147494,,10999.07,0,,520434.7885364498,0.017942132394373138,,-509435.71853644983,-0.017942132394373138,,38766.28,0.002274731214804912,,495935.0045601264,0.01794213239437314,,-457168.7245601264,-0.01566740117956823,,108963.35,0.0021289018226057794,,56903.9,0.003123213418988852,,534601.2928303233,0.01794213239437314,,-477697.3928303233,-0.01481891897538429,,,,,,,,,,,,,,,,,,,,56903.9,0.003123213418988852,,1281230.04,0.007116975309720068,,4826571.3975403635,0.0179448207583768,,-3545341.357540363,-0.01082784544865673,,10121402.24,0.04471723681218683,,9207173.92,0.048477949511009574
TOTAL MATERIALES,12115411.889999997,0.5875155877582895,,15585050.775295723,0.6088993554713954,,-3469638.8852957264,-0.021383767713105906,,11477075.720000006,0.6066659092687198,,14045213.407254728,0.607942132394373,,-2568137.6872547227,-0.0012762231256532308,,11904813.739999967,0.5886198133473421,,14069991.21522933,0.6079421323943731,,-2165177.475229365,-0.019322319047030967,,35497301.349999964,0.5939512302363698,,10913107.260000005,0.6220976142361736,,15929373.565032022,0.6079421323943731,,-5016266.305032016,0.014155481841800488,,10969750.309999982,0.6131282837158901,,16394036.627876282,0.6079421323943731,,-5424286.3178763,0.005186151321517007,,11068094.930000007,0.7176166670137585,,16163956.07308207,0.6079421323943731,,-5095861.1430820655,0.10967453461938537,,32950952.499999996,0.6479101406882515,,11692924.119999975,0.624787457140646,,18801161.304885253,0.6079421323943731,,-7108237.184885279,0.01684532474627287,,10872166.540000003,0.7048081091167927,,17634148.9495579,0.607942132394373,,-6761982.4095578985,0.0968659767224197,,11724223.560000006,0.6879550295071692,,16804010.670206077,0.6079421323943731,,-5079787.110206071,0.08001289711279613,,34289314.21999999,0.6699370342308697,,11973416.750000006,0.6571699982733328,,18114159.61048093,0.6079421323943731,,-6140742.860480926,0.049227865878959665,,,,,,,,,,,,,,,,,,,,11973416.750000006,0.6571699982733328,,114710984.81999995,0.6371964606118766,,163541102.19890034,0.6080332235595207,,-48830117.3789004,0.029163237052355906,,140290416.32000002,0.6198152805615323,,119209535.92000002,0.6276664168369096
,,,,,,,,,,,,,,,,,,,,,,,,,,,,,,,,,,,,,,,,,,,,,,,,,,,,,,,,,,,,,,,,,,,,,,,,,,,,,,,,,,,,,,,,,,,,,,,,,,,,,,,,,,,,,,,,,,,,,,,,,,,,,,,,,,,,,,
MANO DE OBRA,1438636.2,0.06976413185844664,,1115531.4311750003,0.04358319900550034,,323104.7688249997,0.0261809328529463,,1415275.89,0.0748099651531223,,1059754.8596162503,0.045871117119346876,,355521.03038374963,0.028938848033775423,,1461859.19,0.07227994510041777,,1059754.8596162503,0.045790336277754494,,402104.3303837497,0.026489608822663276,,4315771.28,0.07221274755228103,,1381464.06,0.07874984414649819,,1133937.6997893879,0.043276560776101376,,247526.36021061218,0.03547328337039681,,1704220.47,0.09525337790888964,,1417422.124736735,0.05256244380655879,,286798.3452632651,0.04269093410233085,,1301751.08,0.08440099919807607,,1156616.4537851757,0.04350147142799696,,145134.62621482438,0.04089952777007912,,4387435.609999999,0.0862695554350286,,1165885.11,0.06229668350871364,,1191314.947398731,0.03852158586005468,,-25429.837398730917,0.023775097648658962,,1633165.04,0.10587291497818159,,1489143.684248414,0.05133863785733138,,144021.35575158615,0.05453427712085021,,1321133.7,0.07752160037849151,,1191314.947398731,0.043099862508358726,,129818.75260126893,0.034421737870132786,,4120183.8500000006,0.08049924041189901,,1524237.07,0.0836588998424405,,1533817.9947758664,0.05147755140179779,,-9580.924775866326,0.03218134844064271,,,,,,,,,,,,,,,,,,,,1524237.07,0.0836588998424405,,14347627.809999999,0.0796981882167101,,12348609.002540542,0.04591117729632943,,1999018.8074594568,0.03378701092038067,,15465232.45,0.0683267442024087,,13062325.969999999,0.06877623735275429
,,,,,,,,,,,,,,,,,,,,,,,,,,,,,,,,,,,,,,,,,,,,,,,,,,,,,,,,,,,,,,,,,,,,,,,,,,,,,,,,,,,,,,,,,,,,,,,,,,,,,,,,,,,,,,,,,,,,,,,,,,,,,,,,,,,,,,
GASTOS DE FABRICACION:,,,,,,,,,,,,,,,,,,,,,,,,,,,,,,,,,,,,,,,,,,,,,,,,,,,,,,,,,,,,,,,,,,,,,,,,,,,,,,,,,,,,,,,,,,,,,,,,,,,,,,,,,,,,,,,,,,,,,,,,,,,,,,,,,,,,,,
MANO DE OBRA INDIRECTA,799975.39,0.03879339932602299,,763077.6834911999,0.02981302508099019,,36897.706508800155,0.008980374245032802,,731890.54,0.0386869487286326,,712206.3466435755,0.03082760172655372,,19684.19335642457,0.007859347002078878,,734818.36,0.03633224805980049,,712206.3466435755,0.030773313107306306,,22612.01335642452,0.005558934952494182,,2266684.29,0.03792682461487889,,699927.56,0.039899109835574556,,747816.6639757543,0.028540309854711638,,-47889.10397575423,0.011358799980862918,,875159.07,0.04891494914686854,,810134.0961265138,0.030042305083488288,,65024.97387348616,0.01887264406338025,,675931.93,0.04382506852376417,,747816.6639757543,0.02812611314222532,,-71884.73397575424,0.015698955381538853,,2251018.56,0.04426147474497028,,614269.34,0.0328222243640168,,777729.3305347845,0.025148150157517663,,-163459.9905347845,0.007674074206499137,,804684.71,0.05216516016413914,,842539.4599715744,0.029046779483756374,,-37854.749971574405,0.02311838068038277,,639464.46,0.03752255227791697,,777729.3305347845,0.02813699877430313,,-138264.8705347845,0.00938555350361384,,2058418.5099999998,0.04021692539394642,,747702.27,0.041038202356471626,,842539.4599715744,0.028277063189017754,,-94837.18997157435,0.012761139167453871,,,,,,,,,,,,,,,,,,,,747702.27,0.041038202356471626,,7323823.629999999,0.04068236797464911,,7733795.381869089,0.028753655644735015,,-409971.7518690899,0.011928712329914094,,9179238.06,0.04055467338925347,,7719343.399999999,0.040644169737085296
MANTENIMIENTO INSTALACIONES,1900,0,,13471.75,0,,-11571.75,,,1785,0,,0,0,,1785,,,0,0,,0,0,,0,,,3685,0,,0,0,,0,0,,0,,,10953.55,0,,0,0,,10953.55,,,14953.689999999999,0,,0,0,,14953.689999999999,,,25907.239999999998,0,,0,0,,0,0,,0,,,0,0,,0,0,,0,,,0,0,,0,0,,0,,,0,0,,700,0,,0,0,,700,,,,,,,,,,,,,,,,,,,,,700,0,,30292.239999999998,0,,13471.75,0,,16820.489999999998,,,16071.75,0,,13471.75,0
MANTENIMIENTO ACTIVO FIJO,7239.84,0,,50716,0.0019814462049130748,,-43476.16,-0.0019814462049130748,,131595.43000000002,0.00695599324638403,,67476.09000000001,0.0029206788712121605,,64119.34000000001,0.004035314375171869,,23696.469999999998,0.001171644685336415,,65674,0.002837669973784507,,-41977.53,-0.0016660252884480922,,162531.74000000002,0.0027195286191934107,,14992.82,0,,65427,0.002497011557534321,,-50434.18,-0.002497011557534321,,734,0,,25969.110000000004,0,,-25235.110000000004,,,29834.350000000002,0.001934355184422141,,66056.19,0.002484437647867887,,-36221.84,,,45561.17,0,,69097.04,0.0036920588446909025,,62806,0.002030853996090112,,6291.039999999994,0.0016612048486007907,,59656.479999999996,0.003867340581168447,,60420.89,0.0020830267915303478,,-764.4100000000035,0.0017843137896380993,,12767.390000000001,0,,24061.909999999996,0,,-11294.519999999995,,,141520.90999999997,0.002765004226061592,,5945.32,0,,57173.83,0.001918851377860336,,-51228.51,-0.001918851377860336,,,,,,,,,,,,,,,,,,,,5945.32,0,,355559.14,0.001975059545532745,,545781.02,0.0020291718013774928,,-190221.88,,,747412.1900000001,0.00330213216548789,,705781.23,0.003716105194823803
DEPRECIACIONES Y AMORT.,411066.83,0.019933962825871943,,411066.99,0.016060161039919175,,-0.15999999997438863,0.0038738017859527678,,408521.04,0.021593983888694157,,411066.99,0.017792890375624613,,-2545.9500000000116,0.0038010935130695436,,409269.77,0.020235872722365694,,411066.99,0.017761556395787925,,-1797.219999999972,0.002474316326577769,,1228857.6400000001,0.020561605510988026,,401721.02,0.02289995710447384,,411066.99,0.015688309489214625,,-9345.969999999972,0.007211647615259217,,401385.14,0.022434474353798,,411066.99,0.01524364914694653,,-9681.849999999977,0.007190825206851471,,401384.97,0.026024401324936705,,411066.99,0.015460629893303445,,-9682.020000000019,0.01056377143163326,,1204491.13,0.02368374685059714,,401385.03,0.0214471871752831,,411066.99,0.01329199502121189,,-9681.959999999963,0.00815519215407121,,399376.59,0.025890318933930945,,411066.99,0.014171647476290693,,-11690.399999999965,0.011718671457640252,,399131.09,0.023420249485431893,,411066.99,0.014871743856996236,,-11935.899999999965,0.008548505628435657,,1199892.71,0.023443238274616075,,399130.67,0.02190658750057573,,411066.99,0.013796110216062155,,-11936.320000000007,0.008110477284513574,,,,,,,,,,,,,,,,,,,,399130.67,0.02190658750057573,,4032372.1500000004,0.02239901667553223,,4110669.9000000004,0.015283154122602578,,-78297.75,0.007115862552929654,,5629113.859999999,0.02486991540812265,,4806978.9799999995,0.02530988187230032
FLETES REFACCIONES,0,0,,0,0,,0,,,0,0,,0,0,,0,,,0,0,,4791.65,0,,-4791.65,,,0,0,,173899.13999999998,0.009913055698466788,,6905,0,,166994.13999999998,0.009913055698466788,,7114.59,0,,7509,0,,-394.40999999999985,,,4472.4,0,,6029,0,,-1556.6000000000004,,,185486.12999999998,0.0036471887901880617,,10079.27,0,,8625,0,,1454.2700000000004,,,3640.8,0,,7864,0,,-4223.2,,,3197.1899999999996,0,,6675,0,,-3477.8100000000004,,,16917.260000000002,0,,4610.27,0,,9256,0,,-4645.73,,,,,,,,,,,,,,,,,,,,,4610.27,0,,207013.65999999995,0.0011499192658601608,,57654.65,0,,149359.00999999995,0.0011499192658601608,,54215.53999999999,0,,54215.53999999999,0
GASTOS DE IMPORTACION REFACCIONES,0,0,,0,0,,0,,,0,0,,0,0,,0,,,0,0,,7519,0,,-7519,,,0,0,,0,0,,11854.529999999999,0,,-11854.529999999999,,,0,0,,10915,0,,-10915,,,10736.54,0,,11677,0,,-940.4599999999991,,,10736.54,0,,21516.100000000002,0.0011496687456981362,,15261.44,0,,6254.660000000002,0.0011496687456981362,,18039.86,0.0011694669658115502,,12082,0,,5957.860000000001,0.0011694669658115502,,20793.08,0.0012200981917257917,,10926,0,,9867.080000000002,0.0012200981917257917,,60349.04000000001,0.0011790861904347571,,346.8199999999997,0,,16301,0,,-15954.18,,,,,,,,,,,,,,,,,,,,,346.8199999999997,0,,71432.4,0,,96535.97,0,,-25103.570000000007,,,48394.32,0,,48394.32,0
HONORARIOS,0,0,,0,0,,0,,,0,0,,0,0,,0,,,0,0,,0,0,,0,,,0,0,,5767,0,,0,0,,5767,,,0,0,,0,0,,0,,,4250,0,,0,0,,4250,,,10017,0,,7500,0,,0,0,,7500,,,6200,0,,0,0,,6200,,,3700,0,,0,0,,3700,,,17400,0,,1850,0,,0,0,,1850,,,,,,,,,,,,,,,,,,,,,1850,0,,29267,0,,0,0,,29267,,,0,0,,0,0
MATERIALES INDIRECTOS,14344.64,0,,2667.791908033815,0,,11676.848091966185,,,77360.37,0.004089186161386984,,40074.23726214096,0.001734599293638356,,37286.132737859036,0.0023545868677486287,,35872.83,0.0017736907909691492,,0,0,,35872.83,,,127577.84,0.002134669739306783,,7870,0,,92184.24062228111,0.0035181975981836366,,-84314.24062228111,-0.0035181975981836366,,0,0,,933.124222388059,0,,-933.124222388059,,,25729.32,0.0016681993585801694,,0,0,,25729.32,,,33599.32,0,,166155.7,0.00887818959800316,,0,0,,166155.7,,,54770.72,0.003550612240544771,,15491,0,,39279.72,0.003550612240544771,,67200.79,0.0039432139135493465,,11,0,,67189.79,0.0039432139135493465,,288127.21,0.0056293656767281664,,61560.64,0.0033788021019568407,,8149.510356753583,0,,53411.129643246415,0.0033788021019568407,,,,,,,,,,,,,,,,,,,,61560.64,0.0033788021019568407,,510865.00999999995,0.002837752432630986,,159510.9043715975,0,,351354.10562840244,0.002837752432630986,,270573.86,0.0011954188842520982,,269478.15,0.0014188662301298494
COMBUSTIBLE,0,0,,70942.11590144393,0.0027716694203292766,,-70942.11590144393,,,0,0,,26487.586207589193,0.0011465058717231003,,-26487.586207589193,,,0,0,,92388.15486816996,0.003991946478100296,,-92388.15486816996,,,0,0,,0,0,,85491.74292285962,0.0032627794358924215,,-85491.74292285962,,,0,0,,82579.75259377142,0.0030623154030954888,,-82579.75259377142,,,0,0,,24941.0577129662,0,,-24941.0577129662,,,0,0,,0,0,,0,0,,0,,,0,0,,0,0,,0,,,0,0,,0,0,,0,,,0,0,,0,0,,0,0,,0,,,,,,,,,,,,,,,,,,,,,0,0,,0,0,,382830.4102068004,0.0014233339831081296,,-382830.4102068004,,,564748.94,0.00249511001446095,,564748.94,0.0029735368135324824
HERRAMIENTAS Y EQ MENORES,3525.78,0,,8084.839213908272,0,,-4559.059213908271,,,2407.5,0,,6663.294473324969,0,,-4255.794473324969,,,0,0,,8649.756284323057,0,,-8649.756284323057,,,5933.280000000001,0,,1125,0,,59257.45501551398,0.0022615518064989766,,-58132.45501551398,-0.0022615518064989766,,1597.2,0,,56817.2267021385,0.0021069603992038403,,-55220.0267021385,-0.0021069603992038403,,0,0,,656.6190273157941,0,,-656.6190273157941,,,2722.2,0,,1125,0,,4072.923097535629,0,,-2947.923097535629,,,17772.4,0.0011521283814391683,,0,0,,17772.4,,,0,0,,1764.2470453761407,0,,-1764.2470453761407,,,18897.4,0,,8181.24,0,,0,0,,8181.24,,,,,,,,,,,,,,,,,,,,,8181.24,0,,35734.12,0,,145966.3608594363,0,,-110232.24085943631,,,127990.42,0,,125440.42,0
EQ PROTECCION Y SEGURIDAD,0,0,,0,0,,0,,,0,0,,0,0,,0,,,0,0,,0,0,,0,,,0,0,,0,0,,0,0,,0,,,0,0,,0,0,,0,,,0,0,,0,0,,0,,,0,0,,0,0,,0,0,,0,,,0,0,,0,0,,0,,,0,0,,0,0,,0,,,0,0,,0,0,,0,0,,0,,,,,,,,,,,,,,,,,,,,,0,0,,0,0,,0,0,,0,,,0,0,,0,0
MAQUILA,0,0,,0,0,,0,,,0,0,,0,0,,0,,,0,0,,0,0,,0,,,0,0,,0,0,,0,0,,0,,,0,0,,0,0,,0,,,0,0,,0,0,,0,,,0,0,,0,0,,0,0,,0,,,0,0,,0,0,,0,,,0,0,,0,0,,0,,,0,0,,0,0,,0,0,,0,,,,,,,,,,,,,,,,,,,,,0,0,,0,0,,0,0,,0,,,0,0,,0,0
DIVERSOS,0,0,,0,0,,0,,,0,0,,0,0,,0,,,0,0,,0,0,,0,,,0,0,,0,0,,0,0,,0,,,0,0,,0,0,,0,,,0,0,,0,0,,0,,,0,0,,0,0,,0,0,,0,,,0,0,,0,0,,0,,,0,0,,0,0,,0,,,0,0,,0,0,,0,0,,0,,,,,,,,,,,,,,,,,,,,,0,0,,0,0,,0,0,,0,,,0,0,,0,0
RECOLECCION DE BASURA ,0,0,,8913,0,,-8913,,,17890.24,0,,8913,0,,8977.240000000002,,,9755.47,0,,8913,0,,842.4699999999993,,,27645.71,0,,4277.28,0,,8913,0,,-4635.72,,,0,0,,8913,0,,-8913,,,0,0,,8913,0,,-8913,,,4277.28,0,,0,0,,8913,0,,-8913,,,0,0,,8913,0,,-8913,,,0,0,,8913,0,,-8913,,,0,0,,0,0,,8913,0,,-8913,,,,,,,,,,,,,,,,,,,,,0,0,,31922.989999999998,0,,89130,0,,-57207.01,,,97283.58,0,,55380.1,0
ARRENDAMIENTO DE EQUIPOS,0,0,,0,0,,0,,,0,0,,0,0,,0,,,0,0,,0,0,,0,,,0,0,,0,0,,0,0,,0,,,0,0,,0,0,,0,,,0,0,,7723.919510397196,0,,-7723.919510397196,,,0,0,,0,0,,0,0,,0,,,0,0,,0,0,,0,,,0,0,,0,0,,0,,,0,0,,0,0,,0,0,,0,,,,,,,,,,,,,,,,,,,,,0,0,,0,0,,7723.919510397196,0,,-7723.919510397196,,,7580,0,,7580,0
GASTOS DE FABRICACION,1238052.48,0.06003717719767991,,1328940.170514586,0.051920960987117695,,-90887.69051458585,0.008116216210562216,,1371450.1199999999,0.0724933819698189,,1272887.5445866305,0.055096490577674226,,98562.57541336944,0.017396891392144676,,1213412.9000000001,0.05999580424441476,,1311208.8977960683,0.05665526873092824,,-97795.99779606846,0.003340535513486516,,3822915.5,0.06396614046590583,,1309579.8199999998,0.07465210982209637,,1488916.6225364092,0.056824277663325234,,-179336.8025364089,0.017827832158771137,,1296943.55,0.07248959642800612,,1414837.2996448115,0.052466590410966255,,-117893.74964481179,0.020023006017039865,,1167293.2,0.07568321928115447,,1284880.4402264333,0.04832560489346441,,-117587.24022643344,0.027357614387690063,,3773816.57,0.07420404690275204,,1291127.4800000002,0.06898875309503096,,1288474.68363232,0.04166327994324809,,2652.7963676798863,0.027325473151782867,,1364141.56,0.08843297515117272,,1358377.3399715745,0.046830432192715425,,5764.220028425632,0.0416025429584573,,1146254,0.06725999383729854,,1241147.4775801606,0.04490272345957316,,-94893.47758016062,0.022357270377725377,,3801523.0399999996,0.07427331601436503,,1230027.23,0.06751097113655982,,1353399.790328328,0.04542240833730051,,-123372.56032832795,0.02208856279925931,,,,,,,,,,,,,,,,,,,,1230027.23,0.06751097113655982,,12628282.34,0.0701475697665924,,13343070.266817322,0.04960850769274492,,-714787.9268173216,0.020539062073847474,,16742622.519999998,0.0739703648102313,,14370812.829999998,0.07566573031618247
,,,,,,,,,,,,,,,,,,,,,,,,,,,,,,,,,,,,,,,,,,,,,,,,,,,,,,,,,,,,,,,,,,,,,,,,,,,,,,,,,,,,,,,,,,,,,,,,,,,,,,,,,,,,,,,,,,,,,,,,,,,,,,,,,,,,,,
COSTO DE VENTAS DIRECTO,14792100.569999997,0.717316896814416,,18029522.37698531,0.7044035154640135,,-3237421.8069853126,0.012913381350402542,,14263801.730000006,0.7539692563916609,,16377855.811457608,0.7089097400913941,,-2114054.0814576037,0.04505951630026683,,14580085.829999967,0.7208955626921746,,16440954.972641649,0.7103877374030558,,-1860869.1426416836,0.010507825289118755,,43635988.129999965,0.7301301182545566,,13604151.140000006,0.7754995682047682,,18552227.88735782,0.7080429708337997,,-4948076.747357813,0.06745659737096843,,13970914.329999983,0.7808712580527859,,19226296.05225783,0.7129711666118981,,-5255381.722257847,0.06790009144088782,,13537139.210000006,0.877700885492989,,18605452.96709368,0.6997692087158345,,-5068313.7570936745,0.1779316767771545,,41112204.68,0.8083837430260321,,14149936.709999975,0.7560728937443905,,21280950.935916305,0.6881269981976759,,-7131014.225916331,0.0679458955467146,,13869473.140000002,0.899113999246147,,20481669.97377789,0.7061112024444198,,-6612196.833777887,0.19300279680172716,,14191611.260000005,0.8327366237229592,,19236473.095184967,0.6959447183623049,,-5044861.835184963,0.13679190536065433,,42211021.10999999,0.8247095906571338,,14727681.050000006,0.8083398692523331,,21001377.395585123,0.7048420921334714,,-6273696.34558512,0.10349777711886177,,,,,,,,,,,,,,,,,,,,14727681.050000006,0.8083398692523331,,141686894.96999994,0.7870422185951791,,189232781.4682582,0.7035529085485951,,-47545886.49825826,0.083489310046584,,172498271.29000002,0.7621123895741723,,146642674.72000003,0.7721083845058465
,,,,,,,,,,,,,,,,,,,,,,,,,,,,,,,,,,,,,,,,,,,,,,,,,,,,,,,,,,,,,,,,,,,,,,,,,,,,,,,,,,,,,,,,,,,,,,,,,,,,,,,,,,,,,,,,,,,,,,,,,,,,,,,,,,,,,,
MARGEN DE BRUTO,5829329.980000004,0.282683103185584,,7565923.956227094,0.2955964845359865,,-1736593.9762271005,-0.012913381350402542,,4654478.569999991,0.24603074360833907,,6725022.996987231,0.2910902599086059,,-2070544.4269872364,-0.045059516300266805,,5644876.820000036,0.2791044373078254,,6702680.688559907,0.28961226259694417,,-1057803.868559869,-0.010507825289118755,,16128685.37000003,0.26986988174544335,,3938284.3399999943,0.2245004317952318,,7649893.525570687,0.2919570291662002,,-3711609.1855706936,-0.0674565973709684,,3920529.60000002,0.21912874194721407,,7740146.565082341,0.28702883338810187,,-3819616.9650823213,-0.0679000914408878,,1886269.1899999958,0.12229911450701102,,7982531.664635193,0.3002307912841656,,-6096262.474635198,-0.17793167677715455,,9745083.130000003,0.19161625697396784,,4565106.280000031,0.24392710625560948,,9644955.17103025,0.31187300180232413,,-5079848.891030223,-0.06794589554671465,,1556238.3399999999,0.10088600075385305,,8524625.214394066,0.2938887975555801,,-6968386.874394064,-0.19300279680172705,,2850525.2999999933,0.1672633762770408,,8404333.117774274,0.3040552816376951,,-5553807.817774279,-0.13679190536065428,,8971869.920000017,0.17529040934286622,,3491983.2399999965,0.1916601307476668,,8794484.159754891,0.2951579078665286,,-5302500.919754897,-0.10349777711886182,,,,,,,,,,,,,,,,,,,,3491983.2399999965,0.1916601307476668,,38337621.660000086,0.21295778140482088,,79734597.06001592,0.2964470914514049,,-41396975.40001583,-0.08348931004658403,,53844028.93999997,0.2378876104258277,,43282312.05999994,0.22789161549415352
,,,,,,,,,,,,,,,,,,,,,,,,,,,,,,,,,,,,,,,,,,,,,,,,,,,,,,,,,,,,,,,,,,,,,,,,,,,,,,,,,,,,,,,,,,,,,,,,,,,,,,,,,,,,,,,,,,,,,,,,,,,,,,,,,,,,,,
GASTOS DE ADMINISTRACION:,,,,,,,,,,,,,,,,,,,,,,,,,,,,,,,,,,,,,,,,,,,,,,,,,,,,,,,,,,,,,,,,,,,,,,,,,,,,,,,,,,,,,,,,,,,,,,,,,,,,,,,,,,,,,,,,,,,,,,,,,,,,,,,,,,,,,,
LABOR INDIRECTA,815056.62,0.0395247370459466,,704885.01,0.027539469358084528,,110171.60999999999,0.01198526768786207,,635298.36,0.03358118972367695,,704885.01,0.030510700239761553,,-69586.65000000002,0.0030704894839153965,,640661.68,0.0316767793882675,,726031.5603,0.031370678787392664,,-85369.88029999996,,,2091016.6600000001,0.03498750244155521,,646086.91,0.03682994363790586,,762333.138315,0.029094328901890124,,-116246.22831499996,0.007735614736015733,,671458.79,0.03752960312354174,,762333.138315,0.028269696123166006,,-90874.34831499995,0.009259907000375735,,611970.52,0.03967803381255209,,762333.138315,0.02867209188188212,,-150362.61831499997,0.01100594193066997,,1929516.2200000002,0.03793981753821724,,650665.13,0.03476695887621895,,762333.138315,0.024650308892445523,,-111668.00831499998,0.01011664998377343,,717531.18,0.04651527295387998,,762333.138315,0.026281644497152482,,-44801.95831499994,0.020233628456727496,,754393.27,0.04426635518052673,,762333.138315,0.027579989253626917,,-7939.868314999971,0.016686365926899815,,2122589.58,0.04147068556084257,,711706.49,0.03906254685442395,,762333.138315,0.0255852020556316,,-50626.648315,0.01347734479879235,,,,,,,,0,,,,,,,,,0,,,711706.49,0.03906254685442395,,6854828.950000001,0.03807719680808011,,7472133.548504999,0.02778081709905025,,-617304.5985049978,0.01029637970902986,,7617428.669999999,0.03365446344876531,,6385909.81,0.03362332633671383
MANTENIMIENTO INSTALACIONES,32074.81,0.0015554114891413293,,47178.58381693982,0.001843241301704567,,-15103.773816939818,,,18001.16,0,,62918.09922271025,0.002723387840294244,,-44916.93922271025,-0.002723387840294244,,25328,0.0012523138083520762,,30642.790582145743,0.0013240266581588094,,-5314.7905821457425,,,75403.97,0.001261681284011365,,17708,0.0010094379437900034,,62052.65673925989,0.0023682302574417583,,-44344.65673925989,-0.001358792313651755,,31519,0.001761680059100741,,30524.65848645302,0.0011319497688146978,,994.3415135469804,,,19657,0.0012744913115313732,,31227.335193255214,0.0011744904935739263,,-11570.335193255214,,,68884,0.0013544568136890586,,36585.66,0.0019548798268616743,,40228.36634692676,0.0013007983083118363,,-3642.7063469267596,,,17708,0.001147953533485899,,12614.266685367476,0,,5093.733314632524,0.001147953533485899,,20674.34,0.0012131307554784669,,29630.229761922394,0.0010719741505958833,,-8955.889761922394,,,74968,0.0014647081962614957,,24965.95,0.0013702749733815209,,51101.24443448506,0.00171504503535078,,-26135.29443448506,,,,,,,,,0,,,,,,,,,0,,,24965.95,0.0013702749733815209,,244221.92,0.0013566036702764399,,398118.23126946564,0.0014801729244932023,,-153896.31126946563,,,347779.86,0.001536521717975827,,294884.68,0.0015526376228820293
MANTENIMIENTO ACTIVO FIJO,2519.02,0,,4590.896902454039,0,,-2071.8769024540393,,,10469.57,0,,788.1213107179768,0,,9681.448689282022,,,4670.37,0,,1664.8764832108936,0,,3005.4935167891063,,,17658.96,0,,39826.85,0.002270314748793364,,34070.750330411116,0.0013003050323093348,,5756.0996695888825,0.0009700097164840292,,12053.9,0,,73134.40280110357,0.002712052302889819,,-61080.50280110357,-0.002712052302889819,,11411.95,0,,17203.335188666482,0,,-5791.385188666482,,,63292.7,0.0012445158349076342,,9513.76,0,,5429.848973300049,0,,4083.9110266999514,,,8132.91,0,,613.7359045796559,0,,7519.174095420344,,,0,0,,1662.941064299161,0,,-1662.941064299161,,,17646.67,0,,1200.93,0,,6899.133686167724,0,,-5698.203686167723,,,,,,,,,0,,,,,,,,,0,,,1200.93,0,,99799.25999999998,0,,146058.04264491066,0,,-46258.78264491068,,,200217.94000000006,0,,140366.49000000005,0
ARRENDAMIENTO,1715246.37,0.08317785547618083,,1693663.64,0.06617050618891995,,21582.730000000214,0.017007349287260873,,1715246.37,0.09066608289972321,,1693663.64,0.07330963617317302,,21582.730000000214,0.017356446726550193,,1715246.38,0.08480838307011655,,1693663.64,0.07318053502022981,,21582.73999999999,0.011627848049886744,,5145739.12,0.08610001224218183,,1715246.38,0.09777698096456101,,1693663.64,0.06463841661172984,,21582.73999999999,0.033138564352831176,,1715246.38,0.09586964510583242,,1693663.64,0.0628063428325888,,21582.73999999999,0.03306330227324361,,1715246.38,0.11121059207639211,,1693663.64,0.06370033921182804,,21582.73999999999,0.047510252864564076,,5145739.14,0.10117997560593862,,1715246.38,0.09165067806237508,,1693663.64,0.054765206689273704,,21582.73999999999,0.03688547137310137,,1715246.38,0.11119398818160701,,1693663.64,0.05838951955128119,,21582.73999999999,0.052804468630325826,,1672080.92,0.09811451246814795,,1693663.64,0.06127403184086342,,-21582.719999999972,0.03684048062728453,,5102573.68,0.09969295554268731,,1693663.64,0.0929580047712284,,1693663.64,0.0568422442443676,,0,0.036115760526860795,,,,,,,,0,,,,,,,,,0,,,1693663.64,0.0929580047712284,,17087715.579999994,0.09491882494604864,,16936636.400000002,0.06296910983284765,,151079.17999999225,0.031949715113200994,,0,0,,14384224.299999999,0.075736344879476
ENERGIA ELECTRICA,102124.22,0.004952334405335424,,125323.99234703246,0.004896339400200779,,-23199.772347032456,,,107321.62,0.0056729056921733,,149888.43861863774,0.006487868454032176,,-42566.81861863774,,,92751.22,0.0045859773194686215,,106999.40469020928,0.004623275541343972,,-14248.18469020928,,,302197.06,0.005056449609818416,,93599.96,0.005335630853920633,,104000.30486231994,0.0039691559024302775,,-10400.344862319937,0.0013664749514903556,,88049.3,0.004921307656581074,,0,0,,88049.3,,,129738.92,0.008411819011419032,,234555.0119525245,0.008821842467616647,,-104816.09195252451,,,311388.18,0.006122783840996966,,151581.41,0.008099442255141726,,162812.42436249784,0.005264596736453488,,-11231.014362497837,0.0028348455186882372,,147920.13,0.009589193353692882,,179243.5146139744,0.006179469437622817,,-31323.3846139744,0.0034097239160700643,,143940.44,0.008446149899880864,,164809.33900328891,0.005962537334602743,,-20868.899003288912,0.0024836125652781217,,443441.98,0.008663871287381632,,136552.56,0.007494790124917278,,114579.01717720568,0.00384546749770593,,21973.54282279432,0.0036493226272113484,,,,,,,,0,,,,,,,,,0,,,136552.56,0.007494790124917278,,1193579.78,0.006630095735533263,,1342211.4476276909,0.004990238797626517,,-148631.66762769083,0.0016398569379067456,,1497660.3800000001,0.006616794026031094,,1296173.28,0.006824659050793697
TRANSPORTE DE PERSONAL,202195,0.009805090850013798,,172907.3236710197,0.006755393964224676,,29287.676328980306,0.003049696885789122,,137885,0.007288453168758686,,216631.01471426606,0.009376797433360578,,-78746.01471426606,-0.0020883442646018914,,135705,0.006709777533260364,,211707.58256166909,0.009147550785055773,,-76002.58256166909,-0.002437773251795409,,475785,0.007960973801689053,,154235,0.008792108722636726,,268327.0523165341,0.010240661360501049,,-114092.0523165341,-0.0014485526378643226,,124260,0.0069452192056809565,,249864.1817442955,0.009265745033185278,,-125604.18174429549,-0.0023205258275043215,,141700,0.009187333715419218,,254787.61389689246,0.009582810334290651,,-113087.61389689246,,,420195,0.00826223768695305,,169495,0.00905661825572969,,232632.16921020616,0.007522242627450534,,-63137.169210206164,0.0015343756282791554,,132435,0.008585341439304554,,260326.47506856403,0.008974826787762909,,-127891.47506856403,,,126440,0.007419257529995993,,156934.39986402798,0.00567763467732899,,-30494.399864027975,0.001741622852667003,,428370,0.008369398277032026,,213640,0.011725792341698517,,140317.81634901324,0.00470930555535037,,73322.18365098676,0.007016486786348147,,,,,,,,0,,,,,,,,,0,,,213640,0.011725792341698517,,1537990,0.008543225271705594,,2164435.6293964884,0.00804720498537692,,-626445.6293964884,,,2201230,0.0097252258979572,,1916740,0.010092089684967361
DEPRECIACIONES Y AMORT.,25225.38,0.0012232604299123177,,27412.516792488615,0.0010709919426924936,,-2187.1367924886144,,,21991.72,0.0011624587251728162,,27412.516792488615,0.0011865411674353097,,-5420.796792488614,,,25225.28,0.0012472349361792269,,27412.516792488615,0.0011844516217667347,,-2187.2367924886166,,,72442.38,0.0012121270937755562,,25225.28,0.0014379576900116948,,27098.00252887,0.0010341911672655426,,-1872.7225288700029,,,25225.28,0.0014099074450722655,,26183.26442065776,0,,-957.9844206577618,0.0014099074450722655,,25225.28,0.0016355191631961192,,26183.26442065776,0,,-957.9844206577618,0.0016355191631961192,,75675.84,0.0014880038487840863,,25225.28,0.0013478611838337001,,26921.311040968078,0,,-1696.0310409680787,0.0013478611838337001,,25225.28,0.0016352749779292512,,26921.311040968078,0,,-1696.0310409680787,0.0016352749779292512,,25225.28,0.0014801712162785298,,26921.311040968078,0,,-1696.0310409680787,0.0014801712162785298,,75675.84,0.001478537817561807,,25225.28,0.0013845084957929263,,26921.311040968078,0,,-1696.0310409680787,0.0013845084957929263,,,,,,,,0,,,,,,,,,0,,,25225.28,0.0013845084957929263,,249019.34,0.0013832523739630606,,269387.32591152366,0.0010015613320304767,,-20367.98591152366,,,302866.6,0.0013380910227219528,,252416.03999999998,0.0013290301833343637
COMBUSTIBLE,48985.33,0.0023754574097673356,,32456.01266110986,0.0012680385502399014,,16529.31733889014,0.0011074188595274342,,108463.91,0.005733285916056547,,69474.1295897164,0.003007163313531359,,38989.78041028361,0.002726122602525188,,37195.21,0.001839074348055718,,56338.696174443765,0.002434306217017193,,-19143.486174443766,,,194644.45,0.0032568478768649177,,9444.15,0,,47347.440063950206,0.001807007887559375,,-37903.290063950204,-0.001807007887559375,,1833.6,0,,23523.23325657153,0,,-21689.63325657153,,,1343.83,0,,1346.5389429338322,0,,-2.7089429338323043,,,12621.58,0,,1373.95,0,,1487.1444384163308,0,,-113.19443841633074,,,2833.51,0,,1392.5046100089148,0,,1441.0053899910854,,,2666.1,0,,1317.5486061454708,0,,1348.5513938545291,,,6873.56,0,,1214.31,0,,1347.5861223995714,0,,-133.27612239957148,,,,,,,,,0,,,,,,,,,0,,,1214.31,0,,215353.9,0.001196247622442512,,236030.83446569584,0,,-20676.934465695842,0.001196247622442512,,317515.86,0.001402812729557635,,299777.66,0.0015784003204762525
DIVERSOS,29492.27,0.0014301757547077645,,100050.73643119867,0.0039089272024678,,-70558.46643119867,-0.002478751447760035,,21896.78,0.0011574402986301033,,38255.86312175061,0.0016558916072297828,,-16359.083121750613,,,25463.59,0.0012590178998426974,,-24799.643966411637,-0.0010715535073854557,,50263.23396641164,0.002330571407228153,,76852.64,0.0012859208542317228,,23851.97,0.0013596726650181186,,29887.719820834427,0.0011406603056990413,,-6035.749820834426,,,43726.59,0.002443994468589545,,61802.175382490444,0.0022918178811894875,,-18075.585382490448,,,34834.41,0.002258541633378521,,37553.68670441361,0.0014124307360851554,,-2719.2767044136053,,,102412.97,0.002013732434623906,,26276.37,0.00140402402570169,,48188.72401530997,0.0015581992601499187,,-21912.35401530997,,,33240.75,0.002154892501593709,,28182.458925891868,0,,5058.291074108132,0.002154892501593709,,26937.81,0.0015806592034490776,,23822.030329388817,0,,3115.779670611184,0.0015806592034490776,,86454.93,0.001689137292954512,,22225.85,0.001219882520678431,,29465.809064973095,0,,-7239.959064973096,0.001219882520678431,,,,,,,,0,,,,,,,,,0,,,22225.85,0.001219882520678431,,287946.39,0.0015994843113052717,,372409.55982983985,0.0013845900639236509,,-84463.16982983984,,,314189.63000000006,0.0013881171556564245,,344763.55000000005,0.0018152616769659576
SEGUROS,94770.78,0.004595742267744853,,94770.78,0.0037026422108930503,,0,,,82959.66,0.004385158623535143,,84319.44,0.003649737363863873,,-1359.7799999999988,,,82959.66,0.004101844905013953,,84319.44,0.003643310032803306,,-1359.7799999999988,,,260690.1,0.004361943013040973,,82959.66,0.0047290845159203634,,84319.44,0.003218038672181542,,-1359.7799999999988,0.0015110458437388214,,82959.66,0.00463683425019123,,84319.44,0.0031268284510683015,,-1359.7799999999988,0.0015100057991229284,,82959.66,0.005378814970626077,,84319.44,0.003171336269668859,,-1359.7799999999988,0.0022074787009572177,,248878.98,0.004893673861056021,,82959.66,0.004432779558365309,,84319.44,0.0027264986095608765,,-1359.7799999999988,0.0017062809488044327,,89016.15,0.005770634963282743,,84319.44,0.0029069358721269365,,4696.709999999992,0.0028636990911558064,,89016.15,0.005223297541749073,,84319.44,0.0030505419903587073,,4696.709999999992,0.0021727555513903654,,260991.96,0.005099203166288983,,89983.4,0.004938806696311525,,84319.44,0.002829904409489655,,5663.959999999992,0.0021089022868218702,,,,,,,,0,,,,,,,,,0,,,89983.4,0.004938806696311525,,860544.4400000002,0.004780151371097172,,853645.74,0.003173789121457582,,6898.700000000186,0.0016063622496395899,,885258.54,0.003911149348135261,,761069.02,0.004007208492696045
TELEFONO,10082.8,0,,10773.071363646433,0,,-690.2713636464341,,,11545.95,0,,3209.045994458766,0,,8336.904005541235,,,11900.61,0,,21079.140407622126,0,,-9178.530407622125,,,33529.36,0,,11924.96,0,,12279.734515710026,0,,-354.7745157100271,,,12088.22,0,,12589.447409106555,0,,-501.22740910655557,,,11742.36,0,,12510.2512205989,0,,-767.8912205989,,,35755.54,0,,12212.9,0,,13499.63047508889,0,,-1286.7304750888907,,,12119.83,0,,12807.820842600826,0,,-687.990842600826,,,12116.66,0,,11735.244499856075,0,,381.4155001439249,,,36449.39,0,,12116.3,0,,4252.599594173132,0,,7863.700405826868,,,,,,,,,0,,,,,,,,,0,,,12116.3,0,,117850.59,0,,114735.98632286175,0,,3114.6036771382496,,,132083.62000000002,0,,106106.92000000003,0
DERECHOS Y CONTRIB,102283.48,0.004960057438886071,,37488.18359074344,0.0014646426986545313,,64795.29640925655,0.0034954147402315398,,31302.59,0.001654621324116865,,57622.51447985208,0.0024941703134757913,,-26319.924479852078,,,35134.75,0.0017371972748735829,,43002.60018586265,0.0018580745400323187,,-7867.850185862648,,,168720.82,0.0028230861162489244,,47860.62,0.0027282768150731144,,71965.11471745379,0.0027465377166730155,,-24104.49471745379,,,61629.56,0.003444638691048341,,63611.69937945495,0.002358920688283551,,-1982.1393794549513,0.00108571800276479,,36407.34,0.002360524927810379,,39088.85610611854,0.0014701699526135465,,-2681.5161061185427,,,145897.52,0.0028687632841347143,,51780.11,0.002766764149442116,,181036.03863402904,0.005853863683346205,,-129255.92863402904,-0.003087099533904089,,107471.61,0.0069670439602958255,,134485.4328035949,0.004636422263896518,,-27013.822803594885,0.0023306216963993077,,78623.49,0.004613476116870173,,189599.03334239498,0.00685938868358704,,-110975.54334239497,-0.002245912566716867,,237875.21000000002,0.004647553219699399,,36407.34,0.001998244282688701,,229717.51441470435,0.007709712101730932,,-193310.17441470435,-0.005711467819042231,,,,,,,,0,,,,,,,,,0,,,36407.34,0.001998244282688701,,588900.8899999999,0.003271226058672628,,1047616.9876542087,0.003894959282372907,,-458716.0976542088,,,1177540.5,0.005202476509266851,,870917.34,0.004585585892438834
GASTOS DE VIAJE,0,0,,93275.71666499703,0.0036442309093068386,,-93275.71666499703,,,8856.57,0,,104977.11585759261,0.004543897612414438,,-96120.5458575926,-0.004543897612414438,,1149.36,0,,34192.95363953002,0.0014774236053521942,,-33043.593639530016,-0.0014774236053521942,,10005.93,0,,13702.01,0,,20690.649773958892,0,,-6988.639773958892,,,4040.47,0,,13118.561618697206,0,,-9078.091618697206,,,11997.11,0,,6186.532073575818,0,,5810.577926424183,,,29739.59,0,,3365.29,0,,14669.35788697773,0,,-11304.06788697773,,,7154.74,0,,1395.8745526316677,0,,5758.865447368332,,,10238.88,0,,4455.6387081390685,0,,5783.241291860931,,,20758.91,0,,4955.78,0,,9843.712793696915,0,,-4887.932793696916,,,,,,,,,0,,,,,,,,,0,,,4955.78,0,,65460.21,0,,302806.113569797,0.0011258098109394547,,-237345.90356979702,-0.0011258098109394547,,517732.57999999996,0.002287387640197616,,502403.95999999996,0.002645275740268766
ARRENDAM MAQ Y EQUIPO,3320.62,0,,40378.729712452754,0.001577574744616104,,-37058.10971245275,-0.001577574744616104,,0,0,,5036.380708210078,0,,-5036.380708210078,,,3320.62,0,,3952.8292070653433,0,,-632.2092070653434,,,6641.24,0,,6641.24,0,,7377.601895693111,0,,-736.3618956931114,,,3320.62,0,,6418.315092383584,0,,-3097.695092383584,,,3320.62,0,,5929.243810598015,0,,-2608.6238105980156,,,13282.48,0,,3320.62,0,,5929.243810598015,0,,-2608.6238105980156,,,3320.62,0,,0,0,,3320.62,,,3320.62,0,,5929.243810598015,0,,-2608.6238105980156,,,9961.86,0,,3320.62,0,,7905.658414130687,0,,-4585.038414130687,,,,,,,,,0,,,,,,,,,0,,,3320.62,0,,33206.2,0,,88857.24646172959,0,,-55651.046461729595,,,81286.8,0,,74645.56000000001,0
PAPELERIA,16590.64,0,,9998.204889756025,0,,6592.435110243974,,,1997.22,0,,3416.6823576112424,0,,-1419.4623576112424,,,10483.87,0,,7560.791124176171,0,,2923.0788758238295,,,29071.73,0,,15795.9,0,,24849.192341956048,0,,-9053.292341956048,,,9754.89,0,,30321.179511319013,0.001124404132261096,,-20566.289511319013,-0.001124404132261096,,16164.96,0.0010480796190289559,,9120.504318079102,0,,7044.455681920897,0.0010480796190289559,,41715.75,0,,15689.93,0,,13517.652487954854,0,,2172.277512045146,,,1800,0,,24434.4015781102,0,,-22634.4015781102,,,16356.25,0,,6245.402951694875,0,,10110.847048305124,,,33846.18,0,,6224.02,0,,13834.501427344652,0,,-7610.481427344652,,,,,,,,,0,,,,,,,,,0,,,6224.02,0,,110857.68000000001,0,,143298.51298800219,0,,-32440.832988002177,,,154592.91,0,,124480.40000000001,0
MENSAJERIA Y PAQUETERIA,3423.52,0,,19490.66169472707,0,,-16067.14169472707,,,4485.35,0,,41298.94487454467,0.0017876103327628845,,-36813.59487454467,-0.0017876103327628845,,0,0,,7527.171118392495,0,,-7527.171118392495,,,7908.870000000001,0,,0,0,,3151.470706075543,0,,-3151.470706075543,,,0,0,,16250.543505776368,0,,-16250.543505776368,,,0,0,,3131.512813801678,0,,-3131.512813801678,,,0,0,,0,0,,17377.862416372434,0,,-17377.862416372434,,,0,0,,16269.884541109379,0,,-16269.884541109379,,,0,0,,20532.186085799425,0,,-20532.186085799425,,,0,0,,0,0,,16069.598803126004,0,,-16069.598803126004,,,,,,,,,0,,,,,,,,,0,,,0,0,,7908.870000000001,0,,161099.83655972505,0,,-153190.96655972506,,,138207.48,0,,125357.95000000001,0
EQUIPOS MENORES,286.11,0,,0,0,,286.11,,,1970,0,,11236.850878525693,0,,-9266.850878525693,,,394.07,0,,11951.318743931843,0,,-11557.248743931843,,,2650.1800000000003,0,,0,0,,10878.906756310995,0,,-10878.906756310995,,,0,0,,1445.6962032865588,0,,-1445.6962032865588,,,4162.07,0,,6360.17319027296,0,,-2198.10319027296,,,4162.07,0,,329.95,0,,0,0,,329.95,,,7164.27,0,,0,0,,7164.27,,,0,0,,0,0,,0,,,7494.22,0,,9000,0,,0,0,,9000,,,,,,,,,0,,,,,,,,,0,,,9000,0,,23306.47,0,,41872.94577232804,0,,-18566.47577232804,,,52936.200000000004,0,,48642.200000000004,0
HONORARIOS,123066.75,0.005967905558327038,,104338.7822207406,0.004076458791240206,,18727.9677792594,0.0018914467670868322,,128539.48,0.0067944590079892205,,93289.0068388577,0.004037981916121969,,35250.47316114229,0.002756477091867252,,138539.48,0.006849925134472374,,84138.05414164621,0.0036354726359046903,,54401.4258583538,0.0032144524985676837,,390145.71,0.006528032149293011,,128539.48,0.0073273451765889005,,84138.05414164621,0.003211116108336605,,44401.42585835379,0.004116229068252295,,128539.49,0.007184411191344241,,92363.62959981387,0.0034251321507428457,,36175.86040018614,0.003759279040601395,,160539.48,0.01040881988186217,,84138.05414164621,0.0031645141708574534,,76401.4258583538,0.007244305711004716,,417618.45,0.008211575331350727,,141353.48,0.007552933758983579,,84138.05414164621,0.0027206334343344326,,57215.4258583538,0.0048323003246491456,,162039.48,0.010504506078056116,,97504.61426116864,0.00336149837918386,,64534.86573883137,0.007143007698872255,,105042.27,0.006163679631962767,,84138.05414164621,0.0030439797411624895,,20904.215858353797,0.0031196998908002774,,408435.23,0.007979917151624015,,450745.31,0.024739495899899478,,84138.05414164621,0.0028238167903074777,,366607.2558583538,0.021915679109592,,,,,,,,0,,,,,,,,,0,,,450745.31,0.024739495899899478,,1666944.7,0.009259542706763827,,892324.3577704582,0.003317593243660425,,774620.3422295417,0.005941949463103402,,1045813.9099999997,0.004620496959416271,,867853.5499999998,0.004569454313061398
NO DEDUCIBLES,0,0,,0,0,,0,,,1447.06,0,,0,0,,1447.06,,,0,0,,0,0,,0,,,1447.06,0,,1239.37,0,,0,0,,1239.37,,,56.1,0,,0,0,,56.1,,,3118.7,0,,0,0,,3118.7,,,4414.17,0,,1047,0,,0,0,,1047,,,0,0,,0,0,,0,,,0,0,,0,0,,0,,,1047,0,,1874.12,0,,0,0,,1874.12,,,,,,,,,0,,,,,,,,,0,,,1874.12,0,,8782.349999999999,0,,0,0,,8782.349999999999,,,39260.75,0,,25664.38,0
COMEDOR,157588.2,0.00764196255045943,,140266.61706336492,0.0054801395231524564,,17321.582936635095,0.0021618230273069737,,132328.8,0.006994758397781008,,130364.82348271282,0.005642795625758134,,1963.9765172871703,0.0013519627720228744,,129313.8,0.006393772005309488,,72448.28825048571,0.0031303762862089747,,56865.51174951429,0.003263395719100513,,419230.8,0.00701469238345291,,88149.6,0.005024935112373576,,131752.83770371348,0.0050283271200592455,,-43603.23770371347,,,157172.4,0.008784780066658374,,109320.85682305995,0.004053959151169744,,47851.543176940046,0.00473082091548863,,131738.8,0.00854148425454389,,116821.55043002847,0.004393772301591412,,14917.249569971522,0.0041477119529524775,,377060.79999999993,0.0074140957223019464,,165132,0.008823490284699578,,143266.7528901114,0.004632580607167107,,21865.247109888587,0.004190909677532471,,128363.4,0.008321392511873946,,112761.24151699542,0.003887474797642432,,15602.158483004576,0.004433917714231515,,130055.4,0.00763140229173237,,92531.92113269582,0.0033476563751354232,,37523.47886730418,0.004283745916596946,,423550.8,0.008275241813748713,,172070.4,0.00944421353001779,,67716.54228347285,0.002272682807231553,,104353.85771652714,0.007171530722786237,,,,,,,,0,,,,,,,,,0,,,172070.4,0.00944421353001779,,1391912.7999999998,0.007731795791240835,,1117251.4315766408,0.004153854782278715,,274661.368423359,0.0035779410089621195,,1460080.1999999997,0.006450761517031172,,1262287.9999999998,0.006646245032846436
CAPACITACION Y ADIESTRAMIENTO,44468.9,0.002156441081630004,,14335.876871135364,0,,30133.02312886464,0.002156441081630004,,14015.8,0,,14335.876871135364,0,,-320.07687113536485,,,14015.8,0,,14335.876871135364,0,,-320.07687113536485,,,72500.5,0.0012130995746174368,,14015.8,0,,32051.06595920457,0.0012232240838098746,,-18035.26595920457,-0.0012232240838098746,,14015.8,0,,32051.06595920457,0.0011885537300568836,,-18035.26595920457,-0.0011885537300568836,,14015.8,0,,32051.06595920457,0.0012054718100354364,,-18035.26595920457,-0.0012054718100354364,,42047.399999999994,0,,14015.8,0,,32051.06595920457,0.0010363824377001936,,-18035.26595920457,-0.0010363824377001936,,14015.8,0,,32051.06595920457,0.0011049693092923564,,-18035.26595920457,-0.0011049693092923564,,14015.8,0,,32051.06595920457,0.0011595561183080688,,-18035.26595920457,-0.0011595561183080688,,42047.399999999994,0,,14015.8,0,,32051.06595920457,0.001075688511294629,,-18035.26595920457,-0.001075688511294629,,,,,,,,0,,,,,,,,,0,,,14015.8,0,,170611.09999999998,0,,267365.09232783807,0.0009940428232999728,,-96753.99232783809,-0.0009940428232999728,,168189.63000000003,0,,243383.40000000002,0.0012814711962145545
EQUIPO DE TRABAJO,25538.15,0.0012384276608782604,,23461.49152836161,0,,2076.6584716383913,0.0012384276608782604,,11265.96,0,,23461.49152836161,0.0010155224257067776,,-12195.531528361611,-0.0010155224257067776,,11265.96,0,,23461.49152836161,0.0010137340507694267,,-12195.531528361611,-0.0010137340507694267,,48070.07,0,,11265.96,0,,23461.49152836161,0,,-12195.531528361611,,,11265.96,0,,23461.49152836161,0,,-12195.531528361611,,,11265.96,0,,23461.49152836161,0,,-12195.531528361611,,,33797.88,0,,11265.96,0,,23461.49152836161,0,,-12195.531528361611,,,11265.96,0,,23461.49152836161,0,,-12195.531528361611,,,11265.96,0,,23461.49152836161,0,,-12195.531528361611,,,33797.88,0,,11265.96,0,,23461.49152836161,0,,-12195.531528361611,,,,,,,,,0,,,,,,,,,0,,,11265.96,0,,126931.78999999995,0,,234614.91528361605,0,,-107683.1252836161,,,175684.96,0,,194407.4,0.0010236009663393698
DONATIVOS,0,0,,0,0,,0,,,0,0,,0,0,,0,,,0,0,,0,0,,0,,,0,0,,0,0,,0,0,,0,,,0,0,,0,0,,0,,,0,0,,0,0,,0,,,0,0,,0,0,,0,0,,0,,,0,0,,0,0,,0,,,0,0,,0,0,,0,,,0,0,,0,0,,0,0,,0,,,,,,,,,0,,,,,,,,,0,,,0,0,,0,0,,0,0,,0,,,0,0,,0,0
RECLUTAMIENTO,0,0,,5656,0,,-5656,,,0,0,,5656,0,,-5656,,,0,0,,5656,0,,-5656,,,0,0,,0,0,,5656,0,,-5656,,,0,0,,5656,0,,-5656,,,0,0,,5656,0,,-5656,,,0,0,,0,0,,5656,0,,-5656,,,0,0,,5656,0,,-5656,,,0,0,,5656,0,,-5656,,,0,0,,0,0,,5656,0,,-5656,,,,,,,,,0,,,,,,,,,0,,,0,0,,0,0,,56560,0,,-56560,,,112500,0,,112500,0
ARTICULOS DE LIMPIEZA,9656.5,0,,20769.45065931615,0,,-11112.95065931615,,,0,0,,13812.564939247675,0,,-13812.564939247675,,,10005.5,0,,13787.989409230413,0,,-3782.489409230413,,,19662,0,,9271,0,,18308.04376765539,0,,-9037.043767655388,,,10799,0,,18422.710956576844,0,,-7623.710956576844,,,0,0,,19659.865479036755,0,,-19659.865479036755,,,20070,0,,8943,0,,14579.433182740884,0,,-5636.433182740884,,,8718,0,,7651.367856965382,0,,1066.632143034618,,,4920.5,0,,14631.935451414129,0,,-9711.435451414129,,,22581.5,0,,7044,0,,9168.348300758213,0,,-2124.3483007582126,,,,,,,,,0,,,,,,,,,0,,,7044,0,,69357.5,0,,150791.71000294187,0,,-81434.21000294187,,,157635.35,0,,134988.65,0
,,0,,0,0,,0,,,,0,,,0,,0,,,,0,,,0,,0,,,0,0,,,0,,,0,,0,,,,0,,,0,,0,,,,0,,,0,,0,,,0,0,,,0,,,0,,0,,,,0,,,0,,0,,,,0,,,0,,0,,,0,0,,,0,,,0,,0,,,,,,,,,0,,,,,,,,,0,,,0,0,,0,0,,0,0,,0,,,0,0,,0,0
GASTOS DE ADMON PLANTA,3563995.47,0.17282969100317824,,3523472.278881484,0.13766012254724624,,40523.191118515664,0.035169568455932,,3207288.93,0.16953385186918923,,3555953.572181398,0.15391820221476396,,-348664.64218139776,0.015615649654425273,,3150730.209999999,0.15578422885245718,,3257075.3682451965,0.14073309033746248,,-106345.15824519563,0.015051138514994705,,9922014.61,0.16601805094777267,,3156590.0999999996,0.17994024282425347,,3559660.308784919,0.13585389719736704,,-403070.20878491935,0.04408634562688643,,3209015.0100000002,0.17936031449195614,,3430379.331993612,0.1272091903508171,,-221364.3219936129,0.05215112414113904,,3178561.149999999,0.20608681736003298,,3507288.1056856667,0.13191252192542008,,-328726.95568566653,0.0741742954346129,,9544166.26,0.1876656556215989,,3297378.64,0.17618867569590332,,3607198.7901157117,0.1166400356271361,,-309820.1501157109,0.05954864006876723,,3352722.999999999,0.21734640923025994,,3518089.6806050963,0.12128710880801094,,-165366.68060509698,0.096059300422249,,3247330.1399999997,0.19054712585873093,,3436381.2355968454,0.12432275705423226,,-189051.09559684552,0.06622436880449867,,9897431.780000003,0.19337383216979256,,3649418.059999999,0.20030105944394427,,3414763.2238508314,0.11460528562023868,,234654.83614916838,0.08569577382370559,,,,,,,,,,,,,,,,,,,,3649418.059999999,0.20030105944394427,,33013030.709999997,0.1833807490668111,,34810261.89594076,0.1294218729662098,,-1797231.1859407683,0.053958876100601294,,19097692.37,0.0843752685670937,,30769964.53999999,0.16201114482973453
,,,,,,,,,,,,,,,,,,,,,,,,,,,,,,,,,,,,,,,,,,,,,,,,,,,,,,,,,,,,,,,,,,,,,,,,,,,,,,,,,,,,,,,,,,,,,,,,,,,,,,,,,,,,,,,,,,,,,,,,,,,,,,,,,,,,,,
GASTOS DE VENTA:,,,,,,,,,,,,,,,,,,,,,,,,,,,,,,,,,,,,,,,,,,,,,,,,,,,,,,,,,,,,,,,,,,,,,,,,,,,,,,,,,,,,,,,,,,,,,,,,,,,,,,,,,,,,,,,,,,,,,,,,,,,,,,,,,,,,,,
LABOR INDIRECTA,141838.89,0.00687822746613474,,132307,0.005169161665617048,,9531.890000000014,0.0017090658005176921,,156045.68,0.008248407229699415,,132307,0.005726862054595446,,23738.679999999993,0.0025215451751039687,,164939.66,0.008155251648882525,,136276.21,0.0058882801300081,,28663.45000000001,0.0022669715188744248,,462824.23,0.007744110406626751,,168353.78,0.009596944517307126,,150244.521525,0.005734059435770234,,18109.25847500001,0.0038628850815368918,,222210.9,0.012419953407304446,,150244.521525,0.0055715365818548345,,71966.378475,0.006848416825449612,,143124.24,0.009279676468918502,,150244.521525,0.005650842800085912,,-7120.2815249999985,0.0036288336688325897,,533688.92,0.010493853348881524,,141464.78,0.007558880846578272,,150244.521525,0.004858209198638554,,-8779.74152499999,0.0027006716479397183,,153963.46000000002,0.009980963289739943,,150244.521525,0.005179721179499889,,3718.9384750000318,0.004801242110240054,,181080.24,0.010625442377044303,,150244.521525,0.005435605617558241,,30835.718475,0.0051898367594860615,,476508.48,0.009309917247947217,,198748.97999999998,0.01090848749112709,,150244.521525,0.005042462734160247,,48504.45847499999,0.0058660247569668434,,,,,,,,,,,,,,,,,,,,198748.97999999998,0.01090848749112709,,1671770.6099999999,0.009286349666673173,,1452601.860675,0.005400661852092598,,219168.74932499998,0.0038856878145805745,,1795325.0999999999,0.007931902689756454,,1525253.39,0.008030820040370888
MANTENIMIENTO INSTALACIONES,0,0,,0,0,,0,,,0,0,,0,0,,0,,,0,0,,0,0,,0,,,0,0,,0,0,,0,0,,0,,,0,0,,0,0,,0,,,0,0,,0,0,,0,,,0,0,,0,0,,0,0,,0,,,0,0,,0,0,,0,,,0,0,,0,0,,0,,,0,0,,0,0,,0,0,,0,,,,,,,,,,,,,,,,,,,,,0,0,,0,0,,0,0,,0,,,0,0,,0,0
MANTENIMIENTO ACTIVO FIJO,0,0,,0,0,,0,,,43243.25,0.0022857918010655547,,11816.610512753861,0,,31426.63948724614,0.0022857918010655547,,4200,0,,13159.501910359662,0,,-8959.501910359662,,,47443.25,0,,43307.880000000005,0.0024687495672636216,,13782.833334259045,0,,29525.04666574096,0.0024687495672636216,,20071.55,0.001121851879508978,,1427.0305570997311,0,,18644.51944290027,0.001121851879508978,,570,0,,8369.629235732355,0,,-7799.629235732355,,,63949.43000000001,0.0012574290284395723,,2690.03,0,,0,0,,2690.03,,,8458.86,0,,23822.553458336,0,,-15363.693458335998,,,0,0,,31875.941117534196,0.0011532203826453273,,-31875.941117534196,,,11148.890000000001,0,,16187.66,0,,0,0,,16187.66,,,,,,,,,,,,,,,,,,,,,16187.66,0,,138729.23,0,,104254.10012607485,0,,34475.129873925165,,,157213.25,0,,92359.81,0
FLETES,125684.31,0.006094839526058001,,240831.12574499744,0.009409139524654324,,-115146.81574499744,-0.0033142999985963225,,110425.13,0.005836953901142908,,292300.77079652547,0.01265213626492644,,-181875.64079652546,-0.0068151823637835314,,219951.99,0.010875272988452216,,296081.98800889053,0.012793235788154417,,-76129.99800889054,-0.0019179627997022008,,456061.43,0.0076309532587005595,,551072.68,0.031413692849449205,,139828.89586786044,0.005336548658188677,,411243.78413213964,0.02607714419126053,,428154.44,0.02393068114989196,,103874.70620381011,0.0038519988593903667,,324279.7337961899,0.020078682290501592,,505653.08,0.032784781864428875,,209330.07434398326,0.007873107993833365,,296323.00565601676,0.024911673870595508,,1484880.2000000002,0.029196999367080485,,211630.09,0.01130802051125825,,78143.88400015401,0.002526809844468919,,133486.205999846,0.00878121066678933,,211003.3,0.013678675390342511,,477157.945270989,0.016450151326652777,,-266154.645270989,-0.002771475936310266,,198708.63,0.011659842608373045,,112183.6398638359,0.004058624014057853,,86524.99013616411,0.0076012185943151915,,621342.02,0.012139642905982208,,104480.8,0.005734507416656686,,144335.10143086608,0.004844132503528778,,-39854.30143086608,,,,,,,,,,,,,,,,,,,,,104480.8,0.005734507416656686,,2666764.4499999997,0.014813340426742738,,2094068.1315319124,0.007785584047367223,,572696.3184680874,0.007027756379375515,,2163122.01,0.009556861478397639,,1901607.47,0.01001241333349535
HONORARIOS,22288.95,0.0010808634224457332,,28882.19342250936,0.0011284113996883932,,-6593.24342250936,,,16406.46,0,,24470.96193183753,0.0010592169977921805,,-8064.501931837531,-0.0010592169977921805,,32616.48,0.00161268431316485,,23225.101780310782,0.001003520022536727,,9391.378219689217,,,71311.89,0.0011932114043925965,,33168.78,0.001890773948566918,,20129.506917122002,0,,13039.273082877997,0.001890773948566918,,32489.16,0.001815904860843727,,14931.412915578992,0,,17557.747084421007,0.001815904860843727,,28189.3,0.0018276958807626463,,37221.41420860983,0.0013999336438682724,,-9032.11420860983,,,93847.23999999999,0.001845305639392491,,27865.68,0.0014889455511744988,,10729.047600091317,0,,17136.63239990868,0.0014889455511744988,,12095.54,0,,16770.43751121219,0,,-4674.897511212188,,,34580.41,0.002029112363831452,,12786.373209386416,0,,21794.036790613587,0.002029112363831452,,74541.63,0.0014563778735419352,,14042.39,0,,25474.276223327717,0,,-11431.886223327718,,,,,,,,,,,,,,,,,,,,,14042.39,0,,253743.14999999997,0.0014094921888973158,,214620.72571998613,0,,39122.42428001383,0.0014094921888973158,,227659.67,0.0010058202544052145,,195801.83000000002,0.001030942970272824
GASTOS DE VIAJE,0,0,,34466.59012395817,0.0013465907050518849,,-34466.59012395817,,,4867.06,0,,48136.50214929054,0.002083571599384191,,-43269.442149290546,-0.002083571599384191,,0,0,,50916.62717103928,0.0022000271658439955,,-50916.62717103928,,,4867.06,0,,0,0,,65411.3742722311,0.0024964152039978022,,-65411.3742722311,,,0,0,,50140.53545015203,0.0018593678136066146,,-50140.53545015203,,,0,0,,10627.456906950476,0,,-10627.456906950476,,,0,0,,0,0,,0,0,,0,,,0,0,,0,0,,0,,,0,0,,0,0,,0,,,0,0,,1433.47,0,,4725.864792285883,0,,-3292.3947922858824,,,,,,,,,,,,,,,,,,,,,1433.47,0,,6300.530000000001,0,,264424.9508659075,0,,-258124.42086590748,,,298894.67,0.0013205426899712302,,295043.01999999996,0.0015534713204522358
COMBUSTIBLE ,45199.15,0.002191853270819759,,219642.00805358397,0.008581292359359196,,-174442.85805358397,-0.006389439088539436,,41323.08,0.0021842936749383087,,284216.86195339955,0.012302227108143302,,-242893.78195339954,-0.010117933433204994,,26526.88,0.0013115910500828539,,204186.19712925848,0.008822563581553448,,-177659.31712925847,-0.007510972531470594,,113049.11000000002,0.0018915707788481437,,54678.51,0.0031169280948667912,,232699.43847777726,0.008880938867910138,,-178020.92847777726,-0.005764010773043346,,35048.37,0.0019589458591003726,,209948.76350454614,0.007785556533494828,,-174900.39350454614,-0.0058266106743944555,,51032.75,0.003308785495169796,,20424.04591840638,0,,30608.70408159362,0.003308785495169796,,140759.63,0.0027677376451113586,,39901.06,0.0021320314370274385,,49211.58650231454,0.001591273876734065,,-9310.52650231454,,,38502.53,0.0024959970274252784,,33199.7918492941,0.0011445719501204051,,5302.738150705896,0.0013514250773048733,,45184.64,0.0026513483119278564,,77564.65903905076,0.0028061648579079793,,-32380.019039050763,,,123588.23,0.0024146394920826334,,20235.5,0.001110640661535482,,26095.252406509317,0,,-5859.752406509317,0.001110640661535482,,,,,,,,,,,,,,,,,,,,20235.5,0.001110640661535482,,397632.4700000001,0.0022087684357861345,,1357188.604834141,0.005045922714718625,,-959556.1348341409,-0.0028371542789324905,,1443704.37,0.006378411673527067,,1354249.54,0.007130444303090557
GASTOS EXPORTACION,14666,0,,114501.57001109286,0.004473513316410377,,-99835.57001109286,-0.004473513316410377,,8207,0,,131947.1560601661,0.00571128633596672,,-123740.1560601661,-0.00571128633596672,,14635,0,,13788.515546961844,0,,846.4844530381561,,,37508,0,,15505,0,,9064.652123742475,0,,6440.347876257525,,,10579,0,,34768.308405602285,0.0012893175751422733,,-24189.308405602285,-0.0012893175751422733,,10189,0,,9969.426542690877,0,,219.5734573091231,,,36273,0,,10209,0,,4519.71244030314,0,,5689.28755969686,,,7806,0,,7796.572249548532,0,,9.427750451467546,,,11185,0,,14448.062467933658,0,,-3263.062467933658,,,29200,0,,10654,0,,6021.726663572337,0,,4632.273336427663,,,,,,,,,,,,,,,,,,,,,10654,0,,113635,0,,346825.7025116141,0.0012894712526454407,,-233190.70251161407,-0.0012894712526454407,,170967.7,0,,143110.41,0
TELEFONO,0,0,,0,0,,0,,,0,0,,0,0,,0,,,0,0,,0,0,,0,,,0,0,,0,0,,0,0,,0,,,0,0,,0,0,,0,,,0,0,,0,0,,0,,,0,0,,0,0,,0,0,,0,,,0,0,,0,0,,0,,,0,0,,0,0,,0,,,0,0,,0,0,,0,0,,0,,,,,,,,,,,,,,,,,,,,,0,0,,0,0,,0,0,,0,,,0,0,,0,0
DEPRECIACIONES Y AMORT.,6212.28,0,,6810.360000000001,0,,-598.0800000000008,,,6212.28,0,,6878.463600000001,0,,-666.1836000000012,,,6212.28,0,,6947.248236000001,0,,-734.9682360000015,,,18636.84,0,,6212.28,0,,7016.720718360001,0,,-804.4407183600015,,,6212.28,0,,7086.887925543601,0,,-874.6079255436016,,,6212.28,0,,7157.756804799037,0,,-945.4768047990374,,,18636.84,0,,6212.28,0,,7157.756804799037,0,,-945.4768047990374,,,6212.28,0,,7157.756804799037,0,,-945.4768047990374,,,6212.28,0,,7157.756804799037,0,,-945.4768047990374,,,18636.84,0,,6212.28,0,,7157.756804799037,0,,-945.4768047990374,,,,,,,,,,,,,,,,,,,,,6212.28,0,,62122.799999999996,0,,70528.46450389878,0,,-8405.664503898784,,,74547.36,0,,62122.799999999996,0
SERVICIOS CALIDAD,1944,0,,1509.3,0,,434.70000000000005,,,1515.15,0,,1509.3,0,,5.850000000000136,,,162,0,,1509.3,0,,-1347.3,,,3621.15,0,,162,0,,1509.3,0,,-1347.3,,,162,0,,1509.3,0,,-1347.3,,,162,0,,1509.3,0,,-1347.3,,,486,0,,162,0,,1509.3,0,,-1347.3,,,162,0,,1509.3,0,,-1347.3,,,162,0,,1509.3,0,,-1347.3,,,486,0,,162,0,,1509.3,0,,-1347.3,,,,,,,,,,,,,,,,,,,,,162,0,,4755.15,0,,15092.999999999996,0,,-10337.849999999997,,,22980.999999999996,0,,13583.699999999997,0
DIVERSOS,0,0,,0,0,,0,,,0,0,,0,0,,0,,,0,0,,0,0,,0,,,0,0,,0,0,,0,0,,0,,,0,0,,0,0,,0,,,0,0,,0,0,,0,,,0,0,,0,0,,0,0,,0,,,0,0,,0,0,,0,,,0,0,,0,0,,0,,,0,0,,0,0,,0,0,,0,,,,,,,,,,,,,,,,,,,,,0,0,,0,0,,0,0,,0,,,0,0,,0,0
EQUIPOS MENORES,0,0,,0,0,,0,,,0,0,,0,0,,0,,,0,0,,0,0,,0,,,0,0,,0,0,,0,0,,0,,,0,0,,0,0,,0,,,0,0,,0,0,,0,,,0,0,,0,0,,0,0,,0,,,0,0,,0,0,,0,,,0,0,,0,0,,0,,,0,0,,0,0,,0,0,,0,,,,,,,,,,,,,,,,,,,,,0,0,,0,0,,0,0,,0,,,0,0,,0,0
ARRENDAM MAQ Y EQUIPO,0,0,,0,0,,0,,,0,0,,0,0,,0,,,0,0,,0,0,,0,,,0,0,,0,0,,0,0,,0,,,0,0,,0,0,,0,,,0,0,,0,0,,0,,,0,0,,0,0,,0,0,,0,,,0,0,,0,0,,0,,,0,0,,0,0,,0,,,0,0,,0,0,,0,0,,0,,,,,,,,,,,,,,,,,,,,,0,0,,0,0,,0,0,,0,,,0,0,,0,0
GASTOS DE VENTA,357833.5800000001,0.01735251000808962,,778950.1473561417,0.030433153507676225,,-421116.5673561418,-0.013080643499586604,,388245.0900000001,0.020522218924941087,,933583.6270039731,0.04040983960244463,,-545338.537003973,-0.019887620677503545,,469244.29000000004,0.02320124383517712,,746090.6897828206,0.03223740213961204,,-276846.39978282055,-0.009036158304434924,,1215322.9600000002,0.020335139285919467,,872460.9100000001,0.04973430918384658,,639687.2432363525,0.024413566869464297,,232773.6667636477,0.025320742314382284,,754927.7000000001,0.04219490069966644,,573931.4664873328,0.021283173113767664,,180996.23351266715,0.02091172758589878,,745132.6500000001,0.04831180181936958,,454853.6254861722,0.017107487904268266,,290279.02451382775,0.031204313915101315,,2372521.26,0.04665056596929839,,440134.92000000004,0.023517708200573036,,301515.80887266196,0.009749619229586153,,138619.11112733794,0.013768088970986882,,438203.97,0.02840737495759255,,717658.8786691788,0.024741487115590762,,-279454.90866917884,0.0036658878420017874,,477113.20000000007,0.027996090649798203,,407770.25402753986,0.014752473241404912,,69342.94597246003,0.01324361740839329,,1355452.09,0.026482523021326095,,372157.08,0.02042612169337616,,365563.79984636034,0.01226894544288967,,6593.2801536396255,0.008157176250486491,,,,,,,,,,,,,,,,,,,,372157.08,0.02042612169337616,,5315453.39,0.029526275029110177,,5919605.540768535,0.022008637527566415,,-604152.1507685349,0.007517637501543762,,6354415.13,0.028074359602879788,,5583131.970000001,0.02939651103657695
,,,,,,,,,,,,,,,,,,,,,,,,,,,,,,,,,,,,,,,,,,,,,,,,,,,,,,,,,,,,,,,,,,,,,,,,,,,,,,,,,,,,,,,,,,,,,,,,,,,,,,,,,,,,,,,,,,,,,,,,,,,,,,,,0,,,,,,
GASTOS DE ADMON CORPORATIVO,516440.5044787291,0.025043873810138215,,517767.78936776513,0.020228902540992796,,-1327.2848890360328,0.004814971269145419,,499257.56208436686,0.02639021909852805,,471943.9625758034,0.020427928765452935,,27313.599508563464,0.005962290333075115,,531641.6347595957,0.02628640872963964,,464881.6142796592,0.02008680144662819,,66760.02047993656,0.00619960728301145,,1547339.7013226917,0.025890540526799528,,428686.5937278128,0.02443711959018206,,525922.3525409419,0.02007174702585128,,-97235.7588131291,0.004365372564330779,,470398.0834909224,0.02629178982598317,,549338.1843056954,0.020371177322160233,,-78940.10081477294,0.005920612503822937,,389695.8593701231,0.025266520166198996,,573022.0828713382,0.021551918688395816,,-183326.22350121517,0.0037146014778031804,,1288780.5365888583,0.02534111809901603,,381648.32684525626,0.020392596856399534,,612935.5268642637,0.01981948482753062,,-231287.20001900743,,,378174.7119634273,0.024515868357433277,,611126.9801756431,0.021068770631033414,,-232952.2682122158,0.0034470977263998635,,380024.9545304578,0.022299137974426477,,618753.2878103851,0.022385500735513496,,-238728.33327992732,,,1139847.9933391414,0.022270097886245586,,368659.9494991592,0.020234179051339653,,589667.5910659409,0.019790251406919316,,-221007.64156678173,,,,,,,,,,,,,,,,,,,,,368659.9494991592,0.020234179051339653,,4344628.18074985,0.02413353615429646,,5535359.371857436,0.020580039862624286,,-1190731.191107586,0.0035534962916721757,,5124973.60888995,0.022639139144950388,,3719213.4362912504,0.018567502800001977
,,,,,,,,,,,,,,,,,,,,,,,,,,,,,,,,,,,,,,,,,,,,,,,,,,,,,,,,,,,,,,,,,,,,,,,,,,,,,,,,,,,,,,,,,,,,,,,,,,,,,,,,,,,,,,,,,,,,,,,,,,,,,,,,0,,,,,,
GASTOS MONTERREY IV,102709.412228773,0.004980712273076176,,,,,102709.412228773,,,106537.6232813166,0.005631464466742076,,,,,106537.6232813166,,,105460.73584291185,0.005214384702110282,,,,,105460.73584291185,,,314707.7713530015,0.0052657824919431955,,94755.55360127473,0.005401505036703987,,,,,94755.55360127473,,,95930.55568866969,0.00536181182826811,,,,,95930.55568866969,,,91753.38284915952,0.0059489692854894196,,,,,91753.38284915952,,,282439.49213910394,0.005553569690823509,,94739.27290590275,0.005062199053270928,,,,,94739.27290590275,,,92075.18894384362,0.0059689427656690235,,,,,92075.18894384362,,,97390.48379830674,0.005714687442822999,,,,,97390.48379830674,,,284204.94564805314,0.00555273334367672,,97390.48379830674,0.005345350070569644,,,,,97390.48379830674,,,,,,,,,,,,,,,,,,,,,97390.48379830674,0.005345350070569644,,978742.6929384653,0.005436718905070309,,,,,978742.6929384653,,,,,,0,
,,,,,,,,,,,,,,,,,,,,,,,,,,,,,,,,,,,,,,,,,,,,,,,,,,,,,,,,,,,,,,,,,,,,,,,,,,,,,,,,,,,,,,,,,,,,,,,,,,,,,,,,,,,,,,,,,,,,,,,,,,,,,,,,0,,,,,,
GASTOS HACIENDA SAN JOSE,74751.1897655045,0.003624927455166514,,,,,74751.1897655045,,,78479.92663098636,0.004148364723773882,,,,,78479.92663098636,,,74961.42541821244,0.0037063814018075546,,,,,74961.42541821244,,,228192.54181470332,0.003818184362953197,,70249.71189826056,0.004004558658822017,,,,,70249.71189826056,,,73967.14497005082,0.0041342188623481775,,,,,73967.14497005082,,,70029.7237544667,0.004540483007275272,,,,,70029.7237544667,,,214246.5806227781,0.004212701656902967,,69711.89155648163,0.00372491217860043,,,,,69711.89155648163,,,67539.86086053512,0.004378395184436258,,,,,67539.86086053512,,,73534.27845873528,0.004314850910849367,,,,,73534.27845873528,,,210786.030875752,0.004118290831836819,,71433.18373412041,0.003920664102100226,,,,,71433.18373412041,,,,,,,,,,,,,,,,,,,,,71433.18373412041,0.003920664102100226,,724658.3370473539,0.004025331386039638,,,,,724658.3370473539,,,,,,0,
,,,,,,,,,,,,,,,,,,,,,,,,,,,,,,,,,,,,,,,,,,,,,,,,,,,,,,,,,,,,,,,,,,,,,,,,,,,,,,,,,,,,,,,,,,,,,,,,,,,,,,,,,,,,,,,,,,,,,,,,,,,,,,,,,,,,,,
TOTAL DE GASTOS,4615730.156473007,0.22383171454964879,,4820190.215605391,0.18832217859591527,,-204460.05913238466,0.03550953595373352,,4279809.13199667,0.2262261190831743,,4961481.161761175,0.21475597058266155,,-681672.0297645044,0.011470148500512756,,4332038.296020718,0.21419264752119174,,4468047.672307677,0.19305729392370272,,-136009.37628695532,0.021135353597489026,,13227577.584490396,0.22132769761538806,,4622742.869227349,0.2635177352938082,,4725269.904562213,0.1803392110926826,,-102527.03533486546,0.08317852420112556,,4604238.494149644,0.2573430357082221,,4553648.9827866405,0.168863540786745,,50589.51136300183,0.08847949492147708,,4475172.765973748,0.2901545916383662,,4535163.814043177,0.17057192851808414,,-59991.04806942772,0.11958266312028207,,13702154.12935074,0.2694236110376398,,4283613.051307641,0.22888609198474727,,4521650.125852637,0.14620913968425284,,-238037.07454499605,0.08267695230049443,,4328716.731767804,0.280616990495391,,4846875.539449918,0.1670973665546351,,-518158.80768211285,0.1135196239407559,,4275393.056787499,0.250871892836628,,4462904.77743477,0.16146073103115066,,-187511.7206472708,0.08941116180547731,,12887722.83986295,0.2517974772528778,,4559058.757031586,0.25022737436132997,,4369994.614763133,0.14666448247004768,,189064.1422684534,0.10356289189128229,,,,,,,,,,,,,,,,,,,,4559058.757031586,0.25022737436132997,,44376513.31073566,0.24650261054132763,,46265226.80856673,0.17201055035640048,,-1888713.4978310703,0.07449206018492716,,30577081.108889952,0.11244962816997348,,40072309.94629124,0.19629992707060467
,,,,,,,,,,,,,,,,,,,,,,,,,,,,,0,,,,,,,,,,,,,,,,,,,,,,,,,,,,,,0,,,,,,,,,,,,,,,,,,,,,,,,,,,,,,0,,,,,,,,,,,,,,,,,,,,,,,,,,,,,,0,,,,,,,,,,,,,,,
MARGEN DE OPERACIÓN,1213599.8235269971,0.058851388635935205,,2745733.7406217027,0.10727430594007126,,-1532133.9170947159,-0.04842291730413605,,374669.4380033212,0.019804624525164755,,1763541.8352260562,0.07633428932594433,,-1388872.397222732,-0.056529664800779575,,1312838.5239793174,0.06491178978663366,,2234633.01625223,0.09655496867324145,,-921794.4922729137,-0.031643178886607795,,2901107.7855096357,0.04854218413005529,,-684458.5292273546,-0.039017303498576385,,2924623.6210084734,0.11161781807351757,,-3609082.150235828,-0.15063512157209397,,-683708.8941496238,-0.03821429376100801,,3186497.582295701,0.11816529260135687,,-3870206.4764453233,-0.15637958636236488,,-2588903.575973752,-0.16785547713135518,,3447367.8505920153,0.1296588627660814,,-6036271.42656577,-0.2975143398974366,,-3957070.999350738,-0.07780735406367195,,281493.22869239,0.01504101427086222,,5123305.045177612,0.16566386211807127,,-4841811.816485227,-0.15062284784720906,,-2772478.3917678045,-0.17973098974153795,,3677749.6749441484,0.12679143100094503,,-6450228.066711951,-0.306522420742483,,-1424867.756787506,-0.08360851655958718,,3941428.340339504,0.14259455060654444,,-5366296.097127008,-0.22620306716613162,,-3915852.9198629335,-0.07650706791001158,,-1067075.5170315895,-0.05856724361366317,,4424489.544991758,0.14849342539648097,,-5491565.062023351,-0.20706066901014414,,,,,,,,,,,,,,,,,,,,-1067075.5170315895,-0.05856724361366317,,-6038891.650735572,-0.03354482913650677,,33469370.25144919,0.12443654109500442,,-39508261.90218476,-0.15798137023151118,,23266947.831110016,0.12543798225585423,,3210002.1137087047,0.02011066351382254
,,,,,,,,,,,,,,,,,,,,,,,,,,,,,0,,,,,,,,,,,,,,,,,,,,,,,,,,,,,,0,,,,,,,,,,,,,,,,,,,,,,,,,,,,,,0,,,,,,,,,,,,,,,,,,,,,,,,,,,,,,0,,,,,,,,,,,,,,,
MANTENIMIENTO MAYORES FABRIC,0,0,,,0,,0,,,0,0,,,0,,0,,,0,0,,,0,,0,,,0,0,,0,0,,,0,,0,,,0,0,,,0,,0,,,0,0,,,0,,0,,,0,0,,0,0,,,0,,0,,,0,0,,,0,,0,,,0,0,,,0,,0,,,0,0,,0,0,,,0,,0,,,,,,0,,,0,,,,,,0,,,,,,0,0,,0,0,,0,0,,0,,,355979.41,0.0015727480441714516,,355979.41,0.0018743158340316197
FLETES ACTIVOS FIJOS FABRIC,0,0,,0,0,,0,,,0,0,,0,0,,0,,,0,0,,0,0,,0,,,0,0,,0,0,,0,0,,0,,,0,0,,0,0,,0,,,0,0,,0,0,,0,,,0,0,,0,0,,0,0,,0,,,0,0,,0,0,,0,,,0,0,,0,0,,0,,,0,0,,0,0,,0,0,,0,,,,,,0,,,0,,,,,,0,,,,,,0,0,,0,0,,0,0,,0,,,1265413.67,0.005590707829310461,,1265413.67,0.006662702425067401
GASTOS DE IMPORTACION ACTIVOS FIJOS,0,0,,0,0,,0,,,0,0,,0,0,,0,,,0,0,,0,0,,0,,,0,0,,0,0,,0,0,,0,,,0,0,,0,0,,0,,,0,0,,0,0,,0,,,0,0,,0,0,,0,0,,0,,,0,0,,0,0,,0,,,0,0,,0,0,,0,,,0,0,,0,0,,0,0,,0,,,,,,0,,,0,,,,,,0,,,,,,0,0,,0,0,,0,0,,0,,,1825068.38,0.008063311091852642,,1825068.38,0.00960941691213106
MANTENIMIENTO MAYORES ADMON,0,0,,0,0,,0,,,0,0,,0,0,,0,,,0,0,,0,0,,0,,,0,0,,0,0,,0,0,,0,,,0,0,,0,0,,0,,,0,0,,0,0,,0,,,0,0,,0,0,,0,0,,0,,,0,0,,0,0,,0,,,0,0,,0,0,,0,,,0,0,,0,0,,0,0,,0,,,,,,0,,,0,,,,,,0,,,,,,0,0,,0,0,,0,0,,0,,,0,0,,0,0
MANTENIMIENTO MAYORES VENTA,0,0,,0,0,,0,,,0,0,,0,0,,0,,,0,0,,0,0,,0,,,0,0,,0,0,,0,0,,0,,,0,0,,0,0,,0,,,0,0,,0,0,,0,,,0,0,,0,0,,0,0,,0,,,0,0,,0,0,,0,,,0,0,,0,0,,0,,,0,0,,0,0,,0,0,,0,,,,,,0,,,0,,,,,,0,,,,,,0,0,,0,0,,0,0,,0,,,0,0,,0,0
MTTO MAYORES,0,0,,0,0,,0,,,0,0,,0,0,,0,,,0,0,,0,0,,0,,,0,0,,0,0,,0,0,,0,,,0,0,,0,0,,0,,,0,0,,0,0,,0,,,0,0,,0,0,,0,0,,0,,,0,0,,0,0,,0,,,0,0,,0,0,,0,,,0,0,,0,0,,0,0,,0,,,0,0,,0,0,,0,,,0,0,,0,0,,0,,,0,0,,0,0,,0,0,,0,,,3446461.46,0,,3446461.46,0
,,,,,,,,,,,,,,,,,,,,,,,,,,,,,0,,,,,,,,,,,,,,,,,,,,,,,,,,,,,,0,,,,,,,,,,,,,,,,,,,,,,,,,,,,,,0,,,,,,,,,,,,,,,,,,,,,,,,,,,,,,0,,,,,,,,,,,,,,,
MARGEN,1213599.8235269971,0.058851388635935205,,2745733.7406217027,0.10727430594007126,,-1532133.9170947159,-0.04842291730413605,,374669.4380033212,0.019804624525164755,,1763541.8352260562,0.07633428932594433,,-1388872.397222732,-0.056529664800779575,,1312838.5239793174,0.06491178978663366,,2234633.01625223,0.09655496867324145,,-921794.4922729137,-0.031643178886607795,,2901107.7855096357,0.04854218413005529,,-684458.5292273546,-0.039017303498576385,,2924623.6210084734,0.11161781807351757,,-3609082.150235828,-0.15063512157209397,,-683708.8941496238,-0.03821429376100801,,3186497.582295701,0.11816529260135687,,-3870206.4764453233,-0.15637958636236488,,-2588903.575973752,-0.16785547713135518,,3447367.8505920153,0.1296588627660814,,-6036271.42656577,-0.2975143398974366,,-3957070.999350738,-0.07780735406367195,,281493.22869239,0.01504101427086222,,5123305.045177612,0.16566386211807127,,-4841811.816485227,-0.15062284784720906,,-2772478.3917678045,-0.17973098974153795,,3677749.6749441484,0.12679143100094503,,-6450228.066711951,-0.306522420742483,,-1424867.756787506,-0.08360851655958718,,3941428.340339504,0.14259455060654444,,-5366296.097127008,-0.22620306716613162,,-3915852.9198629204,-0.07650706791001133,,-1067075.5170315895,-0.05856724361366317,,4424489.544991758,0.14849342539648097,,-5491565.062023351,-0.20706066901014414,,0,,,0,,,0,,,0,,,0,,,0,,,-1067075.5170315895,-0.05856724361366317,,-6038891.650735572,-0.03354482913650677,,33469370.25144919,0.12443654109500442,,-39508261.90218476,-0.15798137023151118,,19820486.371110015,0.11021121529051967,,-236459.34629129525,0
,,,,,,,,,,,,,,,,,,,,,,,,,,,,,,,,,,,,,,,,,,,,,,,,,,,,,,,,,,,,,,,,,,,,,,,,,,,,,,,,,,,,,,,,,,,,,,,,,,,,,,,,,,,,,,,,,,,,,,,,,,,,,,,,,,,,,,
OTROS INGRESOS 16%,0,0,,40300.796064818176,0.001579616171635157,,-40300.796064818176,,,0,0,,0,0,,0,,,0,0,,0,0,,0,,,0,0,,0,0,,0,0,,0,,,0,0,,0,0,,0,,,0,0,,0,0,,0,,,0,0,,0,0,,0,0,,0,,,0,0,,0,0,,0,,,0,0,,0,0,,0,,,0,0,,24.85,1.3988848728158277e-06,,0,0,,24.85,,,,,,,,,,,,,,,,,,,,,24.85,1.363910970282757e-06,,24.85,1.3990040969042302e-07,,40300.796064818176,0.0001503185828330196,,-40275.94606481818,-0.999383386870075,,34399.7,0.00015263584120519047,,34399.7,0.00020449270796240983
OTROS INGRESOS 0%,,,,,,,,,,,,,,,,,,,,,,,,,,,,,0,,,,,,,,,,,,,,,,,,,,,,,,,,,,,,0,,,,,,,,,,,,,,,,,,,,,,,,,,,,,,0,,,,,,,,,,,,,,,,,,,,,,,,,,,,,,0,,,,,,,,,,,,,,0,
,,,,,,,,,,,,,,,,,,,,,,,,,,,,,,,,,,,,,,,,,,,,,,,,,,,,,,,,,,,,,,,,,,,,,,,,,,,,,,,,,,,,,,,,,,,,,,,,,,,,,,,,,,,,,,,,,,,,,,,,,,,,,,,,,,,,,,
UTILIDAD O (PERDIDA) TOTAL,1213599.8235269971,0.058851388635935205,,2786034.536686521,0.1088488358599705,,-1572434.7131595341,-0.0499974472240353,,374669.4380033212,0.019804624525164755,,1763541.8352260562,0.07633428932594433,,-1388872.397222732,-0.056529664800779575,,1312838.5239793174,0.06491178978663366,,2234633.01625223,0.09655496867324145,,-921794.4922729137,-0.031643178886607795,,2901107.7855096357,0.04854218413005529,,-684458.5292273546,-0.039017303498576385,,2924623.6210084734,0.11161781807351757,,-3609082.150235828,-0.15063512157209397,,-683708.8941496238,-0.03821429376100801,,3186497.582295701,0.11816529260135687,,-3870206.4764453233,-0.15637958636236488,,-2588903.575973752,-0.16785547713135518,,3447367.8505920153,0.1296588627660814,,-6036271.42656577,-0.2975143398974366,,-3957070.999350738,-0.07780735406367195,,281493.22869239,0.01504101427086222,,5123305.045177612,0.16566386211807127,,-4841811.816485227,-0.15062284784720906,,-2772478.3917678045,-0.17973098974153795,,3677749.6749441484,0.12679143100094503,,-6450228.066711951,-0.306522420742483,,-1424867.756787506,-0.08360851655958718,,3941428.340339504,0.14259455060654444,,-5366296.097127008,-0.22620306716613162,,-3915852.9198629204,-0.07650706791001133,,-1067050.6670315894,-0.05856587970269288,,4424489.544991758,0.14849342539648097,,-5491540.212023351,-0.20705930509917386,,0,,,0,,,0,,,0,,,0,,,0,,,-1067050.6670315894,-0.05856587970269288,,-6038866.800735572,-0.033544691099752305,,33509671.047514006,0.12458637635118058,,-39548537.84824958,-0.1581310674509329,,19854886.071110014,2.1666240114593553,,-202059.64629129524,0
,,,,,,,,,,,,,,,,,,,,,,,,,,,,,,,,,,,,,,,,,,,,,,,,,,,,,,,,,,,,,,,,,,,,,,,,,,,,,,,,,,,,,,,,,,,,,,,,,,,,,,,,,,,,,,,,,,,,,,,,,,,,,,,,,,,,,,
,,,,,,,,,,,,,,,,,,,,,,,,,,,,2901107.7855096357,,,-255771.93549954175,,,,,,,,,-213310.8106587014,,,,,,,,,,,,,,,,,,-3957070.9993507303,,,,,,,,,,,,,,,,,,,,,,,,,,,,,,-3915852.9198629204,,,,,,,,,,,,0,,,,,,,,,0,,,,,,,,,-1067050.6670315894,,,-6038866.800735604,,,,,,,,,,,,15179162.983872624,
,,,,,,,,,,,,,,,,,,,,,,,,,,,,,0,,,,,,,,,,,,,,,,,,,,,,,,,,,,,,0,,,,,,,,,,,,,,,,,,,,,,,,,,,,,,0,,,,,,,,,,,,,,,,,,,,,,,,,,,,,,0,,,,,,,,,,,,,,,
Manode Obra Directa,1438636.2,0.06976413185844664,,,,,,,,1415275.89,0.0748099651531223,,,,,,,,1461859.19,0.07227994510041777,,,,,,,,4315771.28,0.07221274755228103,,1381464.06,0.07874984414649819,,,,,,,,1704220.47,0.09525337790888964,,,,,,,,1301751.08,0.08440099919807607,,,,,,,,4387435.609999999,0.0862695554350286,,1165885.11,0.06229668350871364,,,,,,,,1633165.04,0.10587291497818159,,,,,,,,1321133.7,0.07752160037849151,,,,,,,,4120183.8500000006,0.08049924041189901,,1524237.07,0.0836588998424405,,,,,,,,0,,,,,,,,,0,,,,,,,,,1524237.07,0.0836588998424405,,14347627.809999999,0.0796981882167101,,,,,,,,15465232.45,0.0683267442024087,,13062325.969999999,0.06877623735275429
Semanal,287727.24,,,,,,,,,353818.9725,,,,,,,,,365464.7975,,,,,,,,,331982.4061538462,,,345366.015,,,,,,,,,340844.094,,,,,,,,,325437.77,,,,,,,,,337495.04692307685,,,291471.2775,,,,,,,,,326633.00800000003,,,,,,,,,330283.425,,,,,,,,,316937.21923076926,,,304847.414,,,,,,,,,0,,,,,,,,,0,,,,,,,,,304847.414,,,326082.4502272727,,,,,,,,,297408.31634615385,,,296871.04477272724,
Mano de Obra Directa Total,1798419.4,0.08721118525891987,,,,,,,,1685489.69,0.08909317671966199,,,,,,,,1726877.99,0.08538349463898762,,,,,,,,5210787.08,0.08718841373742299,,1623848.6600000001,0.09256688798150849,,,,,,,,1985652.8699999999,0.11098337718122897,,,,,,,,1575189.8800000001,0.10212981716803919,,,,,,,,5184691.409999999,0.1019458888442836,,1500512.11,0.08017679204914291,,,,,,,,1893963.44,0.1227796489293601,,,,,,,,1577629.0999999999,0.09257226020021987,,,,,,,,4972104.65,0.09714388050267976,,1909947.47,0.1048289057141568,,,,,,,,0,,,,,,,,,0,,,,,,,,,1909947.47,0.1048289057141568,,17277530.61,0.09597320927965652,,,,,,,,19126542.65,0.08450273161739706,,16241353.969999999,0.08551457207056809
Semanal,359683.88,,,,,,,,,421372.4225,,,,,,,,,431719.4975,,,,,,,,,400829.7753846154,,,405962.16500000004,,,,,,,,,397130.57399999996,,,,,,,,,393797.47000000003,,,,,,,,,398822.4161538461,,,375128.0275,,,,,,,,,378792.68799999997,,,,,,,,,394407.27499999997,,,,,,,,,382469.5884615385,,,381989.494,,,,,,,,,0,,,,,,,,,0,,,,,,,,,381989.494,,,392671.1502272727,,,,,,,,,367818.1278846153,,,369121.6811363636,
Mano de Obra Indirecta,1756870.9,0.08519636383810433,,,,,,,,1523234.5799999998,0.08051654568200896,,,,,,,,1540419.7,0.0761642790969505,,,,,,,,4820525.18,0.08065843746306084,,1514368.2500000002,0.08632599799078755,,,,,,,,1768828.7599999998,0.09886450567771471,,,,,,,,1431026.6900000002,0.09278277880523478,,,,,,,,4714223.7,0.09269514563206904,,1406399.25,0.07514806408681403,,,,,,,,1676179.35,0.10866139640775907,,,,,,,,1574937.97,0.092414349835488,,,,,,,,4657516.57,0.09099752820273621,,1658157.74,0.09100923670202267,,,,,,,,0,,,,,,,,,0,,,,,,,,,1658157.74,0.09100923670202267,,15850423.19,0.0880459144494024,,,,,,,,18591991.830000002,0.08214103952777525,,15630506.6,0.08229831611417002
Mantenimiento Instalaciones,33974.81,0.0016475486469099496,,,,,,,,19786.16,0.0010458751898289615,,,,,,,,25328,0.0012523138083520762,,,,,,,,79088.97,0.0013233397819867618,,17708,0.0010094379437900034,,,,,,,,42472.55,0.0023739028647532974,,,,,,,,34610.69,0.0022440364089691095,,,,,,,,94791.23999999999,0.0018638673842406774,,36585.66,0.0019548798268616743,,,,,,,,17708,0.001147953533485899,,,,,,,,20674.34,0.0012131307554784669,,,,,,,,74968,0.0014647081962614957,,25665.95,0.0014086950007134295,,,,,,,,0,,,,,,,,,0,,,,,,,,,25665.95,0.0014086950007134295,,274514.16000000003,0.0015248709739029726,,,,,,,,363851.61,0.0016075281095503074,,308356.43,0.0016235695746404624
Mantenimiento Equipo,9758.86,0.00047323874919046293,,,,,,,,185308.25000000003,0.009795195285271254,,,,,,,,32566.839999999997,0.001610229920498765,,,,,,,,227633.95,0.003808837841304362,,98127.55,0.005593724435348472,,,,,,,,32859.45,0.0018366013457919933,,,,,,,,41816.3,0.002711223026422616,,,,,,,,172803.3,0.00339780801220827,,81300.82999999999,0.0043441433740462896,,,,,,,,76248.25,0.004942932460448171,,,,,,,,12767.390000000001,0.0007491660423591866,,,,,,,,170316.46999999997,0.0033276055059135246,,23333.91,0.0012806992285147093,,,,,,,,0,,,,,,,,,0,,,,,,,,,23333.91,0.0012806992285147093,,594087.63,0.0033000373566952203,,,,,,,,1460822.79,0.006454042344341161,,1294486.94,0.006815780071631501
Combustible,94184.48000000001,0.004567310680587095,,,,,,,,149786.99,0.007917579590994855,,,,,,,,63722.09,0.0031506653981385716,,,,,,,,307693.56000000006,0.005148418655713062,,64122.66,0.0036552883476815845,,,,,,,,36881.97,0.0020614306002522845,,,,,,,,52376.58,0.0033959147447590117,,,,,,,,153381.21,0.003015914072591202,,41275.009999999995,0.0022054456418857515,,,,,,,,41336.04,0.002679684502954284,,,,,,,,47850.74,0.0028077899641006047,,,,,,,,130461.79,0.002548933586489516,,21449.81,0.0011772889806632107,,,,,,,,0,,,,,,,,,0,,,,,,,,,21449.81,0.0011772889806632107,,612986.3700000001,0.0034050160582286466,,,,,,,,2325969.17,0.010276334417545652,,2218776.1399999997,0.01168238143709929
Fletes,412259.35000000003,0.019991791985546802,,,,,,,,436256.91000000003,0.023060072220200695,,,,,,,,625084.54,0.030906585629714375,,,,,,,,1473600.8,0.024656719658980485,,724971.8200000001,0.041326748547915994,,,,,,,,464419.03,0.025957604753257046,,,,,,,,554893.79,0.035977377737076585,,,,,,,,1744284.6400000001,0.03429763393039264,,280907.36,0.01500970957694818,,,,,,,,225643.16999999998,0.014627731777075863,,,,,,,,240672.1,0.014122178821456412,,,,,,,,747222.63,0.014599070411283093,,165994.97,0.009110758977656222,,,,,,,,0,,,,,,,,,0,,,,,,,,,165994.97,0.009110758977656222,,4131103.04,0.02294744692185762,,,,,,,,13606938.79,0.0601166409291289,,12468520.04,0.06564970861071028
Gastos de importación,0,0,,,,,,,,6522.14,0.00034475332305970756,,,,,,,,14903.39,0.0007368809652659605,,,,,,,,21425.53,0.0003584982355839357,,10388.45,0.00059218972256411,,,,,,,,0,0,,,,,,,,10736.54,0.0006961198018980032,,,,,,,,21124.99,0.0004153778329454333,,21516.100000000002,0.0011496687456981362,,,,,,,,18039.86,0.0011694669658115502,,,,,,,,20793.08,0.0012200981917257917,,,,,,,,60349.04000000001,0.0011790861904347571,,346.8199999999997,1.9035476970360777e-05,,,,,,,,0,,,,,,,,,0,,,,,,,,,346.8199999999997,1.9035476970360777e-05,,103246.37999999999,0.0005735128855376946,,,,,,,,2008884.85,0.008875428269301194,,1958711.21,0.010313078037851215
$ MOD / Ventas,14.334013387123166,,,,,,,,,13.36720312532138,,,,,,,,,13.835096285846793,,,,,,,,,13.847970530078692,,,12.69843782979052,,,,,,,,,10.498315355876464,,,,,,,,,11.848200963274792,,,,,,,,,11.591574744500925,,,16.0522188931635,,,,,,,,,9.445286362485449,,,,,,,,,12.899630491599751,,,,,,,,,12.422477465416987,,,11.95330086677396,,,,,,,,,,,,,,,,,,,,,,,,,,,11.95330086677396,,,12.547336675720475,,,,,,,,,14.635557594221611,,,14.539905619887083,
$ MOI / Ventas,11.737590138239527,,,,,,,,,12.4198075256406,,,,,,,,,13.129514410910224,,,,,,,,,12.397958991679824,,,11.58399582135983,,,,,,,,,10.114853588201498,,,,,,,,,10.777862151543799,,,,,,,,,10.788051447367677,,,13.307062692190717,,,,,,,,,9.202900322092622,,,,,,,,,10.820830334035314,,,,,,,,,10.98930948730903,,,10.987895693204678,,,,,,,,,,,,,,,,,,,,,,,,,,,10.987895693204678,,,11.357710420222542,,,,,,,,,12.17418242755327,,,12.150916898624384,
