UREBLOCK SA DE CV,20.564370967741933,Unnamed: 2,Unnamed: 3,18,Unnamed: 5,Unnamed: 6,Unnamed: 7,Unnamed: 8,Unnamed: 9,20.459935714285706,Unnamed: 11,Unnamed: 12,18.1,Unnamed: 14,Unnamed: 15,Unnamed: 16,Unnamed: 17,Unnamed: 18,20.374246666666668,Unnamed: 20,Unnamed: 21,18.2,Unnamed: 23,Unnamed: 24,Unnamed: 25,Unnamed: 26,Unnamed: 27,T1,Unnamed: 29,Unnamed: 30,20.098163333333336,Unnamed: 32,Unnamed: 33,18.3,Unnamed: 35,Unnamed: 36,Unnamed: 37,Unnamed: 38,Unnamed: 39,19.46746774193548,Unnamed: 41,Unnamed: 42,18.4,Unnamed: 44,Unnamed: 45,Unnamed: 46,Unnamed: 47,Unnamed: 48,19.07029,Unnamed: 50,Unnamed: 51,19,Unnamed: 53,Unnamed: 54,Unnamed: 55,Unnamed: 56,Unnamed: 57,T2,Unnamed: 59,Unnamed: 60,18.68416129032258,Unnamed: 62,Unnamed: 63,19.1,Unnamed: 65,Unnamed: 66,Unnamed: 67,Unnamed: 68,Unnamed: 69,18.72754193548387,Unnamed: 71,Unnamed: 72,19.2,Unnamed: 74,Unnamed: 75,Unnamed: 76,Unnamed: 77,Unnamed: 78,18.525080000000003,Unnamed: 80,Unnamed: 81,19.3,Unnamed: 83,Unnamed: 84,Unnamed: 85,Unnamed: 86,Unnamed: 87,T3,Unnamed: 89,Unnamed: 90,18.4134709677419,Unnamed: 92,Unnamed: 93,19.4,Unnamed: 95,Unnamed: 96,Unnamed: 97,Unnamed: 98,Unnamed: 99,20.29187,Unnamed: 101,Unnamed: 102,19.5,Unnamed: 104,Unnamed: 105,Unnamed: 106,Unnamed: 107,Unnamed: 108,20.26635333333333,Unnamed: 110,Unnamed: 111,19.6,Unnamed: 113,Unnamed: 114,Unnamed: 115,Unnamed: 116,Unnamed: 117,T4,Unnamed: 119,Unnamed: 120,20.564370967741933.1,Unnamed: 122,Unnamed: 123,18.5,Unnamed: 125,Unnamed: 126,Unnamed: 127,Unnamed: 128,Unnamed: 129,Unnamed: 130,Unnamed: 131,Unnamed: 132,16.94872393510507,Unnamed: 134,Unnamed: 135,Unnamed: 136,Unnamed: 137,Unnamed: 138,Unnamed: 139,Unnamed: 140,Unnamed: 141,Unnamed: 142,Unnamed: 143,Unnamed: 144,Unnamed: 145
ESTADOS DE RESULTADOS 2025,ENE 25,,,ENE 25 PPTO,,,ENE 25 DELTA,,,FEB 25,,,FEB 25 PPTO,,,FEB 25 DELTA,,,MZO 25,,,MZO 25 PPTO,,,MZO 25 DELTA,,,T1,,,ABR 25,,,ABR 25 PPTO,,,ABR 25 DELTA,,,MAY 25,,,MAY 25 PPTO,,,MAY 25 DELTA,,,JUN 25,,,JUN 25 PPTO,,,JUN 25 DELTA,,,T2,,,JUL 25,,,JUL 25 PPTO,,,JUL 25 DELTA,,,AGO 25,,,AGO 25 PPTO,,,AGO 25 DELTA,,,SEP 25,,,SEP 25 PPTO,,,SEP 25 DELTA,,,,,,OCT 25,,,OCT 25 PPTO,,,OCT 25 DELTA,,,NOV 25,,,NOV 25 PPTO,,,NOV 25 DELTA,,,DIC 25,,,DIC 25 PPTO,,,DIC 25 DELTA,,,,,,2025,,,2025 PPTO,,,2025 DELTA,,,2024,,,2024 Ene-Oct,,,,OCT 25,,,,,,,,
,LEON,,,LEON,,,LEON,,,LEON,,,LEON,,,LEON,,,LEON,,,LEON,,,LEON,,,RESULTADO,,,LEON,,,LEON,,,LEON,,,LEON,,,LEON,,,LEON,,,LEON,,,LEON,,,LEON,,,RESULTADO,,,LEON,,,LEON,,,LEON,,,LEON,,,LEON,,,LEON,,,LEON,,,LEON,,,LEON,,,,,,LEON,,,LEON,,,LEON,,,LEON,,,LEON,,,LEON,,,LEON,,,LEON,,,LEON,,,,,,GUADALAJARA,,,LEON,,,LEON,,,GUADALAJARA,,,GUADALAJARA,,,,LEON,,,LEON ESPUMA,,,LEON CORTE,,
,,,,,,,,,,,,,,,,,,,,,,,,,,,,,,,,,,,,,,,,,,,,,,,,,,,,,,,,,,,,,,,,,,,,,,,,,,,,,,,,,,,,,,,,,,,,,,,,,,,,,,,,,,,,,,,,,,,,,,,,,,,,,,,,,,,,,,,,,,,,,,,,,
TRADICIONAL USD,1894364.00299443,,,2382509.395177228,,,-488145.3921827979,-0.20488707963583336,,1600821.1138772615,,,2182168.904615789,,,-581347.7907385277,-0.2664082461760148,,1700773.9740843135,,,2048177.5445515371,,,-347403.57046722365,-0.1696159453516956,,5195959.090956005,0.4119141706003492,,1341087.9871444302,,,2328381.926675062,,,-987293.939530632,-0.4240257700936939,,1614235.6040306287,,,2313197.8896854054,,,-698962.2856547767,-0.3021627716208212,,1457636.833683965,,,2156659.9990865337,,,-699023.1654025686,-0.324123026206562,,4412960.424859024,0.36298074961528615,,1892881.265605335,,,2674862.3020011443,,,-781981.0363958094,-0.292344408088142,,1668840.6485841624,,,2320795.1141132284,,,-651954.465529066,-0.28091857896649214,,1825123.3198453123,,,2126377.1196771865,,,-301253.7998318742,-0.14167468086639717,,5386845.234034809,0.42231338940391394,,1882968.9280603842,,,2331665.2759107444,,,-448696.3478503602,-0.19243600378064565,,0,,,0,,,0,,,0,,,0,,,0,,,1882968.9280603842,0.3845073504730543,,16878733.67791022,,,22864795.471493855,,,-5986061.793583635,-0.26180255148341985,,23849762.89743569,,,20750367.093617298,,,,1882968.9280603842,0.3845073504730543,,311403.986247096,0.9815507876866879,,1571564.9418132883,0.34314861610905384,0
AUTOMOTRIZ USD,2507744.112907464,,,2907080.162624294,,,-399336.0497168298,-0.13736671415223004,,2230580.4919091016,,,2633325.860612863,,,-402745.3687037616,-0.15294171326370876,,2598045.004363352,,,2771921.958539855,,,-173876.95417650323,-0.06272793995545788,,7336369.609179918,0.5815970737804528,,2734186.386019684,,,2528064.4293525373,,,206121.95666714665,0.08153350613771207,,2658513.150044367,,,2943852.7231335146,,,-285339.57308914745,-0.09692725823098394,,2300372.3865761873,,,3032782.7231335146,,,-732410.3365573273,-0.2414977937491646,,7693071.922640238,0.6327808873140917,,2443908.786724654,,,3687024.099315369,,,-1243115.312590715,-0.3371595300452592,,2364594.7098959647,,,3377045.0182154817,,,-1012450.308319517,-0.2998036161373182,,2529673.052963873,,,3377045.0182154817,,,-847371.9652516088,-0.25092113391469745,,7338176.549584492,0.5752922306212519,,2960907.1671230933,,,3687024.099315369,,,-726116.9321922758,-0.19693848280707088,,0,,,0,,,0,,,0,,,0,,,0,,,2960907.1671230933,0.6046252558187023,,25328525.24852774,,,30945166.092458278,,,-5616640.843930539,-0.1815030117191513,,30614518.52389775,,,26844303.719541255,,,,2960907.1671230933,0.6046252558187023,,5853.14415673239,0.018449212313312157,,2955054.0229663607,0.6452311778719171,
EMPAQUE USD,0,,,0,,,0,,,0,,,0,,,0,,,0,,,0,,,0,,,0,0,,0,,,0,,,0,,,0,,,0,,,0,,,0,,,0,,,0,,,0,0,,0,,,0,,,0,,,0,,,0,,,0,,,0,,,0,,,0,,,0,0,,0,,,0,,,0,,,0,,,0,,,0,,,0,,,0,,,0,,,0,0,,0,,,0,,,0,,,1969.1988659035192,,,0,,,,0,0,,0,0,,0,0,
PROD HOGAR USD,7037.643904937369,,,44194.78017156863,,,-37157.13626663126,-0.8407584814854488,,13068.77566645057,,,47789.61839912281,,,-34720.84273267224,-0.7265352579862732,,61743.90545973561,,,44872.14877990432,,,16871.75667983129,0.37599618334719,,81850.32503112355,0.006488755619198105,,4597.465373701643,,,152487.612374439,,,-147890.14700073734,-0.9698502369988429,,28590.776539520448,,,79186.98338171726,,,-50596.206842196814,-0.6389460070514379,,18339.913551393292,,,151165.75603805427,,,-132825.842486661,-0.8786767980257617,,51528.15546461538,0.0042383630706220535,,8863.543694935679,,,68463.90817182919,,,-59600.364476893505,-0.8705369890265371,,6972.005746926469,,,68717.92125522158,,,-61745.915508295104,-0.898541666866899,,14706.11624889069,,,27619.66460604173,,,-12913.54835715104,-0.46754906481834085,,30541.665690752838,0.0023943799748340263,,53218.65669523864,,,90000,,,-36781.34330476136,-0.4086815922751262,,0,,,0,,,0,,,0,,,0,,,0,,,53218.65669523864,0.010867393708243422,,217138.80288173043,,,774498.3931778987,,,-557359.5902961683,-0.7196394404502598,,1967244.4427143482,,,1710894.061389401,,,,53218.65669523864,0.010867393708243422,,0,0,,53218.65669523864,0.011620206019029152,
OTROS INGRESOS USD,0,,,3381.823933039023,,,-3381.823933039023,,,0,,,1991.9577293721711,,,-1991.9577293721711,,,0,,,1480.6554414003044,,,-1480.6554414003044,,,0,0,,0,,,1128.2595599756648,,,-1128.2595599756648,,,0,,,1017.9144172570408,,,-1017.9144172570408,,,0,,,3789.267614226216,,,-3789.267614226216,,,0,0,,0,,,10785.343731482171,,,-10785.343731482171,,,0,,,10251.437312005246,,,-10251.437312005246,,,0,,,10463.411293703146,,,-10463.411293703146,,,0,0,,0,,,,,,0,,,0,,,0,,,0,,,0,,,0,,,0,,,0,0,,0,,,44290.07103246098,,,-44290.07103246098,,,0,,,-152891.78610220147,,,,0,0,,0,0,,0,0,
TOTAL VENTAS USD,4409145.759806831,,,5337166.16190613,,,-928020.402099298,-0.17387886641473096,,3844470.3814528137,,,4865276.341357147,,,-1020805.9599043337,-0.2098145898162044,,4360562.883907401,,,4866452.307312697,,,-505889.4234052959,-0.10395446034580647,,12614179.025167046,,,4079871.8385378155,,,5010062.227962014,,,-930190.3894241984,-0.1856644383043083,,4301339.530614517,,,5337255.510617894,,,-1035915.9800033781,-0.19409150975487952,,3776349.133811546,,,5344397.745872328,,,-1568048.6120607832,-0.29340043286857587,,12157560.502963878,,,4345653.596024925,,,6441135.653219825,,,-2095482.0571949002,-0.3253280430675917,,4040407.3642270537,,,5776809.490895936,,,-1736402.1266688835,-0.30058151119669013,,4369502.4890580755,,,5541505.213792413,,,-1172002.724734337,-0.21149537526686893,,12755563.449310055,,,4897094.751878716,,,6108689.375226114,,,-1211594.6233473974,-0.19833953716177466,,0,,,0,,,0,,,0,,,0,,,0,,,4897094.751878716,,,42424397.72931969,,,54628750.028162494,,,-12204352.298842803,-0.22340530018627833,,56433495.06291369,,,49152673.08844576,,,,4897094.751878716,1,,317257.13040382834,1,,4579837.621474887,1,0
,,,,,,,,,,,,,,,,,,,,,,,,,,,,,,,,,,,,,,,,,,,,,,,,,,,,,,,,,,,,,,,,,,,,,,,,,,,,,,,,,,,,,,,,,,,,,,,,,,,,,,,,,,,,,,,,,,,,,,,,,0,,,0,,,,,,0,,,0,,,,,,,,,,,,
TRADICIONAL,38956404.10551405,0.4296442227569777,,47650187.90354456,0.44668273859805385,,-8693783.79803051,-0.18245014721933142,,32752697.080000006,0.4163957463686626,,43643378.09231578,0.44870271456097666,,-10890681.012315772,-0.2495379938115578,,34651988.472240746,0.39003541959250193,,40963550.89103074,0.42100503170737125,,-6311562.418789998,-0.15407752212643164,,106361089.65775481,0.41197745865745705,,26953405.409999993,0.32870836149232135,,46567638.533501245,0.46484580179400287,,-19614233.123501252,-0.4211987925776088,,31425079.54935,0.3752867199953427,,46263957.79370811,0.4334885484357716,,-14838878.244358107,-0.3207438133703337,,27797557.13303498,0.3859910146106493,,43133199.98173067,0.40382289918207065,,-15335642.848695688,-0.35554150527183687,,86176042.09238498,0.3624646578357129,,35366898.87000001,0.43558033878650604,,53497246.04002289,0.41597458509441315,,-18130347.170022875,-0.3389024391360075,,31253283.23,0.4130377207406705,,46415902.282264575,0.4024575999318776,,-15162619.052264575,-0.32666862662838253,,33810555.51,0.4176959103274821,,42527542.39354373,0.38444423231742203,,-8716986.88354373,-0.2049727398512238,,100430737.61000001,0.4223200495923206,,34671993.689999975,0.3845073504730543,,46633305.51821489,0.3816964871985225,,-11961311.828214914,-0.25649719005106436,,0,,,0,,,0,,,0,,,0,,,0,,,34671993.689999975,0.3845073504730543,,327639863.0501398,0.3976684942173815,,457295909.4298772,0.4188883702330588,,-129656046.37973744,-0.2835276758573743,,432801712.14,0.4232919717009885,,369942773.21,0.42139392797206193,,,34671993.689999975,0.3845073504730543,,5734028.26,0.9815507876866878,,28937965.429999974,0.3431486161090538,
AUTOMOTRIZ,51570180.230000004,0.568759630440825,,58141603.25248588,0.5450314407966902,,-6571423.022485875,-0.11302445503521455,,45637533.470000006,0.5802048840511997,,52666517.212257266,0.5414706714412882,,-7028983.74225726,-0.13346209535612466,,52933209.77000001,0.5958049622335232,,55438439.1707971,0.5697714512835125,,-2505229.4007970914,-0.04518939274388433,,150140923.47000003,0.5815536141147885,,54952124.57,0.6701647733619958,,50561288.58705074,0.5047110713178449,,4390835.982949257,0.08684185284142054,,51754518.989999995,0.6180663328534205,,58877054.4626703,0.551671973007633,,-7122535.472670302,-0.1209730265495226,,43868768.52,0.6091524657981967,,60655654.46267029,0.5678721320763602,,-16786885.942670286,-0.2767571480578377,,150575412.07999998,0.6333345543943416,,45662385.95,0.562380027013694,,73740481.98630738,0.5733784198156294,,-28078096.03630738,-0.38076908748062027,,44283046.589999996,0.5852367092564988,,67540900.36430964,0.5856257730929526,,-23257853.774309643,-0.34435214290687327,,46862395.67999999,0.5789384625134265,,67540900.36430964,0.6105621940318485,,-20678504.684309646,-0.3061627039730241,,136807828.21999997,0.5752889023164475,,54520578.16,0.6046252558187024,,73740481.98630738,0.6035704015771622,,-19219903.826307386,-0.2606425033928618,,0,,,0,,,0,,,0,,,0,,,0,,,54520578.16,0.6046252558187024,,492044741.92999995,0.5972127133411084,,618903321.8491656,0.5669226390947576,,-126858579.91916561,-0.20497317665081563,,553663092.52,0.5414977240548622,,477196505.48999995,0.5435643683971202,,,54520578.16,0.6046252558187024,,107776.70000000001,0.018449212313312154,,54412801.45999999,0.6452311778719171,
EMPAQUE,0,0,,0,0,,0,,,0,0,,0,0,,0,,,0,0,,0,0,,0,,,0,0,,0,0,,0,0,,0,,,0,0,,0,0,,0,,,0,0,,0,0,,0,,,0,0,,0,0,,0,0,,0,,,0,0,,0,0,,0,,,0,0,,0,0,,0,,,0,0,,0,0,,0,0,,0,,,0,,,0,,,0,,,0,,,0,,,0,,,0,0,,0,0,,0,0,,0,,,39908.48,3.9031590478840444e-05,,0,0,,,0,0,,0,0,,0,0,
PROD HOGAR,144724.72,0.0015961468021972796,,883895.6034313726,0.008285820605255899,,-739170.8834313726,-0.8362649169900112,,267386.31,0.003399369580137569,,955792.3679824562,0.009826613997735018,,-688406.0579824562,-0.7202464479137711,,1257985.56,0.014159618173974892,,897442.9755980864,0.009223517009116463,,360542.5844019137,0.40174428259537703,,1670096.59,0.006468927227754475,,92400.61,0.0011268651456829407,,3049752.24748878,0.0304431268881522,,-2957351.63748878,-0.9697022569370728,,556590.02,0.006646947151236812,,1583739.6676343451,0.014839478556595346,,-1027149.6476343451,-0.6485596519588434,,349747.47,0.004856519591154022,,3023315.1207610853,0.028304968741569056,,-2673567.6507610856,-0.8843165677311352,,998738.1,0.0042007877699453905,,165607.88,0.0020396341997998596,,1369278.1634365837,0.010646995089957518,,-1203670.2834365838,-0.879054611092051,,130568.53,0.001725570002830703,,1374358.4251044316,0.011916626975169911,,-1243789.8951044315,-0.904996740577278,,272431.98,0.0033656271590912523,,552393.2921208346,0.00499357365072964,,-279961.3121208346,-0.5068151914842475,,568608.39,0.0023910480912319723,,979940.19,0.010867393708243423,,1800000,0.014733111224315388,,-820059.81,-0.45558878333333336,,0,,,0,,,0,,,0,,,0,,,0,,,979940.19,0.010867393708243423,,4217383.27,0.00511879244151015,,15489967.863557976,0.014188990672183627,,-11272584.593557976,-0.7277345371437532,,35961435.699999996,0.03517127265367041,,30763198.419999994,0.035041703630817975,,,979940.19,,,0,,,979940.19,,
OTROS INGRESOS,,0,,,0,,0,,,,0,,,0,,0,,,,0,,,0,,0,,,0,0,,,0,,,0,,0,,,,0,,,0,,0,,,,0,,,0,,0,,,0,0,,,0,,,0,,0,,,,0,,,0,,0,,,,0,,,0,,0,,,0,0,,,0,,,0,,0,,,0,,,0,,,0,,,0,,,0,,,0,,,0,0,,0,0,,0,0,,0,,,0,0,,0,,,,0,0,,0,0,,0,0,
TOTAL VENTAS,90671309.05551405,,,106675686.75946182,,,-16004377.703947758,-0.15002835407130133,,78657616.86000001,,,97265687.6725555,,,-18608070.81255549,-0.19131176942067668,,88843183.80224076,,,97299433.03742592,,,-8456249.235185176,-0.08690954275070124,,258172109.71775484,,,81997930.58999999,,,100178679.36804077,,,-18180748.778040774,-0.1814832147192474,,83736188.55935,,,106724751.92401275,,,-22988563.364662755,-0.21540048536285605,,72016073.12303498,,,106812169.56516205,,,-34796096.44212706,-0.3257690259806893,,237750192.27238497,,,81194892.70000002,,,128607006.18976684,,,-47412113.489766836,-0.368658869329464,,75666898.35,,,115331161.07167864,,,-39664262.72167865,-0.343916269923158,,80945383.17,,,110620836.04997419,,,-29675452.879974212,-0.2682627788725803,,237807174.21999997,,,90172512.03999996,,,122173787.50452226,,,-32001275.4645223,-0.2619324170770901,,0,,,0,,,0,,,0,,,0,,,0,,,90172512.03999996,,,823901988.2501397,1,,1091689199.1426008,,,-267787210.89246103,-0.24529619886573745,,1022466148.84,1,,877902477.1199999,1,,,90172512.03999996,1,,5841804.96,1,,84330707.07999997,1,0
,,,,,,,,,,,,,,,,,,,,,,,,,,,,,,,,,,,,,,,,,,,,,,,,,,,,,,,,,,,,,,,,,,,,,,,,,,,,,,,,,,,,,,,,,,,,,,,,,,,,,,,,,,,,,,,,,,,,,,,,,,,,,,,,,,,,,,,,,,,,,,,,,
(+)TRANSFERENCIAS ENVIADAS,4861257.979999999,0.050885872020929104,,5815127.563434074,0.05169424364501633,,-953869.5834340751,-0.1640324434896447,,3202073.5100000002,0.03911660910915805,,5300978.402786936,0.051683247643956695,,-2098904.8927869354,-0.3959466976291504,,2977305.410000002,0.03242528367626135,,5302259.680497676,0.05167809165756014,,-2324954.270497674,-0.4384836674539206,,11040636.9,0.041010825225434776,,2879106.0500000017,0.03392090680794534,,5458730.358497361,0.051674216289743266,,-2579624.308497359,-0.47256855332335174,,2847128.2700000014,0.03288310467028543,,5815224.913627187,0.051672526306067584,,-2968096.6436271854,-0.5104010055865347,,3142804.2299999995,0.04181547597149001,,5823006.760366199,0.051697941534153226,,-2680202.530366199,-0.4602781072844995,,8869038.550000003,0.03596247754250551,,3209288.009999997,0.03802285601262602,,7017961.281437675,0.05174534904812203,,-3808673.2714376776,-0.5427036597525152,,1987158.8399999994,0.02558989075275127,,6294142.449411594,0.05175027126094833,,-4306983.609411595,-0.6842844190496884,,3695103.1499999994,0.043656449893611615,,6037765.873140648,0.0517558566072985,,-2342662.7231406486,-0.3880015840895918,,8891549.999999996,0.03604214017771217,,2371829.6400000006,0.02562911569679018,,6667881.123299597,0.05175252070477877,,-4296051.483299596,-0.6442903530910128,,,,,,,,0,,,,,,,,,0,,,2371829.6400000006,0.02562911569679018,,31173055.09,0.03645651376776259,,59533078.406498946,0.05171293117541313,,-28360023.316498946,-0.47637421204482877,,55830421.690000005,0.05177649935634912,,49259651.63000001,0.05312949062793568,,,2371829.6400000006,,,67183715.55999942,,,7284959.690000001,,
(+)P.T. PENDIENTE TRANSFERIR,0,,,0,,,0,,,0,,,0,,,0,,,0,,,0,,,0,,,0,,,0,,,0,,,0,,,0,,,0,,,0,,,0,,,0,,,0,,,0,,,0,,,0,,,0,,,0,,,0,,,0,,,0,,,0,,,0,,,0,,,0,,,0,,,0,,,0,,,0,,,0,,,0,,,0,,,0,,,0,,,0,,,0,,,0,,,0,,,0,,,,0,,,0,,,0,,
,,,,,,,,,,,,,,,,,,,,,,,,,,,,,,,,,,,,,,,,,,,,,,,,,,,,,,,,,,,,,,,,,,,,,,,,,,,,,,,,,,,,,,,,,,,,,,,,,,,,,,,,,,,,,,,,,,,,,,,,,,,,,,,,,,,,,,,,,,,,,,,,,
TOTAL VENTAS C/TRANSFERENC,95532567.03551406,,,112490814.3228959,,,-16958247.287381835,-0.15075228488171974,,81859690.37000002,,,102566666.07534245,,,-20706975.705342423,-0.2018879670918785,,91820489.21224076,,,102601692.7179236,,,-10781203.50568285,-0.10507822259154075,,269212746.6177548,,,84877036.63999999,,,105637409.72653814,,,-20760373.086538132,-0.19652482146504913,,86583316.82935,,,112539976.83763994,,,-25956660.00828994,-0.2306439075044178,,75158877.35303499,,,112635176.32552825,,,-37476298.97249325,-0.3327228686017463,,246619230.82238498,,,84404180.71000001,,,135624967.47120452,,,-51220786.76120451,-0.3776648777599121,,77654057.19,,,121625303.52109024,,,-43971246.33109025,-0.3615304139690429,,84640486.32000001,,,116658601.92311484,,,-32018115.603114862,-0.27445996330572114,,246698724.21999997,,,92544341.67999996,,,128841668.62782186,,,-36297326.94782189,-0.2817204040772871,,0,,,0,,,0,,,0,,,0,,,0,,,92544341.67999996,,,855075043.3401397,1,,1151222277.5490997,,,-296147234.20896,-0.25724592025741894,,1078296570.53,1,,927162128.7499999,1,,,92544341.67999996,1,,73025520.51999941,1,,91615666.76999997,1,-72096845.60999942
,0.15753256366803933,,,,,,,,,0.1526226130133004,,,,,,,,,0.15851490701360027,,,,,,,,,0.1869463321454706,,,0.15178625042775204,,,,,,,,,0.15369977300956178,,,,,,,,,0.14802990146362138,,,,,,,,,0.1869463321454706,,,0.14145901049404355,,,,,,,,,0.153457813074589,,,,,,,,,0.1601393536212245,,,,,,,,,0.1869463321454706,,,0.14653915568871712,,,,,,,,,,,,,,,,,,,,,,,,,,,0.1869463321454706,,,,,,,,,,,,,,,,,,,,,,,,,,,
INVENTARIO INICIAL,154002451.59,,,,,,,,,133968398.27000001,,,,,,,,,121080703.61,,,,,,,,,154002451.59,,,127076769.04999998,,,,,,,,,118201322.57000001,,,,,,,,,124272932.44999999,,,,,,,,,127076769.04999998,,,120780035.03999999,,,,,,,,,123855354.22,,,,,,,,,128496003.57,,,,,,,,,120780035.03999999,,,122591304.22,,,,,,,,,0,,,,,,,,,0,,,,,,,,,122591304.22,,,,,,,,,,,,,,,,,,,,,,,,,,,
(+) COMPRAS,33443066.880000003,,,,,,,,,36387453.940000005,,,,,,,,,64617052.82,,,,,,,,,134447573.64000002,,,44446683.73,,,,,,,,,56132723.65,,,,,,,,,46273332.06999999,,,,,,,,,146852739.45,,,58658353.800000004,,,,,,,,,53847340.09,,,,,,,,,50098707.559999995,,,,,,,,,162604401.45000002,,,59320792.36,,,,,,,,,0,,,,,,,,,0,,,,,,,,,59320792.36,,,,,,,,,,,,,,,,,,,,,,,,,,,
(+)TRANSFERENCIAS RECIBIDAS,2478377.2500000005,,,,,,,,,2069794.9900000002,,,,,,,,,1912192.6100000006,,,,,,,,,6460364.8500000015,,,2020083.7300000004,,,,,,,,,1777809.530000001,,,,,,,,,2629636.15,,,,,,,,,6427529.410000001,,,1406660.6099999996,,,,,,,,,1180910.27,,,,,,,,,1592500.6699999997,,,,,,,,,4180071.549999999,,,3209799.7600000007,,,,,,,,,,,,,,,,,,,,,,,,,,,3209799.7600000007,,,,,,,,,,,,,,,,,,,,,,,,,,,
(--) INVENTARIO FINAL,133968398.27000001,,,,,,,,,121080703.61,,,,,,,,,127076044.63999999,,,,,,,,,127076044.63999999,,,118201322.57000001,,,,,,,,,124272932.44999999,,,,,,,,,120780035.03999999,,,,,,,,,120780035.03999999,,,123855354.22,,,,,,,,,128481271.17,,,,,,,,,122591304.22,,,,,,,,,122591304.22,,,125791336.94000001,,,,,,,,,0,,,,,,,,,0,,,,,,,,,0,,,,,,,,,,,,,,,,,,,,,,,,,,,
MATERIALES,55955497.44999999,0.5857216987501093,,68097862.73494178,0.6053637636533797,,-12142365.284941792,-0.019642064903270473,,51344943.59000001,0.6272310994327549,,62076935.66410758,0.605234995339594,,-10731992.074107572,0.021996104093160884,,60533904.40000002,0.6592635796143214,,62091940.02518472,0.6051746163281165,,-1558035.6251847,0.05408896328620483,,167834345.44000003,0.6234264445074801,,55342213.93999997,0.652028111852327,,63924284.82523128,0.6051292339589833,,-8582070.885231309,0.04689887789334368,,51838923.30000001,0.598717226347093,,68099002.75122097,0.6051094434599589,,-16260079.45122096,-0.006392217112865861,,52395865.62999999,0.6971347560699587,,68190131.81507672,0.6054070676641871,,-15794266.185076736,0.09172768840577161,,159577002.86999997,0.6470582295543985,,56989695.230000004,0.6751999101301388,,82183607.97922967,0.6059622318189949,,-25193912.74922967,0.06923767831114391,,50402333.410000004,0.649062460274009,,73707351.02173486,0.6060198732326597,,-23305017.61173486,0.043042587041349334,,57595907.58,0.6804770398204866,,70705061.44013828,0.6060852802499489,,-13109153.860138282,0.07439175957053767,,164987936.22000003,0.6687830946092278,,59330559.39999997,0.6411041271994058,,78084005.64117964,0.6060462152716819,,-18753446.241179667,0.035057911927723895,,0,,,,,,0,,,0,,,,,,0,,,59330559.39999997,0.6411041271994058,,551729843.93,0.6452414302431321,,697160183.8980457,0.6055826033720163,,-145430339.9680457,0.03965882687111577,,653323417.1899999,0.6058847213701896,,570617168.72,0.6154448623665272,,,59330559.39999997,0.6411041271994058,,63128539.21,0.8644722935280011,,68298865.79999943,0.7454933005231836,-72096845.60999946
(+) VARIACION EN COMPRAS,1676384.49,0.017547780217994215,,0,0,,1676384.49,,,1530918.57,0.018701739074266664,,0,0,,1530918.57,,,2531273.86,0.027567636392668567,,0,0,,2531273.86,,,5738576.92,0.02131614120095135,,1549021.62,0.018250184989022023,,0,0,,1549021.62,,,805378.95,0.00930177982887106,,0,0,,805378.95,,,-1185209.3599999999,-0.015769386155581527,,0,0,,-1185209.3599999999,,,1169191.2100000002,0.0047408760707799424,,-4980986.5200000005,-0.05901350475889241,,0,0,,-4980986.5200000005,,,-3122437.3800000004,-0.040209584572769706,,0,0,,-3122437.3800000004,,,-5699500.76,-0.06733776006971316,,0,0,,-5699500.76,,,-13802924.66,-0.05595053117376839,,-6701261.01,-0.07241135317782729,,0,0,,-6701261.01,,,0,,,0,,,0,,,0,,,0,,,0,,,-6701261.01,-0.07241135317782729,,-13596417.54,-0.015900847119673787,,0,0,,-13596417.54,,,-3521493.2,-0.0032657928219776587,,-11199589.48,-0.012079429403678609,,,-6701261.01,-0.07241135317782729,,-6557281.18,-0.08979437781897309,,-143979.83,-0.0015715634135093906,
(+) VARIACION STD,0,0,,0,0,,0,,,0,0,,0,0,,0,,,-724.41,0,,0,0,,-724.41,,,-724.41,0,,0,0,,0,0,,0,,,0,0,,0,0,,0,,,0,0,,0,0,,0,,,0,0,,0,0,,0,0,,0,,,-14732.4,0,,0,0,,-14732.4,,,0,0,,0,0,,0,,,-14732.4,0,,0,0,,0,0,,0,,,0,,,0,,,0,,,0,,,0,,,0,,,0,0,,-15456.81,0,,0,0,,-15456.81,,,-15487636.870000001,-0.014363058636445056,,1821345.0899999999,0.0019644299885884444,,,0,0,,0,0,,0,0,
FLETES MERCANCIAS,26788.48,0,,533716.6161906129,0.004744535092959874,,-506928.1361906129,-0.004744535092959874,,79954.53,0,,486527.6341357148,0.004743525872024795,,-406573.1041357148,-0.004743525872024795,,146688.52999999997,0.0015975577048052219,,486645.2307312697,0.004743052651861923,,-339956.7007312697,-0.0031454949470567013,,253431.53999999998,0,,0,0,,501006.2227962014,0.00474269696779908,,-501006.2227962014,,,55584.94,0,,533725.5510617894,0.004742541859874281,,-478140.6110617894,-0.004742541859874281,,91323.56,0.0012150734978522435,,534439.7745872329,0.004744874487901028,,-443116.21458723285,-0.0035298009900487847,,146908.5,0,,50401.69,0,,644113.5653219825,0.004749225583841992,,-593711.8753219824,-0.004749225583841992,,89000,0.001146108821876999,,577680.9490895936,0.004749677348097403,,-488680.9490895936,-0.003603568526220404,,56754,0,,554150.5213792413,0.004750189975227548,,-497396.52137924125,-0.004750189975227548,,196155.69,0,,8945.97,0,,611982.9550544082,0.004749883803680089,,-603036.9850544082,-0.004749883803680089,,0,,,0,,,0,,,0,,,0,,,0,,,8945.97,0,,605441.7,0,,5463989.020348046,0.0047462502480238936,,-4858547.320348046,-0.0047462502480238936,,885455.3700000001,0,,475569.74000000005,0,,,8945.97,9.666685004830868e-05,,0,0,,8945.97,9.764672697802604e-05,
FLETES INTERPLANTAS,192896.73,0.002019172476840186,,960689.9091431033,0.008540163167327775,,-767793.1791431033,-0.006520990690487589,,167801.74,0.0020498702015796537,,875749.7414442865,0.00853834656964463,,-707948.0014442866,-0.006488476368064977,,133817.57,0.0014573824551368274,,875961.4153162853,0.00853749477335146,,-742143.8453162853,-0.007080112318214633,,494516.04000000004,0.0018368968268138693,,0,0,,901811.2010331624,0.008536854542038341,,-901811.2010331624,,,61000,0,,960705.9919112208,0.008536575347773705,,-899705.9919112208,-0.008536575347773705,,79532.94,0.0010581975516534027,,961991.594257019,0.00854077407822185,,-882458.654257019,-0.007482576526568447,,140532.94,0,,78325.45,0,,1159404.4175795682,0.008548606050915585,,-1081078.9675795683,-0.008548606050915585,,32197.86,0,,1039825.7083612686,0.008549419226575327,,-1007627.8483612686,-0.008549419226575327,,34238.64,0,,997470.9384826341,0.008550341955409586,,-963232.2984826341,-0.008550341955409586,,144761.95,0,,24579.16,0,,1101569.3190979345,0.00854979084662416,,-1076990.1590979346,-0.00854979084662416,,0,,,0,,,0,,,0,,,0,,,0,,,24579.16,0,,804390.09,0,,9835180.236626484,0.00854325044644301,,-9030790.146626484,-0.00854325044644301,,961933.87,0,,695714,0,,,24579.16,0.00026559333130262976,,0,0,,24579.16,0.0002682855549335867,
GASTOS DE IMPORTACION MERCANCIAS,92388.97,0,,426973.2929524904,0.0037956280743679004,,-334584.3229524904,-0.0037956280743679004,,114592.65000000001,0.0013998666435464063,,389222.1073085718,0.003794820697619836,,-274629.4573085718,-0.0023949540540734297,,322818.97,0.0035157618171017587,,389316.1845850157,0.003794442121489538,,-66497.21458501572,,,529800.59,0.001967962500498701,,193432,0.0022789674057593257,,400804.9782369611,0.0037941575742392636,,-207372.97823696112,-0.001515190168479938,,324372.32,0.003746360521615457,,426980.44084943156,0.003794033487899425,,-102608.12084943155,,,455188.69999999995,0.006056353102001449,,427551.8196697862,0.003795899590320822,,27636.880330213753,0.0022604535116806275,,972993.02,0.003945325012795734,,758083.53,0.008981587447719685,,515290.852257586,0.003799380467073594,,242792.677742414,0.005182206980646091,,-51926.890000000036,0,,462144.75927167496,0.003799741878477923,,-514071.649271675,-0.003799741878477923,,-74232.73999999999,0,,443320.417103393,0.0038001519801820383,,-517553.157103393,-0.0038001519801820383,,631923.9,0.0025615207455895296,,62300.35,0,,489586.3640435265,0.0037999070429440714,,-427286.01404352655,-0.0037999070429440714,,0,,,0,,,0,,,0,,,0,,,0,,,62300.35,0,,2197017.86,0.002569386017182646,,4371191.2162784375,0.0037970001984191154,,-2174173.3562784377,-0.0012276141812364695,,4061101.3400000003,0.003766219286039187,,3532237.9200000004,0.0038097305859139913,,,62300.35,0.0006731945883349875,,25906.11,0.00035475419847100063,,36394.24,0.00039724908722617606,
(+) GTOS S/COMPRA,312074.18000000005,0.003266678470850543,,1921379.8182862066,0.01708032633465555,,-1609305.6382862064,-0.013813647863805007,,362348.92,0.004426463358976908,,1751499.4828885733,0.017076693139289265,,-1389150.5628885732,-0.012650229780312355,,603325.07,0.006570701977043808,,1751922.8306325707,0.01707498954670292,,-1148597.7606325708,-0.010504287569659113,,1277748.17,0.004746239492939861,,193432,0.0022789674057593257,,1803622.402066325,0.017073709084076686,,-1610190.402066325,-0.01479474167831736,,440957.26,0.005092866341319514,,1921411.983822442,0.01707315069554741,,-1480454.7238224417,-0.011980284354227896,,626045.2,0.008329624151507096,,1923983.188514038,0.0170815481564437,,-1297937.988514038,-0.008751924004936604,,1260434.46,0.005110852287540237,,886810.67,0.01050671498189109,,2318808.835159137,0.017097212101831172,,-1431998.1651591368,-0.006590497119940083,,69270.96999999997,0,,2079651.4167225373,0.017098838453150654,,-2010380.4467225373,-0.017098838453150654,,16759.90000000001,0,,1994941.8769652685,0.017100683910819172,,-1978181.9769652684,-0.017100683910819172,,972841.54,0.003943439687723895,,95825.48,0.001035454769685926,,2203138.638195869,0.01709958169324832,,-2107313.1581958695,-0.01606412692356239,,0,,,0,,,0,,,0,,,0,,,0,,,95825.48,0.001035454769685926,,3606849.65,0.0042181673738374255,,19670360.473252967,0.01708650089288602,,-16063510.823252968,-0.012868333519048595,,5908490.58,0.00547946709790228,,4703521.66,0.005073030394739363,,,95825.48,0.001035454769685926,,25906.11,0.00035475419847100063,,69919.37,0.0007631813691377888,
TOTAL MATERIALES,57943956.11999999,0.6065361574389541,,70019242.55322799,0.6224440899880354,,-12075286.433228,-0.015907932549081294,,53238211.08000001,0.6503593018659986,,63828435.146996155,0.6223116884788833,,-10590224.066996146,0.028047613387115256,,63667778.920000024,0.6933940285684337,,63843862.85581729,0.6222496058748195,,-176083.9358172709,0.0711444226936142,,174849946.12,0.6494861343555287,,57084667.559999965,0.6725572642471083,,65727907.227297604,0.62220294304306,,-8643239.667297633,0.05035432120404826,,53085259.51000001,0.6131118725172836,,70020414.7350434,0.6221825941555063,,-16935155.2250434,-0.009070721638222645,,51836701.46999999,0.6896949940658843,,70114115.00359076,0.6224886158206308,,-18277413.533590775,0.06720637824525355,,162006628.54,0.6569099579127188,,52895519.38,0.6266931203531375,,84502416.81438881,0.623059443920826,,-31606897.434388805,0.0036336764323114945,,47334434.6,0.6095552030743805,,75787002.4384574,0.6231187116858103,,-28452567.838457394,-0.013563508611429853,,51913166.72,0.6133372925544409,,72700003.31710355,0.6231859641607681,,-20786836.597103547,-0.009848671606327186,,152143120.70000002,0.6167162849383949,,52725123.86999997,0.5697282287912644,,80287144.27937551,0.6231457969649302,,-27562020.409375533,-0.05341756817366583,,0,,,0,,,0,,,0,,,0,,,0,,,52725123.86999997,0.5697282287912644,,541724819.23,0.6335406739435239,,716830544.3712987,0.6226691042649023,,-175105725.14129868,0.010871569678621573,,640222777.6999999,0.5937353370096691,,565942445.99,0.6104028933461764,,,52725123.86999997,0.5697282287912644,,56597164.14,0.775032669907499,,68224805.33999944,0.7446849184788121,
,,,,,,,,,,,,,,,,,,,,,,,,,,,,,,,,,,,,,,,,,,,,,,,,,,,,,,,,,,,,,,,,,,,,,,,,,,,,,,,,,,,,,,,,,,,,,,,,,,,,,,,,,,,,,,,,,,,,,,,,,,,,,,,,,,,,,,,,,,,,,,,,,
MANO DE OBRA,2728598.3,0.02856196985668404,,2006009.581205,0.017832652321698995,,722588.7187949999,0.010729317534985044,,2498411.68,0.03052065880908364,,1905709.1021447498,0.018580199348050098,,592702.5778552503,0.011940459461033542,,2441755.3,0.026592706278834387,,1905709.1021447498,0.018573856353266964,,536046.19785525,0.008018849925567423,,7668765.28,0.028485892203642924,,2428858.04,0.0286161974563489,,2039108.7392948824,0.01930290362640934,,389749.30070511764,0.009313293829939558,,3046329.53,0.03518379338601817,,2548885.924118603,0.022648715556391575,,497443.6058813967,0.012535077829626592,,2279583.77,0.030330199841761583,,2079890.9140807802,0.018465731416530684,,199692.8559192198,0.011864468425230899,,7754771.34,0.03144430916494497,,2135399.91,0.02529969359381511,,2142287.6415032037,0.015795673034598497,,-6887.731503203511,0.009504020559216612,,2694673,0.03470099435251414,,2677859.5518790046,0.022017289777325446,,16813.448120995425,0.012683704575188696,,2209263.48,0.026101734241547773,,2142287.6415032037,0.01836373491699397,,66975.83849679632,0.007737999324553803,,7039336.390000001,0.02853414184551068,,2711296.72,0.029297271673022734,,2758195.3384353747,0.021407634407489926,,-46898.61843537446,0.007889637265532809,,0,,,0,,,0,,,0,,,0,,,0,,,2711296.72,0.029297271673022734,,25174169.73,0.029440889341903042,,22205943.53630955,0.019289014788338707,,2968226.193690449,0.010151874553564335,,28530077.07,0.02645846963602695,,23814294.16,0.02568514547947125,,,2711296.72,0.029297271673022734,,299904.81,0.004106849329719812,,2411391.91,0.02632073743515692,0
,,,,,,,,,,,,,,,,,,,,,,,,,,,,,,,,,,,,,,,,,,,,,,,,,,,,,,,,,,,,,,,,,,,,,,,,,,,,,,,,,,,,,,,,,,,,,,,,,,,,,,,,,,,,,,,,,,,,,,,,,,,,,,,,,,,,,,,,,,,,,,,,,
GASTOS DE FABRICACION:,,,,,,,,,,,,,,,,,,,,,,,,,,,,,,,,,,,,,,,,,,,,,,,,,,,,,,,,,,,,,,,,,,,,,,,,,,,,,,,,,,,,,,,,,,,,,,,,,,,,,,,,,,,,,,,,,,,,,,,,,,,,,,,,,,,,,,,,,,,,,,,,,
MANO DE OBRA INDIRECTA,2566676.62,0.02686703288362222,,2341635.9818543997,0.020816241716705156,,225040.63814560045,0.006050791166917063,,2528930.6500000004,0.030893479300610746,,2185528.4774880945,0.02130837006910871,,343402.1725119059,0.009585109231502038,,2510989.04,0.027346718162173062,,2185528.4774880945,0.021301095718728843,,325460.56251190556,0.006045622443444219,,7606596.3100000005,0.028254963427865935,,2464401.6100000003,0.029034962901127042,,2294804.901362499,0.021723411311419163,,169596.7086375011,0.007311551589707879,,2895221.6199999996,0.03343856213901219,,2486036.7308052895,0.022090254509220884,,409184.8891947102,0.011348307629791304,,2466074.44,0.032811485839741826,,2294804.901362499,0.02037378531490248,,171269.53863750072,0.012437700524839345,,7825697.67,0.03173190364718988,,2398213.88,0.028413448952723085,,2386597.0974169993,0.017597033510247398,,11616.782583000604,0.010816415442475687,,2740467.6999999997,0.035290721427404144,,2585478.2000375018,0.02125773276766517,,154989.49996249797,0.014032988659738975,,2469666.7199999997,0.029178314390384513,,2386597.0974169993,0.020457960733919242,,83069.62258300046,0.008720353656465271,,7608348.3,0.03084064712558083,,2762827.04,0.029854089292172068,,2585478.2000375018,0.020067096519108554,,177348.83996249828,0.009786992773063514,,0,,,0,,,0,,,0,,,0,,,0,,,2762827.04,0.029854089292172068,,25803469.319999997,0.030176847659130722,,23732490.06526988,0.020615037189686148,,2070979.2547301166,0.009561810469444574,,26979108.310000002,0.025020118812711552,,22319869.130000003,0.02407331839587932,,,2762827.04,0.029854089292172068,,280783.09,0.0038449995015523686,,2482043.95,0.027091916017280556,
MANTENIMIENTO INSTALACIONES,21193.33,0,,38028.420000000006,0,,-16835.090000000004,,,100884.87,0.0012324120643995538,,126563.15999999999,0.0012339599681150835,,-25678.289999999994,,,39947.770000000004,0,,129315.82999999999,0.001260367412802047,,-89368.05999999998,-0.001260367412802047,,162025.97000000003,0,,33725.47,0,,0,0,,33725.47,,,55944.89,0,,12242.83,0,,43702.06,,,20921.39,0,,88946.40200000002,0,,-68025.01200000002,,,110591.75,0,,15713.51,0,,11449.261400000001,0,,4264.248599999999,,,60616.36,0,,152428.9328,0.001253266617941622,,-91812.57280000001,-0.001253266617941622,,15642.840000000002,0,,47969.929000000004,0,,-32327.089,,,91972.70999999999,0,,6151.37,0,,166186.58800000002,0.0012898512551871278,,-160035.21800000002,-0.0012898512551871278,,0,,,0,,,0,,,0,,,0,,,0,,,6151.37,0,,370741.80000000005,0,,773131.3532,0,,-402389.55319999997,,,802369.61,0,,746698.46,0,,,6151.37,6.646943387711614e-05,,0,0,,6151.37,6.714321051052262e-05,
MANTENIMIENTO ACTIVO FIJO,525044.0900000001,0.005495969660323436,,782995.19,0.006960525574581359,,-257951.09999999986,-0.0014645559142579222,,2018580.2400000002,0.02465902608324268,,742699.23,0.007241136505835483,,1275881.0100000002,0.017417889577407197,,714555.06,0.007782087267563169,,772187.18,0.007526066671462486,,-57632.119999999995,,,3258179.3900000006,0.01210261932591984,,928597.38,0.010940501892621215,,780620,0.00738961701182165,,147977.38,0.003550884880799565,,882284.27,0.010190003135811072,,852096.75,0.007571502802326943,,30187.52000000002,0.0026185003334841294,,495137.19999999995,0.006587873813950812,,686742.7500000001,0.006097053979080539,,-191605.55000000016,,,2306018.85,0.009350523243099373,,406272.48,0.004813416546224063,,642271,0.004735639845490581,,-235998.52000000002,,,695687.9199999998,0.008958809689722019,,846689.1599999999,0.0069614556797647055,,-151001.2400000001,0.0019973540099573134,,864815.9100000001,0.010217520569652607,,949181.57,0.008136404468704063,,-84365.6599999998,0.002081116100948544,,1966776.31,0.007972381357943613,,2151127.8800000004,0.02324429393466513,,657161.37,0.005100534454410921,,1493966.5100000002,0.018143759480254207,,0,,,0,,,0,,,0,,,0,,,0,,,2151127.8800000004,0.02324429393466513,,9682102.430000002,0.011323102580773795,,7712644.200000001,0.006699526538367441,,1969458.2300000004,0.004623576042406354,,10648020.069999998,0.009874852949561294,,9475240.129999999,0.01021961514193264,,,2151127.8800000004,0.02324429393466513,,1701955.4200000002,0.023306310011633365,,449172.46,0.004902790929062844,
DEPRECIACIONES Y AMORT.,1981430.29,0.020740888175478495,,1916313.04,0.0170352846277686,,65117.25,0.0037056035477098966,,1978723,0.024172129054682613,,1916313.04,0.0186835851580896,,62409.95999999996,0.005488543896593014,,1976589.19,0.021526668034093824,,1916313.04,0.018677206868978266,,60276.14999999991,0.0028494611651155577,,5936742.48,0.022052233984408476,,1974159.6400000001,0.02325905472375597,,1916313.04,0.018140477364607187,,57846.60000000009,0.005118577359148783,,1971924.33,0.022774876295008805,,1916313.04,0.0170278428505867,,55611.29000000004,0.005747033444422105,,1959300.62,0.02606878507241143,,1916313.04,0.017013450882001915,,42987.580000000075,0.009055334190409516,,5905384.59,0.023945353208294832,,1959386,0.023214324024211003,,1916313.04,0.014129500457995433,,43072.95999999996,0.00908482356621557,,2084273.5499999998,0.026840497784942585,,1916313.04,0.015755874678394573,,167960.50999999978,0.011084623106548012,,2083434.0799999998,0.02461510053384107,,1916313.04,0.0164266758593847,,167121.0399999998,0.008188424674456369,,6127093.63,0.024836340963547122,,2050836.7199999997,0.022160584675088916,,1916313.04,0.014873395077919647,,134523.6799999997,0.007287189597169268,,0,,,0,,,0,,,0,,,0,,,0,,,2050836.7199999997,0.022160584675088916,,20020057.419999998,0.02341321685848365,,19163130.399999995,0.016645899557118923,,856927.0200000033,0.006767317301364727,,22167572.259999998,0.020557954894639314,,18368410.68,0.019811433308610536,,,2050836.7199999997,0.022160584675088916,,1457577.65,0.019959839240047798,,593259.07,0.006475519863751794,
FLETES REFACCIONES,0,0,,27692.940000000002,0,,-27692.940000000002,,,0,0,,47262,0,,-47262,,,0,0,,45342.89,0,,-45342.89,,,0,0,,1138153.17,0.013409435756191595,,47417,0,,1090736.17,0.013409435756191595,,123080.95,0.0014215319360262489,,51493,0,,71587.95,0.0014215319360262489,,156859.74000000002,0.0020870420837075724,,47911,0,,108948.74000000002,0.0020870420837075724,,1418093.8599999999,0.005750134956106931,,46198.39,0,,52724,0,,-6525.610000000001,,,50501.76,0,,55134,0,,-4632.239999999998,,,20370.909999999996,0,,51655,0,,-31284.090000000004,,,117071.06,0,,29821.940000000002,0,,52710,0,,-22888.059999999998,,,0,,,0,,,0,,,0,,,0,,,0,,,29821.940000000002,0,,1564986.8599999996,0.001830233348744181,,479341.83,0,,1085645.0299999996,0.001830233348744181,,678095.1199999999,0,,667941.9199999999,0,,,29821.940000000002,0.0003222448769814407,,5013.83,6.865859995652983e-05,,24808.11,0.000270784581662004,
GASTOS DE IMPORTACION REFACCIONES,0,0,,52799,0,,-52799,,,0,0,,85899,0,,-85899,,,0,0,,80821,0,,-80821,,,0,0,,418192.44000000006,0.004927038649732012,,80253.65000000001,0,,337938.79000000004,0.004927038649732012,,77005.20999999999,0,,92066,0,,-15060.790000000008,,,182289.5,0.002425388808613424,,85291,0,,96998.5,0.002425388808613424,,677487.15,0.0027470978144763,,95683.79000000001,0.0011336380401434738,,98420,0,,-2736.209999999992,0.0011336380401434738,,78614.49,0.0010123680956894508,,107930,0,,-29315.509999999995,0.0010123680956894508,,46438.09,0,,96284,0,,-49845.91,,,220736.37,0,,30614.39,0,,95882,0,,-65267.61,,,0,,,0,,,0,,,0,,,0,,,0,,,30614.39,0,,928837.91,0.001086264787207125,,875645.65,0,,53192.26000000001,0.001086264787207125,,828538.6900000001,0,,819646.0000000001,0,,,30614.39,0.0003308077992046073,,4693.2699999999995,6.426890170149022e-05,,25921.12,0.00028293326800834904,
HONORARIOS,0,0,,0,0,,0,,,0,0,,0,0,,0,,,0,0,,0,0,,0,,,0,0,,80180,0,,0,0,,80180,,,37600,0,,0,0,,37600,,,67080,0,,0,0,,67080,,,184860,0,,46200,0,,0,0,,46200,,,1650,0,,0,0,,1650,,,10600,0,,0,0,,10600,,,58450,0,,11350,0,,0,0,,11350,,,0,,,0,,,0,,,0,,,0,,,0,,,11350,0,,254660,0,,0,0,,254660,,,0,0,,0,0,,,11350,0.00012264391095077488,,2800,3.8342759901768416e-05,,8550,9.332464960894377e-05,
MATERIALES INDIRECTOS,46754.88,0,,585.410603873313,0,,46169.46939612668,,,122605.03,0.0014977460755816925,,92920.69282861476,0,,29684.33717138524,0.0014977460755816925,,42020.28,0,,240314.66274832608,0.0023422095326342046,,-198294.38274832608,-0.0023422095326342046,,211380.19,0,,65104.89,0,,16951.225809900385,0,,48153.66419009962,,,119705.91,0.0013825516783554557,,120261.0651106409,0.0010686075161019455,,-555.1551106409024,,,95825.73,0.0012749755368203415,,129777.14555459846,0.0011521901930488217,,-33951.41555459847,,,280636.53,0.0011379344954737707,,102126.27,0.0012099669606519896,,159477.70566950826,0.0011758727662247593,,-57351.43566950825,,,52989.24,0,,136713.31854571548,0.0011240532569113705,,-83724.07854571549,-0.0011240532569113705,,37299.91,0,,7081.027337196044,0,,30218.88266280396,,,192415.41999999998,0,,89854.79,0,,13215.090965489922,0,,76639.69903451006,,,0,,,0,,,0,,,0,,,0,,,0,,,89854.79,0,,774286.93,0,,917297.3451738636,0,,-143010.41517386353,,,1060232.04,0,,923435.7,0.000995980822949462,,,89854.79,0.0009709376972035751,,6885.11,9.428361415259454e-05,,82969.68,0.0009056276390837647,
COMBUSTIBLE,11056.82,0,,4018.8533993876736,0,,7037.966600612326,,,8504.92,0,,5686.451587865337,0,,2818.4684121346627,,,7613.08,0,,5105.232323073625,0,,2507.8476769263752,,,27174.82,0,,6334.06,0,,4258.05848356437,0,,2076.00151643563,,,6825.82,0,,12488.739567596765,0,,-5662.919567596766,,,7741.47,0,,9523.027999104053,0,,-1781.5579991040531,,,20901.350000000002,0,,8165.8,0,,16289.751706249606,0,,-8123.951706249606,,,6803.81,0,,9597.33489835092,0,,-2793.52489835092,,,10575.93,0,,9714.669001957907,0,,861.260998042093,,,25545.54,0,,6851.53,0,,9519.919409410573,0,,-2668.3894094105735,,,0,,,0,,,0,,,0,,,0,,,0,,,6851.53,0,,80473.23999999999,0,,86202.03837656084,0,,-5728.7983765608515,,,95054.81,0,,80212.65,0,,,6851.53,7.403510442260464e-05,,6851.53,9.382377491062976e-05,,0,0,
HERRAMIENTAS Y EQ MENORES,10830.51,0,,1849.464722913989,0,,8981.045277086012,,,23304.16,0,,13440.037286791521,0,,9864.122713208479,,,8159.5599999999995,0,,6431.755497823607,0,,1727.8045021763928,,,42294.23,0,,7243.85,0,,58909.165144202314,0,,-51665.315144202315,,,6634.88,0,,126382.01884088715,0.001122996666537589,,-119747.13884088714,-0.001122996666537589,,4652.44,0,,71099.8880843569,0,,-66447.4480843569,,,18531.17,0,,11867.119999999999,0,,102659.38282669414,0,,-90792.26282669415,,,18042.34,0,,58467.97858339943,0,,-40425.63858339943,,,6453.73,0,,897.5226708471096,0,,5556.20732915289,,,36363.19,0,,2819.3500000000004,0,,6855.5055852756705,0,,-4036.15558527567,,,0,,,0,,,0,,,0,,,0,,,0,,,2819.3500000000004,0,,100007.93999999999,0,,446992.7192431918,0,,-346984.7792431918,,,340535.41,0,,317083.85,0,,,2819.3500000000004,3.0464855536481694e-05,,2175.63,2.979273525895872e-05,,643.72,7.0263091750022555e-06,
EQ PROTECCION Y SEGURIDAD,0,0,,0,0,,0,,,0,0,,0,0,,0,,,0,0,,0,0,,0,,,0,0,,0,0,,0,0,,0,,,0,0,,0,0,,0,,,0,0,,0,0,,0,,,0,0,,0,0,,0,0,,0,,,0,0,,0,0,,0,,,0,0,,0,0,,0,,,0,0,,0,0,,0,0,,0,,,0,,,0,,,0,,,0,,,0,,,0,,,0,0,,0,0,,0,0,,0,,,0,0,,0,0,,,0,0,,0,0,,0,0,
MAQUILA,0,0,,0,0,,0,,,0,0,,0,0,,0,,,0,0,,0,0,,0,,,0,0,,0,0,,0,0,,0,,,0,0,,0,0,,0,,,0,0,,0,0,,0,,,0,0,,0,0,,0,0,,0,,,537,0,,0,0,,537,,,0,0,,0,0,,0,,,537,0,,0,0,,0,0,,0,,,0,,,0,,,0,,,0,,,0,,,0,,,0,0,,537,0,,0,0,,537,,,0,0,,0,0,,,0,0,,0,0,,0,0,
DIVERSOS,0,0,,0,0,,0,,,0,0,,0,0,,0,,,0,0,,0,0,,0,,,0,0,,0,0,,0,0,,0,,,0,0,,0,0,,0,,,0,0,,0,0,,0,,,0,0,,0,0,,0,0,,0,,,0,0,,0,0,,0,,,0,0,,0,0,,0,,,0,0,,0,0,,0,0,,0,,,0,,,0,,,0,,,0,,,0,,,0,,,0,0,,0,0,,0,0,,0,,,0,0,,0,0,,,0,0,,0,0,,0,0,
RECOLECCION DE BASURA ,23555,0,,10666.69,0,,12888.31,,,12221,0,,10666.69,0,,1554.3099999999995,,,44418,0,,10666.69,0,,33751.31,,,80194,0,,16350,0,,10666.69,0,,5683.3099999999995,,,63193,0,,10666.69,0,,52526.31,,,27600,0,,10666.69,0,,16933.309999999998,,,107143,0,,24333,0,,10666.69,0,,13666.31,,,13530,0,,10666.69,0,,2863.3099999999995,,,25556,0,,10666.69,0,,14889.31,,,63419,0,,29192,0,,10666.69,0,,18525.309999999998,,,0,,,0,,,0,,,0,,,0,,,0,,,29192,0,,279948,0,,106666.90000000001,0,,173281.09999999998,,,172404,0,,100127,0,,,29192,0.00031543797783920886,,29192,0.00039975065966157985,,0,0,
ARRENDAMIENTO DE EQUIPOS,14500,0,,98226.25042315313,0,,-83726.25042315313,,,9000,0,,23354.683793735352,0,,-14354.683793735352,,,9000,0,,20492.83994308439,0,,-11492.83994308439,,,32500,0,,4500,0,,95233.36885732674,0,,-90733.36885732674,,,4500,0,,58423.91478423735,0,,-53923.91478423735,,,8300,0,,28022.135426902754,0,,-19722.135426902754,,,17300,0,,4500,0,,81665.91628188679,0,,-77165.91628188679,,,4500,0,,3501.802360009284,0,,998.1976399907162,,,4500,0,,29182.878618646904,0,,-24682.878618646904,,,13500,0,,4500,0,,63546.11580858624,0,,-59046.11580858624,,,0,,,0,,,0,,,0,,,0,,,0,,,4500,0,,67800,0,,501649.90629756893,0,,-433849.90629756893,,,360010.87,0,,322310.87,0,,,4500,4.862533914347903e-05,,4500,6.162229269927066e-05,,0,0,
GASTOS DE FABRICACION,5201041.54,0.054442602155414944,,5274811.2410037285,0.04689103970625374,,-73769.70100372753,0.007551562449161206,,6802753.870000001,0.08310260934596789,,5250333.462985103,0.05118947182243754,,1552420.407014899,0.031913137523530345,,5353291.98,0.05830171485610364,,5412519.598000402,0.05275273199323039,,-59227.61800040223,0.005548982862873246,,17357087.39,0.0644734976633357,,7136942.51,0.08408567019452909,,5305427.099657494,0.05022299499194052,,1831515.4103425075,0.033862675202588566,,6243920.88,0.07211459561322138,,5738470.779108653,0.05099050968694862,,505450.10089134815,0.02112408592627276,,5491782.530000001,0.07306898031757572,,5369097.980427462,0.04766803902281973,,122684.54957253845,0.025400941294755994,,18872645.92,0.076525443117581,,5118660.239999998,0.06064462917526491,,5478533.8453013385,0.04039472928511134,,-359873.60530133825,0.02024989989015357,,5808214.169999999,0.07479601684930326,,5882920.457224977,0.048369215014578436,,-74706.2872249775,0.026426801834724824,,5595354.12,0.06610730116608338,,5505543.424045649,0.0471936345309036,,89810.69595435249,0.01891366663517978,,16522228.529999997,0.06697330349899124,,7175947.010000001,0.0775406348970854,,5577534.519806265,0.04328983456367516,,1598412.4901937358,0.03425080033341024,,0,,,0,,,0,,,0,,,0,,,0,,,7175947.010000001,0.0775406348970854,,59927908.849999994,0.07008497010497043,,54795192.40756106,0.04759740449448003,,5132716.442438934,0.022487565610490402,,64131941.18999999,0.059475234311909306,,54140976.39000001,0.0583942923369755,,,7175947.010000001,0.0775406348970854,,3502427.53,0.04796169209147635,,3673519.4800000004,0.04009706646814379,0
,,,,,,,,,,,,,,,,,,,,,,,,,,,,,,,,,,,,,,,,,,,,,,,,,,,,,,,,,,,,,,,,,,,,,,,,,,,,,,,,,,,,,,,,,,,,,,,,,,,,,,,,,,,,,,,,,,,,,,,,,,,,,,,,,,,,,,,,,,,,,,,,,
COSTO DE VENTAS DIRECTO,65873595.959999986,0.689540729451053,,77300063.37543671,0.6871677820159879,,-11426467.415436728,0.002372947435065109,,62539376.63000001,0.76398257002105,,70984477.712126,0.6920813596493709,,-8445101.082125997,0.07190121037167907,,71462826.20000002,0.7782884497033716,,71162091.55596244,0.6935761942213168,,300734.64403757686,0.08471225548205485,,199875798.79000002,0.7424455242225073,,66650468.10999996,0.7852591318979862,,73072443.06624998,0.6917288416614099,,-6421974.956250008,0.09353029023657633,,62375509.92000002,0.7204102615165232,,78307771.43827067,0.6958218193988466,,-15932261.518270656,0.024588442117676634,,59608067.769999996,0.7930941742252217,,77563103.898099,0.6886223862599812,,-17955036.128099017,0.10447178796524048,,188634045.8,0.7648797101952448,,60149579.53,0.7126374431222176,,92123238.30119336,0.679249846240536,,-31973658.771193348,0.03338759688168158,,55837321.77,0.7190522142761979,,84347782.44756138,0.6935052164777142,,-28510460.677561376,0.025546997798483684,,59717784.31999999,0.705546327962072,,80347834.3826524,0.6887433336086656,,-20630050.062652398,0.016802994353406375,,175704685.62000003,0.712223730282897,,62612367.599999964,0.6765661353613726,,88622874.13761716,0.6878432659360955,,-26010506.537617173,-0.011277130574722904,,0,,,0,,,0,,,0,,,0,,,0,,,62612367.599999964,0.6765661353613726,,626826897.8100001,0.7330665333903974,,793831680.3151693,0.6895555235477211,,-167004782.5051693,0.04351100984267631,,732884795.9599999,0.6796690409576054,,643897716.54,0.694482331162623,,,62612367.599999964,0.6765661353613726,,60399496.480000004,0.8271012113286952,,74309716.72999944,0.8111027223821128,
,,,,,,,,,,,,,,,,,,,,,,,,,,,,,,,,,,,,,,,,,,,,,,,,,,,,,,,,,,,,,,,,,,,,,,,,,,,,,,,,,,,,,,,,,,,,,,,,,,,,,,,,,,,,,,,,,,,,,,,,,,,,,,,,,,,,,,,,,,,,,,,,,
MARGEN DE BRUTO,29658971.07551407,0.31045927054894695,,35190750.94745919,0.312832217984012,,-5531779.871945107,-0.0023729474350650537,,19320313.74000001,0.23601742997895003,,31582188.363216445,0.30791864035062916,,-12261874.623216426,-0.07190121037167913,,20357663.012240738,0.22171155029662837,,31439601.161961153,0.30642380577868317,,-11081938.149720427,-0.0847122554820548,,69336947.82775483,0.25755447577749274,,18226568.530000024,0.21474086810201373,,32564966.660288155,0.3082711583385901,,-14338398.130288124,-0.09353029023657636,,24207806.909349978,0.2795897384834768,,34232205.39936927,0.3041781806011535,,-10024398.490019284,-0.02458844211767669,,15550809.583034992,0.20690582577477837,,35072072.427429244,0.31137761374001877,,-19521262.844394237,-0.1044717879652404,,57985185.02238497,0.2351202898047552,,24254601.180000007,0.28736255687778245,,43501729.17001116,0.3207501537594641,,-19247127.990011163,-0.033387596881681636,,21816735.419999994,0.28094778572380213,,37277521.073528856,0.30649478352228576,,-15460785.653528873,-0.02554699779848363,,24922702.000000015,0.294453672037928,,36310767.540462434,0.31125666639133437,,-11388065.540462464,-0.016802994353406375,,70994038.59999993,0.2877762697171031,,29931974.08,0.32343386463862744,,40218794.49020471,0.3121567340639046,,-10286820.41020472,0.011277130574722849,,0,,,0,,,0,,,0,,,0,,,0,,,29931974.08,0.32343386463862744,,228248145.53013968,0.2669334666096026,,357390597.23393035,0.3104444764522789,,-129142451.7037907,-0.04351100984267631,,345411774.57000005,0.32033095904239467,,283264412.2099999,0.30551766883737697,,,29931974.08,0.32343386463862744,,12626024.03999941,0.1728987886713048,,17305950.040000528,0.18889727761788722,5.960464477539063e-08
,,,,,,,,,,,,,,,,,,,,,,,,,,,,,,,,,,,,,,,,,,,,,,,,,,,,,,,,,,,,,,,,,,,,,,,,,,,,,,,,,,,,,,,,,,,,,,,,,,,,,,,,,,,,,,,,,,,,,,,,,,,,,,,,,,,,,,,,,,,,,,,,,
GASTOS DE ADMINISTRACION:,,,,,,,,,,,,,,,,,,,,,,,,,,,,,,,,,,,,,,,,,,,,,,,,,,,,,,,,,,,,,,,,,,,,,,,,,,,,,,,,,,,,,,,,,,,,,,,,,,,,,,,,,,,,,,,,,,,,,,,,,,,,,,,,,,,,,,,,,,,,,,,,,
LABOR INDIRECTA,2258736.08,0.023643623845681014,,1740735.98,0.015474472208933934,,518000.1000000001,0.00816915163674708,,1814109.9,0.022161211358122067,,1740735.98,0.0169717516090589,,73373.91999999993,0.005189459749063166,,1709660.87,0.018619600969976995,,1792958.0594,0.017474936445047422,,-83297.1893999998,0.0011446645249295721,,5782506.85,0.021479320435782955,,1771128.4,0.02086699147511614,,1882605.96237,0.01782139459158902,,-111477.56237000017,0.003045596883527117,,1962639.39,0.022667639238956767,,1882605.96237,0.01672833081426712,,80033.42762999982,0.005939308424689649,,1859793.1799999997,0.0247448238384963,,1882605.96237,0.016714191993885272,,-22812.78237000038,0.008030631844611027,,5593560.969999999,0.02268096024526359,,1700203.5899999999,0.02014359449612623,,1882605.96237,0.013880968950423596,,-182402.37237000023,0.006262625545702635,,1844771.47,0.02375627928217977,,1882605.96237,0.01547873598558831,,-37834.49237000011,0.008277543296591462,,1784732.9700000002,0.021086043424330837,,1882605.96237,0.016137738077906614,,-97872.99236999988,0.004948305346424223,,5329708.03,0.021604116708958312,,1801327.36,0.01946447861965061,,1882605.96237,0.014611778801221402,,-81278.60236999998,0.004852699818429207,,,,,,,,0,,,,,,,,,0,,,1801327.36,0.01946447861965061,,18507103.21,0.02164383506938358,,18452671.755990002,0.01602876535300803,,54431.45400999859,0.0056150697163755495,,21164190.78,0.01962743029925196,,17736762.09,0.019130162395559345,,,1801327.36,0.01946447861965061,,0,0,,303609.51,0.0033139475016015336,
MANTENIMIENTO INSTALACIONES,76400.32,0,,84606.68114900684,0,,-8206.361149006829,,,57523.08,0,,59859.679677890614,0,,-2336.599677890612,,,54142.92,0,,60561.88543931089,0,,-6418.965439310894,,,188066.32,0,,50124.35,0,,43803.00481136715,0,,6321.345188632848,,,48735.53,0,,78740.79898107564,0,,-30005.268981075642,,,67285.34999999999,0,,59805.838238680386,0,,7479.511761319605,,,166145.22999999998,0,,78382.48,0,,244123.10207057017,0.0017999864377656102,,-165740.62207057019,-0.0017999864377656102,,68813.16,0,,119244.67860022298,0,,-50431.518600222975,,,26653.54,0,,50277.027026356256,0,,-23623.487026356255,,,173849.18,0,,77433.65,0,,206077.56483432028,0.0015994636442469997,,-128643.91483432028,-0.0015994636442469997,,,,,,,,0,,,,,,,,,0,,,77433.65,0,,605494.38,0,,1007100.2608288012,0,,-401605.8808288012,,,988288.19,0,,811995.23,0,,,77433.65,0.0008367194427483232,,0,0,,0,0,
MANTENIMIENTO ACTIVO FIJO,32223.190000000002,0,,115095.51123356873,0.0010231547520244298,,-82872.32123356873,-0.0010231547520244298,,53678.14,0,,11859.904708377675,0,,41818.235291622324,,,19681,0,,18449.922587495406,0,,1231.0774125045937,,,105582.33,0,,56409.53,0,,42211.29444148138,0,,14198.235558518616,,,22876.78,0,,67512.90791083894,0,,-44636.12791083894,,,44532.020000000004,0,,104278.11719978895,0,,-59746.09719978894,,,123818.33,0,,16699.29,0,,19396.765834216058,0,,-2697.4758342160567,,,34789.270000000004,0,,27675.954124195378,0,,7113.315875804627,,,2997,0,,18429.74857097752,0,,-15432.748570977521,,,54485.560000000005,0,,20335.35,0,,11168.34891012868,0,,9167.001089871319,,,,,,,,,0,,,,,,,,,0,,,20335.35,0,,304221.56999999995,0,,436078.4755210687,0,,-131856.90552106878,,,646914.56,0,,451990.56999999995,0,,,20335.35,0.0002197362867447436,,0,0,,0,0,
ARRENDAMIENTO,4184232.12,0.04379901273295126,,4184232.120000001,0.03719621148789533,,0,0.006602801245055932,,4184232.12,0.05111468295430347,,4184232.120000001,0.04079524352411326,,0,0.01031943943019021,,4184232.12,0.04556969970317031,,4184232.120000001,0.04078131665433092,,0,0.004788383048839391,,12552696.36,0.04662742205822486,,4184232.12,0.049297575476711424,,4184232.120000001,0.03960937825749093,,0,0.009688197219220492,,4184232.12,0.0483260779700418,,4184232.120000001,0.0371799625126682,,0,0.011146115457373595,,4184232.12,0.055671828363612945,,4184232.120000001,0.03714853793016759,,0,0.018523290433445354,,12552696.36,0.050899097844646364,,4184232.12,0.04957375434252941,,4184232.120000001,0.030851488468658136,,0,0.018722265873871276,,4184232.12,0.05388298141025953,,4184232.120000001,0.03440264483512217,,0,0.019480336575137362,,4184232.12,0.049435350645088305,,4184232.120000001,0.03586732612103192,,0,0.013568024524056387,,12552696.36,0.050882696696906336,,4184232.12,0.045213267975564055,,4184232.120000001,0.032475767851833495,,0,0.01273750012373056,,,,,,,,0,,,,,,,,,0,,,4184232.12,0.045213267975564055,,41842321.2,0.04893409242369336,,41842321.20000002,0.03634599678619878,,0,0.012588095637494578,,0,0,,35003364.5,0.037753229359347905,,,4184232.12,0.045213267975564055,,1590008.21,0.021773322513525203,,2594223.91,0.02831637864419814,
ENERGIA ELECTRICA,204848.62,0.002144280493623163,,223128.14194430076,0.0019835232173164756,,-18279.521944300766,,,265361.98,0.003241668503760307,,237612.3681341966,0.0023166626860977773,,27749.611865803396,0.0009250058176625297,,214909,0.0023405342516008955,,243963.89806539426,0.0023777765415246015,,-29054.898065394256,,,685119.6,0.0025449003013693697,,220890.17,0.002602472691605507,,217635.21702596458,0.0020602097078047765,,3254.9529740354337,,,182254.94,0.002104966022024918,,229290.70059922308,0.0020374155659372314,,-47035.76059922308,,,209173.56,0.0027830852105131046,,240887.43943375643,0.002138651949525651,,-31713.879433756432,,,612318.67,0.002482850457193225,,217965.37,0.0025824001627229344,,238069.84956205095,0.001755354150500329,,-20104.479562050954,,,187039.47,0.0024086245686089696,,274214.82230421464,0.002254586951609661,,-87175.35230421464,,,170067.39,0.0020092912670306123,,247234.4457282247,0.002119298891402516,,-77167.05572822469,,,575072.23,0.0023310709523052275,,209982.69,0.0022689954478911163,,248148.68938823225,0.001925997171808185,,-38165.999388232245,,,,,,,,,0,,,,,,,,,0,,,209982.69,0.0022689954478911163,,2082493.19,0.0024354507902198314,,2400185.5721855583,0.0020849019507296583,,-317692.3821855583,,,2806400.2600000002,0.0026026237462858756,,2302750.2,0.0024836542915148705,,,209982.69,0.0022689954478911163,,0,0,,0,0,
TRANSPORTE DE PERSONAL,697113.66,0.007297131037427784,,550975.6523738663,0.004897961275240969,,146138.00762613374,0.002399169762186815,,588161.51,0.007184995537382948,,556796.6152158983,0.005428631313870453,,31364.89478410175,0.0017563642235124948,,580609,0.006323305451552724,,595055.7491868581,0.005799667953069815,,-14446.74918685807,,,1865884.17,0.006930890878838288,,711863.27,0.008386994859626382,,577931.579020588,0.005470898808638627,,133931.69097941206,0.0029160960509877557,,587214.43,0.006782073631544526,,784650.0893043419,0.006972189895119199,,-197435.65930434188,,,484941.78,0.006452222240123942,,659223.4770471187,0.005852731789062851,,-174281.69704711868,,,1784019.48,0.007233902538950216,,451951.52,0.005354610591539737,,831757.1319802309,0.006132772950945238,,-379805.6119802309,,,361078.99,0.004649840627341985,,668425.6929508453,0.005495778210616659,,-307346.70295084536,,,343175.14,0.004054503405173724,,673033.4374555317,0.005769256843135339,,-329858.29745553166,-0.0017147534379616152,,1156205.65,0.004686711103414234,,451348.35,0.0048771036867999275,,826344.8678294946,0.006413646117984652,,-374996.51782949467,-0.0015365424311847243,,,,,,,,0,,,,,,,,,0,,,451348.35,0.0048771036867999275,,5257457.649999999,0.006148533618129045,,6724194.292364774,0.00584091745225803,,-1466736.6423647748,,,6976153.75,0.006469605802948171,,5952584.5,0.006420219630870035,,,451348.35,0.0048771036867999275,,0,0,,0,0,
DEPRECIACIONES Y AMORT.,146781.34,0.0015364534268762432,,127345.47329085566,0.0011320521951714267,,19435.866709144335,,,142854.14,0.0017451097036198084,,128292.9143712823,0.001250824651715228,,14561.225628717715,,,146096.04,0.0015911050055756365,,130270.16963196608,0.0012696688152125297,,15825.870368033924,,,435731.52,0.0016185397068834895,,143356.26,0.0016889875716094515,,130515.51683538109,0.001235504705892018,,12840.743164618922,,,143356.26,0.0016557030297481643,,131117.64364832797,0.0011650761563376702,,12238.61635167204,,,143461.77,0.001908780107586411,,132133.1157165466,0.0011731070170713555,,11328.65428345339,,,430174.29000000004,0.0017442852634221833,,143461.57,0.0016996974414444262,,132133.1157165466,0,,11328.454283453408,0.0016996974414444262,,143865.86000000002,0.0018526509136283292,,132399.08048460478,0.0010885817066976227,,11466.779515395232,,,144088.51,0.0017023591931554487,,132398.93232169023,0.0011349264446778578,,11689.577678309783,,,431415.94,0.0017487562668353066,,144088.31,0.0015569650978579425,,132056.64423990395,0.0010249529181539012,,12031.665760096046,,,,,,,,,0,,,,,,,,,0,,,144088.31,0.0015569650978579425,,1441410.0600000003,0.0016857117643961253,,1308662.606257105,0.001136759279053554,,132747.45374289528,,,1498057.11,0.0013892811596940174,,1231564.16,0.0013283158595578045,,,144088.31,0.0015569650978579425,,726.6,9.949946194508904e-06,,3377.56,3.686662029627884e-05,
COMBUSTIBLE,31883.28,0,,38129.123068112574,0,,-6245.843068112576,,,29284.06,0,,25060.676087222822,0,,4223.383912777179,,,17854.16,0,,26607.723518219307,0,,-8753.563518219307,,,79021.5,0,,23297.87,0,,21805.465919444876,0,,1492.404080555123,,,17847.27,0,,15749.32327765765,0,,2097.9467223423508,,,102791.26,0.0013676529456017638,,13686.488278470775,0,,89104.77172152922,0.0013676529456017638,,143936.4,0,,-63697.37,0,,24000.022218136608,0,,-87697.3922181366,,,18685.27,0,,27479.885826118425,0,,-8794.615826118425,,,29041.3,0,,14109.627452179373,0,,14931.672547820626,,,-15970.800000000003,0,,22146.47,0,,29564.863539367587,0,,-7418.393539367586,,,,,,,,,0,,,,,,,,,0,,,22146.47,0,,229133.56999999998,0,,236193.19918493004,0,,-7059.6291849300615,,,270175.30999999994,0,,224750.70999999996,0,,,22146.47,0.00023930658101797424,,0,0,,0,0,
DIVERSOS,160168.38,0.0016765840693934008,,204003.4547557012,0.0018135121163771256,,-43835.07475570121,,,174853.00999999998,0.0021360086901095854,,112797.11384836442,0.0010997443727527127,,62055.89615163556,0.0010362643173568726,,145104.93000000002,0.0015803110095023957,,124870.54830404576,0.0012170417952786074,,20234.38169595426,,,480126.32,0.001783445717307411,,164684.41,0.0019402704962297095,,132983.010556788,0.0012588628488812723,,31701.399443211994,,,185828.1,0.002146234480324367,,193800.13308365628,0.0017220559176340455,,-7972.033083656279,,,176320.4,0.002345969048630022,,161377.51320734646,0.0014327452441761836,,14942.886792653531,0.0009132238044538385,,526832.91,0.0021362199056545786,,157710.7,0.0018685176335265917,,128327.37207171728,0,,29383.327928282728,0.0018685176335265917,,139975.49000000002,0.0018025521790511873,,205265.41155117197,0.0016876867363013672,,-65289.92155117195,,,123442.65,0.0014584350275741655,,112719.93867798234,0,,10722.711322017654,0.0014584350275741655,,421128.84,0.001707057226710453,,142667.85,0.001541616131360221,,139885.57966272268,0.0010857169202519628,,2782.270337277325,,,,,,,,,0,,,,,,,,,0,,,142667.85,0.001541616131360221,,1570755.9200000002,0.0018369801951700398,,1516030.0757194965,0.001316887368568871,,54725.84428050369,,,1718516.51,0.0015937327048673833,,1404628.03,0.00151497562987578,,,142667.85,0.001541616131360221,,0,0,,0,0,
SEGUROS,388984.02999999997,0.004071742674468235,,388984.01999999996,0.003457918073945597,,0.010000000009313226,,,340158.01999999996,0.004155378776324583,,346122.32,0.003374608274249148,,-5964.300000000047,,,340158.01999999996,0.003704598210250582,,346122.32,0.0033734562347969483,,-5964.300000000047,,,1069300.0699999998,0.003971951861247712,,340158.01999999996,0.004007656646199329,,346122.32,0.003276512751458042,,-5964.300000000047,,,340158.01999999996,0.003928678554442872,,346122.32,0.003075549948791499,,-5964.300000000047,,,399284.51,0.00531253957033562,,346122.32,0.003072950487507276,,53162.19,0.0022395890828283437,,1079600.55,0.004377600831856976,,367818.01999999996,0.0043578175501017774,,346122.32,0.0025520545844443256,,21695.699999999953,0.0018057629656574518,,365563.10000000003,0.00470758532430004,,346122.32,0.002845808478825142,,19440.780000000028,0.0018617768454748983,,365563.10000000003,0.00431900991941276,,346122.32,0.002966967838583526,,19440.780000000028,0.0013520420808292338,,1098944.22,0.004454600336805909,,369630.66000000003,0.003994092488961776,,346122.32,0.002686415999468505,,23508.340000000026,0.0013076764894932708,,,,,,,,0,,,,,,,,,0,,,369630.66000000003,0.003994092488961776,,3617475.5000000005,0.004230594177873821,,3504084.8999999994,0.0030437952499147588,,113390.60000000102,0.0011867989279590626,,2721877.13,0.002524237954927515,,2248239.75,0.002424861499715349,,,369630.66000000003,0.003994092488961776,,0,0,,49624.77,0.0005416624879736169,
TELEFONO,17193.37,0,,33943.73760636754,0,,-16750.36760636754,,,52421.13,0,,40379.398524949574,0,,12041.731475050423,,,38354.96,0,,40555.81019209735,0,,-2200.8501920973504,,,107969.45999999999,0,,38340.93,0,,40186.760618253335,0,,-1845.8306182533343,,,38720.6,0,,40778.20837135436,0,,-2057.608371354363,,,38889.13,0,,40930.917196605194,0,,-2041.787196605197,,,115950.66,0,,38926.31,0,,40718.21317823089,0,,-1791.9031782308957,,,41756.61,0,,40854.35182131504,0,,902.2581786849623,,,46143.82,0,,41137.63318674906,0,,5006.186813250941,,,126826.73999999999,0,,45821.5,0,,40798.175840680735,0,,5023.324159319265,,,,,,,,,0,,,,,,,,,0,,,45821.5,0,,396568.36,0,,400283.20653660316,0,,-3714.846536603174,,,428421.38999999996,0,,353210.69999999995,0,,,45821.5,0.0004951302172362055,,0,0,,0,0,
DERECHOS Y CONTRIB,53502.8,0,,109684.07504252835,0,,-56181.275042528345,,,55826.81,0,,93826.64315571307,0,,-37999.83315571307,,,57508.189999999995,0,,108268.97122579045,0.0010552357213389017,,-50760.78122579045,-0.0010552357213389017,,166837.8,0,,73351.3,0,,122890.31866269349,0.0011633219612334086,,-49539.01866269349,-0.0011633219612334086,,80482.31,0,,102655.68877270404,0,,-22173.378772704047,,,77324.56,0.001028814728522253,,65094.79691080366,0,,12229.763089196334,0.001028814728522253,,231158.16999999998,0,,71369.20000000001,0,,113334.67006028254,0,,-41965.47006028253,,,56990.89000000001,0,,110310.99785893953,0,,-53320.107858939526,,,68654.18,0,,92314.49018682545,0,,-23660.31018682546,,,197014.27000000002,0,,291700.19,0.0031520045926593933,,84525.29003098054,0,,207174.89996901946,0.0031520045926593933,,,,,,,,0,,,,,,,,,0,,,291700.19,0.0031520045926593933,,886710.4299999999,0.0010369972049894993,,1002905.941907261,0,,-116195.5119072611,0.0010369972049894993,,987262.56,0,,775392.8400000001,0,,,291700.19,0.0031520045926593933,,0,0,,79048.79,0.0008628304828960208,
GASTOS DE VIAJE,11036.52,0,,55782.29371672575,0,,-44745.773716725744,,,14181.07,0,,108801.3163393852,0.0010607863207668558,,-94620.2463393852,-0.0010607863207668558,,24560,0,,36683.79101932839,0,,-12123.79101932839,,,49777.59,0,,11411.56,0,,30945.56148350869,0,,-19534.00148350869,,,15195.300000000001,0,,37355.139850007574,0,,-22159.83985000757,,,14768,0,,8311.67136175171,0,,6456.328638248289,,,41374.86,0,,16835.89,0,,14603.38912394549,0,,2232.5008760545097,,,13911.87,0,,15865.2964295393,0,,-1953.4264295392986,,,43961.77,0,,25081.01485062836,0,,18880.75514937164,,,74709.53,0,,23461.02,0,,22817.61745908259,0,,643.4025409174101,,,,,,,,,0,,,,,,,,,0,,,23461.02,0,,189322.99999999997,0,,356247.09163390304,0,,-166924.09163390307,,,592541.8600000001,0,,525030.54,0,,,23461.02,0.00025351112314487656,,0,0,,12835.49,0.0001401014744805967,
ARRENDAM MAQ Y EQUIPO,9961.89,0,,13692.558123963954,0,,-3730.6681239639547,,,9961.89,0,,13692.558123963954,0,,-3730.6681239639547,,,14942.82,0,,13692.558123963954,0,,1250.2618760360456,,,34866.6,0,,0,0,,34019.51697958964,0,,-34019.51697958964,,,7471.41,0,,13692.558123963954,0,,-6221.148123963954,,,14942.82,0,,13692.558123963954,0,,1250.2618760360456,,,22414.23,0,,0,0,,10945.671792122646,0,,-10945.671792122646,,,7471.41,0,,10945.671792122646,0,,-3474.2617921226465,,,7471.41,0,,0,0,,7471.41,,,14942.82,0,,14942.82,0,,10945.671792122646,0,,3997.1482078773533,,,,,,,,,0,,,,,,,,,0,,,14942.82,0,,87166.47,0,,135319.32297577738,0,,-48152.85297577738,,,143080.78999999998,0,,123157.01,0,,,14942.82,0.00016146659783554697,,0,0,,0,0,
PAPELERIA,12792.26,0,,56754.44771915106,0,,-43962.18771915106,,,13527.86,0,,12559.67490506583,0,,968.1850949341697,,,13687.16,0,,14820.407477683484,0,,-1133.2474776834842,,,40007.28,0,,25759.75,0,,11998.559735512006,0,,13761.190264487994,,,12885.15,0,,10380.036617132648,0,,2505.113382867352,,,23024.15,0,,13360.275446146306,0,,9663.874553853695,,,61669.05,0,,20038.440000000002,0,,28835.748659694975,0,,-8797.308659694972,,,19300.05,0,,23470.60594393464,0,,-4170.55594393464,,,18984.66,0,,18096.28774665016,0,,888.3722533498403,,,58323.15,0,,21731.14,0,,24409.99763356802,0,,-2678.857633568019,,,,,,,,,0,,,,,,,,,0,,,21731.14,0,,181730.62,0,,214686.04188453913,0,,-32955.42188453913,,,247198.43000000002,0,,202085.67,0,,,21731.14,0.00023481867832764953,,0,0,,0,0,
MENSAJERIA Y PAQUETERIA,13084.77,0,,109318.88064519757,0,,-96234.11064519756,,,0,0,,9745.726213094073,0,,-9745.726213094073,,,1253.47,0,,10735.975969272577,0,,-9482.505969272577,,,14338.24,0,,0,0,,37397.0524137882,0,,-37397.0524137882,,,0,0,,26485.937801717657,0,,-26485.937801717657,,,0,0,,18493.32485622016,0,,-18493.32485622016,,,0,0,,0,0,,12023.313496566247,0,,-12023.313496566247,,,0,0,,10296.645136491234,0,,-10296.645136491234,,,0,0,,101818.54119255782,0,,-101818.54119255782,,,0,0,,0,0,,18955.361489253424,0,,-18955.361489253424,,,,,,,,,0,,,,,,,,,0,,,0,0,,14338.24,0,,355270.759214159,0,,-340932.519214159,,,258998.38000000003,0,,249095.65000000002,0,,,0,0,,0,0,,0,0,
EQUIPOS MENORES,21951.95,0,,14263.869612626135,0,,7688.080387373866,,,2561.69,0,,12691.634066549781,0,,-10129.94406654978,,,8846.4,0,,175.53947833343653,0,,8670.860521666564,,,33360.04,0,,8360.24,0,,6558.328851468295,0,,1801.9111485317044,,,7376.96,0,,13656.788610178102,0,,-6279.828610178102,,,33586.69,0,,132501.76363851677,0.0011763799548337535,,-98915.07363851677,-0.0011763799548337535,,49323.89,0,,15969.92,0,,20018.306226133252,0,,-4048.3862261332524,,,9391.300000000001,0,,2233.000335859779,0,,7158.299664140222,,,5280.23,0,,383.544094988583,0,,4896.685905011416,,,30641.45,0,,4095.03,0,,1982.0661558259221,0,,2112.963844174078,,,,,,,,,0,,,,,,,,,0,,,4095.03,0,,117420.40999999999,0,,204464.84107048003,0,,-87044.43107048004,,,507523.07000000007,0,,486262.5500000001,0,,,4095.03,4.424938278949354e-05,,0,0,,0,0,
HONORARIOS,392009.85,0.004103415852462868,,248634.914453546,0.002210268597930666,,143374.93554645398,0.0018931472545322017,,333061.6,0.004068688734279168,,251317.60157421912,0.0024502853723412307,,81743.99842578085,0.0016184033619379371,,333061.6,0.0036273124098711394,,236666.00268438895,0.0023066481304069705,,96395.59731561103,0.0013206642794641689,,1058133.0499999998,0.003930471581653612,,345061.6,0.004065429398337204,,314963.3556593718,0.002981551293947025,,30098.244340628153,0.0010838781043901792,,347661.6,0.004015341670095846,,243888.621855432,0.0021671287724475646,,103772.97814456798,0.0018482128976482818,,357061.6,0.004750757496320979,,236666.00268438895,0.0021011731006697035,,120395.59731561103,0.002649584395651275,,1049784.7999999998,0.004256702920122454,,339061.6,0.0040171185496718975,,246984.0300715933,0.001821080842832513,,92077.56992840668,0.0021960377068393844,,357336.04,0.004601640312568451,,243888.621855432,0.0020052457407692377,,113447.41814456799,0.002596394571799213,,908633.46,0.010735210766213374,,256463.9447301898,0.0021984143518127813,,652169.5152698101,0.008536796414400593,,1605031.1,0.006506037293361404,,636447.53,0.006877217109617677,,246984.0300715933,0.0019169577102035448,,389463.49992840673,0.004960259399414132,,,,,,,,0,,,,,,,,,0,,,636447.53,0.006877217109617677,,4349396.48,0.005086566978975501,,2526457.1256401553,0.0021945867230947517,,1822939.3543598452,0.0028919802558807495,,2926461.5199999996,0.0027139671960206614,,2452216.7199999997,0.002644862903649957,,,636447.53,0.006877217109617677,,43441.23,0.000594877375616964,,488713.8,0.005334391127959698,
NO DEDUCIBLES,0,0,,0,0,,0,,,554.8,0,,0,0,,554.8,,,475,0,,0,0,,475,,,1029.8,0,,57424,0,,0,0,,57424,,,1141,0,,0,0,,1141,,,3417.68,0,,0,0,,3417.68,,,61982.68,0,,2001.76,0,,0,0,,2001.76,,,92,0,,0,0,,92,,,407.29999999999995,0,,0,0,,407.29999999999995,,,2501.06,0,,190,0,,0,0,,190,,,,,,,,,0,,,,,,,,,0,,,190,0,,65703.54000000001,0,,0,0,,65703.54000000001,,,49762.79,0,,10799.140000000003,0,,,190,2.0530698749468923e-06,,0,0,,190,2.073881102420973e-06,
COMEDOR,237738.64,0.002488561203548745,,0,0,,237738.64,,,205050.62,0.002504903439937113,,0,0,,205050.62,,,188817.95,0.002056381441875702,,0,0,,188817.95,,,631607.21,0.002346126689524087,,155510.29,0.0018321833107768127,,0,0,,155510.29,,,216762.43,0.002503512661997281,,0,0,,216762.43,,,176616.6,0.0023499100335200532,,0,0,,176616.6,,,548889.3200000001,0.0022256549830670332,,206929.52,0.002451650122770322,,288381.9444018597,0.0021263189940531274,,-81452.42440185972,,,179537.33,0.002312014806395977,,275948.8492309929,0.0022688440747294205,,-96411.51923099291,,,168401.97,0.0019896148677988833,,261649.18951406202,0.0022428623796340785,,-93247.21951406202,,,554868.82,0.002249175879422795,,225314.81,0.00243466867784412,,187499.41556597067,0.0014552700035854887,,37815.394434029324,0.0009793986742586312,,,,,,,,0,,,,,,,,,0,,,225314.81,0.00243466867784412,,1960680.1600000001,0.0022929919137168204,,1013479.3987128853,0,,947200.7612871148,0.0022929919137168204,,1421963.6400000001,0.0013187129393364223,,1067773.44,0.001151657738048007,,,225314.81,0.00243466867784412,,0,0,,0,0,
CAPACITACION Y ADIESTRAMIENTO,44496.8,0,,59502.395856505966,0,,-15005.595856505963,,,11383.67,0,,22439.37100367783,0,,-11055.701003677828,,,11383.67,0,,22439.37100367783,0,,-11055.701003677828,,,67264.14,0,,11383.67,0,,35732.31629781963,0,,-24348.64629781963,,,11383.67,0,,35732.31629781963,0,,-24348.64629781963,,,11383.67,0,,35732.31629781963,0,,-24348.64629781963,,,34151.01,0,,11383.67,0,,35732.31629781963,0,,-24348.64629781963,,,11383.67,0,,35732.31629781963,0,,-24348.64629781963,,,11383.67,0,,35732.31629781963,0,,-24348.64629781963,,,34151.01,0,,11383.67,0,,35732.31629781963,0,,-24348.64629781963,,,,,,,,,0,,,,,,,,,0,,,11383.67,0,,146949.83000000002,0,,354507.351948599,0,,-207557.52194859897,,,141504.04,0,,320906.08,0,,,11383.67,0.0001230077365438773,,0,0,,0,0,
EQUIPO DE TRABAJO,51455.84,0,,37389.75584442098,0,,14066.084155579018,,,5344.62,0,,37389.75584442098,0,,-32045.13584442098,,,5344.62,0,,37389.75584442098,0,,-32045.13584442098,,,62145.079999999994,0,,5344.62,0,,37389.75584442098,0,,-32045.13584442098,,,5344.62,0,,37389.75584442098,0,,-32045.13584442098,,,5344.62,0,,37389.75584442098,0,,-32045.13584442098,,,16033.86,0,,5344.62,0,,37389.75584442098,0,,-32045.13584442098,,,5344.62,0,,37389.75584442098,0,,-32045.13584442098,,,5344.62,0,,37389.75584442098,0,,-32045.13584442098,,,16033.86,0,,5344.62,0,,37389.75584442098,0,,-32045.13584442098,,,,,,,,,0,,,,,,,,,0,,,5344.62,0,,99557.41999999997,0,,373897.5584442098,0,,-274340.1384442098,,,382814.1399999999,0,,313529.1999999999,0,,,5344.62,5.775199113178242e-05,,0,0,,0,0,
DONATIVOS,0,0,,0,0,,0,,,0,0,,0,0,,0,,,0,0,,0,0,,0,,,0,0,,0,0,,0,0,,0,,,0,0,,0,0,,0,,,0,0,,0,0,,0,,,0,0,,0,0,,0,0,,0,,,0,0,,0,0,,0,,,0,0,,0,0,,0,,,0,0,,0,0,,0,0,,0,,,,,,,,,0,,,,,,,,,0,,,0,0,,0,0,,0,0,,0,,,26989.9,0,,26989.9,0,,,0,0,,0,0,,0,0,
RECLUTAMIENTO,0,0,,0,0,,0,,,0,0,,0,0,,0,,,0,0,,0,0,,0,,,0,0,,0,0,,0,0,,0,,,0,0,,0,0,,0,,,0,0,,0,0,,0,,,0,0,,0,0,,0,0,,0,,,0,0,,0,0,,0,,,0,0,,0,0,,0,,,0,0,,0,0,,0,0,,0,,,,,,,,,0,,,,,,,,,0,,,0,0,,0,0,,0,0,,0,,,0,0,,0,0,,,0,0,,0,0,,0,0,
ARTICULOS DE LIMPIEZA,25808.54,0,,20958.18487700745,0,,4850.355122992551,,,29315.7,0,,0,0,,29315.7,,,28793.89,0,,25512.110158766944,0,,3281.779841233056,,,83918.13,0,,27616.3,0,,70724.52004591523,0,,-43108.22004591522,,,31644.6,0,,46930.06226287265,0,,-15285.46226287265,,,30311.1,0,,2218.9496403649177,0,,28092.15035963508,,,89572,0,,37299.04,0,,77550.54249034752,0,,-40251.50249034752,,,47908.58,0,,72530.49839985973,0,,-24621.91839985973,,,24369,0,,37163.56118772204,0,,-12794.561187722044,,,109576.62,0,,38693.240000000005,0,,29149.91212402657,0,,9543.327875973435,,,,,,,,,0,,,,,,,,,0,,,38693.240000000005,0,,321759.99,0,,382738.34118688304,0,,-60978.351186883054,,,452578.9,0,,373560.32,0,,,38693.240000000005,0.00041810487056889527,,5676.06,7.772707348858273e-05,,6097.18,6.655171778978477e-05,
ADMON PLANTA,,0,,,0,,0,,,,0,,,0,,0,,,,0,,,0,,0,,,0,0,,,0,,,0,,0,,,,0,,,0,,0,,,,0,,,0,,0,,,0,0,,,0,,,0,,0,,,,0,,,0,,0,,,,0,,,0,,0,,,0,0,,,0,,,0,,0,,,,,,,,,0,,,,,,,,,0,,,0,0,,0,0,,0,0,,0,,,0,0,,0,0,,,,0,,1946350.9174199998,0.026653023539722046,,1618394.35258,0.01766503928463414,
GASTOS DE ADMON PLANTA,9072404.25,0.09496661224048707,,8417161.271313453,0.07482532082266437,,655242.9786865473,0.0201412914178227,,8383407.419999999,0.1024119121646758,,8006213.371794271,0.07805862935930026,,377194.0482057277,0.024353282805375534,,8139477.79,0.08864555024517241,,8070032.689311015,0.07865399171822098,,69445.10068898607,0.009991558526951438,,25595289.46,0.09507458239465089,,8425708.659999998,0.09926959038093015,,8322651.537573361,0.07878507774014977,,103057.12242664344,0.020484512640780383,,8451212.489999996,0.09760786257076266,,8522767.113582728,0.07573101890609434,,-71554.62358272528,0.021876843664668327,,8458486.569999998,0.11254141716711574,,8388744.723492712,0.07447713047696843,,69741.84650728904,0.03806428669014732,,25335407.720000006,0.10273086829245101,,8019887.26,0.09501765425050589,,8957285.663466489,0.06604451842812993,,-937398.403466486,0.028973135822375956,,8099238.569999999,0.1042989750063309,,8747132.539158104,0.07191869032122351,,-647893.969158101,0.03238028468510738,,8483029.809999999,0.1002242564855811,,8568393.838435557,0.07344845298319838,,-85364.02843555596,0.02677580350238272,,24602155.639999997,0.09972550817920076,,8742318.379999999,0.09446626580617114,,8747396.571079517,0.06789260542990684,,-5078.191079514931,0.026573660376264296,,0,,,0,,,0,,,0,,,0,,,0,,,8742318.379999999,0.09446626580617114,,84275171.2,0.09855880119106253,,84747779.31920722,0.07361547893221057,,-472608.1192071891,0.024943322258851958,,47357675.010000005,0.043918970257619344,,74648639.50000003,0.08051303777974769,,,8742318.379999999,0.09446626580617114,,3586203.01742,0.04910890044854731,,5156115.36258,0.05627984322293223,0
,,,,,,,,,,,,,,,,,,,,,,,,,,,,,,,,,,,,,,,,,,,,,,,,,,,,,,,,,,,,,,,,,,,,,,,,,,,,,,,,,,,,,,,,,,,,,,,,,,,,,,,,,,,,,,,,,,,,,,,,,,,,,,,,,,,,,,,,,,,,,,,,,
GASTOS DE VENTA:,,,,,,,,,,,,,,,,,,,,,,,,,,,,,,,,,,,,,,,,,,,,,,,,,,,,,,,,,,,,,,,,,,,,,,,,,,,,,,,,,,,,,,,,,,,,,,,,,,,,,,,,,,,,,,,,,,,,,,,,,,,,,,,,,,,,,,,,,,,,,,,,,
LABOR INDIRECTA,858842.24,0.008990046710256692,,762025,0.006774108664665437,,96817.23999999999,0.0022159380455912545,,854283.66,0.010435950296644151,,762025,0.00742955805388311,,92258.66000000003,0.0030063922427610414,,805002.77,0.008767136582547021,,784885.75,0.007649832368339548,,20117.02000000002,0.0011173042142074733,,2518128.67,0.009353675491359245,,750437.7999999999,0.008841470316440586,,865336.539375,0.008191572868125817,,-114898.73937500012,,,899581.05,0.01038977349150316,,865336.539375,0.0076891480138067785,,34244.510624999995,0.0027006254776963824,,851396.75,0.01132795991617642,,865336.539375,0.007682649129736174,,-13939.789375000051,0.003645310786440246,,2501415.6,0.010142824595059734,,807461,0.009566599583192613,,865336.539375,0.00638036311093476,,-57875.53937500005,0.003186236472257853,,931705.04,0.011998150176755755,,865336.539375,0.007114773935383831,,66368.50062499999,0.004883376241371924,,808165.76,0.009548217350081973,,865336.539375,0.007417683095030659,,-57170.77937500004,0.002130534255051314,,2547331.8,0.010325678854051758,,914011.85,0.00987647470831304,,865336.539375,0.006716278581230208,,48675.310624999925,0.0031601961270828318,,0,,,0,,,0,,,0,,,0,,,0,,,914011.85,0.00987647470831304,,8480887.92,0.009918296629113981,,8366291.525624999,0.007267312046320417,,114596.39437500108,0.0026509845827935646,,9550737.940000001,0.00885724595720977,,7865182.57,0.00848307143498607,,,914011.85,0.00987647470831304,,0,0,,914011.85,0.009976588963704382,
MANTENIMIENTO INSTALACIONES,0,0,,0,0,,0,,,0,0,,0,0,,0,,,0,0,,0,0,,0,,,0,0,,0,0,,0,0,,0,,,0,0,,0,0,,0,,,0,0,,0,0,,0,,,0,0,,0,0,,0,0,,0,,,0,0,,0,0,,0,,,0,0,,0,0,,0,,,0,0,,0,0,,0,0,,0,,,0,,,0,,,0,,,0,,,0,,,0,,,0,0,,0,0,,0,0,,0,,,0,0,,0,0,,,0,0,,0,0,,0,0,
MANTENIMIENTO ACTIVO FIJO,127614.79,0.0013358249857617604,,68245.78692373469,0,,59369.003076265304,0.0013358249857617604,,172447.27,0.002106620110832945,,98671.5298757796,0,,73775.74012422039,0.002106620110832945,,78653.89000000001,0,,176475.77278872914,0.0017200083947338269,,-97821.88278872913,-0.0017200083947338269,,378715.95,0.0014067534125259112,,188301.59,0.002218522199339593,,40314.20721977881,0,,147987.38278022117,0.002218522199339593,,73264.91,0,,143889.94263768193,0.001278567373843254,,-70625.03263768193,-0.001278567373843254,,104714.50000000001,0.0013932419387817205,,89733.22986681703,0,,14981.270133182989,0.0013932419387817205,,366281,0.001485208589689404,,27784.84,0,,122195.75117409913,0,,-94410.91117409914,,,90878.40000000001,0.00117029815683221,,49619.09789810799,0,,41259.30210189202,0.00117029815683221,,169774.43,0.002005830039280899,,92785.64352118867,0,,76988.78647881132,0.002005830039280899,,288437.67000000004,0.0011691899539082264,,185003.77,0.001999082457571598,,214196.548114522,0.001662478842409751,,-29192.77811452202,,,0,,,0,,,0,,,0,,,0,,,0,,,185003.77,0.001999082457571598,,1218438.3900000001,0.0014249490725872095,,1096127.510020439,0,,122310.87997956108,0.0014249490725872095,,1365483.02,0.0012663334534476385,,1133965.61,0.0012230499659523547,,,185003.77,0.001999082457571598,,0,0,,185003.77,0.0020193464341033474,
FLETES,2791764.35,0.029223168984480095,,2406263.9448258723,0.02139075940830941,,385500.4051741278,0.007832409576170686,,2315554.62,0.02828687244642457,,2504438.211224441,0.024417662258659694,,-188883.59122444084,0.0038692101877648745,,2680955.8,0.029197794773267192,,2764835.5021265997,0.02694726986354688,,-83879.70212659985,0.0022505249097203132,,7788274.77,0.02892981431172084,,2698037.5,0.031787602475373135,,3013666.7089666678,0.028528404064129348,,-315629.20896666776,0.003259198411243787,,2776009.67,0.03206171548580579,,3343592.791004049,0.02971026727531506,,-567583.1210040492,0.002351448210490728,,2767367.92,0.036820240235909414,,3569866.9454164826,0.03169406806892341,,-802499.0254164827,0.005126172166986007,,8241415.09,0.03341756870507581,,2586538.48,0.030644672553447973,,3062773.0182345742,0.022582663615273144,,-476234.53823457425,0.008062008938174828,,2462775.87,0.03171470956081799,,2798004.128246798,0.02300511527818399,,-335228.25824679807,0.008709594282634,,2559024.33,0.030234045682643,,2655712.0464728284,0.022764819762053252,,-96687.7164728283,0.007469225920589746,,7608338.68,0.03084060813064873,,2994891.86,0.03236169608678771,,3247678.4124195096,0.02520673976833463,,-252786.55241950974,0.00715495631845308,,0,,,0,,,0,,,0,,,0,,,0,,,2994891.86,0.03236169608678771,,26632920.4,0.03114688074156049,,29366831.708937824,0.025509262877937425,,-2733911.3089378253,0.005637617863623063,,30919763.950000003,0.028674638123723648,,26663496.150000002,0.028758180822104688,,,2994891.86,0.03236169608678771,,0,0,,2994891.86,0.03268973490657051,
HONORARIOS,2400,0,,3030.014270792438,0,,-630.0142707924379,,,3200,0,,3716.797624275065,0,,-516.7976242750651,,,3398,0,,2863.3608678167598,0,,534.6391321832402,,,8998,0,,3620,0,,4493.917625872361,0,,-873.917625872361,,,3200,0,,3911.3689348858893,0,,-711.3689348858893,,,3240,0,,3119.759554781425,0,,120.24044521857513,,,10060,0,,2598,0,,3008.6948437080573,0,,-410.6948437080573,,,3600,0,,3049.057901829532,0,,550.942098170468,,,3200,0,,4138.675473762969,0,,-938.675473762969,,,9398,0,,2178,0,,3368.4492261540195,0,,-1190.4492261540195,,,0,,,0,,,0,,,0,,,0,,,0,,,2178,0,,30634,0,,34700.09632387852,0,,-4066.096323878519,,,38056,0,,31478,0,,,2178,2.353466414544385e-05,,0,0,,2178,2.3773226531962518e-05,
GASTOS DE VIAJE,104054.63,0.0010892058407822108,,192784.61469231342,0.0017137809504955718,,-88729.98469231342,,,173761.1,0.0021226698905726627,,199214.05186104862,0.0019422884596318247,,-25452.951861048612,,,155288.89,0.0016912226381309474,,207065.3902936261,0.002018147896086841,,-51776.50029362607,,,433104.62,0.0016087819965484368,,178769.58,0.002106218443490654,,223543.38973407898,0.002116138499729993,,-44773.809734079,,,184288.61,0.00212845403420177,,216439.16458987282,0.0019232202695592072,,-32150.55458987283,,,208690.55,0.002776658690892126,,218756.88534571612,0.0019421719970809498,,-10066.335345716128,,,571748.74,0.002318346132592446,,158871.28,0.0018822679002815947,,261420.9138573903,0.0019275279377515382,,-102549.63385739029,,,198579.02,0.002557226591704371,,269368.3566154589,0.002214739440043819,,-70789.33661545892,,,204665.3,0.0024180543956969077,,255819.57642804488,0.0021928908131150556,,-51154.27642804489,,,562115.6,0.0022785508995932986,,196803.35,0.002126584364071734,,303353.0935852957,0.0023544641792988246,,-106549.74358529571,,,0,,,0,,,0,,,0,,,0,,,0,,,196803.35,0.002126584364071734,,1763772.31,0.0020627105465623914,,2347765.4370028456,0.002039367620648492,,-583993.1270028455,,,2821572.5000000005,0.002616694309445084,,2335576.0700000003,0.0025190589623724433,,,196803.35,0.002126584364071734,,0,0,,196803.35,0.0021481407813586342,
COMBUSTIBLE ,538416.82,0.005635950510990084,,540677.3671220079,0.004806413486971805,,-2260.5471220079344,,,307997.34,0.0037625031148771,,458088.569823747,0.004466251925233181,,-150091.22982374695,,,303029.04,0.0033002333422506164,,529121.1886301938,0.005157041512803044,,-226092.14863019384,-0.0018568081705524278,,1149443.2,0.0042696462721063195,,339330.16,0.003997903006902151,,514557.3300524574,0.004870976403004236,,-175227.17005245743,,,405429.04,0.004682530709687108,,402823.6021509494,0.003579382309026935,,2605.4378490505624,0.0011031484006601734,,253617.37,0.0033744166881140712,,494935.1512096236,0.004394143706751128,,-241317.78120962362,-0.0010197270186370565,,998376.5699999998,0.004048251090033729,,482997.1,0.005722430997340107,,471722.7422019079,0.003478140868878458,,11274.357798092067,0.002244290128461649,,356660.57,0.004592941861715494,,550216.4028112231,0.004523864581483356,,-193555.83281122305,,,407185.81,0.004810768790488206,,286869.49618675554,0.0024590513811902194,,120316.31381324446,0.0023517174092979867,,1246843.48,0.005054114016771708,,535585.23,0.005787336321997382,,591391.5650808673,0.004590064467336176,,-55806.335080867284,0.0011972718546612053,,0,,,0,,,0,,,0,,,0,,,0,,,535585.23,0.005787336321997382,,3930248.48,0.004596378423871961,,4840403.4152697325,0.004204577612565605,,-910154.9352697325,,,5647540.88,0.00523746530810549,,4614160.2299999995,0.0049766487294091825,,,535585.23,0.005787336321997382,,0,0,,535585.23,0.005846000459119948,
GASTOS EXPORTACION,6658,0,,60549.1624932316,0,,-53891.1624932316,,,6356,0,,101586.54931951358,0.000990444100473063,,-95230.54931951358,-0.000990444100473063,,6160,0,,5796.528993677278,0,,363.47100632272213,,,19174,0,,7904,0,,6845.353914217766,0,,1058.646085782234,,,6356,0,,7841.108316389454,0,,-1485.1083163894536,,,5916,0,,9595.20973004614,0,,-3679.209730046139,,,20176,0,,5284,0,,8731.719922638536,0,,-3447.7199226385364,,,9657,0,,13660.850532642293,0,,-4003.850532642293,,,6972,0,,12447.245652841953,0,,-5475.245652841953,,,21913,0,,4398,0,,3890.2861823714006,0,,507.7138176285994,,,0,,,0,,,0,,,0,,,0,,,0,,,4398,0,,65661,0,,230944.01505757,0,,-165283.01505757,,,110575,0,,96504,0,,,4398,4.752316478956017e-05,,1106,1.5145390161198523e-05,,3292,3.593271889036759e-05,
TELEFONO,400,0,,0,0,,400,,,0,0,,0,0,,0,,,0,0,,0,0,,0,,,400,0,,400,0,,0,0,,400,,,0,0,,0,0,,0,,,0,0,,0,0,,0,,,400,0,,400,0,,0,0,,400,,,0,0,,0,0,,0,,,400,0,,0,0,,400,,,800,0,,400,0,,0,0,,400,,,0,,,0,,,0,,,0,,,0,,,0,,,400,0,,2000,0,,0,0,,2000,,,800,0,,800,0,,,400,4.322252368309247e-06,,400,5.477537128824059e-06,,0,0,
DEPRECIACIONES Y AMORT.,80.55,0,,80.55,0,,0,,,80.55,0,,81.35549999999999,0,,-0.805499999999995,,,80.55,0,,82.16905499999999,0,,-1.6190549999999888,,,241.64999999999998,0,,80.55,0,,82.99074554999999,0,,-2.4407455499999884,,,80.55,0,,83.82065300549999,0,,-3.2706530054999945,,,80.55,0,,84.658859535555,0,,-4.108859535554998,,,241.64999999999998,0,,80.55,0,,84.658859535555,0,,-4.108859535554998,,,80.55,0,,84.658859535555,0,,-4.108859535554998,,,80.55,0,,84.658859535555,0,,-4.108859535554998,,,241.64999999999998,0,,80.55,0,,84.658859535555,0,,-4.108859535554998,,,0,,,0,,,0,,,0,,,0,,,0,,,80.55,0,,805.4999999999999,0,,834.1802512332747,0,,-28.680251233274817,,,161.1,0,,0,0,,,80.55,8.703935706682746e-07,,80.55,1.1030390393169448e-06,,0,0,
SERVICIOS CALIDAD,0,0,,38517.08,0,,-38517.08,,,7911,0,,38517.08,0,,-30606.08,,,7911,0,,38517.08,0,,-30606.08,,,15822,0,,7911,0,,38517.08,0,,-30606.08,,,7911,0,,38517.08,0,,-30606.08,,,7911,0,,38517.08,0,,-30606.08,,,23733,0,,7911,0,,38517.08,0,,-30606.08,,,7911,0,,38517.08,0,,-30606.08,,,7911,0,,38517.08,0,,-30606.08,,,23733,0,,7911,0,,38517.08,0,,-30606.08,,,0,,,0,,,0,,,0,,,0,,,0,,,7911,0,,71199,0,,385170.8000000001,0,,-313971.8000000001,,,527531.6500000001,0,,356269.8600000001,0,,,7911,8.548334621423613e-05,,7911,0.00010833199056531783,,0,0,
DIVERSOS,0,0,,0,0,,0,,,0,0,,0,0,,0,,,0,0,,0,0,,0,,,0,0,,0,0,,0,0,,0,,,-284.48,0,,0,0,,-284.48,,,0,0,,0,0,,0,,,-284.48,0,,0,0,,0,0,,0,,,0,0,,0,0,,0,,,0,0,,0,0,,0,,,0,0,,0,0,,0,0,,0,,,0,,,0,,,0,,,0,,,0,,,0,,,0,0,,-284.48,0,,0,0,,-284.48,,,0,0,,0,0,,,0,0,,0,0,,0,0,
EQUIPOS MENORES,0,0,,0,0,,0,,,0,0,,0,0,,0,,,0,0,,0,0,,0,,,0,0,,0,0,,0,0,,0,,,0,0,,0,0,,0,,,0,0,,0,0,,0,,,0,0,,0,0,,0,0,,0,,,0,0,,0,0,,0,,,0,0,,0,0,,0,,,0,0,,0,0,,0,0,,0,,,0,,,0,,,0,,,0,,,0,,,0,,,0,0,,0,0,,0,0,,0,,,0,0,,0,0,,,0,0,,0,0,,0,0,
ARRENDAM MAQ Y EQUIPO,0,0,,0,0,,0,,,0,0,,0,0,,0,,,0,0,,0,0,,0,,,0,0,,0,0,,0,0,,0,,,0,0,,0,0,,0,,,0,0,,0,0,,0,,,0,0,,0,0,,0,0,,0,,,0,0,,0,0,,0,,,0,0,,0,0,,0,,,0,0,,0,0,,0,0,,0,,,0,,,0,,,0,,,0,,,0,,,0,,,0,0,,0,0,,0,0,,0,,,0,0,,0,0,,,0,0,,0,0,,0,0,
GASTOS DE VENTA,4430231.38,0.04637404308787253,,4072173.5203279527,0.036200053709622045,,358057.85967204766,0.010173989378250488,,3841591.54,0.04692897716368432,,4166339.145228805,0.0406207913803919,,-324747.6052288047,0.006308185783292418,,4040479.94,0.04400412124423049,,4509642.742755643,0.043952907825348664,,-469162.8027556429,,,12312302.86,0.04573447214028755,,4174792.1799999997,0.04918635646655631,,4707357.517633623,0.04456146293078829,,-532565.3376336233,0.004624893535768018,,4355836.349999999,0.050308032881034866,,5022435.4176618345,0.044628011830032996,,-666599.0676618342,0.00568002105100187,,4202934.64,0.05592066816349647,,5289945.459358001,0.04696530543947894,,-1087010.8193580026,0.008955362724017535,,12733563.17,0.051632482704362596,,4079926.2499999995,0.0483379640164746,,4833791.118468854,0.03564086472127744,,-753864.8684688536,0.012697099295197155,,4061847.4499999997,0.05230695725352351,,4587856.172240595,0.03772123102200559,,-526008.7222405954,0.014585726231517916,,4167379.1799999997,0.049236238603880454,,4211710.961969959,0.03610287533486587,,-44331.78196995793,0.013133363269014584,,12309152.879999999,0.049895486565317594,,4841263.6099999985,0.05231290775982967,,5267816.632843255,0.040885970268361854,,-426553.0228432558,0.011426937491467816,,0,,,0,,,0,,,0,,,0,,,0,,,4841263.6099999985,0.05231290775982967,,42196282.52,0.04934804593895131,,46669068.68848852,0.040538712287469685,,-4472786.168488523,0.008809333651481628,,50982222.04000001,0.04728033403179742,,43097432.489999995,0.04648316745648785,,,4841263.6099999985,0.05231290775982967,,9497.55,0.00013005795689465733,,4831766.059999999,0.05273951749027914,0
,,,,,,,,,,,,,,,,,,,,,,,,,,,,,0,,,,,,,,,,,,,,,,,,,,,,,,,,,,,,0,,,,,,,,,,,,,,,,,,,,,,,,,,,,,,0,,,,,,,,,,,,,,,,,,,,,,,,,,,,,,0,,,,,,,,,,,,,,,,,,,,,,,,,,
GASTOS DE ADMON CORPORATIVO,3803149.1970806043,0.03980997595999687,,3465642.847839634,0.030808229709243483,,337506.34924097033,0.009001746250753388,,3594941.472836214,0.04391589384943105,,3474963.0372614795,0.033880042807561614,,119978.43557473458,0.010035851041869437,,4113313.6736499704,0.04479733999393261,,3650933.769116146,0.035583562730816046,,462379.9045338244,0.009213777263116563,,11511404.343566788,0.04275950707457178,,3723209.2174715493,0.04386591903842356,,3882842.389418202,0.036756319560179045,,-159633.1719466527,0.007109599478244515,,3964659.8317448087,0.04579011265598535,,4057690.0193155687,0.036055543401875306,,-93030.18757076003,0.009734569254110044,,3378522.610676105,0.04495174395443091,,3719970.851681536,0.03302672373797689,,-341448.24100543093,0.011925020216454023,,11066391.659892462,0.04487237926657257,,2977853.285751271,0.035280874249377814,,3733109.1608222257,0.027525235437308608,,-755255.8750709547,0.007755638812069206,,3341494.7769103893,0.04303052406823497,,3593182.055684071,0.02954304697838638,,-251687.27877368173,0.013487477089848588,,3323885.9113041377,0.039270638152261235,,3487121.3126132144,0.029891677554231628,,-163235.4013090767,0.009378960598029607,,9643233.973965798,0.039089111646018054,,2980741.4089238173,0.03220879153509603,,3530130.663560261,0.0273989828070107,,-549389.2546364437,0.00480980872808533,,0,,,0,,,0,,,0,,,0,,,0,,,2980741.4089238173,0.03220879153509603,,35201771.38634887,0.04116804912097754,,36595586.107312344,0.03178846242032659,,-1393814.7209634706,0.00937958670065095,,39271363.74251073,0.03641981697410781,,30337007.327287838,0.018567502800001977,,,2980741.4089238173,0.03220879153509603,,3595700.5674199997,0.049238958405441964,,9987881.42258,0.10901936071321139,-10602840.581076182
,,,,,,,,,,,,,,,,,,,,,,,,,,,,,0,,,,,,,,,,,,,,,,,,,,,,,,,,,,,,0,,,,,,,,,,,,,,,,,,,,,,,,,,,,,,0,,,,,,,,,,,,,,,,,,,,,,,,,,,,,,0,,,,,,,,,,,,,,,,,,,,,,,,,,
GASTOS MONTERREY IV,756368.284948431,0.007917386797187733,,,,,756368.284948431,,,767132.1366719439,0.00937130513448757,,,,,767132.1366719439,,,815950.1784919361,0.008886362787785717,,,,,815950.1784919361,,,2339450.600112311,0.00868996965969821,,822966.6048266639,0.009695986540119434,,,,,822966.6048266639,,,808532.249862295,0.009338199083500793,,,,,808532.249862295,,,795468.7510997782,0.010583829603565206,,,,,795468.7510997782,,,2426967.605788737,0.009840950349636918,,739213.6563117112,0.008758021819458653,,,,,739213.6563117112,,,813562.4969250849,0.0104767545491474,,,,,813562.4969250849,,,851825.2634021193,0.010064040277150894,,,,,851825.2634021193,,,2404601.4166389154,0.00974711735636926,,787435.2727686227,0.008508734931536043,,,,,787435.2727686227,,,,,,,,,,,,,,,,,,,,,787435.2727686227,0.008508734931536043,,7958454.895308586,0.00930731747733023,,,,,7958454.895308586,,,0,0,,0,,,,,,,,,,,,
,,,,,,,,,,,,,,,,,,,,,,,,,,,,,0,,,,,,,,,,,,,,,,,,,,,,,,,,,,,,0,,,,,,,,,,,,,,,,,,,,,,,,,,,,,,0,,,,,,,,,,,,,,,,,,,,,,,,,,,,,,0,,,,,,,,,,,,,,,,,,,,,,,,,,
GASTOS HACIENDA SAN JOSE,550479.5322443721,0.005762218574527913,,,,,550479.5322443721,,,565100.5902704792,0.006903282772219935,,,,,565100.5902704792,,,579976.8791781227,0.006316421140357037,,,,,579976.8791781227,,,1695557.001692974,0.006298204758114341,,610129.5881214188,0.007188394084836407,,,,,610129.5881214188,,,623417.8641955813,0.007200207696181203,,,,,623417.8641955813,,,607132.4583902073,0.008077987321955265,,,,,607132.4583902073,,,1840679.9107072074,0.007463651170142785,,543934.7449611004,0.0064444052461095245,,,,,543934.7449611004,,,596772.0346159954,0.007685007792391889,,,,,596772.0346159954,,,643167.1111411607,0.007598811622011964,,,,,643167.1111411607,,,1783873.8907182564,0.0072309814181586145,,577561.6500160173,0.006240918024065818,,,,,577561.6500160173,,,,,,,,,,,,,,,,,,,,,577561.6500160173,0.006240918024065818,,5897672.453134456,0.006897257146105742,,,,,5897672.453134456,,,0,0,,0,,,,,,,,,,,,
,,,,,,,,,,,,,,,,,,,,,,,,,,,,,0,,,,,,,,,,,,,,,,,,,,,,,,,,,,,,0,,,,,,,,,,,,,,,,,,,,,,,,,,,,,,0,,,,,,,,,,,,,,,,,,,,,,,,,,,,,,0,,,,,,,,,,,,,,,,,,,,,,,,,,
TOTAL DE GASTOS,18612632.644273408,0.19483023666007213,,15954977.639481042,0.1418336042415299,,2657655.0047923685,0.05299663241854222,,17152173.159778636,0.20953137108449865,,15647515.554284554,0.15255946354725375,,1504657.6054940808,0.056971907537244904,,17689198.461320028,0.19264979541147825,,16230609.201182805,0.15819046227438568,,1458589.2601372264,0.03445933313709257,,53454004.265372075,0.19855673602732277,,17756806.250419628,0.20920624651086583,,16912851.444625188,0.1601028602311171,,843954.8057944502,0.04910338627974872,,18203658.78580268,0.2102444148874649,,17602892.55056013,0.15641457413800264,,600766.2352425568,0.05382984074946226,,17442545.030166086,0.23207564621056356,,17398661.03453225,0.15446915965442423,,43883.99563384091,0.07760648655613933,,53403010.06638841,0.21654033178316587,,16360815.19702408,0.19383891958192648,,17524185.94275757,0.12921061858671598,,-1163370.7457334825,0.0646283009952105,,16912915.32845147,0.21779821866962867,,16928170.76708277,0.13918296832161547,,-15255.43863129802,0.0786152503480132,,17469287.275847416,0.20639398514088564,,16267226.113018729,0.13944300587229588,,1202061.1628286894,0.06695097926858976,,50743017.80132297,0.20568820516506428,,17929320.321708456,0.1937376180566987,,17545343.86748303,0.13617755850527938,,383976.4542254256,0.057560059551419324,,0,,,0,,,0,,,0,,,0,,,0,,,17929320.321708456,0.1937376180566987,,175529352.4547919,0.20527947087442733,,168012434.1150081,0.14594265364000686,,7516918.3397838585,0.05933681723442047,,137611260.79251075,0.09119930428941676,,148083079.31728786,0.1263353391329935,,,16564323.398923816,0.17898796510109685,,7191401.1348399995,0.09847791681088393,,19975762.84516,0.21803872142642278,
,,,,,,,,,,,,,,,,,,,,,,,,,,,,,0,,,,,,,,,,,,,,,,,,,,,,,,,,,,,,0,,,,,,,,,,,,,,,,,,,,,,,,,,,,,,0,,,,,,,,,,,,,,,,,,,,,,,,,,,,,,0,,,,,,,,,,,,,,,,,,,,,,,,,,
MARGEN DE OPERACIÓN,11046338.431240663,0.11562903388887484,,19235773.30797815,0.1709986137424821,,-8189434.876737475,-0.055369579853607256,,2168140.5802213736,0.026486058894451363,,15934672.80893189,0.15535917680337538,,-13766532.228710506,-0.12887311790892403,,2668464.55092071,0.0290617548851501,,15208991.960778348,0.1482333435042975,,-12540527.409857653,-0.11917158861914741,,15882943.562382746,0.05899773975016996,,469762.27958039567,0.005534621591147904,,15652115.215662967,0.14816829810747298,,-15182352.936082574,-0.14263367651632508,,6004148.123547297,0.06934532359601188,,16629312.848809138,0.14776360646315082,,-10625164.725261841,-0.07841828286713894,,-1891735.4471310936,-0.025169820435785202,,17673411.392896995,0.15690845408559453,,-19565146.840028077,-0.18207827452137973,,4582174.955996558,0.01857995802158931,,7893785.982975926,0.093523637295856,,25977543.227253594,0.19153953517274808,,-18083757.244277682,-0.09801589787689208,,4903820.091548525,0.06314956705417345,,20349350.306446087,0.16731181520067032,,-15445530.214897575,-0.10416224814649687,,7453414.7241525985,0.08805968689704237,,20043541.427443705,0.1718136605190385,,-12590126.703291154,-0.08375397362199614,,20251020.798676968,0.08208806455203876,,12002653.758291543,0.12969624658192877,,22673450.622721676,0.1759791755586252,,-10670796.864430144,-0.04628292897669642,,0,,,0,,,0,,,0,,,0,,,0,,,12002653.758291543,0.12969624658192877,,52718793.07534778,0.061653995735175264,,189378163.11892226,0.16450182281227205,,-136659370.04357454,-0.10284782707709678,,207800513.7774893,0.2291316547529779,,135181332.89271206,0.1806679696846358,,,13367650.681076182,0.14444589953753062,,5434622.905159411,0.07442087186042087,,-2669812.805159472,-0.029141443808535554,10602840.581076242
,,,,,,,,,,,,,,,,,,,,,,,,,,,,,0,,,,,,,,,,,,,,,,,,,,,,,,,,,,,,0,,,,,,,,,,,,,,,,,,,,,,,,,,,,,,0,,,,,,,,,,,,,,,,,,,,,,,,,,,,,,0,,,,,,,,,,,,,,,,,,,,,,,,,,
MANTENIMIENTO MAYORES FABRIC,0,0,,0,0,,0,,,0,0,,0,0,,0,,,0,0,,0,0,,0,,,0,0,,0,0,,0,0,,0,,,0,0,,0,0,,0,,,0,0,,0,0,,0,,,0,0,,0,0,,0,0,,0,,,0,0,,0,0,,0,,,0,0,,0,0,,0,,,0,0,,0,0,,0,0,,0,,,,,,0,,,0,,,,,,0,,,0,,,0,0,,0,0,,0,0,,0,,,1515217.88,0.0014051958630038545,,1515217.88,0.0016342534202112167,,,17929320.321708456,0.1937376180566987,,0,0,,0,0,
FLETES ACTIVOS FIJOS FABRIC,0,0,,0,0,,0,,,0,0,,0,0,,0,,,0,0,,0,0,,0,,,0,0,,0,0,,0,0,,0,,,0,0,,0,0,,0,,,0,0,,0,0,,0,,,0,0,,0,0,,0,0,,0,,,0,0,,0,0,,0,,,0,0,,0,0,,0,,,0,0,,0,0,,0,0,,0,,,,,,0,,,0,,,,,,0,,,0,,,0,0,,0,0,,0,0,,0,,,278556.78,0,,278556.78,0,,,0,0,,0,0,,0,0,
GASTOS DE IMPORTACION ACTIVOS FIJOS,0,0,,0,0,,0,,,0,0,,0,0,,0,,,0,0,,0,0,,0,,,0,0,,0,0,,0,0,,0,,,0,0,,0,0,,0,,,0,0,,0,0,,0,,,0,0,,0,0,,0,0,,0,,,0,0,,0,0,,0,,,0,0,,0,0,,0,,,0,0,,0,0,,0,0,,0,,,,,,0,,,0,,,,,,0,,,0,,,0,0,,0,0,,0,0,,0,,,183915.22,0,,183915.22,0,,,12002653.758291543,0.12969624658192877,,0,0,,0,0,
MANTENIMIENTO MAYORES ADMON,0,0,,0,0,,0,,,0,0,,0,0,,0,,,0,0,,0,0,,0,,,0,0,,0,0,,0,0,,0,,,0,0,,0,0,,0,,,0,0,,0,0,,0,,,0,0,,0,0,,0,0,,0,,,0,0,,0,0,,0,,,0,0,,0,0,,0,,,0,0,,0,0,,0,0,,0,,,,,,0,,,0,,,,,,0,,,0,,,0,0,,0,0,,0,0,,0,,,682961.9199999999,0,,682961.9199999999,0,,,0,0,,0,0,,0,0,
MANTENIMIENTO MAYORES VENTA,0,0,,0,0,,0,,,0,0,,0,0,,0,,,0,0,,0,0,,0,,,0,0,,0,0,,0,0,,0,,,0,0,,0,0,,0,,,0,0,,0,0,,0,,,0,0,,0,0,,0,0,,0,,,0,0,,0,0,,0,,,0,0,,0,0,,0,,,0,0,,0,0,,0,0,,0,,,,,,0,,,0,,,,,,0,,,0,,,0,0,,0,0,,0,0,,0,,,0,0,,0,0,,,0,0,,0,0,,0,0,
MTTO MAYORES,0,0,,0,0,,0,,,0,0,,0,0,,0,,,0,0,,0,0,,0,,,0,0,,0,0,,0,0,,0,,,0,0,,0,0,,0,,,0,0,,0,0,,0,,,0,0,,0,0,,0,0,,0,,,0,0,,0,0,,0,,,0,0,,0,0,,0,,,0,0,,0,0,,0,0,,0,,,0,0,,0,0,,0,,,0,0,,0,0,,0,,,0,0,,0,0,,0,0,,0,,,2660651.8,0,,2660651.8,0,,,29931974.08,0.32343386463862744,,0,0,,0,0,
,,,,,,,,,,,,,,,,,,,,,,,,,,,,,0,,,,,,,,,,,,,,,,,,,,,,,,,,,,,,0,,,,,,,,,,,,,,,,,,,,,,,,,,,,,,0,,,,,,,,,,,,,,,,,,,,,,,,,,,,,,0,,,,,,,,,,,,,,,,,,,,,,,,,,
MARGEN,11046338.431240663,0.11562903388887484,,19235773.30797815,0.1709986137424821,,-8189434.876737475,-0.055369579853607256,,2168140.5802213736,0.026486058894451363,,15934672.80893189,0.15535917680337538,,-13766532.228710506,-0.12887311790892403,,2668464.55092071,0.0290617548851501,,15208991.960778348,0.1482333435042975,,-12540527.409857653,-0.11917158861914741,,15882943.562382746,0.05899773975016996,,469762.27958039567,0.005534621591147904,,15652115.215662967,0.14816829810747298,,-15182352.936082574,-0.14263367651632508,,6004148.123547297,0.06934532359601188,,16629312.848809138,0.14776360646315082,,-10625164.725261841,-0.07841828286713894,,-1891735.4471310936,-0.025169820435785202,,17673411.392896995,0.15690845408559453,,-19565146.840028077,-0.18207827452137973,,4582174.955996558,0.01857995802158931,,7893785.982975926,0.093523637295856,,25977543.227253594,0.19153953517274808,,-18083757.244277682,-0.09801589787689208,,4903820.091548525,0.06314956705417345,,20349350.306446087,0.16731181520067032,,-15445530.214897575,-0.10416224814649687,,7453414.7241525985,0.08805968689704237,,20043541.427443705,0.1718136605190385,,-12590126.703291154,-0.08375397362199614,,20251020.798676968,0.08208806455203876,,12002653.758291543,0.12969624658192877,,22673450.622721676,0.1759791755586252,,-10670796.864430144,-0.04628292897669642,,0,,,0,,,0,,,0,,,0,,,0,,,12002653.758291543,0.12969624658192877,,52718793.07534778,0.061653995735175264,,189378163.11892226,0.16450182281227205,,-136659370.04357454,-0.10284782707709678,,205139861.9774893,0.226664196474137,,132520681.09271206,0.17748315947821167,,,-16564323.398923816,-0.17898796510109685,,5434622.905159411,0.07442087186042087,,-2669812.805159472,-0.029141443808535554,-19329133.498923756
,,,,,,,,,,,,,,,,,,,,,,,,,,,,,,,,,,,,,,,,,,,,,,,,,,,,,,,,,,,,,,,,,,,,,,,,,,,,,,,,,,,,,,,,,,,,,,,,,,,,,,,,,,,,,,,,,,,,,,,,,,,,,,,,,,,,,,,,,,,,,,,,,
OTROS INGRESOS 16%,260231.27,0.0028700508761892013,,67636.47866078046,0.0006340383710234825,,192594.79133921955,2.8474987928503315,,3087.93,3.9257863678937796e-05,,39839.15458744342,0.0004095910442905802,,-36751.22458744342,-0.922490072091709,,16379.15,0.00018436023225438362,,29613.108828006087,0.00030435027115333237,,-13233.958828006087,-0.44689528900425,,279698.35,0.0010389491341475494,,20137.33,0.0002455833928381583,,22565.191199513298,0.0002252494377232936,,-2427.861199513296,-0.10759320309085889,,153956.35,0.0018385879826722685,,20358.288345140816,0.00019075507769402705,,133598.0616548592,6.56234254029253,,26312.88,0.0003653751011256346,,75785.35228452433,0.0007095198289956143,,-49472.47228452432,-0.6527972859291808,,200406.56,0.0008126152990248059,,264288.4,0.003254987982760152,,215706.87462964343,0.0016772560144301613,,48581.5253703566,0.22522010693339442,,257713.8,0.003405898822599222,,205028.74624010493,0.0017777393753339481,,52685.05375989506,0.25696422929005613,,242324.66,0.0029936810539407076,,209268.22587406292,0.0018917613837191004,,33056.434125937085,0.15796203168382744,,764326.86,0.0030982197513043956,,698320.31,0.007744270334736039,,222803.50635935948,0.0018236604668666132,,475516.8036406406,2.1342429094166953,,0,,,0,,,0,,,0,,,0,,,0,,,698320.31,0.00754579153433987,,1942752.08,0.002357989309051374,,1108604.9270085793,0.0010154950034123851,,834147.1529914208,0.752429592065998,,1484065.75,0.0013763057312428974,,1036016.0399999999,0.001180103789430802,,,,,,,,,,,
OTROS INGRESOS 0%,,,,,,,,,,,,,,,,,,,,,,,,,,,,,0,,,,,,,,,,,,,,,,,,,,,,,,,,,,,,0,,,,,,,,,,,,,,,,,,,,,,,,,,,,,,0,,,,,,,,,,,,,,,,,,,,,,,,,,,,,,0,,,,,,,,,,,0,0,,0,,,,,,,,,,,,
,,,,,,,,,,,,,,,,,,,,,,,,,,,,,,,,,,,,,,,,,,,,,,,,,,,,,,,,,,,,,,,,,,,,,,,,,,,,,,,,,,,,,,,,,,,,,,,,,,,,,,,,,,,,,,,,,,,,,,,,,,,,,,,,,,,,,,,,,,,,,,,,,
UTILIDAD O (PERDIDA) DE OPERACIÓN,11306569.701240662,0.11835303972348472,,19303409.78663893,0.17159987597947363,,-7996840.085398256,-0.0532468362559889,,2171228.5102213738,0.026523781123622314,,15974511.963519335,0.15574759885229114,,-13803283.45329795,-0.12922381772866884,,2684843.70092071,0.029240137184575014,,15238605.069606354,0.14852196553424218,,-12553761.368685659,-0.11928182834966716,,16162641.912382746,0.060036688884317506,,489899.6095803957,0.00577187457260402,,15674680.40686248,0.1483819079570322,,-15184780.797282087,-0.14261003338442818,,6158104.473547297,0.0711234530976044,,16649671.13715428,0.1479445047440747,,-10491566.663606983,-0.0768210516464703,,-1865422.5671310937,-0.024819723668421268,,17749196.74518152,0.15758129319995343,,-19614619.312312603,-0.1824010168683747,,4782581.515996558,0.01939257332061412,,8158074.382975927,0.09665486133922484,,26193250.101883236,0.1931300009892685,,-18035175.718907326,-0.09647513965004366,,5161533.891548525,0.06646830929798743,,20554379.052686192,0.16899755608109945,,-15392845.16113768,-0.10252924678311202,,7695739.384152599,0.09092267446405426,,20252809.653317768,0.1736075121718466,,-12557070.269165216,-0.08268483770779235,,21015347.658676967,0.08518628430334316,,12700974.068291543,0.13724203811626864,,22896254.129081037,0.1777084569994218,,-10195280.060789503,-0.040466418883153166,,0,,,0,,,0,,,0,,,0,,,0,,,12700974.068291543,0.13724203811626864,,54661545.15534778,0.06392602097451697,,190486768.04593083,0.165464803592464,,-135825222.89058313,-0.10153878261794702,,206623927.7274893,0.22804050220537989,,133556697.13271207,0.17846095791401545,,,,,,,,,,,
,,,,,,,,,,,,,,,,,,,,,,,,,,,,,,,,,,,,,,,,,,,,,,,,,,,,,,,,,,,,,,,,,,,,,,,,,,,,,,,,,,,,,,,,,,,,,,,,,,,,,,,,,,,,,,,,,,,,,,,,,,,,,,,,,,,,,,,,,,,,,,,,,
,,,,,,,,,,,,,,,,,,,,,,,,,,,,16162641.912382746,,,4192971.497051945,,,,,,,,,9968807.955292106,,,,,,,,,,,,,,,,,,4782581.515996599,,,10871639.268727198,,,,,,,,,8245314.868458914,,,,,,,,,10777300.635456737,,,,,,,,,21015347.65867705,,,14983395.16721536,,,,,,,,,0,,,,,,,,,0,,,,,,,,,12700974.068291543,,,54661545.155347936,,,,,,,,,,,,,,,,,,,-3919964.743600146,,,9546032.433600154,,
,,,,,,,,,,,,,,,,,,,,,,,,,,,,,0,,,,,,,,,,,,,,,,,,,,,,,,,,,,,,0,,,,,,,,,,,,,,,,,,,,,,,,,,,,,,0,,,,,,,,,,,,,,,,,,,,,,,,,,,,,,0,,,,,,,,,,,,,,,,,,,,,,,,,,
Manode Obra Directa,2728598.3,0.02856196985668404,,,,,,,,2498411.68,0.03052065880908364,,,,,,,,2441755.3,0.026592706278834387,,,,,,,,7668765.28,0.028485892203642924,,2428858.04,0.0286161974563489,,,,,,,,3046329.53,0.03518379338601817,,,,,,,,2279583.77,0.030330199841761583,,,,,,,,7754771.34,0.03144430916494497,,2135399.91,0.02529969359381511,,,,,,,,2694673,0.03470099435251414,,,,,,,,2209263.48,0.026101734241547773,,,,,,,,7039336.390000001,0.02853414184551068,,2711296.72,0.029297271673022734,,,,,,,,0,,,,,,,,,0,,,,,,,,,2711296.72,0.029297271673022734,,25174169.73,0.029440889341903042,,,,,,,,28530077.07,0.02645846963602695,,23814294.16,0.02568514547947125,,,,,,,,,,,
Semanal,545719.6599999999,,,,,,,,,624602.92,,,,,,,,,610438.825,,,,,,,,,589905.0215384616,,,607214.51,,,,,,,,,609265.906,,,,,,,,,569895.9425,,,,,,,,,596520.8723076923,,,533849.9775,,,,,,,,,538934.6,,,,,,,,,552315.87,,,,,,,,,541487.4146153847,,,542259.344,,,,,,,,,0,,,,,,,,,0,,,,,,,,,542259.344,,,572140.2211363637,,,,,,,,,548655.3282692308,,,541233.9581818181,,,,,,,,,,,,
Mano de Obra Directa Total,3663450.6,0.03834766209766057,,,,,,,,3291623.8100000005,0.0402105577864037,,,,,,,,3211182.25,0.03497239317226281,,,,,,,,10166256.66,0.0377629097720053,,3296231.6,0.03883537562675209,,,,,,,,3850306.39,0.04446937967955998,,,,,,,,2941142.1500000004,0.03913233211540558,,,,,,,,10087680.14,0.04090386668696223,,2794280.95,0.03310595430812517,,,,,,,,3235289.3200000003,0.04166284978625211,,,,,,,,2720840.5900000003,0.03214585251452038,,,,,,,,8750410.860000001,0.03547002882834771,,3387959.8800000004,0.03660904403766679,,,,,,,,0,,,,,,,,,0,,,,,,,,,3387959.8800000004,0.03660904403766679,,32392307.54,0.0378824148737489,,,,,,,,36928194.46,0.03424678837831155,,30834652.1,0.033257022848389294,,,,,,,,,,,
Semanal,732690.12,,,,,,,,,822905.9525000001,,,,,,,,,802795.5625,,,,,,,,,782019.7430769231,,,824057.9,,,,,,,,,770061.278,,,,,,,,,735285.5375000001,,,,,,,,,775975.3953846154,,,698570.2375,,,,,,,,,647057.8640000001,,,,,,,,,680210.1475000001,,,,,,,,,673108.5276923078,,,677591.976,,,,,,,,,0,,,,,,,,,0,,,,,,,,,677591.976,,,736188.8077272727,,,,,,,,,710157.5857692307,,,700787.5477272727,,,,,,,,,,,,
Mano de Obra Indirecta,5684254.94,0.059500703439559925,,,,,,,,5197324.210000001,0.06349064095537697,,,,,,,,5025652.68,0.05473345571469707,,,,,,,,15907231.83,0.059087959355008136,,4985967.81,0.05874342469268376,,,,,,,,5757442.06,0.06649597486947212,,,,,,,,5177264.369999999,0.06888426959441453,,,,,,,,15920674.239999998,0.0645556884875132,,4905878.47,0.05812364303204193,,,,,,,,5516944.21,0.07104515088633967,,,,,,,,5062565.449999999,0.059812575164797314,,,,,,,,15485388.129999999,0.0627704426885909,,5478166.25,0.05919504262013572,,,,,,,,0,,,,,,,,,0,,,,,,,,,5478166.25,0.05919504262013572,,52791460.45,0.06173897935762829,,,,,,,,57694037.03,0.05350479506917328,,47921813.79,0.05168655222642473,,,,,,,,,,,
Mantenimiento Instalaciones,97593.65000000001,0.0010215746632634686,,,,,,,,158407.95,0.0019351154308550065,,,,,,,,94090.69,0.0010247243377511498,,,,,,,,350092.29000000004,0.0013004298436770643,,83849.82,0.0009878975906715871,,,,,,,,104680.42,0.0012090137434480387,,,,,,,,88206.73999999999,0.001173603745911169,,,,,,,,276736.98,0.0011221224682162185,,94095.98999999999,0.0011148261757708373,,,,,,,,129429.52,0.0016667451088011852,,,,,,,,42296.380000000005,0.0004997180644743725,,,,,,,,265821.89,0.0010775162735051132,,83585.01999999999,0.0009031888766254393,,,,,,,,0,,,,,,,,,0,,,,,,,,,83585.01999999999,0.0009031888766254393,,976236.18,0.0011416964950661805,,,,,,,,1790657.7999999998,0.0016606357183533125,,1558693.69,0.0016811446905207732,,,,,,,,,,,
Mantenimiento Equipo,684882.0700000001,0.0071690952232592725,,,,,,,,2244705.65,0.027421379678497303,,,,,,,,812889.9500000001,0.008853034404129838,,,,,,,,3742477.670000001,0.013901561932035135,,1173308.5,0.013823627054470645,,,,,,,,978425.9600000001,0.011300398227159779,,,,,,,,644383.72,0.008573620877454193,,,,,,,,2796118.18,0.011337794585912737,,450756.61,0.005340453591377558,,,,,,,,821355.5899999999,0.010577111096595362,,,,,,,,1037587.3400000001,0.012258759195654867,,,,,,,,2309699.54,0.009362430013785826,,2356467.0000000005,0.02546311267898147,,,,,,,,0,,,,,,,,,0,,,,,,,,,2356467.0000000005,0.02546311267898147,,11204762.390000002,0.013103835128003926,,,,,,,,14858597.449999997,0.013779694618426505,,13259376.109999998,0.014301032903356709,,,,,,,,,,,
Combustible,581356.9199999999,0.00608543178562219,,,,,,,,345786.32,0.004224134228178365,,,,,,,,328496.27999999997,0.003577592352407196,,,,,,,,1255639.52,0.004664116152653187,,368962.08999999997,0.004347018988951356,,,,,,,,430102.13,0.004967494267373736,,,,,,,,364150.1,0.004845071039173728,,,,,,,,1163214.3199999998,0.004716640775016228,,427465.52999999997,0.005064506596760969,,,,,,,,382149.65,0.004921180731934916,,,,,,,,446803.04,0.005278833563299403,,,,,,,,1256418.22,0.005092925486228119,,564583.23,0.006100678007437961,,,,,,,,0,,,,,,,,,0,,,,,,,,,564583.23,0.006100678007437961,,4239855.29,0.004958459872057604,,,,,,,,6012771,0.005576175575745944,,4919123.59,0.005305570015712314,,,,,,,,,,,
Fletes,3024534.33,0.03165972007091189,,,,,,,,2563310.89,0.03131346916185507,,,,,,,,2962715.3699999996,0.03226638624361669,,,,,,,,8550560.59,0.031761351189439124,,3836190.67,0.045197038231564735,,,,,,,,3015675.56,0.0348297532415361,,,,,,,,3095084.16,0.04118055336912264,,,,,,,,9946950.389999999,0.04033323093592724,,2761464.0100000002,0.03271714726416186,,,,,,,,2634475.4899999998,0.03392579325963741,,,,,,,,2670387.8800000004,0.031549770046264546,,,,,,,,8066327.38,0.03269707780412615,,3058238.93,0.033046201145120094,,,,,,,,0,,,,,,,,,0,,,,,,,,,3058238.93,0.033046201145120094,,29622077.289999995,0.034642663846542236,,,,,,,,33982803.470000006,0.03151526620667718,,29030374.24,0.031311000891655005,,,,,,,,,,,
Gastos de importación,92388.97,0.0009670939750384241,,,,,,,,114592.65000000001,0.0013998666435464063,,,,,,,,322818.97,0.0035157618171017587,,,,,,,,529800.59,0.001967962500498701,,611624.4400000001,0.007206006055491338,,,,,,,,401377.53,0.004635737515012143,,,,,,,,637478.2,0.008481741910614874,,,,,,,,1650480.17,0.006692422827272034,,853767.3200000001,0.010115225487863158,,,,,,,,26687.59999999997,0.00034367296398566923,,,,,,,,-27794.649999999994,-0.00032838480978141893,,,,,,,,852660.27,0.0034562816354073165,,92914.73999999999,0.0010040023875395947,,,,,,,,0,,,,,,,,,0,,,,,,,,,92914.73999999999,0.0010040023875395947,,3125855.77,0.003655650804389771,,,,,,,,5073555.25,0.004705157550029364,,4535799.140000001,0.004892131590960435,,,,,,,,,,,
$ MOD / Ventas,35.011590762742195,,,,,,,,,32.76469247454047,,,,,,,,,37.604296062034045,,,,,,,,,35.10509668614539,,,34.945243913884724,,,,,,,,,28.42217691050318,,,,,,,,,32.97043887667045,,,,,,,,,31.80225696021425,,,39.52617039774999,,,,,,,,,28.817618015247117,,,,,,,,,38.31163058921338,,,,,,,,,35.045735926252554,,,34.132871182022434,,,,,,,,,,,,,,,,,,,,,,,,,,,34.132871182022434,,,33.96636522717763,,,,,,,,,37.79508088549303,,,38.933008995383965,,,,,,,,,,,,
$ MOI / Ventas,16.80652399371694,,,,,,,,,15.750352885913193,,,,,,,,,18.27036109710645,,,,,,,,,16.923921741684634,,,17.023181832375286,,,,,,,,,15.038504239736978,,,,,,,,,14.51710246603362,,,,,,,,,15.49050166498382,,,17.204702730844453,,,,,,,,,14.075556002405179,,,,,,,,,16.718892260444754,,,,,,,,,15.931064959364372,,,16.893306529351854,,,,,,,,,,,,,,,,,,,,,,,,,,,16.893306529351854,,,16.197222733589665,,,,,,,,,18.689913655536056,,,19.34739225048852,,,,,,,,,,,,
